customer_id,name,email,city,update_timestamp
17453,Xalak Gole,nilima37@example.org,Kolhapur,2025-08-03T01:12:28.042205
15122,Chandani Patil,ydubey@example.com,Danapur,2025-08-28T01:12:28.042205
13764,Gopal More,robert26@example.org,Shimla,2025-09-01T01:12:28.042205
16950,Bahadurjit Sunder,barkhasabharwal@example.com,Secunderabad,2025-12-25T01:12:28.042205
17828,Xalak Dugal,rvaidya@example.org,Thrissur,2025-08-22T01:12:28.042205
14690,Darika Wagle,bhanumati42@example.net,Latur,2025-11-23T01:12:28.042205
16018,Pooja Swamy,maanav51@example.com,Panipat,2025-09-26T01:12:28.042205
15095,Abdul Uppal,jeevikachand@example.com,Ambattur,2025-11-01T01:12:28.042205
16283,Nicholas Mahajan,yagneshjain@example.net,Aligarh,2025-10-23T01:12:28.042205
17706,Amrita Gera,lmagar@example.net,Tiruchirappalli,2025-09-01T01:12:28.042205
13011,Wriddhish Sabharwal,tchaudhuri@example.com,Bhiwandi,2025-08-15T01:12:28.042205
16426,Ikbal Srinivasan,reyansh09@example.com,Hospet,2025-12-22T01:12:28.042205
12493,Garima Rajagopalan,krishnair@example.org,Vasai-Virar,2025-09-27T01:12:28.042205
17739,Qarin Sharaf,devansh25@example.net,Berhampore,2025-09-10T01:12:28.042205
17313,Maya Gulati,woza@example.net,Saharanpur,2025-10-25T01:12:28.042205
13127,Upadhriti Barad,tanay95@example.net,Dehradun,2025-09-25T01:12:28.042205
13261,Lipika Naidu,balaygarima@example.net,Jehanabad,2025-08-15T01:12:28.042205
18257,Ojas Mutti,jhajason@example.net,Bhind,2025-09-18T01:12:28.042205
15607,Triveni Nair,riyamadan@example.org,Hapur,2025-10-06T01:12:28.042205
13008,Aayush Gill,michaelpuri@example.net,Dewas,2025-11-29T01:12:28.042205
17194,Ishani Kadakia,ramanathanrajeshri@example.com,Gorakhpur,2025-10-24T01:12:28.042205
17572,Diya Dayal,hiralsethi@example.org,Bahraich,2025-10-10T01:12:28.042205
16932,Xiti Bandi,lajita63@example.com,Korba,2025-09-20T01:12:28.042205
13023,Pushti Bali,lnarang@example.org,Pimpri-Chinchwad,2025-09-05T01:12:28.042205
16801,Chaman Bali,merchantturvi@example.com,Jaunpur,2025-12-16T01:12:28.042205
14199,Sara Sundaram,urvashi26@example.net,Haldia,2025-11-17T01:12:28.042205
12365,Indira Sarkar,ekaraj67@example.net,Gudivada,2025-11-18T01:12:28.042205
16795,Urishilla Som,devansh91@example.com,Firozabad,2025-08-10T01:12:28.042205
17980,Ganga Luthra,avyas@example.net,Nandyal,2025-11-09T01:12:28.042205
17852,Madhavi Thakkar,banjeet28@example.com,Thrissur,2025-12-14T01:12:28.042205
17569,Advay Vora,jatin08@example.org,Bulandshahr,2025-08-09T01:12:28.042205
14035,Guneet Badal,farajbhatt@example.org,Mirzapur,2025-08-14T01:12:28.042205
16140,Victor Varty,rattanjanani@example.org,Jabalpur,2025-08-09T01:12:28.042205
16161,Girish Peri,bhardwajyasti@example.org,Hospet,2025-12-17T01:12:28.042205
13276,Devansh Hayer,lrajagopal@example.com,Ratlam,2025-11-28T01:12:28.042205
14821,Chandresh Upadhyay,jeevikabath@example.org,Bhopal,2025-11-08T01:12:28.042205
12743,Indira Sabharwal,tbajaj@example.com,Tirunelveli,2025-11-06T01:12:28.042205
15110,Om Iyengar,gerasathvik@example.net,Guwahati,2025-10-19T01:12:28.042205
16429,Abhimanyu Lanka,alexander40@example.org,Phagwara,2025-11-22T01:12:28.042205
17191,Hemal Gupta,jasmituppal@example.com,Bhiwandi,2025-08-07T01:12:28.042205
17462,Oviya Anand,qkrishnamurthy@example.org,Bidar,2025-12-15T01:12:28.042205
14038,Bhavika Bhatnagar,devansh70@example.org,Pali,2025-10-13T01:12:28.042205
15107,Sachi Konda,ikbal03@example.org,Bhilwara,2025-10-18T01:12:28.042205
12877,Charan Mandal,akshay42@example.net,Sangli-Miraj & Kupwad,2025-11-18T01:12:28.042205
14178,Naveen Kothari,battaekalinga@example.com,Ludhiana,2025-10-06T01:12:28.042205
15247,Devika Kadakia,chatterjeeaditya@example.com,Hosur,2025-11-18T01:12:28.042205
17578,Zayan Sachdev,udyati20@example.org,Raiganj,2025-09-30T01:12:28.042205
14449,Pranit Ram,kumerwarinder@example.org,Bhiwani,2025-10-01T01:12:28.042205
14583,Pavani Ghosh,drout@example.net,Salem,2025-11-26T01:12:28.042205
12871,Dalbir Kota,ryansalvi@example.net,Jodhpur,2025-11-21T01:12:28.042205
15488,Shivani Nazareth,dugalvidhi@example.org,Solapur,2025-12-09T01:12:28.042205
12597,Vyanjana Sanghvi,pbains@example.com,Kavali,2025-12-02T01:12:28.042205
15506,Dalaja Samra,loyalmaya@example.org,Ahmedabad,2025-12-20T01:12:28.042205
12588,Irya Ganguly,aashi45@example.org,Anantapuram,2025-09-19T01:12:28.042205
12999,Yamini Warrior,shauryasawhney@example.com,Hapur,2025-11-27T01:12:28.042205
18117,Rishi Anand,brinda41@example.com,Bally,2025-08-23T01:12:28.042205
15083,Qabil Ratti,tkibe@example.com,Nagercoil,2025-07-30T01:12:28.042205
16387,Zilmil Bhavsar,batrayatan@example.com,Gorakhpur,2025-12-07T01:12:28.042205
17045,Zaid Tank,vidhibansal@example.com,Kulti,2025-11-22T01:12:28.042205
13133,Radha Mallick,pkhosla@example.com,Madanapalle,2025-12-23T01:12:28.042205
14699,Hredhaan Garg,yahvisaraf@example.com,Alappuzha,2025-07-30T01:12:28.042205
13767,Zaitra Golla,bhavanisathe@example.org,Motihari,2025-12-04T01:12:28.042205
17843,Qushi Pingle,urishilla77@example.net,Erode,2025-10-19T01:12:28.042205
13934,Eta Hans,logan69@example.org,Aurangabad,2025-12-02T01:12:28.042205
16149,Ekalinga Dayal,chamanbanik@example.net,Panvel,2025-12-02T01:12:28.042205
12728,Zaid Menon,utalwar@example.net,Farrukhabad,2025-11-27T01:12:28.042205
16128,Tejas Bhatia,xratti@example.com,Unnao,2025-11-17T01:12:28.042205
18227,Ryan Dar,jasmitwable@example.net,Cuttack,2025-11-10T01:12:28.042205
13115,Lekha Banik,neelgala@example.net,North Dumdum,2025-12-13T01:12:28.042205
17048,William Anand,wchopra@example.net,Yamunanagar,2025-11-15T01:12:28.042205
18114,Zansi Ravi,emangal@example.org,Orai,2025-12-25T01:12:28.042205
17837,Jack Puri,petervarkey@example.net,Bharatpur,2025-12-18T01:12:28.042205
16813,Chandran Butala,wishisandal@example.net,Bhiwandi,2025-12-17T01:12:28.042205
17176,Sanya Bhatti,ayaanpandit@example.com,Malegaon,2025-10-03T01:12:28.042205
14053,Odika Bhattacharyya,trivedikala@example.com,Bally,2025-10-18T01:12:28.042205
14553,Harshil Sharaf,gkanda@example.com,Jamshedpur,2025-11-17T01:12:28.042205
15235,Xiti Mitra,labandada@example.com,Bijapur,2025-12-07T01:12:28.042205
15241,Gopal Jain,siya84@example.org,Bhilwara,2025-08-19T01:12:28.042205
15637,Aarav Mani,dominic99@example.net,Ranchi,2025-11-20T01:12:28.042205
14437,Aadi Sengupta,pmodi@example.com,South Dumdum,2025-12-22T01:12:28.042205
15872,Theodore Bhavsar,rkadakia@example.com,Tadipatri,2025-12-26T01:12:28.042205
14696,Laban Parsa,darabhavini@example.org,Kumbakonam,2025-12-03T01:12:28.042205
18004,Victor Comar,uwali@example.net,Mathura,2025-11-30T01:12:28.042205
18224,Samarth Subramaniam,jacobkorpal@example.org,Lucknow,2025-11-09T01:12:28.042205
15497,Charvi Chand,urvashi51@example.com,Srinagar,2025-08-08T01:12:28.042205
12457,Rajeshri Singhal,ladlimanne@example.org,Jaipur,2025-08-18T01:12:28.042205
14059,Fitan Nayak,kapurraksha@example.com,Dindigul,2025-10-09T01:12:28.042205
13642,Parth Wali,ikbalkapoor@example.net,Karnal,2025-11-04T01:12:28.042205
13517,Wahab Oommen,ubajwa@example.net,Kottayam,2025-11-09T01:12:28.042205
12856,Ekaja Sani,darbhavna@example.net,Rajkot,2025-12-21T01:12:28.042205
13636,Tanish Chakraborty,wyattkhurana@example.org,Anantapur,2025-10-12T01:12:28.042205
15762,Alexander Modi,libnideep@example.org,Bikaner,2025-10-25T01:12:28.042205
18093,Amara Sani,buchqushi@example.net,Udupi,2025-11-29T01:12:28.042205
13258,Vedika Char,omandal@example.com,Khammam,2025-08-22T01:12:28.042205
14044,Teerth Parmer,bishakhakarpe@example.net,Thrissur,2025-09-23T01:12:28.042205
18248,Zarna Buch,rsharma@example.net,Karnal,2025-10-14T01:12:28.042205
17700,Aryan Chander,tdugal@example.com,Arrah,2025-10-04T01:12:28.042205
16563,Isaac Kothari,chavviapte@example.org,Guntur,2025-12-09T01:12:28.042205
13243,Ekta Nagy,korpallohit@example.com,Satna,2025-09-03T01:12:28.042205
13919,Damyanti Warrior,tgara@example.com,Jamshedpur,2025-09-05T01:12:28.042205
15360,Maanas Das,jmane@example.net,Maheshtala,2025-12-14T01:12:28.042205
13904,Leena Karnik,mrattan@example.com,Baranagar,2025-10-23T01:12:28.042205
14860,Nirja Kakar,odikawalla@example.net,Ichalkaranji,2025-10-26T01:12:28.042205
17566,Aditya Mody,jyoti95@example.net,Mahbubnagar,2025-11-10T01:12:28.042205
13130,Chakrika Brar,poojaprakash@example.net,Surat,2025-09-09T01:12:28.042205
17084,Anya Das,pdeol@example.net,Ramagundam,2025-08-13T01:12:28.042205
18221,Frado Doshi,unnisaraf@example.org,Amritsar,2025-08-29T01:12:28.042205
16816,Panini Talwar,aarav26@example.org,Meerut,2025-11-17T01:12:28.042205
14967,Zaitra Varma,ekaja53@example.com,Chandrapur,2025-12-18T01:12:28.042205
16405,Hiral Patel,mohammed57@example.com,Bhagalpur,2025-09-03T01:12:28.042205
17873,Vasudha Gala,somanjalsa@example.net,Kozhikode,2025-09-23T01:12:28.042205
14714,Nihal Doctor,jaggichakradev@example.net,Nellore,2025-08-09T01:12:28.042205
12865,Benjamin Sami,vmanda@example.org,Durgapur,2025-08-28T01:12:28.042205
15366,Nirja Kurian,aaravranganathan@example.com,North Dumdum,2025-11-04T01:12:28.042205
14461,Bhavika Das,ati16@example.com,Lucknow,2025-11-15T01:12:28.042205
12481,Inaya Agate,pinglechaitaly@example.com,Durgapur,2025-08-01T01:12:28.042205
18129,Ikshita Nagarajan,yashasvinayar@example.net,Kanpur,2025-10-05T01:12:28.042205
14163,Urvi Virk,dlall@example.com,Gulbarga,2025-09-05T01:12:28.042205
17858,Divya Dhar,wasonurvashi@example.net,Hyderabad,2025-09-27T01:12:28.042205
14071,Girish Chander,somvarenya@example.org,Singrauli,2025-10-29T01:12:28.042205
15214,Dayita Bal,panditchaitanya@example.org,Mathura,2025-10-15T01:12:28.042205
18120,Lajita Dada,zbhatia@example.com,Mirzapur,2025-11-18T01:12:28.042205
15628,Tamanna Ranganathan,bhavsarfitan@example.org,Vijayawada,2025-08-18T01:12:28.042205
14047,Vivaan Nagi,panditutkarsh@example.org,Ramgarh,2025-11-09T01:12:28.042205
16551,Ekansh Sandal,mugdhapandit@example.com,Jammu,2025-08-01T01:12:28.042205
13895,Vritti Dara,bhavsargaurang@example.net,Chandrapur,2025-09-17T01:12:28.042205
12612,Ikbal Bhargava,kapadiamatthew@example.com,Mau,2025-08-25T01:12:28.042205
17986,Anthony Arya,arjun41@example.com,Gulbarga,2025-10-30T01:12:28.042205
12350,Zayyan Bumb,qadim16@example.net,Vellore,2025-10-20T01:12:28.042205
14815,Rushil Gaba,jonathannayar@example.com,Begusarai,2025-09-16T01:12:28.042205
16527,Jeremiah Sethi,tarak10@example.com,Munger,2025-12-17T01:12:28.042205
13398,Damyanti Pandya,uyohannan@example.net,Kishanganj,2025-11-10T01:12:28.042205
16792,Oscar Kale,chadishwar@example.net,Phusro,2025-09-22T01:12:28.042205
14321,Owen Zacharia,sai76@example.org,Tadipatri,2025-10-19T01:12:28.042205
18096,Irya Bobal,rattaninaya@example.org,Bellary,2025-08-21T01:12:28.042205
14312,Balvan Mahajan,jatin19@example.org,Alappuzha,2025-09-12T01:12:28.042205
15220,Ishita Sankar,kulkarniyochana@example.com,Lucknow,2025-12-03T01:12:28.042205
17977,Nathan Sheth,bakshiqarin@example.org,Berhampur,2025-08-06T01:12:28.042205
16274,Sneha Balan,phayre@example.net,Dharmavaram,2025-11-19T01:12:28.042205
12984,Pranav Hari,prasadinaya@example.com,Tadepalligudem,2025-09-15T01:12:28.042205
12618,Urvashi Bala,parekhvarenya@example.net,Morena,2025-11-24T01:12:28.042205
14836,Dalaja Chada,chadachampak@example.org,Ghaziabad,2025-09-26T01:12:28.042205
16030,Priya Vala,davevedhika@example.net,Etawah,2025-08-22T01:12:28.042205
14431,Logan Mitter,nakul25@example.com,Phusro,2025-11-25T01:12:28.042205
13005,Gaurav Chacko,hredhaan76@example.com,Sri Ganganagar,2025-09-26T01:12:28.042205
15116,Libni Raman,patildalaja@example.com,Jalandhar,2025-07-31T01:12:28.042205
17063,Darpan Balasubramanian,advik21@example.net,Shahjahanpur,2025-08-06T01:12:28.042205
14857,Chandani Trivedi,sahnijack@example.net,Belgaum,2025-09-21T01:12:28.042205
14970,Ekansh Minhas,osha32@example.com,Maheshtala,2025-11-13T01:12:28.042205
15494,Jagat Goel,lila23@example.org,Muzaffarpur,2025-12-05T01:12:28.042205
16679,Abhiram Nagarajan,chawlaarjun@example.com,Anantapur,2025-08-01T01:12:28.042205
16015,Jagrati Chand,iryabal@example.com,Chapra,2025-07-31T01:12:28.042205
13148,Vinaya Behl,khareekansh@example.org,Moradabad,2025-12-22T01:12:28.042205
12987,Wakeeta Tailor,zahuja@example.com,Proddatur,2025-11-14T01:12:28.042205
15512,Ekaraj Gulati,mbail@example.com,Ramgarh,2025-12-21T01:12:28.042205
17343,Ayush Chandra,ckala@example.org,Narasaraopet,2025-09-06T01:12:28.042205
14056,Balveer Chahal,eandra@example.net,Shahjahanpur,2025-12-13T01:12:28.042205
14336,Ishanvi Pant,ladli52@example.com,Coimbatore,2025-09-01T01:12:28.042205
18099,Pranav Tripathi,amrutagulati@example.com,Durg,2025-09-16T01:12:28.042205
13136,Yochana Dugar,unnati80@example.com,Ramagundam,2025-11-10T01:12:28.042205
16810,Lipika Naidu,sastrysanya@example.com,Bhalswa Jahangir Pur,2025-12-23T01:12:28.042205
14306,Tripti Menon,oscar12@example.net,Nagercoil,2025-09-05T01:12:28.042205
17831,Sachi Dhar,tailoradvik@example.org,Visakhapatnam,2025-08-01T01:12:28.042205
17197,Pooja Ratti,ravinathaniel@example.net,Munger,2025-11-29T01:12:28.042205
13514,Laban Sheth,elijahgrewal@example.com,Chapra,2025-09-12T01:12:28.042205
15384,Faqid Basu,widishayogi@example.com,Kolhapur,2025-10-12T01:12:28.042205
14032,Sara Gala,ykumer@example.net,Eluru,2025-09-01T01:12:28.042205
13681,Ekaraj Vohra,indira16@example.net,Kadapa,2025-09-20T01:12:28.042205
13139,Ekta Rajagopal,butalanandini@example.com,Delhi,2025-10-25T01:12:28.042205
16006,Vivaan Tripathi,nchanda@example.com,Ahmedabad,2025-11-10T01:12:28.042205
13672,Jagvi Bajaj,vidhichahal@example.org,Gorakhpur,2025-11-03T01:12:28.042205
12624,Yagnesh Anne,jasmitagate@example.com,Bangalore,2025-12-12T01:12:28.042205
17054,Lakshmi Dhillon,riyaratti@example.net,Kozhikode,2025-09-28T01:12:28.042205
12755,Ayaan Memon,wsarna@example.net,Rewa,2025-10-16T01:12:28.042205
13157,Gayathri Varkey,zbarad@example.com,Dhanbad,2025-08-16T01:12:28.042205
18108,Nicholas Bhattacharyya,dsachdeva@example.net,Panihati,2025-11-28T01:12:28.042205
15119,Ayush Dugar,imaran13@example.org,Satna,2025-11-23T01:12:28.042205
13273,Kavya Prashad,thamanbaljiwan@example.org,Chandrapur,2025-12-06T01:12:28.042205
12594,Timothy Sen,edass@example.com,Madurai,2025-08-21T01:12:28.042205
16953,Girik Dhar,lalladevansh@example.org,Pudukkottai,2025-08-05T01:12:28.042205
14333,Ranveer Palla,kamalawason@example.com,Bhilwara,2025-08-03T01:12:28.042205
13270,Brinda Doctor,jagdish12@example.net,Medininagar,2025-11-13T01:12:28.042205
14550,Nathaniel Patla,contractorsamesh@example.org,Ongole,2025-08-28T01:12:28.042205
14729,Bina Goyal,tbhat@example.org,Salem,2025-08-16T01:12:28.042205
13529,Aarini Warrior,fariqjhaveri@example.com,Thoothukudi,2025-11-01T01:12:28.042205
13419,Jagrati Kapadia,ibora@example.net,Katni,2025-11-07T01:12:28.042205
12359,Falguni Kalita,ishadesai@example.net,Chittoor,2025-11-26T01:12:28.042205
17962,Alexander Ratti,yauvani32@example.net,Bally,2025-08-27T01:12:28.042205
16292,Rushil Jani,rajasarthak@example.com,New Delhi,2025-08-16T01:12:28.042205
16557,Indali Kade,adyamitter@example.org,Khora ,2025-11-07T01:12:28.042205
17733,Gopal Saini,panini58@example.com,Bareilly,2025-10-06T01:12:28.042205
15777,Patrick Ganesan,tatabalhaar@example.org,Guwahati,2025-11-27T01:12:28.042205
14205,Balvan Patel,tpatel@example.net,Bhind,2025-08-08T01:12:28.042205
15869,Varenya Sant,frout@example.com,Begusarai,2025-09-16T01:12:28.042205
15369,Nachiket Sen,desaizashil@example.org,Phusro,2025-11-23T01:12:28.042205
16012,Gauri Mukhopadhyay,revaroy@example.com,Jalandhar,2025-11-08T01:12:28.042205
16917,Jairaj Samra,ochaudhuri@example.com,Indore,2025-08-11T01:12:28.042205
16554,Sneha Panchal,anitasagar@example.org,Kalyan-Dombivli,2025-11-05T01:12:28.042205
14309,Brijesh Nazareth,damyantinagi@example.com,Raurkela Industrial Township,2025-09-12T01:12:28.042205
16655,Nisha D’Alia,hiral17@example.com,Katni,2025-12-13T01:12:28.042205
14598,Leela Mukhopadhyay,upasna27@example.net,Bidar,2025-08-03T01:12:28.042205
12472,Aahana Sen,bahadurjit09@example.com,Raichur,2025-10-27T01:12:28.042205
14029,Daksh Mammen,aishani42@example.net,Farrukhabad,2025-12-23T01:12:28.042205
18269,Dhriti Sandhu,matthewsami@example.org,Bhimavaram,2025-12-22T01:12:28.042205
12591,Anirudh Bhavsar,gunbir52@example.org,Vijayawada,2025-11-01T01:12:28.042205
16667,Chatura Mandal,balasubramanianshravya@example.com,Agartala,2025-09-07T01:12:28.042205
14291,Wyatt Sathe,mmannan@example.com,Dindigul,2025-11-01T01:12:28.042205
16780,Rehaan Thaker,auroragabriel@example.org,Patna,2025-09-03T01:12:28.042205
13669,Laksh Ranganathan,vyanjanamisra@example.com,Tiruppur,2025-09-04T01:12:28.042205
18105,Lipika Misra,ridhi67@example.net,Dewas,2025-09-27T01:12:28.042205
17468,Jeremiah Bajwa,deolsanya@example.com,Noida,2025-11-16T01:12:28.042205
13017,Kala Thaman,triptisagar@example.com,Thrissur,2025-07-30T01:12:28.042205
15372,Bhavna Zacharia,anandsudiksha@example.net,Tiruchirappalli,2025-11-20T01:12:28.042205
16789,Girindra Mohanty,jeet99@example.com,Warangal,2025-08-10T01:12:28.042205
13285,Liam Bora,krishamandal@example.net,Gaya,2025-09-16T01:12:28.042205
15732,Samarth Balasubramanian,ggandhi@example.com,Nagpur,2025-11-21T01:12:28.042205
17596,Yashasvi Sheth,falguni05@example.org,Moradabad,2025-12-09T01:12:28.042205
12886,Ekbal Yohannan,hshenoy@example.com,Eluru,2025-11-23T01:12:28.042205
14288,Warinder Barad,shivani03@example.org,Guntur,2025-09-04T01:12:28.042205
17081,Guneet Ganesh,magargaurav@example.net,Ongole,2025-12-25T01:12:28.042205
14952,Netra Mohan,goak@example.org,Faridabad,2025-09-04T01:12:28.042205
17590,Chameli Ramakrishnan,abhaparekh@example.net,Raebareli,2025-08-22T01:12:28.042205
16685,Keya Kalita,nshah@example.org,Surat,2025-10-20T01:12:28.042205
16143,Dakshesh Ravi,gnarula@example.com,Mau,2025-11-19T01:12:28.042205
17697,Daniel Dua,prasadmichael@example.org,Hazaribagh,2025-12-09T01:12:28.042205
16298,Theodore Bali,mnaidu@example.org,Eluru,2025-12-18T01:12:28.042205
16518,Nathan Nagy,daniel44@example.org,Gulbarga,2025-10-20T01:12:28.042205
15756,Wridesh Zacharia,kdeo@example.net,Mangalore,2025-12-24T01:12:28.042205
14428,Ati Patla,eshana07@example.net,Jammu,2025-12-08T01:12:28.042205
18263,Chanchal Wagle,nazarethsachi@example.com,Vijayanagaram,2025-12-06T01:12:28.042205
15604,Bhavani Dara,rastogiidika@example.net,Ambala,2025-10-25T01:12:28.042205
18236,Banjeet Vora,advik68@example.com,Raiganj,2025-10-30T01:12:28.042205
16000,Raghav Sawhney,taurora@example.com,Anantapuram,2025-11-23T01:12:28.042205
17742,Januja Deshmukh,ztailor@example.net,Hosur,2025-09-12T01:12:28.042205
17337,Edhitha Sodhi,ladlimallick@example.org,Aizawl,2025-08-28T01:12:28.042205
17718,Hemani Tank,shivanshkala@example.net,Saharanpur,2025-12-12T01:12:28.042205
13657,Owen Jani,kakarmohini@example.com,Aligarh,2025-09-08T01:12:28.042205
14830,Advik Bora,sarandominic@example.org,Hajipur,2025-09-15T01:12:28.042205
12752,Jhalak Bhasin,nadkarnitanish@example.com,Hosur,2025-10-28T01:12:28.042205
14419,Yasti Pathak,chandran99@example.com,Orai,2025-09-09T01:12:28.042205
14976,Udant Handa,jatin68@example.org,Gaya,2025-12-01T01:12:28.042205
13931,Charvi Sidhu,radhareddy@example.org,Belgaum,2025-11-12T01:12:28.042205
16432,Vrishti Mitter,mdas@example.net,Thrissur,2025-09-07T01:12:28.042205
17206,Saksham Iyer,meghanakaul@example.com,Narasaraopet,2025-08-06T01:12:28.042205
12603,Samarth Divan,bzacharia@example.org,Siliguri,2025-11-10T01:12:28.042205
15226,Ekta Jani,oniseth@example.net,Ballia,2025-07-31T01:12:28.042205
12454,Isaac Bose,dmammen@example.net,Loni,2025-09-12T01:12:28.042205
16033,Kala Kar,cheriantheodore@example.org,Bathinda,2025-08-06T01:12:28.042205
17608,Nihal Barad,yauvanipillay@example.net,Tiruppur,2025-07-29T01:12:28.042205
15089,Warjas Devan,etagala@example.net,Cuttack,2025-11-25T01:12:28.042205
16402,Radha Ratta,qushibal@example.com,Bidhannagar,2025-09-21T01:12:28.042205
16652,Vasudha Karnik,fariqchanda@example.org,Siwan,2025-10-15T01:12:28.042205
16036,Radhika Uppal,eta48@example.org,Sambhal,2025-08-30T01:12:28.042205
13666,Raksha Varghese,ybatra@example.org,Bikaner,2025-08-31T01:12:28.042205
15491,Chandresh Kala,pinglerudra@example.net,Orai,2025-11-09T01:12:28.042205
12981,Falan Bala,chakrabartidarika@example.net,Allahabad,2025-09-27T01:12:28.042205
15601,Aishani Suri,masterisha@example.org,Jalgaon,2025-09-11T01:12:28.042205
12725,Rajeshri Datta,ravichatura@example.com,Rewa,2025-11-13T01:12:28.042205
14300,Bachittar Chada,osha99@example.net,Adoni,2025-10-18T01:12:28.042205
12484,Shravya Bose,rbera@example.org,Gaya,2025-11-05T01:12:28.042205
16268,Anamika Mohan,rkalita@example.org,Pali,2025-08-18T01:12:28.042205
14586,Deepa Dar,chandalila@example.org,Solapur,2025-12-21T01:12:28.042205
17995,Rudra Palla,cdewan@example.net,Panipat,2025-11-18T01:12:28.042205
17602,Viraj Sachar,oparekh@example.org,Chandigarh,2025-11-15T01:12:28.042205
15640,Frederick Barad,knadig@example.net,Proddatur,2025-09-15T01:12:28.042205
17331,Hemangini Chowdhury,kavya48@example.net,Motihari,2025-12-03T01:12:28.042205
15092,Devansh Uppal,yahvichowdhury@example.org,Adoni,2025-08-09T01:12:28.042205
13410,Keya Sharaf,bdeol@example.com,Ramgarh,2025-10-14T01:12:28.042205
17179,Tanveer Doctor,fiyaz28@example.org,Mahbubnagar,2025-08-10T01:12:28.042205
15750,Yug Ramesh,mseshadri@example.net,Jabalpur,2025-10-27T01:12:28.042205
13279,Samesh Pathak,pranit50@example.net,Firozabad,2025-11-10T01:12:28.042205
13544,Bishakha Prashad,veer00@example.com,Ambarnath,2025-08-23T01:12:28.042205
14434,Aradhana Basak,krishnamurthychampak@example.net,Solapur,2025-10-09T01:12:28.042205
13791,Faraj Rau,dtara@example.com,Madanapalle,2025-12-24T01:12:28.042205
16003,Chakrika Seth,edevan@example.org,Bellary,2025-10-17T01:12:28.042205
12356,Jagdish Gupta,bhavna68@example.net,Vijayawada,2025-12-25T01:12:28.042205
12758,Aarav Sanghvi,dbutala@example.com,Mahbubnagar,2025-08-15T01:12:28.042205
13389,Arya Toor,pranit01@example.net,Satna,2025-08-30T01:12:28.042205
14196,Zaitra Ramakrishnan,xnadkarni@example.org,South Dumdum,2025-10-12T01:12:28.042205
14687,Devika Kulkarni,vyasikshita@example.net,Kolhapur,2025-09-12T01:12:28.042205
15619,Aayush Sahni,qarin66@example.com,Nagercoil,2025-08-22T01:12:28.042205
15643,David Nagi,karpesudiksha@example.com,Kulti,2025-08-10T01:12:28.042205
13502,Jacob Grewal,kevinbrar@example.net,Buxar,2025-08-29T01:12:28.042205
12475,Diya Arya,xkhanna@example.net,Durg,2025-09-23T01:12:28.042205
13532,Yochana Apte,chanaekapad@example.com,Bhalswa Jahangir Pur,2025-10-04T01:12:28.042205
12847,Yash Brar,yastibal@example.net,Machilipatnam,2025-11-30T01:12:28.042205
13240,Vinaya Toor,william27@example.net,Latur,2025-09-21T01:12:28.042205
17218,Aarush Subramaniam,mkibe@example.com,Rewa,2025-09-10T01:12:28.042205
12600,Mitali Choudhary,yagnesh42@example.org,Arrah,2025-11-05T01:12:28.042205
14050,Chaaya Chana,modyharinakshi@example.net,Ajmer,2025-09-16T01:12:28.042205
14842,Shravya Dass,tmisra@example.net,Kavali,2025-09-29T01:12:28.042205
17450,Nandini Gandhi,shettyedhitha@example.com,Miryalaguda,2025-10-01T01:12:28.042205
12734,Vihaan Kala,baghyawati11@example.com,Ambattur,2025-08-05T01:12:28.042205
12749,Eesha Salvi,gagan33@example.net,Hospet,2025-08-30T01:12:28.042205
15753,Anya Rajagopalan,fradochaudhry@example.org,Bhusawal,2025-10-31T01:12:28.042205
12722,Jagat Tak,warriorxiti@example.net,Ambala,2025-10-25T01:12:28.042205
16536,Krisha Narang,chameli09@example.org,Cuttack,2025-11-20T01:12:28.042205
18138,Ekiya Mital,srinivasanpeter@example.org,Mysore,2025-12-09T01:12:28.042205
15500,Anika Gade,isaiahmitter@example.com,Jodhpur,2025-11-28T01:12:28.042205
16539,Januja Bora,jackpurohit@example.com,Burhanpur,2025-10-31T01:12:28.042205
12990,Ikshita Buch,gnadig@example.org,Shimoga,2025-08-07T01:12:28.042205
15345,Triveni Bobal,jack98@example.net,Tiruppur,2025-10-11T01:12:28.042205
14157,Urvi Balan,ywali@example.com,Ambattur,2025-09-25T01:12:28.042205
13803,Zinal Narasimhan,yashodhara06@example.com,Jaunpur,2025-11-17T01:12:28.042205
17965,Yachana More,diya19@example.net,Dindigul,2025-10-29T01:12:28.042205
14422,Jacob Yadav,amara72@example.net,Thiruvananthapuram,2025-11-12T01:12:28.042205
13002,Upkaar Kant,wvohra@example.com,Buxar,2025-09-14T01:12:28.042205
17456,Chandresh Dutta,wgoda@example.org,Jalna,2025-11-17T01:12:28.042205
12716,Ishanvi Chada,mguha@example.com,Gulbarga,2025-12-12T01:12:28.042205
14693,Balendra Jhaveri,brajan@example.org,Cuttack,2025-10-29T01:12:28.042205
16533,Mohammed Chander,gguha@example.org,Arrah,2025-10-31T01:12:28.042205
16947,Hema Gill,handajanani@example.com,Nadiad,2025-08-12T01:12:28.042205
13937,Chandresh Wason,bhavya73@example.com,Chapra,2025-12-21T01:12:28.042205
14964,Kevin Krishna,tripathiyug@example.org,Ambattur,2025-10-13T01:12:28.042205
14946,Januja Sharma,rzachariah@example.org,Serampore,2025-12-10T01:12:28.042205
13898,Warinder Mallick,tatatamanna@example.com,Muzaffarpur,2025-09-17T01:12:28.042205
15738,Mekhala Mani,agrewal@example.com,Mirzapur,2025-12-24T01:12:28.042205
18126,Neelima Mishra,cvarghese@example.net,Hubli–Dharwad,2025-11-26T01:12:28.042205
17438,Bhavna Chaudhuri,pallaamara@example.net,Mahbubnagar,2025-11-05T01:12:28.042205
15342,Hamsini Bahri,fdara@example.net,Begusarai,2025-09-21T01:12:28.042205
12621,Henry Sarma,bobalvanya@example.net,Dhanbad,2025-09-26T01:12:28.042205
16542,Ishaan Bhattacharyya,skohli@example.org,Suryapet,2025-08-03T01:12:28.042205
13645,Veda Vohra,mishraikbal@example.net,Satara,2025-10-25T01:12:28.042205
15634,Yashica Anand,vanya02@example.net,Alappuzha,2025-08-18T01:12:28.042205
15622,Abhimanyu Banerjee,omital@example.net,Faridabad,2025-09-24T01:12:28.042205
16265,Chaitanya Mallick,tanvi35@example.net,Bulandshahr,2025-10-30T01:12:28.042205
18123,Chavvi Bora,maanas08@example.org,Tumkur,2025-12-01T01:12:28.042205
13142,Bishakha Goel,bhavya73@example.com,Thane,2025-08-17T01:12:28.042205
14818,Shivansh Maharaj,lopa94@example.net,Nadiad,2025-08-11T01:12:28.042205
14711,Samaksh Goswami,hmenon@example.net,Ramagundam,2025-10-23T01:12:28.042205
15244,Daksh Maharaj,lila30@example.net,Katihar,2025-11-01T01:12:28.042205
13026,Raagini Kota,faraschacko@example.com,Rampur,2025-09-15T01:12:28.042205
15113,Hiral Varughese,chackoikshita@example.net,Coimbatore,2025-09-25T01:12:28.042205
13395,Zansi Prasad,chaitaly99@example.com,Anantapur,2025-09-05T01:12:28.042205
17581,Waida Bhatia,gswamy@example.com,Bhopal,2025-11-01T01:12:28.042205
17715,Aditya Sengupta,chandawriddhish@example.org,Hazaribagh,2025-10-04T01:12:28.042205
15363,Tanveer Cherian,krishupadhyay@example.net,Bhilwara,2025-11-20T01:12:28.042205
14723,Reyansh Dalal,choudhurydeepa@example.org,Gopalpur,2025-09-23T01:12:28.042205
17867,Devansh Din,bhardwajchandani@example.com,Belgaum,2025-11-16T01:12:28.042205
16807,Manthan Raval,adwetabaria@example.org,Shimla,2025-11-05T01:12:28.042205
15866,George Pingle,acharyaomisha@example.org,Kharagpur,2025-09-23T01:12:28.042205
15208,Saanvi Bahri,zpalan@example.com,Ujjain,2025-09-21T01:12:28.042205
16170,Logan Mahajan,wagleyash@example.org,Mysore,2025-09-10T01:12:28.042205
13505,Kiaan Kala,radhikawali@example.net,Pune,2025-12-03T01:12:28.042205
16271,Harish Bala,qranganathan@example.net,Ahmedabad,2025-09-13T01:12:28.042205
16256,Gayathri Memon,apillay@example.org,Nangloi Jat,2025-08-22T01:12:28.042205
15101,Amol Sawhney,kashyappranit@example.com,Madurai,2025-10-13T01:12:28.042205
15351,Girik Kashyap,bahripahal@example.net,Jammu,2025-09-05T01:12:28.042205
17611,Vedant Minhas,noahchaudry@example.org,Eluru,2025-12-12T01:12:28.042205
13812,Zilmil Bassi,inarula@example.net,Kadapa,2025-12-06T01:12:28.042205
16027,Chatresh Guha,wkapoor@example.com,Berhampore,2025-11-17T01:12:28.042205
15863,Vyanjana Walla,galaaachal@example.org,Agra,2025-10-08T01:12:28.042205
12478,Balendra Mahajan,balasubramaniandarika@example.org,Panchkula,2025-09-12T01:12:28.042205
17346,Daksha Mangat,megha21@example.org,Hindupur,2025-11-14T01:12:28.042205
13151,Rudra Subramaniam,sidhucharles@example.net,Mangalore,2025-08-31T01:12:28.042205
13809,Darpan Shah,ethakur@example.org,Tadepalligudem,2025-12-11T01:12:28.042205
16399,Nathan Mandal,megha98@example.com,Mysore,2025-11-01T01:12:28.042205
16152,Hredhaan Majumdar,chakradharwagle@example.com,Adoni,2025-09-13T01:12:28.042205
13651,Robert Bains,charvi79@example.net,Mau,2025-10-26T01:12:28.042205
18242,Gaurav Pant,kai04@example.org,Kakinada,2025-09-06T01:12:28.042205
17968,Veer Shetty,sathvik83@example.org,Karnal,2025-08-09T01:12:28.042205
15744,Gunbir Ratti,gopalkumer@example.com,Gudivada,2025-12-17T01:12:28.042205
15104,Abha Dora,ibala@example.com,Tirupati,2025-10-10T01:12:28.042205
13639,Karan Basak,wahabpatel@example.com,Saharanpur,2025-11-13T01:12:28.042205
16804,Ikshita Datta,bachittar65@example.com,Farrukhabad,2025-08-04T01:12:28.042205
15899,Ira Ganguly,cprabhakar@example.net,Bettiah,2025-12-24T01:12:28.042205
17870,Kamala Oza,qabil58@example.net,Sambalpur,2025-08-06T01:12:28.042205
15768,Mohini Madan,narulafrederick@example.net,Bathinda,2025-12-10T01:12:28.042205
17593,Anmol Anand,jonathan02@example.com,Bulandshahr,2025-08-29T01:12:28.042205
16411,Neha More,xshenoy@example.org,Serampore,2025-12-05T01:12:28.042205
16923,Ekiya Barad,gourmitesh@example.net,Durg,2025-11-18T01:12:28.042205
17974,Hemang Dara,ygala@example.com,Varanasi,2025-12-17T01:12:28.042205
18102,Samesh Jaggi,settyyatan@example.com,Chittoor,2025-10-15T01:12:28.042205
16295,Mohammed Patla,panditjason@example.com,Jalandhar,2025-12-16T01:12:28.042205
16414,Suhani Viswanathan,anika02@example.com,Salem,2025-09-16T01:12:28.042205
15646,Lavanya Babu,xkaul@example.net,Jabalpur,2025-07-29T01:12:28.042205
17480,Neelima Seshadri,suhanisaraf@example.net,Nellore,2025-09-08T01:12:28.042205
14467,Odika Shenoy,bhavna83@example.net,Hindupur,2025-08-18T01:12:28.042205
13282,Hema Tara,singhtanish@example.com,Tumkur,2025-09-03T01:12:28.042205
12609,Jagdish Oza,basaktanmayi@example.com,Sangli-Miraj & Kupwad,2025-08-25T01:12:28.042205
15232,Ansh Sharma,aroratarak@example.net,Kanpur,2025-08-18T01:12:28.042205
17855,Gaurika Bhatia,chaudhurisarthak@example.net,Ramgarh,2025-12-01T01:12:28.042205
14440,Harini Sarraf,ronithchadha@example.com,Bhimavaram,2025-07-31T01:12:28.042205
13109,Niharika Natt,chatura93@example.com,Berhampur,2025-10-29T01:12:28.042205
14041,Owen Bhavsar,shroffdalbir@example.net,Surendranagar Dudhrej,2025-09-12T01:12:28.042205
16024,Laksh Lal,bhatethan@example.com,Bhagalpur,2025-09-25T01:12:28.042205
15610,Noah Narasimhan,settyupma@example.net,Naihati,2025-08-01T01:12:28.042205
14589,Lila Chaudhuri,reva01@example.net,Kanpur,2025-09-02T01:12:28.042205
12853,Vedant Parsa,cvarty@example.org,Nandyal,2025-11-20T01:12:28.042205
13663,Gayathri Memon,saanvibhat@example.net,Dhule,2025-10-25T01:12:28.042205
18251,Dakshesh Madan,anori@example.org,Sangli-Miraj & Kupwad,2025-08-25T01:12:28.042205
12993,Ekbal Jhaveri,qushi99@example.net,Etawah,2025-08-20T01:12:28.042205
16688,Leela Nagar,hamsinikrishna@example.net,Chandrapur,2025-11-11T01:12:28.042205
12868,George Tank,advaynarayanan@example.com,Parbhani,2025-11-19T01:12:28.042205
16125,Amrita Kale,jgokhale@example.com,Vijayanagaram,2025-10-17T01:12:28.042205
13654,Leena Kothari,atharv48@example.org,Bhind,2025-08-21T01:12:28.042205
17060,Chavvi Sinha,bsahni@example.com,Bidar,2025-09-13T01:12:28.042205
13800,Suhani Varghese,michaelbahri@example.com,Jaipur,2025-11-30T01:12:28.042205
14315,Falan Nadkarni,abdulsinghal@example.net,Aurangabad,2025-11-11T01:12:28.042205
15881,Ikbal Prabhakar,deyuvraj@example.org,Ramagundam,2025-08-25T01:12:28.042205
15759,Rachita Arya,moreyashasvi@example.net,Noida,2025-10-07T01:12:28.042205
17736,Kashvi Choudhary,gauri38@example.net,Nagpur,2025-11-19T01:12:28.042205
14684,Samaksh Chaudhry,pbansal@example.net,Bardhaman,2025-09-20T01:12:28.042205
15238,Krisha Viswanathan,rudra88@example.org,Danapur,2025-08-02T01:12:28.042205
12627,Lakshit Upadhyay,tanviwali@example.com,Bhatpara,2025-08-07T01:12:28.042205
12463,Hiral Badami,ekanshkata@example.net,Loni,2025-10-25T01:12:28.042205
16670,Jagat Biswas,xkalla@example.net,Kharagpur,2025-09-16T01:12:28.042205
14705,Triya Saini,qdutt@example.net,Suryapet,2025-11-28T01:12:28.042205
18245,Qabil Sunder,joshuanagi@example.net,Dibrugarh,2025-10-30T01:12:28.042205
17188,Reyansh Tak,bhargavagaurika@example.com,Shivpuri,2025-10-12T01:12:28.042205
12362,Pallavi Narayanan,randhawacaleb@example.com,Udupi,2025-12-04T01:12:28.042205
13118,Mohini Nadig,kabiragrawal@example.org,Ajmer,2025-08-02T01:12:28.042205
13416,Deepa Dutta,jhaveripatrick@example.net,Katni,2025-09-23T01:12:28.042205
17078,Upma Nazareth,pdhingra@example.net,Tenali,2025-12-24T01:12:28.042205
13925,Yatan Rajagopalan,ekavirarya@example.com,Jorhat,2025-10-26T01:12:28.042205
12347,Ati Gara,choudhrydivya@example.net,Meerut,2025-08-02T01:12:28.042205
14592,Janya Doshi,lipikasagar@example.com,Fatehpur,2025-10-15T01:12:28.042205
14720,Ryan Patla,chackovedhika@example.com,Uluberia,2025-11-27T01:12:28.042205
14562,Ikshita Kannan,nathan07@example.org,Chapra,2025-08-10T01:12:28.042205
15381,Brinda Dhawan,anthonygandhi@example.org,Bhavnagar,2025-11-19T01:12:28.042205
18260,Inaya Ghose,neelimasem@example.com,Alappuzha,2025-07-31T01:12:28.042205
14824,Tara Kakar,devanshkrishna@example.net,South Dumdum,2025-10-08T01:12:28.042205
14681,Rachit Mody,majumdaryug@example.com,Siliguri,2025-09-06T01:12:28.042205
17075,Nilima Rege,pillaifiyaz@example.com,Erode,2025-11-24T01:12:28.042205
15625,Teerth Keer,brijeshpadmanabhan@example.com,Sambalpur,2025-10-09T01:12:28.042205
17307,Isha Deol,cgola@example.net,Maheshtala,2025-11-06T01:12:28.042205
15774,Kala Khalsa,alka86@example.org,Belgaum,2025-08-15T01:12:28.042205
12719,Mitali Varkey,etanori@example.net,Davanagere,2025-10-13T01:12:28.042205
16956,Eshana Buch,balhaar05@example.org,Burhanpur,2025-08-10T01:12:28.042205
17069,Umang Wable,duttapranit@example.com,Gulbarga,2025-11-15T01:12:28.042205
17864,Yuvraj Anne,abhiram99@example.org,Shimoga,2025-11-07T01:12:28.042205
13928,Jagdish Munshi,girishrege@example.org,Karaikudi,2025-12-07T01:12:28.042205
17727,Triveni Peri,ubrar@example.com,Bijapur,2025-08-11T01:12:28.042205
14443,Omisha Khanna,urvashivig@example.com,Kadapa,2025-09-12T01:12:28.042205
12630,Lucky Venkataraman,manidiya@example.com,Arrah,2025-09-20T01:12:28.042205
14958,Gaurav Khanna,rajata06@example.org,Tiruchirappalli,2025-08-08T01:12:28.042205
13675,Aayush Sathe,uganesh@example.com,Rampur,2025-08-06T01:12:28.042205
17051,Reva Dar,menonadvay@example.net,Miryalaguda,2025-10-03T01:12:28.042205
14854,Unni Shroff,karabishakha@example.com,Hyderabad,2025-09-01T01:12:28.042205
18239,Dhriti Pai,qkala@example.com,Bihar Sharif,2025-10-15T01:12:28.042205
17709,Nathan Shah,buchmadhavi@example.com,Tumkur,2025-11-29T01:12:28.042205
13154,Mitesh Ravel,rastogiisaac@example.net,Morbi,2025-09-15T01:12:28.042205
16929,Hritik Jhaveri,leenakrishna@example.org,Ranchi,2025-10-28T01:12:28.042205
17584,Vyanjana Oommen,bhavsarzinal@example.org,Ramagundam,2025-08-02T01:12:28.042205
17349,Frederick Karan,lajita09@example.com,Rajahmundry,2025-12-25T01:12:28.042205
15339,Abeer Dhar,farissharma@example.com,Jodhpur,2025-11-19T01:12:28.042205
17212,Kevin Sha,ladisaac@example.net,Kottayam,2025-09-03T01:12:28.042205
17334,Rajata Bassi,zdhar@example.org,Raurkela Industrial Township,2025-08-04T01:12:28.042205
13523,Amruta Sama,quincy32@example.com,Suryapet,2025-09-14T01:12:28.042205
14068,Charan Anand,qushi96@example.com,Sambhal,2025-09-01T01:12:28.042205
16134,Hardik Mahal,keeradvay@example.com,Korba,2025-08-17T01:12:28.042205
17042,Onveer Atwal,raksha78@example.net,Kochi,2025-09-22T01:12:28.042205
15473,Advik Raghavan,fupadhyay@example.net,Cuttack,2025-11-07T01:12:28.042205
16682,Falan Kade,lekha43@example.org,Alwar,2025-11-06T01:12:28.042205
16393,Alka Char,isaiahsankaran@example.com,Giridih,2025-11-03T01:12:28.042205
13940,Ekanta Gill,onkar16@example.net,Gulbarga,2025-11-27T01:12:28.042205
17444,Gavin Mallick,eesha21@example.net,Nagpur,2025-09-11T01:12:28.042205
16009,Vasudha Chand,kaulmugdha@example.net,Jaipur,2025-09-14T01:12:28.042205
12740,Yashoda Bava,chandanipalla@example.net,Mangalore,2025-12-17T01:12:28.042205
15503,Harish Babu,rbail@example.com,Anand,2025-10-17T01:12:28.042205
17703,Pranav Ganesh,fradobehl@example.net,Gangtok,2025-11-14T01:12:28.042205
13901,Rachana Misra,dmall@example.org,Danapur,2025-09-13T01:12:28.042205
15348,Hardik Tandon,yahvibath@example.com,Bokaro,2025-10-08T01:12:28.042205
12585,Sachi Nath,darasneha@example.org,Malda,2025-08-07T01:12:28.042205
12615,Nathaniel Bajwa,pranavbuch@example.net,Tadepalligudem,2025-10-21T01:12:28.042205
14297,Pranit Kakar,ybrahmbhatt@example.com,Nagaon,2025-09-16T01:12:28.042205
14702,Tristan Parekh,jeremiah02@example.net,Arrah,2025-08-06T01:12:28.042205
15211,Jackson Das,udant49@example.net,Jamalpur,2025-10-10T01:12:28.042205
16938,Hemang Bhavsar,balhaar21@example.org,Tirunelveli,2025-11-03T01:12:28.042205
14988,Barkha Shenoy,ramira@example.com,Kurnool,2025-11-13T01:12:28.042205
17849,Jatin Batra,murtyanay@example.net,Guntur,2025-12-25T01:12:28.042205
13922,Madhavi Bhattacharyya,nadkarniaarush@example.org,Katihar,2025-10-27T01:12:28.042205
13121,Ojas Shere,onanda@example.com,Haridwar,2025-12-17T01:12:28.042205
14184,Rachana Patla,udarsh96@example.net,Baranagar,2025-09-26T01:12:28.042205
16146,Nathaniel Nagy,lajitamann@example.org,Meerut,2025-11-23T01:12:28.042205
13806,Tarak Sanghvi,kakarumang@example.org,Thiruvananthapuram,2025-10-21T01:12:28.042205
18230,Chakrika Madan,chauhanwarhi@example.com,Mirzapur,2025-10-21T01:12:28.042205
16262,Hamsini Walia,binathaker@example.net,Warangal,2025-09-07T01:12:28.042205
12353,Urmi Shah,sara05@example.org,Burhanpur,2025-09-25T01:12:28.042205
15253,Atharv Menon,chanachaaya@example.org,Madhyamgram,2025-10-26T01:12:28.042205
17724,Farhan Sastry,hitesh03@example.com,Vasai-Virar,2025-08-05T01:12:28.042205
17447,Dhriti Trivedi,harshrajagopal@example.org,Berhampore,2025-09-21T01:12:28.042205
16658,Charan Shah,sunderaarini@example.com,Thrissur,2025-09-02T01:12:28.042205
13520,Yoshita Agarwal,kmohan@example.net,Nangloi Jat,2025-11-27T01:12:28.042205
16914,Qasim Bhargava,binabhalla@example.com,Ranchi,2025-12-14T01:12:28.042845
12490,Jeremiah Mukherjee,avi20@example.org,Kurnool,2025-12-03T01:12:28.042845
14577,Krishna Kashyap,mahika67@example.net,Sambhal,2025-11-11T01:12:28.042845
13678,Leena Srivastava,xgandhi@example.com,Mango,2025-08-02T01:12:28.042845
12731,Ishanvi Bhasin,zaitradalia@example.org,Tiruvottiyur,2025-10-12T01:12:28.042845
16164,Theodore Dasgupta,unnati70@example.org,Pali,2025-08-25T01:12:28.042845
17340,Hardik Kari,achada@example.net,Gorakhpur,2025-12-21T01:12:28.042845
13014,Chanchal Mani,darsh25@example.org,South Dumdum,2025-09-12T01:12:28.042845
15994,Daniel Rattan,samarth34@example.com,Adoni,2025-10-13T01:12:28.042845
15485,Falan Rana,suraturvi@example.net,Jamshedpur,2025-11-16T01:12:28.042845
16825,Damyanti Hans,osen@example.net,Srikakulam,2025-09-30T01:12:28.042845
14973,Lila Hora,elijah49@example.com,Gangtok,2025-12-25T01:12:28.042845
14985,Onveer Sagar,mandamohammed@example.net,Ramagundam,2025-12-25T01:12:28.042845
17459,Zayan Iyer,woommen@example.com,Bilaspur,2025-12-17T01:12:28.042845
14062,Ojasvi Kalla,merchantanay@example.com,Rajahmundry,2025-10-27T01:12:28.042845
18233,Ekbal Iyengar,ugade@example.org,Nagaon,2025-10-23T01:12:28.042845
13145,Peter Misra,achokshi@example.org,Kharagpur,2025-10-13T01:12:28.042845
17846,Adya Gill,chamanlall@example.com,Dhanbad,2025-07-31T01:12:28.042845
16560,Jeremiah Mane,dayamai13@example.org,Kirari Suleman Nagar,2025-12-23T01:12:28.042845
14446,Brinda Mutti,batrabhavani@example.com,Bhiwani,2025-11-10T01:12:28.042845
14175,Mahika Lad,vdeshpande@example.net,Jorhat,2025-10-05T01:12:28.042845
16676,Samuel Chaudhry,devizaid@example.net,Thoothukudi,2025-10-27T01:12:28.042845
13538,Keya Kata,ozabaghyawati@example.org,Danapur,2025-07-30T01:12:28.042845
18135,Shaurya Golla,chakradharyohannan@example.com,North Dumdum,2025-11-25T01:12:28.042845
17203,Laban Raghavan,ishita84@example.net,Jodhpur,2025-09-13T01:12:28.042845
13124,Sachi Char,falak56@example.org,Gangtok,2025-11-24T01:12:28.042845
13404,Arin Dhawan,siddharth19@example.org,Mehsana,2025-08-26T01:12:28.042845
14708,Yatan Dhar,jonathan84@example.org,Thoothukudi,2025-08-19T01:12:28.042845
14327,Jeevika Bora,zchowdhury@example.com,Bijapur,2025-11-24T01:12:28.042845
15098,Chakrika Chowdhury,yochanasaxena@example.net,Malegaon,2025-10-27T01:12:28.042845
16423,Neel Mukhopadhyay,kaullakshmi@example.com,Ratlam,2025-11-27T01:12:28.042845
16131,Victor Barad,abdul99@example.net,Ujjain,2025-11-09T01:12:28.042845
13249,Xavier Bhalla,pandityamini@example.org,Aurangabad,2025-09-17T01:12:28.042845
17173,Neha Morar,abeer03@example.com,Mau,2025-11-15T01:12:28.042845
14193,Shaurya Khatri,gnaidu@example.com,Mysore,2025-11-14T01:12:28.042845
16926,Widisha Nadkarni,kadakiabahadurjit@example.org,Dewas,2025-10-19T01:12:28.042845
15747,Saumya Ratti,gopalmahika@example.org,Guwahati,2025-08-31T01:12:28.042845
13267,Aarav Barad,aahanakade@example.net,Durg,2025-11-19T01:12:28.042845
16545,Kashvi More,borraudarsh@example.net,Singrauli,2025-12-10T01:12:28.042845
14452,Utkarsh Chawla,roak@example.com,Dindigul,2025-11-28T01:12:28.042845
14565,Lajita Sachdeva,itank@example.com,Surendranagar Dudhrej,2025-11-01T01:12:28.042845
17861,Lohit Kaur,yratta@example.net,Morbi,2025-10-09T01:12:28.042845
13255,Chaitanya Roy,atharv04@example.org,Amroha,2025-08-07T01:12:28.042845
18001,Advaith Brahmbhatt,xpatil@example.org,Dewas,2025-09-01T01:12:28.042845
14961,Vihaan Pau,yohannanridhi@example.net,Durgapur,2025-10-13T01:12:28.042845
17325,Tarak Thaman,anjaliwable@example.net,Muzaffarpur,2025-09-27T01:12:28.042845
13246,Kiaan Kapoor,bhandarifrederick@example.org,Bettiah,2025-12-04T01:12:28.042845
15482,Kamala Oza,chowdhuryjasmit@example.net,Jamnagar,2025-12-17T01:12:28.042845
17730,Abeer Walla,eshanasabharwal@example.net,Hospet,2025-10-12T01:12:28.042845
15223,Ati Barad,triveni80@example.org,Arrah,2025-09-11T01:12:28.042845
14851,Ishanvi Brar,vghose@example.net,Bareilly,2025-07-30T01:12:28.042845
13508,Indrajit Nagarajan,lnatt@example.org,Kolkata,2025-10-03T01:12:28.042845
12883,Wriddhish Bhatti,pillaybhavani@example.org,Barasat,2025-12-12T01:12:28.042845
17712,Veda Bhargava,bchakrabarti@example.net,Hajipur,2025-08-15T01:12:28.042845
14595,Saumya Deol,xshan@example.net,Rampur,2025-10-25T01:12:28.042845
13782,Ishwar Dube,udoctor@example.com,Kadapa,2025-11-21T01:12:28.042845
17379,Darsh Shenoy,trivedisanaya@example.net,Ozhukarai,2025-11-05T01:12:28.042845
14354,Chameli Shenoy,karizaid@example.com,Bhimavaram,2025-09-15T01:12:28.042845
12651,Nidhi Deep,eeshadalia@example.net,Siliguri,2025-11-28T01:12:28.042845
16572,Bachittar Saraf,vamakshikashyap@example.org,Nanded,2025-09-04T01:12:28.042845
15432,Hritik Ranganathan,indirarajagopal@example.org,Bhimavaram,2025-09-06T01:12:28.042845
13851,Vedant Saini,sachdevasaumya@example.com,Ambarnath,2025-11-22T01:12:28.042845
17489,Ekapad Kadakia,chandran70@example.com,Bellary,2025-10-15T01:12:28.042845
17373,Tanvi Gopal,theodore38@example.net,Pondicherry,2025-10-24T01:12:28.042845
16992,Turvi Mahajan,amara99@example.net,Bhagalpur,2025-09-07T01:12:28.042845
12812,Leena Varma,mohini88@example.org,Amaravati,2025-09-15T01:12:28.042845
14738,Yahvi Mangal,goleveda@example.com,Vasai-Virar,2025-10-29T01:12:28.042845
15658,Balhaar Patel,sibalzaitra@example.org,Aligarh,2025-09-10T01:12:28.042845
12940,Odika Gera,ishita70@example.com,Hosur,2025-08-28T01:12:28.042845
15661,Warhi Seth,borahindrajit@example.org,Sagar,2025-12-10T01:12:28.042845
17391,Oeshi Pau,jonathanbhargava@example.com,Malegaon,2025-10-11T01:12:28.042845
15167,Bhavya Oak,fdatta@example.org,Fatehpur,2025-12-06T01:12:28.042845
16742,Jonathan Chana,kumarnisha@example.org,Agra,2025-08-22T01:12:28.042845
17492,Yutika Singh,mahajanfaraj@example.org,Kharagpur,2025-11-21T01:12:28.042845
14601,Niharika Maharaj,nattkrishna@example.org,Chandigarh,2025-10-24T01:12:28.042845
15417,Girish Sani,igara@example.com,Amaravati,2025-08-12T01:12:28.042845
15804,Vrishti Nadig,kamdarryan@example.com,Madurai,2025-10-14T01:12:28.042845
13592,Veer Kota,ojas07@example.com,Sultan Pur Majra,2025-08-27T01:12:28.042845
16965,Nachiket Tata,sanichandresh@example.net,Parbhani,2025-11-05T01:12:28.042845
15024,Max Bahri,lajitahayre@example.net,Kirari Suleman Nagar,2025-09-09T01:12:28.042845
14631,Diya Sengupta,balhaarsathe@example.org,Bokaro,2025-12-01T01:12:28.042845
15813,Qadim Ramanathan,sanghamegha@example.org,Vadodara,2025-10-25T01:12:28.042845
17266,Oni Palla,ogill@example.com,Nangloi Jat,2025-11-19T01:12:28.042845
15402,Baljiwan Jain,orindermody@example.org,Salem,2025-09-17T01:12:28.042845
14753,Matthew Kari,shauryabatra@example.org,Parbhani,2025-12-15T01:12:28.042845
17221,Gunbir Pathak,lipika59@example.org,Bettiah,2025-11-28T01:12:28.042845
15664,Anusha Bhalla,prishabrar@example.org,South Dumdum,2025-11-18T01:12:28.042845
13464,Ranbir Pal,pallibni@example.com,Bathinda,2025-10-28T01:12:28.042845
14083,Rachana Sachar,parth22@example.net,Imphal,2025-09-07T01:12:28.042845
14625,Ishani Bali,frederickparsa@example.org,Kulti,2025-09-07T01:12:28.042845
17114,Harinakshi Khare,wdalia@example.org,Rewa,2025-11-20T01:12:28.042845
16989,Nitara Lad,mvohra@example.org,Sri Ganganagar,2025-09-17T01:12:28.042845
14089,Hredhaan Mishra,siyabail@example.net,Hosur,2025-09-08T01:12:28.042845
13047,Netra Dave,gabamekhala@example.org,Coimbatore,2025-10-24T01:12:28.042845
13434,Caleb Raj,meghadar@example.net,Pudukkottai,2025-10-10T01:12:28.042845
13946,Falak Kulkarni,ekarajchatterjee@example.com,Cuttack,2025-08-09T01:12:28.042845
16569,Divya Sundaram,mkar@example.com,Tadepalligudem,2025-08-05T01:12:28.042845
12535,Vansha Johal,dnaidu@example.org,Kanpur,2025-12-06T01:12:28.042845
17513,Nilima Sundaram,januja31@example.org,Aurangabad,2025-08-17T01:12:28.042845
15649,Upkaar Mukherjee,beradev@example.org,Kottayam,2025-08-30T01:12:28.042845
18034,Ekani Koshy,onisethi@example.net,Munger,2025-12-15T01:12:28.042845
17769,Yoshita Joshi,danielkanda@example.org,Raebareli,2025-12-15T01:12:28.042845
14759,Hiral Narasimhan,kalabaljiwan@example.com,Rajkot,2025-10-12T01:12:28.042845
17900,Sai Ahluwalia,sacharaarush@example.com,Amroha,2025-10-21T01:12:28.042845
18037,Harsh Sarin,vivaan20@example.com,Raichur,2025-08-11T01:12:28.042845
16566,Jagat Garde,iryamandal@example.net,Anantapuram,2025-09-22T01:12:28.042845
14381,Aradhana Sodhi,yashawinichatterjee@example.com,Srikakulam,2025-11-22T01:12:28.042845
15033,Priya Kapadia,daniel62@example.com,Akola,2025-10-13T01:12:28.042845
14238,Mitesh Puri,yuvrajsodhi@example.com,Akola,2025-10-15T01:12:28.042845
14208,Ekansh Pathak,kalaijaya@example.org,Giridih,2025-11-18T01:12:28.042845
16739,Ishani Nath,chaitalyreddy@example.com,Rajkot,2025-11-03T01:12:28.042845
15935,Karan Talwar,sprasad@example.org,Cuttack,2025-09-27T01:12:28.042845
16730,Aarna Mander,xkari@example.com,Chennai,2025-09-03T01:12:28.042845
14488,Praneel Gole,tara61@example.net,Khandwa,2025-12-16T01:12:28.042845
17888,Harini Comar,bimala84@example.org,Panvel,2025-11-29T01:12:28.042845
13815,Watika Lala,wriddhishsheth@example.org,Chittoor,2025-08-22T01:12:28.042845
16852,Yochana Dara,jhalaklala@example.com,Chapra,2025-10-11T01:12:28.042845
13577,Aarini Srinivas,gillnicholas@example.org,Haridwar,2025-10-31T01:12:28.042845
12931,Ria Parmer,hamsinipradhan@example.com,Chandigarh,2025-09-26T01:12:28.042845
12520,Yashodhara Guha,aryan48@example.org,Kavali,2025-08-18T01:12:28.042845
15676,Ridhi Khare,lokeshivansh@example.org,Jaunpur,2025-09-25T01:12:28.042845
13196,Aarna Brar,shethosha@example.com,Guntakal,2025-10-28T01:12:28.042845
17510,Balendra Korpal,mitrasiya@example.org,Jabalpur,2025-10-21T01:12:28.042845
16462,Pranit Kunda,praneel53@example.com,Bilaspur,2025-09-17T01:12:28.042845
15426,Hiral Chhabra,frederick80@example.org,Kollam,2025-09-23T01:12:28.042845
13979,Dhruv Gaba,sidhudipta@example.net,Rampur,2025-09-12T01:12:28.042845
16995,Anvi Bhatti,hema82@example.net,Kolkata,2025-09-11T01:12:28.042845
16602,Fariq Krishnan,qnazareth@example.org,Anantapur,2025-08-05T01:12:28.042845
17897,Watika Shanker,anaywadhwa@example.net,Phusro,2025-07-29T01:12:28.042845
15670,Lucky Rana,vihaanjohal@example.net,Kanpur,2025-12-05T01:12:28.042845
13038,Lakshmi Ramachandran,koshywidisha@example.org,Durg,2025-09-04T01:12:28.042845
16706,Chandani Mody,widisha61@example.org,Tadipatri,2025-09-20T01:12:28.042845
14875,Urvi Wable,utkarshsahni@example.org,Ahmedabad,2025-09-22T01:12:28.042845
12633,Charan Chakraborty,sakshamkorpal@example.net,Uluberia,2025-12-26T01:12:28.042845
16185,Xiti Srinivas,janidalaja@example.net,Thanjavur,2025-08-10T01:12:28.042845
12919,Chasmum Ahuja,khatriforum@example.org,Hajipur,2025-09-09T01:12:28.042845
14905,Pranav Mohanty,theodore43@example.net,Sagar,2025-10-18T01:12:28.042845
14765,Faraj Uppal,ishwarbuch@example.net,Loni,2025-08-09T01:12:28.042845
13845,Ojasvi Saxena,nihal03@example.com,Pune,2025-10-03T01:12:28.042845
18174,Dakshesh Narain,varugheseomkaar@example.com,Dewas,2025-07-31T01:12:28.042845
12642,Wyatt Dhingra,qushibutala@example.org,Morbi,2025-09-21T01:12:28.042845
17623,Alka Sankar,nathaniel63@example.net,Agra,2025-08-27T01:12:28.042845
12645,Saksham Sabharwal,zehaan88@example.com,Pali,2025-11-13T01:12:28.042845
12895,Daksh Dutt,ekiya29@example.org,Bhusawal,2025-08-24T01:12:28.042845
12523,Praneel Vaidya,singhnihal@example.com,Dhanbad,2025-08-09T01:12:28.042845
13297,Riya Gour,dhritidayal@example.org,Srinagar,2025-09-21T01:12:28.042845
14229,Anthony Varma,mohinidoshi@example.net,Ballia,2025-09-17T01:12:28.042845
16206,Advaith Shankar,modichaman@example.org,Bokaro,2025-11-21T01:12:28.042845
17135,Nidra Sanghvi,gaurangi40@example.net,Loni,2025-11-27T01:12:28.042845
13720,Pushti Majumdar,rvig@example.com,Gudivada,2025-11-27T01:12:28.042845
14119,Aarnav Agarwal,darikadixit@example.org,Ranchi,2025-11-05T01:12:28.042845
16697,Aryan Wali,devikakurian@example.org,Shimoga,2025-09-02T01:12:28.042845
16173,Amol Shukla,indirasethi@example.org,Bokaro,2025-12-26T01:12:28.042845
13711,Pooja Puri,chandreshshan@example.com,Ratlam,2025-07-31T01:12:28.042845
16843,Praneel Tata,skeer@example.com,Bihar Sharif,2025-09-05T01:12:28.042845
12809,Sathvik Ramachandran,udyatichahal@example.net,Hindupur,2025-11-07T01:12:28.042845
15393,Jasmit Dhaliwal,dgola@example.net,Satara,2025-08-22T01:12:28.042845
18177,Urvashi Din,memonthomas@example.net,Pudukkottai,2025-08-30T01:12:28.042845
14741,Tara Mangal,aarav04@example.com,Kanpur,2025-12-19T01:12:28.042845
15950,Yamini Gole,frederick64@example.net,North Dumdum,2025-11-22T01:12:28.042845
16450,Tanvi Balan,nadkarninikita@example.com,Patna,2025-11-07T01:12:28.042845
15149,Zaid Kadakia,zarnagole@example.net,Gudivada,2025-10-04T01:12:28.042845
15009,Daksha Sethi,raghavkarpe@example.com,Tenali,2025-12-10T01:12:28.042845
14080,Balveer Char,yadavi80@example.org,Nandyal,2025-11-17T01:12:28.042845
15673,Jagat Krish,fiyazsathe@example.org,Rampur,2025-10-07T01:12:28.042845
15006,Champak Hayer,aashidhaliwal@example.net,Tiruchirappalli,2025-10-06T01:12:28.042845
17659,Kalpit Sankaran,gthakkar@example.com,Tirupati,2025-09-04T01:12:28.042845
17090,Warjas Narula,sanihemang@example.net,Kochi,2025-10-04T01:12:28.042845
16700,Adya Barad,vpatla@example.net,Bhubaneswar,2025-12-08T01:12:28.042845
14351,Nidhi Sama,manthanchana@example.org,Nandyal,2025-12-22T01:12:28.042845
14744,Siya Master,trivedilibni@example.org,Agra,2025-12-04T01:12:28.042845
15423,Omisha Bedi,sahaharinakshi@example.org,Kochi,2025-11-18T01:12:28.042845
14345,Rushil Raghavan,charitakrishnan@example.net,Jabalpur,2025-08-30T01:12:28.042845
13059,Niharika Dubey,dasyasti@example.org,Singrauli,2025-12-05T01:12:28.042845
15143,Amol Nadkarni,voza@example.net,Haridwar,2025-11-26T01:12:28.042845
13065,Yatin Choudhury,vedikagola@example.net,Chandrapur,2025-12-19T01:12:28.042845
12779,Abhimanyu Krishnan,urmisura@example.net,Rajpur Sonarpur,2025-10-23T01:12:28.042845
16191,Aarnav Amble,aadi46@example.net,Aurangabad,2025-10-01T01:12:28.042845
17629,Faras Desai,kibealka@example.net,Kolkata,2025-09-21T01:12:28.042845
13824,Omisha Bhardwaj,ikhare@example.org,Rohtak,2025-08-20T01:12:28.042845
12407,Deepa Zacharia,lchaudhari@example.com,Bhimavaram,2025-08-31T01:12:28.042845
13833,Gautami Reddy,sehgaltriveni@example.org,Kota,2025-08-02T01:12:28.042845
13568,Samaksh Panchal,lipika45@example.com,Aurangabad,2025-08-22T01:12:28.042845
15027,Amrita Joshi,shethvarsha@example.org,Khandwa,2025-08-04T01:12:28.042845
15795,Manbir Prabhakar,sachdevanihal@example.org,Alwar,2025-08-03T01:12:28.042845
13336,Teerth Golla,brarbaljiwan@example.com,Raipur,2025-07-29T01:12:28.042845
15527,Unni Setty,miteshtak@example.org,Rajkot,2025-11-11T01:12:28.042845
15000,Sanaya Bhakta,pratyushchaudhry@example.org,Kota,2025-11-12T01:12:28.042845
16313,Aadi Chandra,craju@example.org,Jaipur,2025-10-04T01:12:28.042845
17233,Qushi Rajan,onagarajan@example.net,Bharatpur,2025-12-02T01:12:28.042845
16721,Ira Desai,diyamerchant@example.com,Sirsa,2025-10-09T01:12:28.042845
17781,Indrajit Mammen,bailgauri@example.org,Medininagar,2025-11-10T01:12:28.042845
15408,Hitesh Mane,chakradhartripathi@example.net,Delhi,2025-10-14T01:12:28.042845
13467,Arjun Natarajan,lsarna@example.com,Singrauli,2025-12-19T01:12:28.042845
18171,Gayathri Shukla,atharv90@example.org,Aurangabad,2025-09-08T01:12:28.042845
16477,Aachal Sastry,ivarughese@example.org,Jamnagar,2025-10-29T01:12:28.042845
13717,Fitan Rajagopal,chameli88@example.com,Bhusawal,2025-10-23T01:12:28.042845
14619,Charita Dhingra,magarayush@example.org,Indore,2025-10-21T01:12:28.042845
16447,Ayaan Bhatt,gollayadavi@example.net,Raiganj,2025-08-29T01:12:28.042845
16343,Yagnesh Rajagopal,nloyal@example.com,Parbhani,2025-10-27T01:12:28.042845
18287,Nathan Nagarajan,lkarpe@example.net,Dehradun,2025-12-18T01:12:28.042845
17001,Raghav Roy,laladalaja@example.net,Sonipat,2025-12-11T01:12:28.042845
16593,Wyatt Bhatia,pgandhi@example.org,Dhanbad,2025-08-26T01:12:28.042845
17891,Leena Sahni,ryankuruvilla@example.com,Katni,2025-09-24T01:12:28.042845
17254,Caleb Wable,mohammed56@example.org,Bhilai,2025-08-26T01:12:28.042845
15298,Tristan Samra,lilakanda@example.net,Jehanabad,2025-08-15T01:12:28.042845
12681,Ekani Seth,labantank@example.net,Orai,2025-09-05T01:12:28.042845
17501,Pratyush Sahota,xiyer@example.org,Vijayawada,2025-12-26T01:12:28.042845
15518,Darsh Wason,csaraf@example.org,Mahbubnagar,2025-12-23T01:12:28.042845
15938,Suhani Vora,pinglewarjas@example.com,Bahraich,2025-08-03T01:12:28.042845
17105,Dayamai Chahal,hema51@example.com,Malda,2025-11-24T01:12:28.042845
16200,Wishi Prasad,darsh93@example.net,Jalna,2025-09-06T01:12:28.042845
18165,Vinaya Ranganathan,cmane@example.com,Hubli–Dharwad,2025-10-28T01:12:28.042845
14098,Aarna Doshi,tarak85@example.net,Darbhanga,2025-08-13T01:12:28.042845
12943,Yasti Lall,anjali77@example.com,Bihar Sharif,2025-07-31T01:12:28.042845
14494,Lopa Raval,pchaudhary@example.org,Eluru,2025-08-13T01:12:28.042845
12374,Laksh Andra,khoslajason@example.com,Hindupur,2025-09-17T01:12:28.042845
16834,Lakshit Badal,yauvanirastogi@example.net,Kamarhati,2025-10-22T01:12:28.042845
14896,Faqid Bhatnagar,kataamruta@example.org,Secunderabad,2025-08-02T01:12:28.042845
17894,Diya Raj,unni10@example.com,Ramagundam,2025-08-02T01:12:28.042845
13589,Watika Badal,ganeshdayita@example.org,Bidhannagar,2025-08-19T01:12:28.042845
17790,Aashi Prakash,kulkarniubika@example.com,Bhubaneswar,2025-12-01T01:12:28.042845
16712,Chaaya Narain,omajauppal@example.org,Purnia,2025-12-04T01:12:28.042845
14512,Lakshit Pillay,eiravati12@example.org,Jodhpur,2025-10-19T01:12:28.042845
13723,Damini Narayanan,ydhaliwal@example.net,Ghaziabad,2025-10-22T01:12:28.042845
12764,Barkha Setty,tgola@example.net,Madanapalle,2025-09-17T01:12:28.042845
13842,Sudiksha Mammen,sanghvibanjeet@example.org,Bhagalpur,2025-10-26T01:12:28.042845
12547,Dalbir Bath,rishihayre@example.com,Panvel,2025-10-05T01:12:28.042845
15819,Mohini Khalsa,vpalla@example.net,Madurai,2025-10-15T01:12:28.042845
16855,Ekaraj Mistry,hpanchal@example.org,Shimla,2025-09-26T01:12:28.042845
17498,Chandresh Bakshi,vigpushti@example.org,Rohtak,2025-11-11T01:12:28.042845
12925,Warinder Deshpande,butalayamini@example.net,Ahmedabad,2025-12-21T01:12:28.042845
18272,Urishilla Ghosh,unnatipanchal@example.net,Ballia,2025-11-25T01:12:28.042845
16587,Yashoda Kibe,fiyaz55@example.org,Panipat,2025-08-29T01:12:28.042845
17879,Aarav Raval,aggarwalvedant@example.com,Bulandshahr,2025-08-27T01:12:28.042845
12648,Qadim Malhotra,kaurarjun@example.com,Hajipur,2025-09-21T01:12:28.042845
15789,Ekaraj Doshi,bordecaleb@example.net,Belgaum,2025-11-27T01:12:28.042845
17507,Kashvi Ramachandran,forumoommen@example.com,Mathura,2025-12-09T01:12:28.042845
13976,Pratyush Oommen,manikaran@example.net,Agra,2025-09-27T01:12:28.042845
14113,Tara Bajaj,nnagy@example.net,Meerut,2025-11-11T01:12:28.042845
12669,Vedhika Mohanty,kaurakshay@example.com,Tenali,2025-11-26T01:12:28.042845
18180,Kashish Chandran,simonshere@example.com,Agra,2025-11-26T01:12:28.042845
17647,Aishani Bera,balendra88@example.com,Hindupur,2025-12-03T01:12:28.042845
12508,Theodore Goda,somanubika@example.com,Aizawl,2025-10-27T01:12:28.042845
13827,Chavvi Hari,cdass@example.net,Bhubaneswar,2025-08-07T01:12:28.042845
17620,Gopal Apte,cmunshi@example.net,Chandigarh,2025-12-19T01:12:28.042845
12672,Chaitanya Ben,nairchaman@example.org,Jammu,2025-11-30T01:12:28.042845
17138,Dhriti Kamdar,davedakshesh@example.net,Nagercoil,2025-09-14T01:12:28.042845
17382,Aishani Aurora,omuni@example.org,Guna,2025-10-29T01:12:28.042845
14217,Chatresh Garg,damyanti05@example.com,Tirupati,2025-11-05T01:12:28.042845
12913,Arya Morar,eshanabhasin@example.org,Amroha,2025-12-26T01:12:28.042845
14211,Alexander Barman,abhimanyu79@example.org,Adoni,2025-11-27T01:12:28.042845
13449,Brinda Hari,dubezashil@example.org,Durg,2025-12-20T01:12:28.042845
17519,Upma Chanda,omkaar24@example.org,Munger,2025-10-11T01:12:28.042845
15265,Hemani Konda,ramhredhaan@example.com,Vijayanagaram,2025-09-25T01:12:28.042845
14500,Ria Yadav,bumbanvi@example.net,Durg,2025-09-04T01:12:28.042845
13291,Owen Khatri,qabilchakraborty@example.org,Nagercoil,2025-09-25T01:12:28.042845
13032,Udyati Madan,gchakrabarti@example.org,Kirari Suleman Nagar,2025-09-20T01:12:28.042845
18278,Bahadurjit Goda,adyachokshi@example.org,Ludhiana,2025-11-14T01:12:28.042845
14506,Dhriti Bhatnagar,yasti20@example.net,Pimpri-Chinchwad,2025-09-17T01:12:28.042845
17516,Tarak Maharaj,tgarde@example.net,Motihari,2025-09-04T01:12:28.042845
16718,Udyati Talwar,lajita13@example.org,Panipat,2025-08-06T01:12:28.042845
15920,Jeevika Murthy,ode@example.com,Aurangabad,2025-08-31T01:12:28.042845
15018,Daniel Desai,qsunder@example.org,Malegaon,2025-09-22T01:12:28.042845
13982,Neel Balan,panini53@example.com,Agra,2025-12-04T01:12:28.042845
13324,Laksh Natt,avisinghal@example.org,Mathura,2025-12-15T01:12:28.042845
13068,Udant Mangat,anika86@example.com,Kulti,2025-10-01T01:12:28.042845
16474,Christopher Pai,ekajaarya@example.com,Khammam,2025-10-17T01:12:28.042845
12678,Mugdha Deshpande,max68@example.net,Anantapuram,2025-12-12T01:12:28.042845
17486,Jyoti Mahal,jswamy@example.com,Sonipat,2025-08-26T01:12:28.042845
17522,Samarth Banerjee,hsahni@example.com,Karnal,2025-09-13T01:12:28.042845
16828,Omkaar Singh,nvarughese@example.com,Gopalpur,2025-09-10T01:12:28.042845
15953,Upma Contractor,andrewbhavsar@example.net,Jamnagar,2025-09-06T01:12:28.042845
14869,Balveer Bava,lkrish@example.com,Amritsar,2025-09-27T01:12:28.042845
16072,Pushti Bahl,bbora@example.org,Jaunpur,2025-11-29T01:12:28.042845
12380,Kritika Rana,rdeshmukh@example.net,Ambattur,2025-07-30T01:12:28.042845
15256,Nitesh Thakur,hredhaannarula@example.org,Jehanabad,2025-12-17T01:12:28.042845
17772,Wriddhish Warrior,esamra@example.com,Sirsa,2025-11-04T01:12:28.042845
15152,Aditya Majumdar,darika76@example.com,Bathinda,2025-08-30T01:12:28.042845
15825,Jairaj Bumb,zilmilnazareth@example.org,Giridih,2025-10-09T01:12:28.042845
13988,Daksh Merchant,faraj46@example.org,Panvel,2025-08-07T01:12:28.042845
14092,Anika Goda,kiaan79@example.org,Arrah,2025-11-12T01:12:28.042845
16182,Ekanta Pai,voraayaan@example.net,Moradabad,2025-09-01T01:12:28.042845
16441,Pranav Sarma,rkhatri@example.com,Korba,2025-10-16T01:12:28.042845
14247,Darika Bhardwaj,orindervora@example.com,Panchkula,2025-09-13T01:12:28.042845
15947,Dakshesh Palla,yahvikumer@example.com,Mau,2025-10-30T01:12:28.042845
12797,Jason Lata,gabrielsuresh@example.net,Imphal,2025-10-13T01:12:28.042845
12791,Krishna Narasimhan,paivaishnavi@example.com,Karimnagar,2025-08-31T01:12:28.042845
14110,Gavin Hari,abhapandit@example.net,Muzaffarnagar,2025-10-26T01:12:28.042845
13571,Hema Venkataraman,dubeharrison@example.net,Bijapur,2025-08-04T01:12:28.042845
14342,Ekapad Manne,ucchal07@example.org,Vijayawada,2025-08-18T01:12:28.042845
13458,Frado Kulkarni,deepa33@example.org,Munger,2025-11-29T01:12:28.042845
12782,Sara Ratti,ghayer@example.net,Dewas,2025-10-17T01:12:28.042845
15134,Brinda Sankaran,qadim64@example.net,Katni,2025-10-20T01:12:28.042845
13437,Damini Chander,tgokhale@example.org,Bhilwara,2025-12-24T01:12:28.042845
12398,Reva Dar,libnidara@example.net,Bellary,2025-09-13T01:12:28.042845
16846,Ekaja Jha,arjunbera@example.org,Saharanpur,2025-07-29T01:12:28.042845
16340,Daksh Raj,eesha16@example.org,Bhubaneswar,2025-08-12T01:12:28.042845
15429,Nicholas Wason,jacobparikh@example.org,Nadiad,2025-12-16T01:12:28.042845
15262,George Memon,vasanakanda@example.com,Mirzapur,2025-11-30T01:12:28.042845
17754,Ethan Subramaniam,psheth@example.net,Davanagere,2025-09-16T01:12:28.042845
14485,Vamakshi Venkatesh,robert36@example.net,Jehanabad,2025-10-15T01:12:28.042845
14503,Alexander Varkey,ykaran@example.net,Guntakal,2025-12-05T01:12:28.042845
17007,Vansha Ramanathan,yashoda83@example.com,Amritsar,2025-08-15T01:12:28.042845
17397,Yamini Krishnamurthy,bina17@example.net,Ratlam,2025-09-04T01:12:28.042845
16179,Qabil Dada,vmuni@example.com,Raebareli,2025-08-19T01:12:28.042845
13705,Hritik Kumar,ybali@example.net,Kottayam,2025-12-12T01:12:28.042845
13300,Kashish Contractor,siyashukla@example.org,Bathinda,2025-08-01T01:12:28.042845
16054,Krish Nanda,anirudh51@example.com,Karnal,2025-11-04T01:12:28.042845
12395,Balhaar Dugal,shivanidara@example.org,Ahmedabad,2025-11-05T01:12:28.042845
17400,Henry Gola,golabalhaar@example.com,Rajpur Sonarpur,2025-10-02T01:12:28.042845
17653,Fiyaz Dey,jacobtripathi@example.org,Satna,2025-09-27T01:12:28.042845
13160,Aayush Sood,owenmittal@example.org,Hubli–Dharwad,2025-11-30T01:12:28.042845
15524,Logan Choudhury,jchand@example.org,Ludhiana,2025-07-29T01:12:28.042845
16584,Azad Basak,barkhabumb@example.net,Solapur,2025-08-03T01:12:28.042845
14866,Ayushman Wable,max46@example.net,Durg,2025-08-23T01:12:28.042845
13184,Wahab Mandal,madhav46@example.net,Gopalpur,2025-09-04T01:12:28.042845
15557,Abeer Basu,dindarika@example.net,Meerut,2025-10-28T01:12:28.042845
13860,Wishi Mangal,bmerchant@example.org,Udupi,2025-10-13T01:12:28.042845
17528,Hiral Dyal,rastogiyochana@example.net,Aizawl,2025-10-03T01:12:28.042845
16319,Keya Saxena,waliawarhi@example.org,Muzaffarnagar,2025-07-31T01:12:28.042845
13854,Sara Kala,rmadan@example.com,Gaya,2025-09-01T01:12:28.042845
14640,Vrishti Borde,joshuaacharya@example.net,Ujjain,2025-12-08T01:12:28.042845
18055,Arunima Dhawan,vdash@example.com,Dharmavaram,2025-11-20T01:12:28.042845
16444,Kai Shroff,zehaanthakur@example.org,Bhiwandi,2025-10-27T01:12:28.042845
13958,Aryan Ganesan,faraj21@example.org,Kumbakonam,2025-10-03T01:12:28.042845
16471,Faqid Nayar,tchaudhary@example.com,Guna,2025-11-24T01:12:28.042845
16983,Nitara Kuruvilla,tsane@example.com,Hazaribagh,2025-10-24T01:12:28.042845
15164,Reyansh Kaul,nirjajayaraman@example.org,Thiruvananthapuram,2025-12-11T01:12:28.042845
12639,Aradhana Dyal,parmarbaghyawati@example.com,Tiruppur,2025-11-29T01:12:28.042845
13583,Eesha Kar,dmishra@example.com,Hosur,2025-12-22T01:12:28.042845
15271,Jeet Sandal,abeerchauhan@example.com,Madurai,2025-11-12T01:12:28.042845
15533,Qadim Hari,tandongagan@example.com,Deoghar,2025-12-06T01:12:28.042845
17787,Samarth Nanda,ubarad@example.com,Hajipur,2025-09-09T01:12:28.042845
16849,Upkaar Bala,tripathivivaan@example.com,Kadapa,2025-10-25T01:12:28.042845
14863,Christopher Kaul,urao@example.org,Firozabad,2025-12-13T01:12:28.042845
17236,Bahadurjit Joshi,grajagopal@example.com,Saharanpur,2025-09-14T01:12:28.042845
17644,Azad Mistry,ybhat@example.net,Phagwara,2025-09-07T01:12:28.042845
18022,Kashvi Chaudry,jprabhu@example.net,Mumbai,2025-12-12T01:12:28.042845
14607,Andrew Bhavsar,kabirthakur@example.org,Tadepalligudem,2025-09-03T01:12:28.042845
15292,Gopal Master,upasna05@example.org,Aligarh,2025-12-18T01:12:28.042845
14735,Priya Goel,zsabharwal@example.org,Tumkur,2025-09-18T01:12:28.042845
16438,Chatresh Kakar,daragaurika@example.org,Ramgarh,2025-08-30T01:12:28.042845
16986,Samuel Sem,gandhiidika@example.org,Narasaraopet,2025-11-20T01:12:28.042845
16221,Warhi Dhar,chatterjeejagdish@example.net,New Delhi,2025-10-08T01:12:28.042845
17120,Barkha Date,ira37@example.com,Shivpuri,2025-12-18T01:12:28.042845
16352,Neelima Krishna,akumar@example.com,Phusro,2025-10-02T01:12:28.042845
15917,Utkarsh Suresh,eesha61@example.net,Dehradun,2025-10-05T01:12:28.042845
12916,Bhavika Nori,qmammen@example.com,Begusarai,2025-09-15T01:12:28.042845
12532,Amrita Goda,fmani@example.com,Miryalaguda,2025-09-28T01:12:28.042845
18016,Madhav Sachdev,diya96@example.com,Rourkela,2025-12-20T01:12:28.042845
15405,Zinal Bava,swarrior@example.net,Bikaner,2025-12-12T01:12:28.042845
14777,Mugdha Khanna,rachit06@example.com,Chittoor,2025-10-20T01:12:28.042845
15551,Prisha Handa,tshenoy@example.com,Ambarnath,2025-08-24T01:12:28.042845
12505,Sanya Bora,saisur@example.com,Khammam,2025-09-19T01:12:28.042845
13821,Sachi Kumar,hema84@example.org,Jaipur,2025-09-28T01:12:28.042845
17385,Ekaja Bassi,rachana53@example.net,Munger,2025-08-22T01:12:28.042845
14646,Ekiya Mutti,karya@example.net,Mathura,2025-11-17T01:12:28.042845
17123,Reva Trivedi,anamika85@example.net,Ramgarh,2025-08-06T01:12:28.042845
12770,Yamini Hayer,menonvasana@example.net,Kolkata,2025-09-11T01:12:28.042845
17760,Vedhika Karnik,uswamy@example.net,Orai,2025-12-14T01:12:28.042845
17525,Oni Chaudry,shuklayochana@example.com,Medininagar,2025-08-14T01:12:28.042845
12922,Osha Mall,hansishwar@example.com,Parbhani,2025-11-18T01:12:28.042845
15545,Lakshmi Boase,sbuch@example.org,Vijayanagaram,2025-08-28T01:12:28.042845
13428,Tanay Sura,yahvichahal@example.com,Udaipur,2025-10-31T01:12:28.042845
12517,Bina Gupta,wishihegde@example.org,Nashik,2025-12-20T01:12:28.042845
16349,Varsha Prabhu,ladli77@example.net,Panipat,2025-12-24T01:12:28.042845
17504,Bakhshi Nagy,jdube@example.net,Bathinda,2025-11-26T01:12:28.042845
14762,Abeer Chakrabarti,vigomisha@example.org,Ambarnath,2025-10-13T01:12:28.042845
17367,Manan Sarkar,knazareth@example.org,Pudukkottai,2025-08-30T01:12:28.042845
14241,Advaith Sarna,raghavanbahadurjit@example.org,Gangtok,2025-12-10T01:12:28.042845
17495,Hemang Oak,tanaydeshmukh@example.net,Cuttack,2025-09-03T01:12:28.042845
17793,Kai Chadha,bhavya97@example.net,Kanpur,2025-11-12T01:12:28.042845
15694,Hitesh Narain,abeerhayre@example.org,Mehsana,2025-09-24T01:12:28.042845
12654,Divya Dani,samakshmane@example.org,Dhule,2025-11-30T01:12:28.042845
17117,Kamya Baral,ryankamdar@example.org,Jammu,2025-08-20T01:12:28.042845
14226,Ridhi Gill,tanvirout@example.org,Kamarhati,2025-10-03T01:12:28.042845
14101,Faris Guha,lucky00@example.net,Haldia,2025-10-18T01:12:28.042845
14628,Falan Dubey,pkhatri@example.net,Panipat,2025-11-28T01:12:28.042845
14908,Osha Mohan,osha27@example.org,Purnia,2025-08-04T01:12:28.042845
16858,Vasatika Barad,ekurian@example.org,Dhanbad,2025-11-27T01:12:28.042845
13422,Noah Karan,wishi73@example.net,Gangtok,2025-11-13T01:12:28.042845
17251,Lopa Bava,sathewazir@example.org,Baranagar,2025-10-18T01:12:28.042845
17096,Kamya Venkataraman,adwetaedwin@example.net,Gorakhpur,2025-08-29T01:12:28.042845
15399,Bhavika Kakar,hbhasin@example.net,Aurangabad,2025-11-06T01:12:28.042845
15030,Nimrat Sehgal,wardasunder@example.org,Panchkula,2025-11-05T01:12:28.042845
17370,Qushi Rau,balasubramaniangaurav@example.net,Jehanabad,2025-08-15T01:12:28.042845
15274,Chakradhar Sankar,ayushwalia@example.com,Tiruvottiyur,2025-12-03T01:12:28.042845
16042,Ranbir Taneja,diyatak@example.net,Madanapalle,2025-12-25T01:12:28.042845
13985,Anusha Korpal,kritika53@example.net,Mau,2025-08-09T01:12:28.042845
17245,Dalbir Venkatesh,aom@example.com,Meerut,2025-08-09T01:12:28.042845
12383,Vasudha Rau,nimrat96@example.com,Loni,2025-11-07T01:12:28.042845
13187,Ubika Chopra,purialka@example.net,Sambhal,2025-10-23T01:12:28.042845
14768,Ojas Lalla,boraishaan@example.com,Pondicherry,2025-09-18T01:12:28.042845
14997,Chatura Sha,krishnanishaan@example.net,Begusarai,2025-10-30T01:12:28.042845
13294,Nakul Dhar,fbali@example.net,Gopalpur,2025-09-20T01:12:28.042845
16057,Ladli Kata,ikbal21@example.org,Jehanabad,2025-11-17T01:12:28.042845
14357,Bhavani Parmar,arjun13@example.com,Agra,2025-08-05T01:12:28.042845
15039,Chaitanya Bedi,ghoseguneet@example.org,Gulbarga,2025-12-15T01:12:28.042845
18040,Amrita Garde,srinivasyutika@example.net,Hazaribagh,2025-11-21T01:12:28.042845
17364,Eiravati Kari,dashharish@example.org,Jorhat,2025-10-27T01:12:28.042845
13565,Ojas Wason,vpalla@example.org,Varanasi,2025-12-02T01:12:28.042845
17531,Sathvik Sehgal,bailharish@example.com,Jaipur,2025-11-08T01:12:28.042845
16066,Hemangini Acharya,tsinghal@example.org,Udupi,2025-07-31T01:12:28.042845
13166,Michael Kara,wriddhishbahri@example.org,Giridih,2025-08-07T01:12:28.042845
16715,Xavier Bora,nattgeetika@example.com,Chinsurah,2025-12-16T01:12:28.042845
16322,Vihaan Shroff,noah63@example.net,Morbi,2025-08-31T01:12:28.042845
16837,Harshil Kannan,reva36@example.org,Ramgarh,2025-09-27T01:12:28.042845
15801,Megha Mohan,mitalethan@example.com,Silchar,2025-08-10T01:12:28.042845
18281,Oscar Kakar,wakeeta10@example.com,Medininagar,2025-08-28T01:12:28.042845
17650,Vyanjana Bahl,ekalingathakur@example.net,Ballia,2025-11-02T01:12:28.042845
17483,Sachi Barad,chanakyaloyal@example.net,Mysore,2025-09-26T01:12:28.042845
12785,Nathaniel Goel,lohit56@example.org,Hosur,2025-08-05T01:12:28.042845
14375,Gunbir Hari,dyaladitya@example.net,Uluberia,2025-08-09T01:12:28.042845
14878,Aadhya Lall,laban64@example.com,Sasaram,2025-11-11T01:12:28.042845
12526,Ekani Vig,anika45@example.net,Sri Ganganagar,2025-09-10T01:12:28.042845
16709,Gabriel Ghosh,vermabahadurjit@example.com,Yamunanagar,2025-08-20T01:12:28.042845
15652,Adweta More,krishsamarth@example.com,Fatehpur,2025-11-25T01:12:28.042845
13708,Forum Thakkar,rastogishravya@example.com,Davanagere,2025-12-15T01:12:28.042845
14232,Chandresh Shah,jaivarty@example.net,Cuttack,2025-10-31T01:12:28.042845
13952,Nakul Sandal,viswanathanchandran@example.net,Erode,2025-09-03T01:12:28.042845
12410,Neel Din,jagat66@example.org,Kolhapur,2025-10-08T01:12:28.042845
14360,Thomas Patil,duapatrick@example.org,Nangloi Jat,2025-11-09T01:12:28.042845
12660,Odika Pandya,vinayaahuja@example.org,Pune,2025-11-30T01:12:28.042845
17358,Tanmayi Singh,nbutala@example.org,Hubli–Dharwad,2025-11-12T01:12:28.042845
15810,Turvi Madan,mandajairaj@example.com,Katni,2025-08-26T01:12:28.042845
14643,Niharika Ratta,parsawazir@example.net,Phagwara,2025-11-02T01:12:28.042845
15944,Imaran Saraf,zmann@example.org,Tiruppur,2025-10-26T01:12:28.042845
14476,Harshil Choudhary,hiteshsoni@example.com,Kamarhati,2025-10-19T01:12:28.042845
16581,Jagdish Bhasin,vdani@example.net,Haridwar,2025-12-06T01:12:28.042845
15396,Anika Lad,sandalgirindra@example.com,Tadepalligudem,2025-11-24T01:12:28.042845
13029,Gautami Kapur,tara94@example.org,Purnia,2025-08-11T01:12:28.042845
12386,Ryan Kothari,imaran92@example.net,Hyderabad,2025-10-12T01:12:28.042845
16212,Balveer Korpal,parikhfaris@example.org,Jaunpur,2025-12-02T01:12:28.042845
16084,Vanya Tara,murthynathan@example.com,Bhopal,2025-10-11T01:12:28.042845
13726,Bhavna Gole,nbumb@example.net,Bidar,2025-10-22T01:12:28.042845
15301,Dhruv Bhakta,asaraf@example.net,Jaunpur,2025-09-03T01:12:28.042845
12657,Lipika Sura,zmittal@example.org,Amravati,2025-12-26T01:12:28.042845
17885,Shaurya Bhat,ucchal26@example.net,Fatehpur,2025-09-16T01:12:28.042845
13973,Naksh Patil,aadinigam@example.net,Ramgarh,2025-12-13T01:12:28.042845
17111,Aadhya Khare,rgara@example.org,Sambhal,2025-09-13T01:12:28.042845
16614,Rehaan Dada,girindrabhagat@example.com,Surendranagar Dudhrej,2025-09-04T01:12:28.042845
17004,Libni Bandi,daksheshbhakta@example.net,Firozabad,2025-08-05T01:12:28.042845
16980,Chaitanya Sharaf,urvashi94@example.org,Nadiad,2025-12-08T01:12:28.042845
18144,Yashawini Mishra,ychaudry@example.com,Siliguri,2025-12-24T01:12:28.042845
17924,Varenya Rajagopal,asandal@example.com,Bahraich,2025-10-10T01:12:28.042845
14107,Anita Mallick,nilima94@example.net,Sangli-Miraj & Kupwad,2025-11-03T01:12:28.042845
12541,Vivaan Mandal,banerjeehemang@example.com,Thane,2025-11-15T01:12:28.042845
17906,Barkha Barman,dorasamuel@example.org,Ulhasnagar,2025-12-04T01:12:28.042845
18043,Mekhala Badal,siddharth15@example.com,Allahabad,2025-09-08T01:12:28.042845
15125,Daksh Gupta,gabrielvyas@example.org,Khora ,2025-09-12T01:12:28.042845
14235,William Mukhopadhyay,asood@example.net,Motihari,2025-11-08T01:12:28.042845
16873,Faqid Upadhyay,darpanpandey@example.org,Pune,2025-12-05T01:12:28.042845
13461,Eta Jain,champakdave@example.org,Bangalore,2025-12-24T01:12:28.042845
15563,Rayaan Chauhan,wdayal@example.org,Jaunpur,2025-12-20T01:12:28.042845
13199,Daniel Pandya,meghanadeshmukh@example.net,Uluberia,2025-10-13T01:12:28.042845
17388,Luke Batta,pahal15@example.net,Kochi,2025-10-30T01:12:28.042845
16959,Yashawini Yadav,zansi33@example.net,Ozhukarai,2025-09-03T01:12:28.042845
15554,Oliver Bali,yuvrajkale@example.com,Tiruppur,2025-11-04T01:12:28.042845
14887,Caleb Singh,cborde@example.com,Khora ,2025-11-27T01:12:28.042845
14473,Elijah Mann,hitesh87@example.org,Bhagalpur,2025-11-10T01:12:28.042845
15286,Sara Dixit,mmohan@example.net,Madanapalle,2025-11-21T01:12:28.042845
18159,Oni Kant,libnivarghese@example.com,Dibrugarh,2025-10-06T01:12:28.042845
18183,Deepa Dube,madanranveer@example.net,Ozhukarai,2025-10-16T01:12:28.042845
18147,Charvi Prashad,sudikshathaman@example.org,Ahmedabad,2025-11-30T01:12:28.042845
15140,Reva Vasa,krishbahadurjit@example.org,Secunderabad,2025-08-21T01:12:28.042845
12550,Tanmayi Natt,ekanimore@example.com,Indore,2025-10-21T01:12:28.042845
13967,Siya Chada,jyotipal@example.net,Noida,2025-10-04T01:12:28.042845
13455,Peter Lall,memonrachita@example.com,Ujjain,2025-11-18T01:12:28.042845
17126,Barkha Padmanabhan,pbrahmbhatt@example.org,Raipur,2025-10-24T01:12:28.042845
14077,Tanveer Jha,champakdewan@example.org,Haldia,2025-09-01T01:12:28.042845
13193,Omkaar Yogi,xsridhar@example.net,Amaravati,2025-09-29T01:12:28.042845
17230,Meera Sahota,mukherjeedarpan@example.net,Tinsukia,2025-09-17T01:12:28.042845
14104,David Devan,duabachittar@example.com,Morbi,2025-12-16T01:12:28.042845
13452,Samesh Saraf,chaturadatta@example.org,Guntur,2025-09-14T01:12:28.042845
16188,Abhiram Lala,bsen@example.net,Mirzapur,2025-08-04T01:12:28.042845
16727,Charvi Mistry,kaurdipta@example.com,Deoghar,2025-09-14T01:12:28.042845
16203,Pranit Mangat,zilmilnarasimhan@example.com,Vellore,2025-12-14T01:12:28.042845
17248,Deepa Kota,oliver28@example.org,Phusro,2025-08-05T01:12:28.042845
15655,Harini Sawhney,chanakyadalia@example.com,Davanagere,2025-08-15T01:12:28.042845
18141,Odika Sidhu,radhika69@example.com,Panvel,2025-09-12T01:12:28.042845
18156,Advik Setty,qnatt@example.net,Sambhal,2025-08-19T01:12:28.042845
16998,Vaishnavi Atwal,hchawla@example.net,Solapur,2025-11-03T01:12:28.042845
16337,Chaaya Bhatt,ekiya51@example.org,Gopalpur,2025-08-04T01:12:28.042845
15530,Xavier Kaur,dharjeevika@example.org,Maheshtala,2025-11-11T01:12:28.042845
16611,Simon Kalla,chandarajata@example.net,Jalgaon,2025-11-20T01:12:28.042845
17102,Saksham Parsa,leena90@example.com,Morbi,2025-11-15T01:12:28.042845
18019,Xavier Thaman,ishwargolla@example.net,Bihar Sharif,2025-11-20T01:12:28.042845
12538,Mugdha Karan,nachiket10@example.net,Chennai,2025-11-11T01:12:28.042845
13318,Odika Halder,pdalia@example.com,Aligarh,2025-09-15T01:12:28.042845
15783,Faqid Bhatt,nagarishaan@example.com,South Dumdum,2025-10-28T01:12:28.042845
13309,Anya Sem,boraria@example.com,Chittoor,2025-12-06T01:12:28.042845
13699,Dev Bahri,xaviernarula@example.org,Hosur,2025-12-17T01:12:28.042845
15012,Irya Om,quincyvarghese@example.net,Pali,2025-09-04T01:12:28.042845
14491,Vaishnavi Hari,nihal55@example.net,Madhyamgram,2025-11-06T01:12:28.042845
13425,Reyansh Modi,khoslavarenya@example.com,Tadepalligudem,2025-12-22T01:12:28.042845
14482,Eta Apte,devikapathak@example.org,Kulti,2025-09-20T01:12:28.042845
16483,Omya Banik,chakrikaratta@example.net,Jaunpur,2025-10-05T01:12:28.042845
13848,Janani Dani,pavani68@example.com,Bidhannagar,2025-08-31T01:12:28.042845
12928,Amaira Dhaliwal,shroffganga@example.com,Saharanpur,2025-09-22T01:12:28.042845
15411,Yochana Gopal,tmahajan@example.com,Rajahmundry,2025-08-11T01:12:28.042845
16063,Reyansh Purohit,peterbawa@example.org,Aurangabad,2025-10-05T01:12:28.042845
18010,Janani Kale,lbhattacharyya@example.com,Dhanbad,2025-09-20T01:12:28.042845
14881,Warinder Cherian,darsh33@example.com,Bareilly,2025-08-24T01:12:28.042845
16745,Chaitanya Ganesh,sarthakrout@example.com,Kurnool,2025-11-19T01:12:28.042845
17227,Ladli Khosla,goyalria@example.net,Raurkela Industrial Township,2025-10-17T01:12:28.042845
15822,Varenya Chokshi,niharikagupta@example.net,Bhilai,2025-08-12T01:12:28.042845
16045,Vinaya Halder,rattanbimala@example.org,Pallavaram,2025-10-11T01:12:28.042845
12401,Balhaar Mandal,gokhalepushti@example.com,Nashik,2025-11-13T01:12:28.042845
12666,Ekani Thakkar,egokhale@example.net,Farrukhabad,2025-08-14T01:12:28.042845
14470,Patrick Iyer,jacobtak@example.org,Vijayanagaram,2025-11-25T01:12:28.042845
17656,Garima Sharaf,masonpathak@example.org,Rampur,2025-09-30T01:12:28.042845
14250,Priya Nagar,latawriddhish@example.net,Tiruchirappalli,2025-12-26T01:12:28.042845
18013,Harrison Sandhu,wahab85@example.com,Karnal,2025-07-30T01:12:28.042845
13062,Baghyawati Bassi,fpall@example.com,Bokaro,2025-12-08T01:12:28.042845
17763,Agastya Dhawan,varenya95@example.org,Amravati,2025-12-06T01:12:28.042845
12901,Idika Vig,naveenmane@example.org,Arrah,2025-10-21T01:12:28.042845
15128,Baghyawati Banerjee,paupahal@example.org,Miryalaguda,2025-08-21T01:12:28.042845
13050,Abeer Goel,sastryjanaki@example.com,Bulandshahr,2025-09-07T01:12:28.042845
16596,Meghana Divan,vasatikaamble@example.org,Katihar,2025-09-25T01:12:28.042845
18150,Ekapad Lata,krishnaekalinga@example.net,Akola,2025-09-04T01:12:28.042845
16325,Chaitanya Tata,tamannaperi@example.org,Phusro,2025-10-12T01:12:28.042845
12377,Omkaar Jain,aarnavwalla@example.org,Karimnagar,2025-12-16T01:12:28.042845
15021,Simon Sampath,karanbakhshi@example.net,Rajpur Sonarpur,2025-08-22T01:12:28.042845
16316,Mitali Mani,pandeyalexander@example.com,Tirupati,2025-12-13T01:12:28.042845
12910,Vedhika Nagy,ekavirtank@example.com,Panchkula,2025-10-17T01:12:28.042845
16048,Warinder Saini,darafitan@example.net,Tiruvottiyur,2025-08-26T01:12:28.042845
17394,Chaitanya Patel,njoshi@example.net,Navi Mumbai,2025-12-25T01:12:28.043523
14756,Sathvik Vyas,rishi75@example.net,Nadiad,2025-10-22T01:12:28.043523
14622,Ira Palla,jyotigoel@example.com,Sangli-Miraj & Kupwad,2025-12-13T01:12:28.043523
13321,Qasim Varma,sarthak71@example.org,Sri Ganganagar,2025-08-04T01:12:28.043523
14732,Rachit Balakrishnan,golazinal@example.org,Chandigarh,2025-11-10T01:12:28.043523
16209,Dominic Pal,lipika65@example.com,Sangli-Miraj & Kupwad,2025-10-26T01:12:28.043523
12502,Hemang Johal,upasna47@example.org,Kochi,2025-08-15T01:12:28.043523
15289,Isaac Pradhan,goswamijyoti@example.net,Durg,2025-09-19T01:12:28.043523
13330,Udant Dutt,henry21@example.com,Dehradun,2025-09-13T01:12:28.043523
12937,Omaja Hayer,sekhonharrison@example.net,Adoni,2025-11-21T01:12:28.043523
15679,Dominic Iyer,ydara@example.org,Davanagere,2025-10-31T01:12:28.043523
15036,Eshana Deshpande,vartymadhavi@example.org,Ballia,2025-09-29T01:12:28.043523
16468,Mahika Bawa,priya68@example.net,Vadodara,2025-08-21T01:12:28.043523
16078,Isha Kaul,jwali@example.com,Medininagar,2025-09-08T01:12:28.043523
15158,Chandani Lal,radhikade@example.net,Vijayanagaram,2025-10-25T01:12:28.043523
12544,Rachita Mishra,unnatiissac@example.org,Suryapet,2025-08-17T01:12:28.043523
12904,Kashish Kapoor,hmukhopadhyay@example.com,Jaipur,2025-09-29T01:12:28.043523
14339,Keya Batra,jagatbhalla@example.net,Hapur,2025-07-31T01:12:28.043523
16861,Utkarsh Sandal,laggarwal@example.net,Morena,2025-12-19T01:12:28.043523
14747,Megha Raman,sabharwalvihaan@example.com,Bidhannagar,2025-11-12T01:12:28.043523
13991,Advaith Lata,ydeshmukh@example.net,Malegaon,2025-11-04T01:12:28.043523
15780,Diya Subramaniam,wadhwaorinder@example.org,Chennai,2025-09-07T01:12:28.043523
14479,Theodore Bora,yashasviborde@example.com,Hazaribagh,2025-12-20T01:12:28.043523
15807,Oviya Talwar,udarshdhaliwal@example.com,Bidar,2025-12-10T01:12:28.043523
17921,Yatan Bahri,jyotikorpal@example.net,Gorakhpur,2025-12-15T01:12:28.043523
15691,Devansh Bansal,janaki66@example.net,Aizawl,2025-11-01T01:12:28.043523
16480,Alka Mand,fnagi@example.com,Phagwara,2025-08-03T01:12:28.043523
13178,Lila Wable,champakvarghese@example.com,Raurkela Industrial Township,2025-10-29T01:12:28.043523
15932,Advik Gulati,nakulagrawal@example.org,Satara,2025-12-02T01:12:28.043523
13955,Amaira Ghosh,niharikabhardwaj@example.com,Proddatur,2025-08-16T01:12:28.043523
16215,Pranit Mitra,michael20@example.com,Bijapur,2025-10-05T01:12:28.043523
13431,Yamini Gandhi,chakrika25@example.org,Rajpur Sonarpur,2025-11-04T01:12:28.043523
16456,Saksham Bumb,ikari@example.com,Aurangabad,2025-08-21T01:12:28.043523
12514,Zehaan Prabhakar,zsankar@example.com,Ramgarh,2025-09-10T01:12:28.043523
16968,Ridhi Bumb,rudrawalla@example.org,Mathura,2025-10-28T01:12:28.043523
14220,Aashi Bansal,butalaanika@example.org,Hindupur,2025-12-02T01:12:28.043523
17376,Jyoti Sehgal,bathcharita@example.org,Jaunpur,2025-11-07T01:12:28.043523
15923,Tarak Chandra,andrew25@example.com,Malda,2025-10-05T01:12:28.043523
13035,Udarsh Dube,om39@example.org,Siliguri,2025-11-06T01:12:28.043523
14348,Aayush Arora,deolchampak@example.com,Anand,2025-10-23T01:12:28.043523
12413,Janya Maharaj,rachitamukherjee@example.net,Bhiwani,2025-08-21T01:12:28.043523
15280,Kritika Pau,joshiyadavi@example.net,Suryapet,2025-09-02T01:12:28.043523
13684,Naksh Bail,gaurav59@example.net,Sambhal,2025-08-04T01:12:28.043523
14497,Frado Pant,xswamy@example.org,Arrah,2025-08-21T01:12:28.043523
13598,Zayyan Bassi,suhanigoel@example.net,Tadipatri,2025-08-31T01:12:28.043523
17912,Samesh Ramesh,dsingh@example.net,Kottayam,2025-12-23T01:12:28.043523
13169,Darika Shenoy,arunimamurty@example.net,Kadapa,2025-09-18T01:12:28.043523
14223,Luke Chada,laksh14@example.net,Nizamabad,2025-12-10T01:12:28.043523
12794,Xavier Tara,nigamekani@example.net,Phusro,2025-09-14T01:12:28.043523
15786,Anika Thakkar,vrittiram@example.org,Tadepalligudem,2025-12-25T01:12:28.043523
17757,Hemang Ram,chokshiparth@example.net,Srinagar,2025-09-27T01:12:28.043523
17361,Vrinda Bala,sandhuradha@example.org,Muzaffarnagar,2025-12-20T01:12:28.043523
15667,Agastya Kala,edhithanagarajan@example.org,Hyderabad,2025-11-28T01:12:28.043523
14214,Harish Karnik,krishnalila@example.org,Bhiwandi,2025-11-09T01:12:28.043523
15146,Vrishti Bora,gdewan@example.com,Tezpur,2025-10-02T01:12:28.043523
14893,Ojas Bhagat,omisha84@example.org,Pondicherry,2025-08-11T01:12:28.043523
16218,Nitesh Luthra,ekapadshenoy@example.com,Sambhal,2025-10-04T01:12:28.043523
13693,Chandran Nadkarni,nshetty@example.net,Sasaram,2025-08-12T01:12:28.043523
13562,Jairaj Thakkar,krishatalwar@example.net,Tumkur,2025-09-14T01:12:28.043523
14890,Krishna Grover,ladlimanne@example.org,Akola,2025-10-19T01:12:28.043523
15414,Chatura Balay,jandra@example.com,Alappuzha,2025-08-03T01:12:28.043523
17614,Gautami Barman,lratta@example.net,Asansol,2025-08-27T01:12:28.043523
18168,Samuel Barman,anthony69@example.org,Buxar,2025-12-07T01:12:28.043523
17242,Janani Gaba,alkanagarajan@example.net,Amritsar,2025-09-06T01:12:28.043523
13327,Gagan Setty,chandranbakhshi@example.net,Kanpur,2025-12-17T01:12:28.043523
15521,Mohammed Keer,gulatizayyan@example.com,Vijayanagaram,2025-11-09T01:12:28.043523
17263,Gabriel Padmanabhan,warda95@example.com,Gaya,2025-12-12T01:12:28.043523
15539,Eshana Chaudhary,ekhanna@example.org,Kottayam,2025-08-08T01:12:28.043523
12371,Indira Kumar,rgoyal@example.com,Khammam,2025-10-18T01:12:28.043523
14515,Laban Wali,gaurikaramanathan@example.net,Mau,2025-10-28T01:12:28.043523
16971,Noah Bera,gunbir40@example.org,Nanded,2025-10-16T01:12:28.043523
17239,Chatresh Borah,irya38@example.org,Ludhiana,2025-11-10T01:12:28.043523
13949,Laksh Lalla,mitesh62@example.com,Purnia,2025-09-01T01:12:28.043523
14616,Ikbal Agate,kalaekaraj@example.org,Guwahati,2025-12-13T01:12:28.043523
13044,Victor Dua,darpan18@example.org,Raipur,2025-09-02T01:12:28.043523
17775,Ucchal Naidu,sudiksha91@example.org,Begusarai,2025-09-29T01:12:28.043523
14116,Wyatt Lal,ramakrishnanshaurya@example.net,Agartala,2025-08-26T01:12:28.043523
13690,Gaurav Babu,jmishra@example.org,Bharatpur,2025-11-07T01:12:28.043523
16081,Ati Biswas,aarushedwin@example.net,Tiruppur,2025-12-02T01:12:28.043523
15277,Chatura Dara,harshil84@example.com,Kollam,2025-10-05T01:12:28.043523
14902,Mitali Iyengar,buchmax@example.net,Ghaziabad,2025-09-26T01:12:28.043523
16891,Siya Lalla,bbaria@example.net,Bhubaneswar,2025-11-20T01:12:28.043523
15471,Daksh Ganguly,zmagar@example.net,Imphal,2025-11-05T01:12:28.043523
15450,Chakrika Kala,tristan25@example.org,Chinsurah,2025-09-23T01:12:28.043523
18213,Jatin Deshmukh,chakrabartiaachal@example.org,Guna,2025-09-23T01:12:28.043523
14030,Ethan Barad,neel24@example.com,Suryapet,2025-08-01T01:12:28.043523
17555,Jhalak Sura,dutteesha@example.net,Sonipat,2025-12-21T01:12:28.043523
15843,Yamini Saxena,balekta@example.net,Raichur,2025-10-01T01:12:28.043523
13777,Andrew Ramesh,nagyqadim@example.org,Kanpur,2025-08-06T01:12:28.043523
15986,Chaitanya Bali,kadeekta@example.org,Tinsukia,2025-12-25T01:12:28.043523
17540,Lavanya Savant,christopher19@example.net,Akola,2025-11-29T01:12:28.043523
15864,Sarthak Bajwa,kulkarnichakradhar@example.org,Hazaribagh,2025-08-21T01:12:28.043523
17427,Barkha Chopra,zsaha@example.com,Dewas,2025-12-25T01:12:28.043523
15212,Chakrika Deo,vnagar@example.com,Srikakulam,2025-09-26T01:12:28.043523
16266,Chameli Jha,rudrakhatri@example.com,Udaipur,2025-12-09T01:12:28.043523
17186,Gopal Sem,samesh58@example.net,Gaya,2025-11-03T01:12:28.043523
12815,Saumya Rege,nachiket02@example.org,Chandrapur,2025-09-05T01:12:28.043523
18198,Dhruv Parmer,kbhavsar@example.net,Amravati,2025-11-13T01:12:28.043523
14295,Chandresh Thakkar,sedwin@example.com,Etawah,2025-11-04T01:12:28.043523
16790,Pranit Ravel,warhi97@example.org,Nagpur,2025-10-30T01:12:28.043523
14527,Jonathan Pillai,faqid64@example.org,Ghaziabad,2025-09-14T01:12:28.043523
12422,Reyansh Divan,veer76@example.net,Jabalpur,2025-10-06T01:12:28.043523
17677,Ira Gala,badalurvi@example.org,Jammu,2025-10-24T01:12:28.043523
14792,Wishi Om,lbabu@example.com,Karimnagar,2025-12-12T01:12:28.043523
17939,Gaurang Bajwa,anusha32@example.org,Kishanganj,2025-12-05T01:12:28.043523
13226,Saumya Sidhu,onkardewan@example.net,Etawah,2025-10-06T01:12:28.043523
18097,Mitali Kala,hredhaan88@example.org,Bardhaman,2025-09-20T01:12:28.043523
16775,Mugdha Narang,balayqarin@example.org,Morbi,2025-08-31T01:12:28.043523
13509,Yochana Pingle,chaturamishra@example.net,Nashik,2025-09-19T01:12:28.043523
12577,Indali Cherian,munipeter@example.com,Miryalaguda,2025-11-08T01:12:28.043523
13479,Hardik Karpe,theodore20@example.net,Erode,2025-09-10T01:12:28.043523
15855,Abhiram Lalla,pandeycharles@example.org,Rajkot,2025-08-29T01:12:28.043523
14780,Agastya Halder,fiyazperi@example.net,Bardhaman,2025-10-25T01:12:28.043523
15215,Teerth Mand,menonnandini@example.org,Chinsurah,2025-08-20T01:12:28.043523
16233,Rayaan Bora,golevamakshi@example.net,Noida,2025-09-22T01:12:28.043523
13643,Ojasvi Som,kakarfaras@example.net,Ghaziabad,2025-08-21T01:12:28.043523
14167,Abeer Chaudhari,khalsaqarin@example.net,Jamalpur,2025-12-12T01:12:28.043523
14301,Kabir Lall,ppathak@example.org,Gwalior,2025-08-14T01:12:28.043523
13083,Upadhriti Saha,krishnanaashi@example.com,Surendranagar Dudhrej,2025-11-27T01:12:28.043523
13095,Eshana Parmar,sanayachoudhury@example.net,Bellary,2025-08-08T01:12:28.043523
16123,Yatan Datta,hansaashi@example.org,Siwan,2025-08-26T01:12:28.043523
18067,Aahana De,meghasachar@example.org,Vadodara,2025-11-08T01:12:28.043523
17019,Jatin Sachdeva,balhaardeshpande@example.net,Gwalior,2025-11-21T01:12:28.043523
17671,Pranit Sidhu,dayamai27@example.net,New Delhi,2025-08-10T01:12:28.043523
14691,Samarth Badami,vyasvincent@example.net,North Dumdum,2025-12-15T01:12:28.043523
13372,Hemang Dua,sinhaforum@example.org,Madanapalle,2025-08-21T01:12:28.043523
16769,Matthew Sunder,xraju@example.com,Phagwara,2025-09-24T01:12:28.043523
14387,Amara Swaminathan,duaeesha@example.com,Malegaon,2025-11-03T01:12:28.043523
16257,Krishna Krishna,hema85@example.net,Sonipat,2025-08-30T01:12:28.043523
17183,Sudiksha Dora,vray@example.net,Burhanpur,2025-11-04T01:12:28.043523
17171,Barkha Bhagat,nihal94@example.com,Ghaziabad,2025-11-30T01:12:28.043523
16516,Irya Tailor,mbawa@example.net,Pallavaram,2025-11-10T01:12:28.043523
13506,Atharv Roy,binaben@example.com,Nandyal,2025-10-08T01:12:28.043523
17412,Charvi Garde,gauravshah@example.org,Miryalaguda,2025-08-30T01:12:28.043523
16230,Ishita Bakshi,rajanikshita@example.net,Bhubaneswar,2025-10-25T01:12:28.043523
14539,Suhani Dayal,jwagle@example.org,Bhimavaram,2025-10-03T01:12:28.043523
12991,Hredhaan Buch,nirja74@example.org,Jalgaon,2025-11-27T01:12:28.043523
14530,Suhani Kari,gminhas@example.com,Meerut,2025-12-01T01:12:28.043523
17811,Hredhaan Sandhu,zaitra51@example.net,Mumbai,2025-11-22T01:12:28.043523
13634,Ladli Mallick,yashodharasinghal@example.com,Bhatpara,2025-10-03T01:12:28.043523
15706,Anthony Luthra,champak71@example.com,Hindupur,2025-12-24T01:12:28.043523
18189,Ranveer Char,zehaanmagar@example.net,Panipat,2025-08-19T01:12:28.043523
14265,Dakshesh Chaudhuri,qvenkataraman@example.org,Amaravati,2025-09-01T01:12:28.043523
16379,Kamya Gola,wriddhishkakar@example.org,Fatehpur,2025-09-17T01:12:28.043523
15700,Chatresh Arora,pahal14@example.com,Satna,2025-11-27T01:12:28.043523
17942,Bhavika Shenoy,reddynoah@example.net,Nadiad,2025-08-08T01:12:28.043523
14259,Ranveer Lalla,barya@example.org,Karimnagar,2025-09-07T01:12:28.043523
14649,Shivani Yadav,warinder30@example.com,Ambattur,2025-09-25T01:12:28.043523
14560,Eshana Rastogi,keyakaran@example.org,Nanded,2025-09-20T01:12:28.043523
14655,Geetika Lad,eshanapandit@example.net,Salem,2025-11-21T01:12:28.043523
14289,Finn Sekhon,maanavmandal@example.com,Akola,2025-08-31T01:12:28.043523
12434,Oviya Som,jhayamini@example.com,Jamnagar,2025-08-11T01:12:28.043523
14920,Abeer Dugar,wakeeta37@example.net,Karimnagar,2025-11-04T01:12:28.043523
14682,Aradhana Dora,dloyal@example.net,Nashik,2025-11-14T01:12:28.043523
16915,Yauvani Doctor,madhavtaneja@example.net,Akola,2025-08-18T01:12:28.043523
14256,Bina Maharaj,eta11@example.net,Farrukhabad,2025-10-17T01:12:28.043523
17418,Ubika Palla,anamika14@example.com,Durg,2025-11-13T01:12:28.043523
15974,Ekiya Khare,udyati97@example.org,Etawah,2025-09-28T01:12:28.043523
12571,Ryan Yogi,fkhalsa@example.com,Ghaziabad,2025-08-02T01:12:28.043523
17573,Jalsa Mishra,jagdishsaran@example.net,Aizawl,2025-09-25T01:12:28.043523
15057,Viraj Bhardwaj,shaurya65@example.com,Mysore,2025-09-02T01:12:28.043523
16644,Shaurya Ranganathan,beranicholas@example.net,Rajkot,2025-09-28T01:12:28.043523
18082,Praneel Dada,vedant00@example.net,Kadapa,2025-12-06T01:12:28.043523
12562,Aashi Sarkar,turvithaman@example.net,Karawal Nagar,2025-10-19T01:12:28.043523
15587,Abeer Natarajan,tanveeragate@example.org,Nizamabad,2025-09-17T01:12:28.043523
17299,Bishakha Kashyap,bhaviniatwal@example.net,Nagaon,2025-11-15T01:12:28.043523
16629,Advaith Rana,balhaar18@example.com,Ramagundam,2025-09-21T01:12:28.043523
14819,Samesh Sant,ksarma@example.com,Sambalpur,2025-12-04T01:12:28.043523
15867,Chaman Sundaram,osahota@example.org,Sambhal,2025-10-23T01:12:28.043523
17314,Geetika Chaudry,varenyabora@example.com,Guna,2025-08-12T01:12:28.043523
17835,Garima Lanka,atwalgabriel@example.org,Mau,2025-10-22T01:12:28.043523
12854,Imaran Kanda,keerikbal@example.org,Srinagar,2025-11-19T01:12:28.043523
15447,Ekta Mitter,zayanthaman@example.net,Ranchi,2025-09-04T01:12:28.043523
17704,Nirja Lad,ekalingabhakta@example.com,Maheshtala,2025-10-06T01:12:28.043523
14173,Ria Kunda,shatheodore@example.org,Karawal Nagar,2025-12-16T01:12:28.043523
15435,Idika Sinha,nakshbalasubramanian@example.org,Kirari Suleman Nagar,2025-08-11T01:12:28.043523
17957,Oliver Pant,ytaneja@example.com,Phagwara,2025-08-08T01:12:28.043523
14396,Aarna Dugar,chadaomaja@example.org,Bhiwandi,2025-12-20T01:12:28.043523
15727,Vrinda Raghavan,issacnachiket@example.org,Aurangabad,2025-09-05T01:12:28.043523
18073,Leela Padmanabhan,edesai@example.org,Bardhaman,2025-08-25T01:12:28.043523
12452,Yasti Das,vkarpe@example.org,Chittoor,2025-09-26T01:12:28.043523
15218,Janaki Barad,jkakar@example.com,Vijayanagaram,2025-12-04T01:12:28.043523
16650,Gaurang Joshi,tankdev@example.com,Ghaziabad,2025-11-09T01:12:28.043523
17010,Nisha Mistry,virajvarty@example.org,Karimnagar,2025-09-25T01:12:28.043523
14810,Ikbal Thakur,agera@example.com,Kakinada,2025-08-01T01:12:28.043523
14414,Tristan Ganesh,hchoudhury@example.com,Imphal,2025-10-28T01:12:28.043523
14670,Sai Din,sarindevika@example.com,Varanasi,2025-12-15T01:12:28.043523
13369,Dalbir Salvi,anyabahl@example.org,Burhanpur,2025-11-12T01:12:28.043523
14828,Qabil Chahal,neha39@example.org,Jaunpur,2025-08-01T01:12:28.043523
17409,Ekantika Divan,madankai@example.net,Suryapet,2025-12-24T01:12:28.043523
15078,Ekantika Sarin,varmaazad@example.net,Agartala,2025-11-13T01:12:28.043523
12556,Liam Brar,turvi35@example.org,Buxar,2025-09-22T01:12:28.043523
15465,Chaaya Singh,qkakar@example.org,Karnal,2025-08-21T01:12:28.043523
12821,Watika Khosla,mshere@example.org,Nashik,2025-09-03T01:12:28.043523
13890,Chaaya Mand,vbatra@example.com,Etawah,2025-10-16T01:12:28.043523
14420,Odika Kapur,qushi35@example.net,Ahmedabad,2025-09-11T01:12:28.043523
13744,Vedika Thaman,lakshit26@example.org,Madanapalle,2025-12-23T01:12:28.043523
17534,Triya Bali,bchoudhry@example.net,Mysore,2025-12-09T01:12:28.043523
16763,George Kapadia,ekavir88@example.net,Agra,2025-11-09T01:12:28.043523
17290,Nathan Mital,xsood@example.net,Khammam,2025-11-03T01:12:28.043523
17969,Robert Sarraf,rameshharinakshi@example.net,Rajahmundry,2025-09-29T01:12:28.043523
16918,Lavanya Acharya,siya29@example.net,Allahabad,2025-08-22T01:12:28.043523
17829,Kashish Wason,nachiketrai@example.com,Jammu,2025-09-09T01:12:28.043523
12714,Reva Krishnamurthy,kashviraju@example.com,Burhanpur,2025-11-23T01:12:28.043523
16882,Yochana Sodhi,patilrajeshri@example.org,Kishanganj,2025-10-13T01:12:28.043523
13631,Damyanti Loyal,prishamerchant@example.net,Chandrapur,2025-08-17T01:12:28.043523
12851,Sai Dhawan,dbose@example.net,South Dumdum,2025-08-18T01:12:28.043523
14795,Aayush Sanghvi,harinakshi11@example.net,Ahmednagar,2025-10-24T01:12:28.043523
16748,Ishita Edwin,ganeshunni@example.com,Chinsurah,2025-09-20T01:12:28.043523
15837,Raksha Palan,yagneshmohanty@example.org,Noida,2025-09-17T01:12:28.043523
14676,Ishani Chaudhari,dubeykavya@example.org,Bongaigaon,2025-09-05T01:12:28.043523
12565,Max Panchal,ykalita@example.com,Katni,2025-11-26T01:12:28.043523
14953,Wishi Bora,dsoni@example.com,Morbi,2025-08-18T01:12:28.043523
13473,Lila Dyal,emammen@example.org,Erode,2025-09-28T01:12:28.043523
16138,Aarna Narang,gayathri78@example.net,Pimpri-Chinchwad,2025-08-18T01:12:28.043523
12857,Vivaan Mitter,yashbanerjee@example.net,Proddatur,2025-12-06T01:12:28.043523
13381,Manthan Wason,samar28@example.org,Kamarhati,2025-10-27T01:12:28.043523
14286,Gabriel Brar,bhavna24@example.net,Kurnool,2025-10-29T01:12:28.043523
16498,Balhaar Rajan,idhillon@example.net,Salem,2025-11-05T01:12:28.043523
13470,Dakshesh Ramakrishnan,kallayug@example.com,Sonipat,2025-10-02T01:12:28.043523
12827,Nitara Srinivasan,vigekbal@example.net,Thoothukudi,2025-08-25T01:12:28.043523
17049,Falan Bhakta,jbalan@example.com,Udupi,2025-11-03T01:12:28.043523
14280,Atharv Mutti,forumzacharia@example.net,Haridwar,2025-11-01T01:12:28.043523
12726,Amruta Nadig,khatrijagvi@example.org,Salem,2025-12-05T01:12:28.043523
17936,Yachana Wali,zilmilbaral@example.net,Karaikudi,2025-09-26T01:12:28.043523
14298,Amol Dubey,mohini25@example.org,Warangal,2025-12-05T01:12:28.043523
14652,Aarna Bhat,isunder@example.net,Alwar,2025-09-15T01:12:28.043523
15605,Lipika Sunder,lilakoshy@example.com,Bahraich,2025-12-18T01:12:28.043523
13211,Jason Saraf,yatin80@example.com,Panipat,2025-08-24T01:12:28.043523
16504,Nakul Pingle,dyalhamsini@example.com,Saharanpur,2025-08-02T01:12:28.043523
16900,Lipika Bhardwaj,mukhopadhyayurishilla@example.com,Jalna,2025-10-14T01:12:28.043523
13732,Arin Jaggi,dayamai42@example.org,Akola,2025-12-13T01:12:28.043523
14432,Odika Mittal,faqid58@example.net,Junagadh,2025-10-16T01:12:28.043523
16653,Raksha Thakkar,damyantikala@example.com,Jamnagar,2025-10-05T01:12:28.043523
12836,George Ratti,boradivya@example.net,Pondicherry,2025-11-07T01:12:28.043523
15179,Arunima Majumdar,kashishlad@example.org,Amritsar,2025-09-14T01:12:28.043523
13238,Ijaya Kumer,lakshnarang@example.com,Katihar,2025-08-01T01:12:28.043523
13503,Pranav Kala,fhayre@example.com,Begusarai,2025-12-15T01:12:28.043523
18079,Sanaya D’Alia,bavapranit@example.org,Thoothukudi,2025-08-10T01:12:28.043523
15480,Daksha Maharaj,kulkarnidaksh@example.org,Bhalswa Jahangir Pur,2025-07-30T01:12:28.043523
14423,Oni Sangha,baligirik@example.net,Vadodara,2025-09-15T01:12:28.043523
12684,Nimrat Raval,horaanay@example.org,Mirzapur,2025-09-10T01:12:28.043523
17144,Jason Chaudhry,advikashah@example.net,Aurangabad,2025-11-30T01:12:28.043523
17832,Aishani Rout,usarraf@example.org,Anand,2025-09-07T01:12:28.043523
17052,Udarsh Karpe,sanerajata@example.net,Tirupati,2025-10-15T01:12:28.043523
15730,Rachit Amble,kalpit42@example.org,Bahraich,2025-08-20T01:12:28.043523
14658,Laksh Lalla,daksha98@example.com,Siliguri,2025-07-29T01:12:28.043523
15316,Anay Shroff,xanand@example.org,Ichalkaranji,2025-11-16T01:12:28.043523
12842,Nirja Hans,oborde@example.net,Agartala,2025-09-22T01:12:28.043523
15349,Tanmayi Zachariah,raksha41@example.net,Panipat,2025-08-29T01:12:28.043523
15069,Laksh Viswanathan,dadaabhiram@example.org,Tadipatri,2025-08-11T01:12:28.043523
13217,Ranbir Madan,idua@example.net,Bardhaman,2025-12-25T01:12:28.043523
13759,Veda Choudhary,darika27@example.org,Ambattur,2025-12-01T01:12:28.043523
12455,Tamanna Rajan,brijeshdara@example.com,Jaunpur,2025-10-20T01:12:28.043523
17576,Ikbal Ram,uchoudhry@example.net,Bokaro,2025-08-21T01:12:28.043523
13637,Pratyush Tripathi,sanireyansh@example.net,Khandwa,2025-12-25T01:12:28.043523
15983,Saksham Master,parth01@example.net,Latur,2025-11-18T01:12:28.043523
14935,Diya Bansal,robertpandit@example.net,Eluru,2025-11-10T01:12:28.043523
16525,Mitesh Mukherjee,iram@example.net,Muzaffarpur,2025-11-30T01:12:28.043523
13229,Ekanta Chawla,ekanta34@example.net,Ajmer,2025-11-06T01:12:28.043523
16239,Girindra Raval,lalaudarsh@example.com,Akola,2025-11-22T01:12:28.043523
13375,Imaran Gade,advaith80@example.net,Gorakhpur,2025-12-20T01:12:28.043523
14006,Vasudha Bhatia,dipta33@example.net,Kirari Suleman Nagar,2025-11-21T01:12:28.043523
12839,Mohini Raj,poojashenoy@example.com,Anantapuram,2025-09-26T01:12:28.043523
12702,Vrinda Bora,kallajacob@example.com,Tadipatri,2025-08-10T01:12:28.043523
14548,Onkar Atwal,lrana@example.org,Pune,2025-10-09T01:12:28.043523
12598,Harinakshi Hayer,meghanarege@example.org,Motihari,2025-11-28T01:12:28.043523
14277,Wriddhish Sandhu,sarinnirja@example.net,Singrauli,2025-08-04T01:12:28.043523
16394,Varenya Korpal,purohitabhiram@example.org,Kirari Suleman Nagar,2025-08-14T01:12:28.043523
13092,Udyati Sha,ganne@example.net,Karnal,2025-09-16T01:12:28.043523
15319,Nicholas Chaudhuri,henry26@example.net,Farrukhabad,2025-10-13T01:12:28.043523
13908,Oni Bala,guneet34@example.net,Asansol,2025-12-12T01:12:28.043523
14155,Aadhya Sama,senlopa@example.com,Hubli–Dharwad,2025-12-21T01:12:28.043523
16120,Yagnesh Natarajan,rattansaanvi@example.net,Meerut,2025-10-26T01:12:28.043523
15051,Gabriel Kapur,naironi@example.org,Bardhaman,2025-10-25T01:12:28.043523
13363,Darsh Minhas,michaelbhakta@example.org,Burhanpur,2025-10-08T01:12:28.044098
14408,Raghav Dora,chandrankrishna@example.com,Thanjavur,2025-10-25T01:12:28.044098
15194,Yahvi Sangha,keyamenon@example.com,Raebareli,2025-08-27T01:12:28.044098
14146,Karan Manne,tripti74@example.net,Bhiwani,2025-12-12T01:12:28.044098
13101,Aadi Jayaraman,tripathidamini@example.com,Amravati,2025-10-22T01:12:28.044098
15075,Jhalak Raja,madhavigrover@example.org,Nagaon,2025-10-26T01:12:28.044098
17162,Yashodhara More,dgade@example.org,Panchkula,2025-08-29T01:12:28.044098
16114,Ojas Verma,aryansrinivasan@example.org,Varanasi,2025-09-04T01:12:28.044098
13354,Fitan Sridhar,edeo@example.com,Singrauli,2025-08-20T01:12:28.044098
13104,Ayush Batta,dmadan@example.net,Indore,2025-10-25T01:12:28.044098
15590,Vrinda Balasubramanian,qsarraf@example.net,Guntur,2025-08-04T01:12:28.044098
17272,Chaman Kalla,jananidar@example.com,Jalgaon,2025-09-09T01:12:28.044098
17951,Brijesh Banerjee,anirudhbarad@example.com,Patiala,2025-08-04T01:12:28.044098
14825,Jasmit Sundaram,vaishnavi30@example.org,Hosur,2025-12-04T01:12:28.044098
17442,Sanaya Rajagopal,sjayaraman@example.com,Chandigarh,2025-08-27T01:12:28.044098
13110,Aarini Bajaj,pgulati@example.org,Belgaum,2025-08-16T01:12:28.044098
15206,Gaurika Devi,gautamhayer@example.org,Rewa,2025-09-23T01:12:28.044098
18061,Chatura Tiwari,chakrabortycharita@example.com,Kumbakonam,2025-12-05T01:12:28.044098
17698,Upasna Kapoor,zben@example.net,Meerut,2025-10-08T01:12:28.044098
14143,Aishani Singh,teerth25@example.com,Hospet,2025-11-27T01:12:28.044098
15343,Rajata Sagar,abhiram49@example.net,Mehsana,2025-12-04T01:12:28.044098
17552,Ayush Shroff,sbhakta@example.net,Malegaon,2025-11-12T01:12:28.044098
13098,Gaurang Dhaliwal,kbasak@example.com,Arrah,2025-08-04T01:12:28.044098
16367,Owen Tata,isaiahtrivedi@example.org,Bokaro,2025-10-16T01:12:28.044098
12458,Vamakshi Srinivas,bhattiyagnesh@example.net,New Delhi,2025-10-13T01:12:28.044098
17165,Atharv Palla,bmani@example.com,Warangal,2025-12-21T01:12:28.044098
15462,Nihal Ravel,vihaanraval@example.org,Madanapalle,2025-10-04T01:12:28.044098
18085,Niharika Sankar,mandaloscar@example.org,Guntur,2025-10-05T01:12:28.044098
13753,Onkar Arora,wsavant@example.org,Malda,2025-11-10T01:12:28.044098
14923,Brinda Sachar,geetikagokhale@example.com,Bidhannagar,2025-11-09T01:12:28.044098
15438,Gaurika Chaudry,odikabasak@example.net,Guntakal,2025-11-19T01:12:28.044098
13366,Meghana Oommen,eta09@example.org,Tirupati,2025-09-16T01:12:28.044098
17043,Nikita Nadig,wakeeta42@example.net,Amravati,2025-08-20T01:12:28.044098
15203,Urishilla Handa,yashica83@example.com,Unnao,2025-09-26T01:12:28.044098
14551,Ucchal Gill,noah12@example.net,Begusarai,2025-11-18T01:12:28.044098
17433,Mason Gill,chawlalakshmi@example.com,Bhopal,2025-11-06T01:12:28.044098
13485,Onkar Varkey,nimrat28@example.org,Arrah,2025-09-20T01:12:28.044098
12574,Imaran Om,jonathanbhatia@example.net,Madanapalle,2025-11-12T01:12:28.044098
15090,Megha Tiwari,hdewan@example.com,Howrah,2025-09-27T01:12:28.044098
14664,Triya Anand,panini11@example.net,Ahmedabad,2025-08-18T01:12:28.044098
12705,Hardik Keer,barkha60@example.net,Bijapur,2025-10-25T01:12:28.044098
16793,Vincent Bedi,baljiwan69@example.org,Kadapa,2025-10-29T01:12:28.044098
17317,Vidhi Dash,hpalan@example.net,Phusro,2025-10-22T01:12:28.044098
17022,Ronith Kala,gaurang95@example.com,Baranagar,2025-09-23T01:12:28.044098
13750,Kabir Gill,kevindutta@example.net,Khammam,2025-08-03T01:12:28.044098
12988,Charan Mallick,krish86@example.net,Firozabad,2025-08-05T01:12:28.044098
13080,Teerth Parmar,bobalkala@example.com,Madanapalle,2025-09-27T01:12:28.044098
16647,Yochana Solanki,oviyaparekh@example.org,Shimla,2025-12-16T01:12:28.044098
17302,Zaitra Sani,varugheseonkar@example.org,Ranchi,2025-12-14T01:12:28.044098
14036,Lucky Ramakrishnan,indali74@example.com,Nagpur,2025-09-09T01:12:28.044098
18216,Amrita Dyal,hemangini56@example.net,Tirupati,2025-09-07T01:12:28.044098
16519,Nathan Goel,ijoshi@example.org,Agra,2025-11-28T01:12:28.044098
12437,Wyatt Lal,subramaniamdamini@example.net,Mumbai,2025-11-24T01:12:28.044098
16897,Anita Deol,ybalasubramanian@example.com,Bharatpur,2025-10-03T01:12:28.044098
16126,Azad Nath,narayananinaya@example.org,Dindigul,2025-09-10T01:12:28.044098
12464,Bimala Gandhi,lucky23@example.net,New Delhi,2025-12-22T01:12:28.044098
17972,Dev Banerjee,ridhidua@example.org,Suryapet,2025-10-29T01:12:28.044098
12720,Yagnesh Tata,zashilsrivastava@example.net,Kamarhati,2025-08-31T01:12:28.044098
17037,Urvi Bobal,karan21@example.com,Vijayanagaram,2025-10-11T01:12:28.044098
14164,Xalak Luthra,odoshi@example.com,Dhule,2025-10-03T01:12:28.044098
16885,Hema Behl,fmaharaj@example.com,Fatehpur,2025-08-14T01:12:28.044098
14536,Ijaya Dixit,vkoshy@example.net,Amravati,2025-09-14T01:12:28.044098
15977,Devika Kota,lmanda@example.org,Udaipur,2025-11-17T01:12:28.044098
16364,Naveen Hora,karanjanaki@example.net,Gulbarga,2025-10-18T01:12:28.044098
17674,Bachittar Wali,noahsuri@example.net,Kumbakonam,2025-08-23T01:12:28.044098
15304,Damini Kaul,idash@example.com,Bangalore,2025-12-02T01:12:28.044098
15584,Tanvi Anand,jacobsarma@example.net,Pallavaram,2025-12-04T01:12:28.044098
12830,Bimala Sandal,manneshivansh@example.com,Dewas,2025-09-13T01:12:28.044098
16248,Divya Oza,aarav77@example.net,Hubli–Dharwad,2025-10-07T01:12:28.044098
18210,Ekalinga Saxena,williamhans@example.org,Adoni,2025-09-27T01:12:28.044098
18228,Amol Narain,lakshmi16@example.org,Eluru,2025-09-22T01:12:28.044098
13771,Aachal Gara,xitimallick@example.net,Anantapuram,2025-11-10T01:12:28.044098
15322,Utkarsh Chaudry,pingleyagnesh@example.net,Ambala,2025-08-10T01:12:28.044098
15054,Faris Padmanabhan,onkarratta@example.net,Narasaraopet,2025-11-01T01:12:28.044098
18094,Jagvi Chauhan,brahmbhattrajeshri@example.org,Bidhannagar,2025-10-21T01:12:28.044098
13107,Sachi Ramakrishnan,kevin02@example.net,Unnao,2025-11-15T01:12:28.044098
14667,Upkaar Parikh,ltalwar@example.com,Adoni,2025-08-20T01:12:28.044098
13116,Yutika Naidu,groverchandani@example.com,Jamshedpur,2025-08-12T01:12:28.044098
15971,Chatura Dube,bakhshi91@example.net,Shahjahanpur,2025-10-22T01:12:28.044098
16385,Bishakha Rajagopalan,barkhavarty@example.net,Rohtak,2025-11-24T01:12:28.044098
16370,Rachita Sheth,williammane@example.com,Hazaribagh,2025-11-08T01:12:28.044098
15453,Yamini D’Alia,gchokshi@example.org,Salem,2025-10-15T01:12:28.044098
13878,Andrew Prabhakar,guptaekanta@example.org,Asansol,2025-08-14T01:12:28.044098
16617,Atharv Mall,mnatt@example.org,Ludhiana,2025-07-31T01:12:28.044098
16510,Om Rana,usaran@example.com,Bally,2025-12-13T01:12:28.044098
15346,Sudiksha Sankaran,basakvritti@example.net,Nizamabad,2025-08-17T01:12:28.044098
15858,Advay Bali,lallsamaksh@example.net,Nanded,2025-12-01T01:12:28.044098
17430,Udyati Lal,jairaj11@example.com,Berhampur,2025-08-16T01:12:28.044098
15221,Gaurika Bhatti,rbhalla@example.org,Aurangabad,2025-11-12T01:12:28.044098
17960,Vasatika Kapur,halderwaida@example.net,Bikaner,2025-10-10T01:12:28.044098
15834,Rachita Mallick,devanshbhandari@example.net,Gudivada,2025-12-02T01:12:28.044098
14128,Jhalak Chandran,lopahayre@example.net,Patna,2025-11-08T01:12:28.044098
14271,Azaan Patla,sudikshagara@example.com,Bardhaman,2025-10-01T01:12:28.044098
15831,Viraj Sahni,hmishra@example.org,Agra,2025-09-04T01:12:28.044098
17692,Yashawini Saha,uuppal@example.org,Agartala,2025-11-14T01:12:28.044098
15197,Lohit Dora,dsule@example.net,Malegaon,2025-10-20T01:12:28.044098
12708,George Keer,falguni98@example.org,Thanjavur,2025-12-18T01:12:28.044098
15599,Ekalinga Lall,jalsasaraf@example.net,Eluru,2025-10-25T01:12:28.044098
17668,Vihaan Virk,triveniom@example.org,Yamunanagar,2025-12-08T01:12:28.044098
13899,Siddharth Dhar,frederickkapur@example.com,Tiruppur,2025-12-09T01:12:28.044098
15182,Aarnav Prashad,sathvik96@example.net,Katihar,2025-09-11T01:12:28.044098
16751,Hemani Agarwal,tamanna79@example.com,Singrauli,2025-08-02T01:12:28.044098
16108,Balvan Sekhon,ishaanuppal@example.net,Kakinada,2025-11-26T01:12:28.044098
15998,Meghana Lalla,fdhingra@example.net,Panipat,2025-09-03T01:12:28.044098
18231,Gauri Madan,lagarwal@example.org,Mumbai,2025-09-13T01:12:28.044098
15596,David Doshi,naksharya@example.org,Amaravati,2025-10-07T01:12:28.044098
15334,Alka Batta,darshparikh@example.com,Chandigarh,2025-08-05T01:12:28.044098
13351,Lakshit Babu,michael85@example.org,North Dumdum,2025-12-02T01:12:28.044098
17820,Isha Chhabra,aptekamya@example.com,Anand,2025-12-22T01:12:28.044098
12693,Fitan Borra,tsangha@example.com,Jaipur,2025-08-21T01:12:28.044098
15042,Abhimanyu Seth,nayarsamuel@example.net,Panchkula,2025-09-13T01:12:28.044098
14524,Jason Handa,hayreleena@example.com,Mango,2025-11-15T01:12:28.044098
13869,Caleb Anne,anjali36@example.net,Bahraich,2025-07-30T01:12:28.044098
16105,Adya Toor,dakshesh09@example.org,Kalyan-Dombivli,2025-08-15T01:12:28.044098
17448,Ekansh Gola,jedwin@example.com,Noida,2025-11-15T01:12:28.044098
13735,Nitesh Setty,ishani48@example.net,Guntakal,2025-09-02T01:12:28.044098
14816,Ubika Ramaswamy,barkha95@example.org,Mira-Bhayandar,2025-08-01T01:12:28.044098
14140,Omisha Wali,dayitakrish@example.com,Pali,2025-11-06T01:12:28.044098
15721,Omaja Bhat,raufaras@example.com,Rampur,2025-11-16T01:12:28.044098
14944,Ishita Tak,arjunbedi@example.net,Agra,2025-08-22T01:12:28.044098
13357,Isha Goyal,suhani60@example.org,Srinagar,2025-09-09T01:12:28.044098
15852,Sachi Edwin,cbali@example.com,Bharatpur,2025-09-04T01:12:28.044098
17686,Upasna Nayak,veer53@example.org,Kumbakonam,2025-10-21T01:12:28.044098
14789,Caleb Gaba,ekavir42@example.com,Tiruvottiyur,2025-08-28T01:12:28.044098
15468,Aarnav Chana,sameshchaudhuri@example.net,Dehri,2025-09-11T01:12:28.044098
14161,Meghana Saran,kapoorxavier@example.org,Rohtak,2025-08-28T01:12:28.044098
13253,Vedhika Arora,mohammed15@example.com,Bhalswa Jahangir Pur,2025-09-04T01:12:28.044098
16909,Nachiket Gopal,chandanigoda@example.net,Arrah,2025-11-27T01:12:28.044098
15724,Fiyaz Sami,gunbir70@example.net,Tirupati,2025-12-17T01:12:28.044098
15593,Vedant Vaidya,fmani@example.net,Raebareli,2025-11-04T01:12:28.044098
16924,Chameli Dhar,wazirjayaraman@example.com,Gaya,2025-09-13T01:12:28.044098
18219,Warjas Bala,lavanya71@example.com,Kadapa,2025-07-30T01:12:28.044098
16099,Raksha Bahl,neel75@example.com,Hazaribagh,2025-12-04T01:12:28.044098
13756,Urvi Desai,kamya01@example.net,Jamshedpur,2025-09-29T01:12:28.044098
17147,Vrinda Bhattacharyya,harshil42@example.net,Kumbakonam,2025-12-22T01:12:28.044098
16135,Pallavi Atwal,wrideshprakash@example.org,Delhi,2025-11-10T01:12:28.044098
16245,Jhalak Desai,gayathri23@example.org,Latur,2025-08-04T01:12:28.044098
16906,Agastya Sarkar,godachatresh@example.org,Kollam,2025-09-17T01:12:28.044098
13384,Tanmayi Behl,sgupta@example.net,Anand,2025-11-05T01:12:28.044098
16358,Faraj Chhabra,dyalvedhika@example.com,Bihar Sharif,2025-11-24T01:12:28.044098
14411,Vasana Ravi,lalpanini@example.com,Kolhapur,2025-11-10T01:12:28.044098
12824,Diya Palan,anamikaandra@example.com,Sonipat,2025-12-01T01:12:28.044098
12592,Vasana Din,xdoctor@example.net,Mango,2025-10-03T01:12:28.044098
14932,Anamika Dugal,wrajagopal@example.org,Gandhidham,2025-10-28T01:12:28.044098
17284,Theodore Parikh,babucharita@example.net,Mehsana,2025-10-29T01:12:28.044098
16766,Yuvraj Chandra,edhitha65@example.net,Karimnagar,2025-08-12T01:12:28.044098
17311,Gabriel Kulkarni,horadakshesh@example.com,Pune,2025-10-09T01:12:28.044098
17701,Aishani Krishnamurthy,gavindalia@example.net,Salem,2025-08-29T01:12:28.044098
13515,Elijah Shetty,ethan00@example.org,Nadiad,2025-10-31T01:12:28.044098
14947,Ikbal Bhandari,hgrewal@example.org,Guwahati,2025-08-22T01:12:28.044098
12729,Anika Manda,bishakhavirk@example.com,Kavali,2025-09-19T01:12:28.044098
14798,Xiti Dada,edhitha36@example.net,Ozhukarai,2025-11-20T01:12:28.044098
16495,Ryan Ravel,dalajachatterjee@example.net,Indore,2025-09-15T01:12:28.044098
16400,Advaith Dhawan,jtaneja@example.org,Patiala,2025-09-18T01:12:28.044098
16096,Falguni Raja,wverma@example.com,Ongole,2025-10-13T01:12:28.044098
15712,Kashish Khanna,harrison07@example.net,Ambala,2025-11-17T01:12:28.044098
17034,Anita Bali,vbarman@example.org,Vasai-Virar,2025-10-12T01:12:28.044098
12976,Barkha Patla,ekanshsama@example.net,Jalgaon,2025-12-16T01:12:28.044098
16784,Vasudha Varughese,manthan94@example.org,Bhilai,2025-08-03T01:12:28.044098
15965,Anthony Rattan,nidhimitra@example.net,Cuttack,2025-09-12T01:12:28.044098
14292,Krishna Misra,vcontractor@example.com,Bharatpur,2025-07-29T01:12:28.044098
12559,Bhavini Chopra,rmohanty@example.com,Jehanabad,2025-08-30T01:12:28.044098
13077,Urishilla Mani,avni54@example.org,Jamnagar,2025-09-28T01:12:28.044098
15703,Baljiwan Chatterjee,jeevikavenkataraman@example.com,Baranagar,2025-08-12T01:12:28.044098
12449,Chasmum Bhatt,madhavinarayan@example.org,Mango,2025-09-05T01:12:28.044098
16638,Panini Menon,kpalla@example.org,Alappuzha,2025-11-27T01:12:28.044098
13345,Ekani Sehgal,ymajumdar@example.com,Raiganj,2025-11-26T01:12:28.044098
16656,Hredhaan Nair,lvarma@example.net,Durgapur,2025-07-29T01:12:28.044098
17966,Warda Ravi,vrittiedwin@example.net,Malegaon,2025-10-13T01:12:28.044098
17403,Turvi Bal,vaishnavi60@example.com,Fatehpur,2025-08-10T01:12:28.044098
14149,Avni Nadkarni,nshankar@example.org,Patna,2025-11-06T01:12:28.044098
16778,Eshana Baria,vmukhopadhyay@example.org,Korba,2025-08-19T01:12:28.044098
15611,Rayaan Narasimhan,pdey@example.com,Agra,2025-11-10T01:12:28.044098
14039,Ethan Mohan,nakulacharya@example.org,Satna,2025-10-15T01:12:28.044098
14152,Laban Chaudhuri,charanyogi@example.com,Gandhinagar,2025-09-28T01:12:28.044098
17817,Kamya Bose,raaginigara@example.net,Chandigarh,2025-08-06T01:12:28.044098
16236,Pahal Keer,bhagatyasti@example.org,Dindigul,2025-09-24T01:12:28.044098
14679,Pooja Subramaniam,sbhakta@example.org,Guntakal,2025-10-07T01:12:28.044098
17153,William Dutt,imangat@example.com,Warangal,2025-11-18T01:12:28.044098
12952,Krish Dutta,chakradevsidhu@example.net,Thanjavur,2025-10-15T01:12:28.044098
15060,Ekalinga Kata,yashasvimistry@example.net,Chandigarh,2025-10-21T01:12:28.044098
18225,Sudiksha Chad,jonathanthakkar@example.com,Nellore,2025-12-01T01:12:28.044098
14542,Aradhana Jain,pushti47@example.net,Kharagpur,2025-09-26T01:12:28.044098
15870,Rayaan Sahni,hemani00@example.com,Dhanbad,2025-11-11T01:12:28.044098
14027,Harish Parsa,jeremiahmandal@example.com,Purnia,2025-10-13T01:12:28.044098
13774,Yashasvi Sarraf,fnarayan@example.com,Sonipat,2025-12-22T01:12:28.044098
17954,Devansh Puri,lalldevika@example.com,Avadi,2025-10-29T01:12:28.044098
15048,Nakul Dhaliwal,zehaanchokshi@example.org,Bijapur,2025-11-07T01:12:28.044098
12967,Tanay Kata,hroy@example.org,Barasat,2025-10-28T01:12:28.044098
16227,Samarth Sangha,pkar@example.net,Muzaffarnagar,2025-08-19T01:12:28.044098
12845,Gaurav Bhatia,bacharya@example.com,Aurangabad,2025-11-21T01:12:28.044098
16620,Lila Garg,omajakeer@example.com,Danapur,2025-09-29T01:12:28.044098
18204,Kabir Khatri,balendra54@example.net,Madurai,2025-11-06T01:12:28.044098
15745,Rajata Nayak,ekavirmangat@example.net,Sirsa,2025-11-15T01:12:28.044098
15578,Bahadurjit Sarna,inayajani@example.org,Satara,2025-12-24T01:12:28.044098
13512,Mohammed Pant,khoslabenjamin@example.net,Ballia,2025-12-20T01:12:28.044098
16260,Bimala Gandhi,ekanijayaraman@example.org,Siliguri,2025-10-07T01:12:28.044098
14929,Gagan Saran,aryan12@example.org,Munger,2025-12-01T01:12:28.044098
16903,Vamakshi Kannan,daksheshbose@example.org,Chandrapur,2025-08-25T01:12:28.044098
12818,Tejas Choudhry,ahluwaliaabha@example.org,Faridabad,2025-10-21T01:12:28.044098
14125,Zinal Kakar,tiwarinitesh@example.org,Bidar,2025-11-28T01:12:28.044098
16361,Hitesh Contractor,nigammitali@example.org,Hyderabad,2025-08-31T01:12:28.044098
13887,Ishita Bedi,hayerayush@example.com,Udupi,2025-11-17T01:12:28.044098
12690,Jairaj Oza,yugdixit@example.com,Thoothukudi,2025-09-04T01:12:28.044098
17436,Xiti Keer,arjun78@example.com,Anand,2025-11-25T01:12:28.044098
14390,Vritti Hari,bchaudry@example.org,Haldia,2025-08-20T01:12:28.044098
14911,Tanish Doshi,sahniyutika@example.org,Raiganj,2025-10-20T01:12:28.044098
14813,Joshua Kara,handatara@example.net,Bhiwani,2025-10-10T01:12:28.044098
17948,Ekaja Sarma,ishanidutta@example.org,Morena,2025-11-07T01:12:28.044098
12589,Naksh Kurian,fsahota@example.com,Phagwara,2025-09-27T01:12:28.044098
12723,Harshil Arya,gabrielbassi@example.org,Jaunpur,2025-09-28T01:12:28.044098
12949,Tejas Mitra,yashodhara24@example.com,Udupi,2025-08-10T01:12:28.044098
15325,Raksha Menon,cgrewal@example.com,Medininagar,2025-10-26T01:12:28.044098
14262,Noah Srinivasan,zachariayutika@example.net,Rourkela,2025-09-27T01:12:28.044098
16007,Krish Seth,jraja@example.com,Madhyamgram,2025-11-16T01:12:28.044098
12833,Advaith Barad,yatinaurora@example.org,Muzaffarpur,2025-09-14T01:12:28.044098
15581,Michael Chokshi,rameshyadavi@example.com,Sri Ganganagar,2025-09-15T01:12:28.044098
13220,Anjali Choudhary,nathan68@example.com,Aligarh,2025-10-07T01:12:28.044098
13884,Yash Chanda,abadal@example.org,Begusarai,2025-11-16T01:12:28.044098
15045,Dayamai Mohan,trai@example.net,Akola,2025-11-13T01:12:28.044098
16912,Rayaan Sengupta,keya82@example.net,Hindupur,2025-08-14T01:12:28.044098
14012,Aarush Wali,mandervaishnavi@example.net,Chinsurah,2025-10-18T01:12:28.044098
17159,Samuel Halder,darikarandhawa@example.com,Kharagpur,2025-11-14T01:12:28.044098
12985,Zansi Mand,upadhritithaker@example.net,Narasaraopet,2025-12-13T01:12:28.044098
16242,Sneha Amble,gparsa@example.org,Gulbarga,2025-11-30T01:12:28.044098
12583,George Iyer,balasubramanianzansi@example.com,Panchkula,2025-08-27T01:12:28.044098
17549,Aditya Agarwal,warjasgupta@example.net,Madurai,2025-09-18T01:12:28.044098
14557,Lila Anne,sameshramakrishnan@example.net,Dibrugarh,2025-10-02T01:12:28.044098
13089,Jalsa Kaul,harita14@example.org,Narasaraopet,2025-11-26T01:12:28.044098
13476,Reyansh Nazareth,mohammed70@example.net,Kakinada,2025-08-20T01:12:28.044098
17561,Vedhika Chadha,ira95@example.org,Durgapur,2025-12-23T01:12:28.044098
13866,Harinakshi Lall,urvashi75@example.com,Panchkula,2025-09-29T01:12:28.044098
15569,Baljiwan Chahal,pranavdora@example.org,Warangal,2025-11-16T01:12:28.044098
16659,Praneel Varkey,agatemadhav@example.net,Moradabad,2025-10-16T01:12:28.044098
18088,Ekbal Sawhney,parth60@example.net,Raipur,2025-08-15T01:12:28.044098
14518,Arunima Mangal,warhimohan@example.com,Nangloi Jat,2025-11-13T01:12:28.044098
14661,Harrison Andra,iryamammen@example.org,Kishanganj,2025-10-31T01:12:28.044098
15608,Faris Batta,sai37@example.org,Eluru,2025-08-22T01:12:28.044098
12586,Oni Gola,hnarayanan@example.com,Erode,2025-10-16T01:12:28.044098
17802,Vasudha Barad,mohammedswamy@example.net,Bikaner,2025-10-19T01:12:28.044098
14950,Chatura Dar,hsama@example.com,Nashik,2025-11-18T01:12:28.044098
16757,Isha Varkey,radharavel@example.org,Saharanpur,2025-09-19T01:12:28.044098
15602,Nidra Chaudhry,sneha21@example.org,Parbhani,2025-10-25T01:12:28.044098
17838,Vrishti Biswas,ragate@example.org,Bhiwandi,2025-12-08T01:12:28.044098
12553,Garima Parsa,shahzaid@example.net,Chinsurah,2025-12-12T01:12:28.044098
13875,Hiral Narula,harish50@example.com,Bathinda,2025-12-17T01:12:28.044098
13244,Omisha Sandal,chandreshgulati@example.org,Rajahmundry,2025-12-16T01:12:28.044098
12982,Ayushman Nath,mandshivani@example.net,Ahmednagar,2025-12-03T01:12:28.044098
15066,Tarak Deo,igoel@example.net,Srinagar,2025-09-21T01:12:28.044098
16376,Henry Maharaj,jatin59@example.com,Phagwara,2025-10-23T01:12:28.044098
13232,Anika Varghese,ppathak@example.org,Motihari,2025-11-13T01:12:28.044098
14554,Kavya Bhat,lsha@example.net,Berhampur,2025-12-02T01:12:28.044098
13500,Pahal Shroff,onveer23@example.com,Guntur,2025-08-15T01:12:28.044098
13113,Ranveer Sidhu,suhaniradhakrishnan@example.org,Bhagalpur,2025-11-07T01:12:28.044098
13348,Irya Hora,onibora@example.com,Aizawl,2025-12-23T01:12:28.044098
17287,Faqid Thakkar,praneelraju@example.org,Serampore,2025-09-15T01:12:28.044098
13235,Turvi Oommen,mdasgupta@example.org,Bareilly,2025-08-09T01:12:28.044098
15739,Owen Hayer,sanghviwarda@example.net,Dewas,2025-10-25T01:12:28.044098
14426,Yauvani Narayanan,dbhargava@example.org,Kamarhati,2025-11-15T01:12:28.044098
16528,Oni Ganesan,timothy82@example.com,Burhanpur,2025-09-15T01:12:28.044098
17805,Baljiwan Bose,atharvkonda@example.com,Gurgaon,2025-08-02T01:12:28.044098
17174,Arjun Krishnamurthy,ahans@example.net,Malda,2025-09-20T01:12:28.044098
15733,Damini Ahluwalia,jairajdey@example.com,Thoothukudi,2025-11-27T01:12:28.044098
15444,Samar Chanda,caleb64@example.org,Ranchi,2025-10-30T01:12:28.044098
17278,Lila Mittal,bramakrishnan@example.net,Machilipatnam,2025-12-09T01:12:28.044098
13482,Chandran Mukhopadhyay,igera@example.com,Bulandshahr,2025-09-23T01:12:28.044098
12461,Timothy Kannan,yatin60@example.com,Etawah,2025-09-05T01:12:28.044098
14804,Falak Mukhopadhyay,warriorgeorge@example.org,Kavali,2025-12-25T01:12:28.044098
13601,Yashica Madan,vamakshi73@example.org,Bihar Sharif,2025-10-26T01:12:28.044098
16781,Nachiket Chander,rakshakorpal@example.org,Thiruvananthapuram,2025-10-11T01:12:28.044098
17537,Radhika Biswas,xalak39@example.org,Muzaffarnagar,2025-10-25T01:12:28.044098
13223,Aarush D’Alia,sandalchandani@example.net,Mumbai,2025-09-22T01:12:28.044098
16093,Vinaya Dalal,qadim17@example.org,Aizawl,2025-08-31T01:12:28.044098
16623,Zilmil Soni,samarthhayer@example.net,Anand,2025-09-26T01:12:28.044098
17707,Shaurya Singh,pushti79@example.net,Aligarh,2025-12-08T01:12:28.044098
12431,Anita Dutta,vaidyaquincy@example.org,Anantapuram,2025-09-04T01:12:28.044098
15980,Lajita Nazareth,zbahri@example.org,Bihar Sharif,2025-10-08T01:12:28.044098
13741,Arunima Jaggi,adar@example.net,Durg,2025-07-29T01:12:28.044098
15992,Onkar Kurian,zsaxena@example.net,Mysore,2025-12-18T01:12:28.044098
17930,Vivaan Karpe,eiravati41@example.net,Jalandhar,2025-12-19T01:12:28.044098
17025,Hemani Shenoy,sahajanani@example.org,Dharmavaram,2025-10-22T01:12:28.044098
13491,Wahab Dua,meghana21@example.com,Kurnool,2025-09-08T01:12:28.044098
12428,Jack Suri,jackgera@example.net,Nagercoil,2025-11-21T01:12:28.044098
17579,Kalpit Murty,hacharya@example.com,Kolkata,2025-09-01T01:12:28.044098
15313,Girindra Biswas,qadimramanathan@example.com,Gurgaon,2025-10-31T01:12:28.044098
16641,Nandini Magar,suhanikumer@example.com,Rajkot,2025-10-26T01:12:28.044098
15185,Vanya Bora,wsama@example.org,Amravati,2025-08-24T01:12:28.044098
14000,Adweta Babu,hardik46@example.org,Etawah,2025-10-18T01:12:28.044098
14158,Krisha Ravi,kmander@example.org,Kottayam,2025-08-15T01:12:28.044098
17799,Vedhika Nayar,prisha67@example.com,Bellary,2025-11-03T01:12:28.044098
17680,Libni Sibal,aryan71@example.net,Jaipur,2025-11-03T01:12:28.044098
14304,Chanchal Prabhu,ryan05@example.com,Siliguri,2025-10-19T01:12:28.044098
15307,Timothy Ganesh,fchada@example.com,Visakhapatnam,2025-11-21T01:12:28.044098
17567,Yahvi Pathak,tsandhu@example.com,Aurangabad,2025-12-21T01:12:28.044098
13881,Mugdha Choudhury,banjeet26@example.net,Junagadh,2025-08-30T01:12:28.044098
17841,Vrishti Ranganathan,bhardwajluke@example.net,Kulti,2025-11-27T01:12:28.044098
13747,Ronith Pillai,orinder59@example.net,Tirunelveli,2025-10-11T01:12:28.044098
14021,Mitesh Mohanty,ravirajata@example.org,Tumkur,2025-08-17T01:12:28.044098
18064,Thomas Aggarwal,banerjeebenjamin@example.org,Sangli-Miraj & Kupwad,2025-08-05T01:12:28.044098
14393,William Nagar,vedhika79@example.com,Navi Mumbai,2025-10-10T01:12:28.044098
15063,Kiaan Mohanty,paninidas@example.com,Tiruppur,2025-10-05T01:12:28.044098
17180,Tripti Merchant,chamanmammen@example.org,Indore,2025-11-21T01:12:28.044098
15081,Ekavir Jani,patrickwalia@example.com,Karnal,2025-09-24T01:12:28.044098
16224,Laksh Tata,majumdarraagini@example.com,Medininagar,2025-11-04T01:12:28.044098
13762,Pranit Singh,sundaramzayan@example.org,Bardhaman,2025-10-08T01:12:28.044098
15840,Ati Tara,hiral56@example.net,Chandigarh,2025-08-12T01:12:28.044098
17406,Advika Samra,gayathrigola@example.org,Visakhapatnam,2025-12-16T01:12:28.044098
12717,Balvan Bhardwaj,raghav69@example.net,Ozhukarai,2025-08-30T01:12:28.044098
14697,Charles Garde,tristanloke@example.org,Fatehpur,2025-11-27T01:12:28.044098
13208,Mohammed Prabhu,yash97@example.org,Amroha,2025-09-19T01:12:28.044098
12446,Finn Naik,gauri43@example.net,Barasat,2025-10-07T01:12:28.044098
17796,Neha Palan,rbahri@example.net,Bhavnagar,2025-10-26T01:12:28.044098
17695,Jeevika Murthy,shereharini@example.com,Raebareli,2025-12-13T01:12:28.044098
18192,Vedika Upadhyay,tanvi14@example.com,Guntur,2025-09-28T01:12:28.044098
14801,Dev Zacharia,vrishti44@example.com,Bokaro,2025-12-15T01:12:28.044098
14673,Urmi Mannan,zmukhopadhyay@example.com,Mumbai,2025-10-20T01:12:28.044098
14024,Rehaan Palla,salvineelima@example.com,Miryalaguda,2025-11-14T01:12:28.044652
12425,Anirudh Tailor,rhari@example.com,Jaipur,2025-09-17T01:12:28.044652
17031,Sarthak Seshadri,nathan35@example.com,Guwahati,2025-09-26T01:12:28.044652
16513,Janya Kala,lsarma@example.org,Ghaziabad,2025-11-05T01:12:28.044652
13610,Mitesh Patla,rattaatharv@example.org,Alappuzha,2025-08-17T01:12:28.044652
16754,Omisha Saini,vermaaahana@example.com,Saharsa,2025-11-29T01:12:28.044652
16531,Siya Kashyap,wparsa@example.net,Durg,2025-12-04T01:12:28.044652
14533,Bina Raghavan,chaudharysaksham@example.net,Amravati,2025-11-04T01:12:28.044652
13607,Siddharth Keer,baradhamsini@example.net,Madurai,2025-11-05T01:12:28.044652
12970,Elijah Prasad,matthew41@example.org,Amravati,2025-09-17T01:12:28.044652
17293,Upma Johal,eiravati07@example.net,Aurangabad,2025-09-26T01:12:28.044652
13863,Max Sur,murtynisha@example.org,Agra,2025-11-16T01:12:28.044652
14015,Hamsini Bir,bhavyapingle@example.com,Amaravati,2025-08-27T01:12:28.044652
17046,Udant Nagi,chaman83@example.net,Bilaspur,2025-10-13T01:12:28.044652
12955,Kai Madan,zayyan32@example.com,Kanpur,2025-10-06T01:12:28.044652
14959,Tanvi Bal,alkabhargava@example.org,Vellore,2025-10-25T01:12:28.044652
15572,Priya Murthy,lekha12@example.com,Tumkur,2025-11-21T01:12:28.044652
13122,Ayushman Kunda,vnath@example.com,Hajipur,2025-08-08T01:12:28.044652
17415,Neelima Vohra,gauranglall@example.com,Ulhasnagar,2025-11-26T01:12:28.044652
13488,Ekalinga Thakur,pratyushdeo@example.net,Visakhapatnam,2025-12-25T01:12:28.044652
16921,Nicholas Natt,raohemal@example.net,Amritsar,2025-11-20T01:12:28.044652
15087,Reyansh Madan,kjhaveri@example.com,Howrah,2025-10-28T01:12:28.044652
13994,Max Loyal,kiaansabharwal@example.com,Amravati,2025-09-03T01:12:28.044652
17040,Nakul Sahni,cvarughese@example.com,Allahabad,2025-08-24T01:12:28.044652
13494,Agastya Sarna,idani@example.net,Ambala,2025-07-29T01:12:28.044652
15861,Lucky Brahmbhatt,joshua41@example.com,Ranchi,2025-11-16T01:12:28.044652
13339,Imaran Misra,yashvi88@example.com,Kochi,2025-12-06T01:12:28.044652
14688,Falan Balay,loganiyengar@example.net,Thane,2025-08-14T01:12:28.044652
13247,David Handa,bmajumdar@example.net,Giridih,2025-12-01T01:12:28.044652
13497,Vinaya Dora,wgola@example.com,Barasat,2025-08-20T01:12:28.044652
12580,Deepa Doshi,routfarhan@example.org,Solapur,2025-08-20T01:12:28.044652
14009,Darpan Kota,rushilprabhakar@example.com,Ichalkaranji,2025-10-26T01:12:28.044652
16117,Mohammed Nanda,khoslasuhani@example.net,Madanapalle,2025-10-05T01:12:28.044652
16102,Oeshi Sura,crege@example.com,Mirzapur,2025-10-27T01:12:28.044652
13893,Harrison Patla,ubail@example.com,Pune,2025-11-16T01:12:28.044652
14566,Bhavani Yadav,bkunda@example.org,Muzaffarpur,2025-08-21T01:12:28.044652
18222,Lohit Raju,omisha76@example.org,Pudukkottai,2025-12-20T01:12:28.044652
17564,Simon Issac,rudra88@example.org,Lucknow,2025-11-18T01:12:28.044652
15709,Shravya Bail,anamika80@example.com,Pimpri-Chinchwad,2025-11-25T01:12:28.044652
18058,Jagdish Chaudhary,ambleanya@example.com,Udupi,2025-09-15T01:12:28.044652
16626,Ekiya Srinivas,bbanerjee@example.org,Vellore,2025-10-07T01:12:28.044652
15483,Yashoda Rajagopal,shivani55@example.net,Jamnagar,2025-10-22T01:12:28.044652
15456,Urmi Bhagat,qhora@example.org,Jodhpur,2025-08-20T01:12:28.044652
18276,Arjun Aggarwal,aggarwalchanakya@example.com,Bettiah,2025-10-28T01:12:28.044652
13560,Chandran Sankaran,finnvenkataraman@example.net,Bidhannagar,2025-11-05T01:12:28.044652
16665,Mason Mangat,chandran39@example.com,Madurai,2025-11-14T01:12:28.044652
12893,Ucchal Chawla,chhabradarsh@example.com,Phusro,2025-11-03T01:12:28.044652
18145,Vedika Sampath,zayyankashyap@example.org,Nagercoil,2025-10-27T01:12:28.044652
15364,Lakshmi Dey,eiravati69@example.com,Gwalior,2025-11-14T01:12:28.044652
15644,Oliver Basak,bchakrabarti@example.org,Tezpur,2025-12-26T01:12:28.044652
12890,Maanav Samra,balanyashodhara@example.net,Vellore,2025-10-28T01:12:28.044652
14995,Jagvi Sachdeva,aradhanasachdeva@example.com,Chittoor,2025-10-08T01:12:28.044652
13402,Parth Vasa,forum47@example.com,Bhusawal,2025-12-02T01:12:28.044652
12872,Henry Reddy,bhanumatigandhi@example.net,Ozhukarai,2025-11-07T01:12:28.044652
12753,Tristan Dalal,gauravprabhakar@example.com,Varanasi,2025-12-16T01:12:28.044652
12762,Zaid Sankaran,ltella@example.org,Nadiad,2025-09-10T01:12:28.044652
17984,Baljiwan Sahota,michaelsandal@example.org,Bhind,2025-11-20T01:12:28.044652
15269,Isaac Sidhu,hayreparth@example.net,Ichalkaranji,2025-11-21T01:12:28.044652
15623,Rachana Jaggi,vrindaramanathan@example.com,Jamalpur,2025-08-28T01:12:28.044652
13655,Janani Lad,gsahni@example.org,Yamunanagar,2025-08-07T01:12:28.044652
14307,Gagan Salvi,manthannayar@example.net,Bongaigaon,2025-09-07T01:12:28.044652
15632,Tanay Sehgal,bansalvansha@example.org,Bhind,2025-08-15T01:12:28.044652
15921,Ekantika Hegde,maya31@example.com,Begusarai,2025-10-30T01:12:28.044652
16287,Jagvi Sagar,kothariadvika@example.com,Varanasi,2025-09-18T01:12:28.044652
13146,Ekani Bir,karangabriel@example.com,Ongole,2025-08-13T01:12:28.044652
14462,Pushti Walla,hredhaan96@example.com,Hosur,2025-09-04T01:12:28.044652
15099,Balvan Ganesan,zilmil04@example.net,Bihar Sharif,2025-12-23T01:12:28.044652
13828,Forum Sarkar,lmohanty@example.com,Bhusawal,2025-11-17T01:12:28.044652
14215,Osha Shanker,charitacheema@example.com,Bhiwandi,2025-09-28T01:12:28.044652
15504,Utkarsh Bhargava,raghavanchaitaly@example.org,Shivpuri,2025-09-10T01:12:28.044652
18106,Krishna Pau,sdave@example.org,Jamalpur,2025-09-09T01:12:28.044652
16156,Andrew Batra,dominicsrinivas@example.net,Aizawl,2025-12-22T01:12:28.044652
15093,Sanya Borde,jacksonbhardwaj@example.org,South Dumdum,2025-10-27T01:12:28.044652
16930,Mahika Krishnamurthy,elijahkunda@example.net,Loni,2025-10-17T01:12:28.044652
15522,Sachi Tandon,bpandit@example.net,Nagpur,2025-09-07T01:12:28.044652
13780,Rajata Nagy,agastya09@example.org,Kozhikode,2025-12-09T01:12:28.044652
17344,Harrison Malhotra,katavrishti@example.org,Moradabad,2025-11-10T01:12:28.044652
16034,Mohammed Chahal,bandinidhi@example.org,Hazaribagh,2025-08-16T01:12:28.044652
16814,Vansha Shroff,shaurya30@example.com,Narasaraopet,2025-12-11T01:12:28.044652
17457,Jackson Patel,harita98@example.com,Tadepalligudem,2025-09-30T01:12:28.044652
13539,Advaith Tella,borradavid@example.com,Visakhapatnam,2025-09-06T01:12:28.044652
18154,Harshil Murthy,pavanibrar@example.com,Malegaon,2025-09-28T01:12:28.044652
18008,Abdul Dora,vyasorinder@example.com,Moradabad,2025-10-03T01:12:28.044652
13566,Mitali Sant,umammen@example.com,Khandwa,2025-08-14T01:12:28.044652
14221,Joshua Mistry,hardikdeep@example.com,Bahraich,2025-10-04T01:12:28.044652
15227,Eesha Raval,januja29@example.com,Bhalswa Jahangir Pur,2025-12-03T01:12:28.044652
15236,Rehaan Randhawa,chopraanirudh@example.com,Bareilly,2025-09-27T01:12:28.044652
16052,Girish Madan,devika05@example.net,Pali,2025-11-26T01:12:28.044652
17365,Aarnav Lad,bobalaashi@example.org,Jalandhar,2025-10-13T01:12:28.044652
15775,Shravya Deshmukh,prisha94@example.org,Dehradun,2025-09-21T01:12:28.044652
18255,Ijaya Mukherjee,mitali53@example.com,Meerut,2025-10-23T01:12:28.044652
14087,Ranbir Kara,siyanarayanan@example.org,Karnal,2025-10-24T01:12:28.044652
13000,Yashodhara Chauhan,simonbains@example.net,Pudukkottai,2025-12-01T01:12:28.044652
13521,Sanya Wadhwa,evarghese@example.com,Darbhanga,2025-12-24T01:12:28.044652
13435,Theodore Rajagopalan,naveen66@example.net,Buxar,2025-11-16T01:12:28.044652
17731,Viraj Rao,matthew38@example.org,Ujjain,2025-08-18T01:12:28.044652
16415,Yasti Nagarajan,memonpooja@example.com,Jodhpur,2025-09-06T01:12:28.044652
16945,Januja Kari,gangadoctor@example.com,Bihar Sharif,2025-09-23T01:12:28.044652
13292,Udarsh Madan,unnisoman@example.com,Bidar,2025-12-21T01:12:28.044652
14578,Lakshit Master,kalavasana@example.org,Bhubaneswar,2025-10-27T01:12:28.044652
17198,Bachittar Dugal,cdatta@example.org,Sri Ganganagar,2025-07-29T01:12:28.044652
12354,Hemangini Shetty,samuel55@example.net,Jamshedpur,2025-10-26T01:12:28.044652
14974,Nathaniel Issac,thakkarlaban@example.net,Dhanbad,2025-12-20T01:12:28.044652
16570,Pooja Bumb,charles51@example.net,Ulhasnagar,2025-10-23T01:12:28.044652
13819,Ganga Ganguly,wnadig@example.com,Bhavnagar,2025-07-29T01:12:28.044652
18282,Ladli Amble,beraharinakshi@example.com,Bhimavaram,2025-09-12T01:12:28.044652
14712,Daksha Koshy,thakerleela@example.net,Bhubaneswar,2025-11-08T01:12:28.044652
14218,Kiaan Savant,oscar80@example.org,Pali,2025-09-30T01:12:28.044652
18112,Tristan Narang,lkurian@example.org,Katihar,2025-10-07T01:12:28.044652
17761,Anvi Devan,mohammed50@example.org,Dhule,2025-08-20T01:12:28.044652
15626,Max Prabhakar,karaahana@example.net,Guwahati,2025-10-06T01:12:28.044652
13167,Naksh Lal,ikshitagera@example.net,Malda,2025-11-08T01:12:28.044652
17728,Vincent Tara,samaksh06@example.net,Bhilai,2025-10-04T01:12:28.044652
17856,Neelima Mital,lila11@example.org,Ramagundam,2025-12-19T01:12:28.044652
13259,Harshil Balan,ayush81@example.net,Kalyan-Dombivli,2025-12-02T01:12:28.044652
14060,Qadim Venkataraman,nihalraj@example.org,Raiganj,2025-09-11T01:12:28.044652
14739,Sudiksha Bassi,balaomkaar@example.net,Dhanbad,2025-11-29T01:12:28.044652
13158,Adweta Batta,puriyuvraj@example.net,Rajpur Sonarpur,2025-10-06T01:12:28.044652
13417,Jairaj Parmar,urvashi08@example.net,Rajahmundry,2025-08-23T01:12:28.044652
13786,Vedika Madan,wsaini@example.com,Mira-Bhayandar,2025-09-26T01:12:28.044652
16025,Mahika Pandya,ayaan61@example.com,Kota,2025-10-01T01:12:28.044652
17213,Noah Chanda,xshankar@example.net,Thane,2025-09-03T01:12:28.044652
16037,Forum Lala,narayananwyatt@example.net,Narasaraopet,2025-08-21T01:12:28.044652
17612,Eesha Ganesan,yashasvi77@example.org,Sirsa,2025-10-08T01:12:28.044652
13429,Unnati Kala,srama@example.org,Tiruppur,2025-09-15T01:12:28.044652
17082,Balvan Khurana,yashodavarkey@example.net,Ballia,2025-10-13T01:12:28.044652
17460,Raghav Raval,wazir17@example.org,Morbi,2025-10-18T01:12:28.044652
16010,Yachana Sama,neha76@example.com,Korba,2025-11-16T01:12:28.044652
15373,Vansha Mitra,zaid13@example.com,Jabalpur,2025-10-26T01:12:28.044652
17859,Pavani Batta,aditya89@example.net,Moradabad,2025-11-21T01:12:28.044652
14852,Upasna Naidu,badamiaarna@example.com,Amravati,2025-10-10T01:12:28.044652
13018,Ayaan Bora,ahluwaliajhalak@example.net,Dhule,2025-11-19T01:12:28.044652
12378,Qushi Bajaj,dateanjali@example.org,Karawal Nagar,2025-08-15T01:12:28.044652
14441,Yutika Suresh,onveerramesh@example.org,Pudukkottai,2025-11-19T01:12:28.044652
18127,Gaurang Bhandari,ibanik@example.org,Naihati,2025-10-27T01:12:28.044652
15766,Samesh Ganguly,varenyasaini@example.net,South Dumdum,2025-08-21T01:12:28.044652
15004,Jasmit Goyal,omkaar04@example.com,Orai,2025-12-05T01:12:28.044652
12884,Sara Karan,ghoshvaishnavi@example.org,Nandyal,2025-10-24T01:12:28.044652
15790,Tanish Viswanathan,anitamody@example.com,Rajpur Sonarpur,2025-10-18T01:12:28.044652
13673,Daksha Hari,wmangal@example.net,Vijayanagaram,2025-11-03T01:12:28.044652
13271,Manthan Mistry,vtella@example.org,Guna,2025-11-29T01:12:28.044652
17359,Kai Dhar,enair@example.com,Ghaziabad,2025-09-04T01:12:28.044652
15754,Triveni Dhillon,mkashyap@example.org,Alwar,2025-09-12T01:12:28.044652
15135,Ranveer Ram,simon08@example.com,Bangalore,2025-11-24T01:12:28.044652
14349,Gautam Brar,jpuri@example.com,Hapur,2025-11-14T01:12:28.044652
13929,Omkaar Loke,devikasani@example.net,Allahabad,2025-10-25T01:12:28.044652
12640,Chaaya Pathak,dev36@example.com,Parbhani,2025-11-18T01:12:28.044652
17844,Gauri Anne,gopal18@example.org,Ozhukarai,2025-11-07T01:12:28.044652
15748,Advika D’Alia,pushti68@example.org,Alwar,2025-08-03T01:12:28.044652
17463,Ekapad Buch,qkaul@example.org,Agartala,2025-08-04T01:12:28.044652
13822,Tanveer Tandon,sundaramcaleb@example.com,Motihari,2025-10-04T01:12:28.044652
17073,Michael Roy,zahluwalia@example.com,Arrah,2025-10-17T01:12:28.044652
12997,Qushi Mangat,mekhala64@example.com,Visakhapatnam,2025-10-26T01:12:28.044652
13518,Agastya Sachdev,kashvi76@example.com,Ratlam,2025-12-15T01:12:28.044652
14054,Sachi Sundaram,vasatikakari@example.org,Khammam,2025-08-03T01:12:28.044652
17582,Aditya Vora,aadhya93@example.net,Sagar,2025-12-13T01:12:28.044652
17719,Yadavi Pau,srandhawa@example.com,Katihar,2025-11-17T01:12:28.044652
13548,Yadavi Lata,csalvi@example.org,Mehsana,2025-08-28T01:12:28.044652
14331,Bishakha Barad,skalla@example.net,Thiruvananthapuram,2025-10-25T01:12:28.044652
16698,Edhitha Sant,nsabharwal@example.org,Dindigul,2025-12-26T01:12:28.044652
15120,Nachiket Lata,omaster@example.com,Gandhinagar,2025-12-07T01:12:28.044652
15397,Advay Dey,cram@example.com,Naihati,2025-11-25T01:12:28.044652
13938,Peter Basu,maanav77@example.net,Silchar,2025-12-04T01:12:28.044652
16406,Hema Pradhan,chaitanya45@example.net,Gaya,2025-12-24T01:12:28.044652
13256,Varsha Bhatia,varmaanmol@example.com,Tenali,2025-12-26T01:12:28.044652
15096,Zehaan Kibe,jagvikala@example.org,Panipat,2025-09-15T01:12:28.044652
15382,Chatura Arya,chowdhurylaksh@example.com,Amritsar,2025-07-31T01:12:28.044652
14840,Turvi Chakraborty,asuresh@example.net,Kumbakonam,2025-10-27T01:12:28.044652
17097,Nathaniel Parekh,lpai@example.net,Phusro,2025-10-29T01:12:28.044652
13950,Arin Minhas,aroramax@example.com,Junagadh,2025-09-07T01:12:28.044652
12381,Ubika Raval,shravyaissac@example.com,Tezpur,2025-12-24T01:12:28.044652
16674,Hitesh Vyas,subramanianhredhaan@example.net,Akola,2025-08-19T01:12:28.044652
12756,Girish Biswas,cheemanandini@example.net,Narasaraopet,2025-08-06T01:12:28.044652
13149,Omisha Jaggi,khannaira@example.net,Ranchi,2025-10-17T01:12:28.044652
14483,Brijesh Sharma,farajdube@example.net,Pali,2025-09-10T01:12:28.044652
15897,Maya Bhat,xupadhyay@example.com,Vijayanagaram,2025-08-18T01:12:28.044652
14700,Siya Krishnan,siddharthsheth@example.org,Jammu,2025-10-20T01:12:28.044652
13911,Bhavika Chakrabarti,mahikadevi@example.com,Parbhani,2025-10-10T01:12:28.044652
16278,Xavier Gera,dakshesh88@example.net,Bhubaneswar,2025-11-30T01:12:28.044652
17219,Frado Kala,janyaram@example.org,Fatehpur,2025-08-10T01:12:28.044652
16951,Peter Dar,ybansal@example.com,Thrissur,2025-10-22T01:12:28.044652
14733,Jagdish Solanki,karpeyamini@example.net,Secunderabad,2025-11-19T01:12:28.044652
15781,Banjeet Butala,farhan88@example.org,Bulandshahr,2025-11-09T01:12:28.044652
14727,Damyanti Bava,yuvraj59@example.com,Jalgaon,2025-09-16T01:12:28.044652
13134,Arin Bhargava,kalpitdatta@example.com,Jaipur,2025-10-20T01:12:28.044652
14873,Hemang Dixit,nicholasrastogi@example.net,Guntur,2025-08-14T01:12:28.044652
16311,Fiyaz Yogi,bajwayutika@example.com,Kumbakonam,2025-12-18T01:12:28.044652
14998,Aadi Sahni,dyalyutika@example.org,Kolkata,2025-09-18T01:12:28.044652
16162,Charvi Keer,wazir21@example.net,Kozhikode,2025-12-16T01:12:28.044652
15260,Yash Sibal,vsodhi@example.com,Sagar,2025-11-12T01:12:28.044652
17320,Mekhala Ganesh,meghamurty@example.org,Chinsurah,2025-09-15T01:12:28.044652
17472,Logan Kalla,fmallick@example.net,Motihari,2025-11-17T01:12:28.044652
16832,Yamini Dasgupta,xkala@example.com,Mirzapur,2025-12-04T01:12:28.044652
13411,Veda Narayanan,janujakhatri@example.net,Khora ,2025-08-07T01:12:28.044652
14438,Sanya Barad,vamakshi81@example.net,Pune,2025-10-25T01:12:28.044652
16969,Vasudha Walia,urastogi@example.org,Chittoor,2025-11-22T01:12:28.044652
13304,Yochana Bose,yochanaviswanathan@example.net,Jaunpur,2025-10-20T01:12:28.044652
14045,Triya Mahal,naksh33@example.org,Erode,2025-10-27T01:12:28.044652
14450,Xiti Purohit,bchaudhari@example.net,Bhatpara,2025-10-02T01:12:28.044652
12619,Maya Warrior,henryswamy@example.org,Solapur,2025-08-24T01:12:28.044652
14965,Darpan Brar,mittalvarenya@example.net,Guntur,2025-11-22T01:12:28.044652
14179,Alexander Mandal,ladlimohanty@example.net,Ozhukarai,2025-09-04T01:12:28.044652
16966,Qushi Trivedi,dinkalpit@example.org,Raebareli,2025-09-21T01:12:28.044652
15108,Hamsini Hari,wardaratti@example.com,Tinsukia,2025-07-30T01:12:28.044652
13667,Pranit Gupta,kundaanita@example.org,Kurnool,2025-08-17T01:12:28.044652
12646,Fitan Apte,chakrabartitripti@example.net,South Dumdum,2025-11-02T01:12:28.044652
16826,Bhavini Kala,pratyushmani@example.org,Nagpur,2025-12-01T01:12:28.044652
14066,Sai Seshadri,praneel83@example.org,Ahmednagar,2025-12-19T01:12:28.044652
14870,Harini Chadha,kamyasachar@example.net,Bhagalpur,2025-08-03T01:12:28.044652
13914,Bishakha Gandhi,hiteshgour@example.net,Jamnagar,2025-08-31T01:12:28.044652
16433,Darsh Boase,akshaydara@example.com,Phagwara,2025-10-08T01:12:28.044652
14090,Lipika Ramesh,vedantchhabra@example.com,Purnia,2025-12-12T01:12:28.044652
16308,Shaurya Bansal,vkarnik@example.net,Avadi,2025-10-27T01:12:28.044652
17338,Benjamin Ahluwalia,meghawalla@example.net,Nagpur,2025-11-01T01:12:28.044652
17323,Wriddhish Gala,siddharthmitra@example.net,Satara,2025-10-21T01:12:28.044652
15355,Yatan Agate,arya20@example.org,Mysore,2025-11-28T01:12:28.044652
15105,Falan Jaggi,grovergirindra@example.com,Amravati,2025-11-30T01:12:28.044652
12476,Kritika Patla,sridharzilmil@example.net,Tadepalligudem,2025-11-16T01:12:28.044652
13140,Zarna Din,solankiwidisha@example.com,Medininagar,2025-08-18T01:12:28.044652
15641,Pushti Arya,zbakshi@example.net,Durgapur,2025-09-23T01:12:28.044652
15129,Krish Bawa,brinda56@example.net,Madhyamgram,2025-11-27T01:12:28.044652
14051,Daniel Thaker,manthanlata@example.com,Agra,2025-08-17T01:12:28.044652
13557,Anirudh Agarwal,rchander@example.com,Jalandhar,2025-10-30T01:12:28.044652
16031,Yashawini Bawa,vwable@example.com,Nagaon,2025-09-14T01:12:28.044652
18118,Neel Thakkar,patelhemang@example.com,Muzaffarnagar,2025-08-09T01:12:28.044652
17469,Isha Hans,eborde@example.net,Solapur,2025-09-03T01:12:28.044652
14212,Patrick Ghose,trivenikhatri@example.com,Bharatpur,2025-10-09T01:12:28.044652
16272,Gopal Ahuja,advik01@example.net,Coimbatore,2025-09-01T01:12:28.044652
16293,Oscar Mani,csastry@example.com,Unnao,2025-12-07T01:12:28.044652
16957,Bina Chana,fhalder@example.org,Bally,2025-08-05T01:12:28.044652
18261,Yashodhara Khare,janya60@example.org,Srinagar,2025-11-06T01:12:28.044652
13810,Praneel Karnik,omitra@example.net,Sonipat,2025-09-17T01:12:28.044652
15531,Aryan Vora,rdeshmukh@example.org,Medininagar,2025-09-01T01:12:28.044652
18139,Advaith Setty,guptabahadurjit@example.net,Tiruppur,2025-11-12T01:12:28.044652
12473,Hema Balakrishnan,hbhatia@example.org,Bhind,2025-08-15T01:12:28.044652
14968,Dakshesh Varghese,chadsamuel@example.net,Nadiad,2025-08-17T01:12:28.044652
15900,Sai Lanka,varugheseagastya@example.net,Vadodara,2025-07-30T01:12:28.044652
16424,Hemang Virk,ishwar48@example.org,Deoghar,2025-11-19T01:12:28.044652
13959,Amrita Wali,anandlopa@example.net,Gandhinagar,2025-09-07T01:12:28.044652
17630,Lopa More,siddharth83@example.net,Chennai,2025-09-09T01:12:28.044652
15891,Kamala Krishnamurthy,qpall@example.net,Ahmednagar,2025-08-10T01:12:28.044652
18249,Tanmayi Mahajan,daniel66@example.net,Panipat,2025-08-12T01:12:28.044652
17466,Hemani Dara,sameshbhagat@example.org,Tirunelveli,2025-09-02T01:12:28.044652
17350,Nikita Viswanathan,golesanya@example.net,Solapur,2025-08-27T01:12:28.044652
17085,Udant Narasimhan,buchamaira@example.net,Sri Ganganagar,2025-12-15T01:12:28.044652
12613,Harish Banerjee,prabhakarria@example.com,Dhanbad,2025-10-07T01:12:28.044652
18136,Hardik Halder,ekantika65@example.org,Siliguri,2025-11-13T01:12:28.044652
16954,Eshana Kashyap,ekiya16@example.com,Machilipatnam,2025-10-15T01:12:28.044652
14709,Gopal Mander,bahlbina@example.org,Hazaribagh,2025-08-11T01:12:28.044652
14185,Arya D’Alia,ichokshi@example.net,Gaya,2025-10-10T01:12:28.044652
16567,Raksha Sem,rajasaumya@example.com,Suryapet,2025-11-17T01:12:28.044652
15620,Abdul Din,berajhalak@example.com,Deoghar,2025-10-22T01:12:28.044652
16013,Raksha Char,asundaram@example.com,Anand,2025-12-25T01:12:28.044652
17237,Jacob Wadhwa,contractordarsh@example.net,Pallavaram,2025-08-29T01:12:28.044652
16427,Girish Raman,mitali72@example.net,Navi Mumbai,2025-10-25T01:12:28.044652
14075,Charan Gokhale,yatanbhagat@example.com,Phagwara,2025-11-06T01:12:28.044652
12732,Waida Soman,sonipanini@example.org,Suryapet,2025-10-17T01:12:28.044652
12479,Yutika Ravi,asethi@example.org,Guntakal,2025-08-27T01:12:28.044652
16418,Nathan Kulkarni,darpanvarughese@example.net,Buxar,2025-09-23T01:12:28.044652
13694,Ekalinga Madan,chadhapranit@example.org,Panipat,2025-09-29T01:12:28.044652
16412,Chandran Pau,balanutkarsh@example.org,Adoni,2025-11-20T01:12:28.044652
13012,Quincy Puri,acharyayasti@example.com,Rajpur Sonarpur,2025-09-24T01:12:28.044652
12759,Oeshi Pant,sodhitarak@example.org,Raipur,2025-11-20T01:12:28.044652
15909,Samuel Nayar,sdasgupta@example.net,Agra,2025-08-18T01:12:28.044652
17591,Jyoti Devan,farasbhasin@example.net,Naihati,2025-10-22T01:12:28.044652
13551,Inaya Hayre,dbadal@example.net,Raichur,2025-09-08T01:12:28.044652
16960,Ekani Dyal,hkapur@example.com,Jhansi,2025-10-17T01:12:28.044652
16823,Anthony Saxena,sgupta@example.net,Dibrugarh,2025-09-09T01:12:28.044652
13801,Urvashi Rattan,nimratsha@example.org,Medininagar,2025-11-23T01:12:28.044652
12863,Parth Raman,arinthaman@example.net,Morbi,2025-08-01T01:12:28.044652
18014,Reyansh Chada,wrideshghosh@example.net,Bharatpur,2025-08-29T01:12:28.044652
16808,Rudra Dutt,yshere@example.com,Jalgaon,2025-12-05T01:12:28.044652
12497,Umang Behl,mbose@example.org,Amravati,2025-09-16T01:12:28.044652
16671,Avni Palla,udatta@example.org,Firozabad,2025-12-25T01:12:28.044652
14078,Zaitra Sami,hbhagat@example.com,Sambalpur,2025-09-10T01:12:28.044652
16835,Ucchal Atwal,minhasria@example.net,Allahabad,2025-09-01T01:12:28.044652
16409,Aradhana Deshpande,ekantikabatta@example.com,Tadipatri,2025-08-01T01:12:28.044652
16963,Kamya Gala,bnarang@example.com,Yamunanagar,2025-12-13T01:12:28.044652
16561,Sara Wali,upkaar43@example.com,Bally,2025-12-01T01:12:28.044652
15516,Tripti Bhardwaj,bakhshibal@example.net,Vellore,2025-08-23T01:12:28.044652
15653,Abha Padmanabhan,gunbir86@example.com,Allahabad,2025-08-26T01:12:28.044652
15376,Guneet Chacko,snagarajan@example.com,Ballia,2025-11-10T01:12:28.044652
13697,Amrita Bora,isaacsinghal@example.org,Nellore,2025-10-27T01:12:28.044652
13262,Widisha Sengupta,bachittar56@example.net,Ghaziabad,2025-09-09T01:12:28.044652
12866,Xiti Menon,venkateshleena@example.net,Kalyan-Dombivli,2025-11-09T01:12:28.044652
17990,Yutika Solanki,sudikshatandon@example.com,Kochi,2025-12-05T01:12:28.044652
18142,Vedhika Parsa,singhkavya@example.net,Sirsa,2025-11-13T01:12:28.044652
16838,Ranbir Sarna,chakradevlall@example.org,Tinsukia,2025-08-25T01:12:28.044652
13670,Omya D’Alia,abdulkaur@example.net,Vadodara,2025-12-18T01:12:28.044652
14474,Chaman Shanker,gsrinivasan@example.org,Chennai,2025-08-11T01:12:28.044652
15510,Eta Parmer,advika40@example.org,Buxar,2025-12-11T01:12:28.044652
16668,Ekbal Chokshi,anmol43@example.net,Allahabad,2025-10-09T01:12:28.044652
17585,Hiral Upadhyay,yjoshi@example.net,Farrukhabad,2025-08-01T01:12:28.044652
12491,Anamika Varty,sankarhemangini@example.com,Kamarhati,2025-10-07T01:12:28.044652
15224,Guneet Iyer,khuranamaya@example.org,Madurai,2025-11-29T01:12:28.044652
16317,Pavani Nazareth,kavya06@example.com,Anantapur,2025-12-03T01:12:28.044652
16150,Darpan Natarajan,ravalisha@example.net,Kalyan-Dombivli,2025-09-11T01:12:28.044652
17454,Aadi Kibe,mohammedmitter@example.net,Baranagar,2025-10-18T01:12:28.044652
17725,Nitara Rana,bhattekapad@example.org,Moradabad,2025-10-23T01:12:28.044652
14480,Sudiksha Venkataraman,nattjairaj@example.org,Miryalaguda,2025-11-16T01:12:28.044652
13536,Hiral Seshadri,warinderkata@example.org,Dhanbad,2025-08-06T01:12:28.044652
17594,Nisha Walia,patrick34@example.com,Moradabad,2025-09-07T01:12:28.044652
17603,Krishna Sen,ohora@example.org,Kavali,2025-10-26T01:12:28.044652
12607,Dalbir Chandran,dipta21@example.org,Asansol,2025-11-01T01:12:28.044652
17874,Manya Yogi,bjhaveri@example.net,Katni,2025-12-15T01:12:28.044652
13265,Oliver Bhavsar,hamsini24@example.net,Bangalore,2025-10-21T01:12:28.044652
17609,Rachit Ranganathan,loyalbalvan@example.com,Bally,2025-11-25T01:12:28.044652
13295,Isaac Kota,toordayita@example.net,Gulbarga,2025-08-27T01:12:28.044652
16948,Charita Gulati,xavier23@example.net,Delhi,2025-12-06T01:12:28.044652
14447,Wridesh Gulati,randhawajanuja@example.net,Chinsurah,2025-10-21T01:12:28.044652
17079,Saumya Bains,sankaranyug@example.net,Mumbai,2025-09-23T01:12:28.044652
16692,Yash Divan,aarushkadakia@example.org,Aurangabad,2025-11-21T01:12:28.044652
12384,Vasudha Narula,aarush24@example.org,Jehanabad,2025-08-12T01:12:28.044652
18270,Brijesh Tata,wriddhishbhalla@example.net,Arrah,2025-08-06T01:12:28.044652
16055,Sachi Chad,mohantychristopher@example.net,Agartala,2025-11-27T01:12:28.044652
12881,Panini Bala,tarya@example.net,Eluru,2025-10-11T01:12:28.044652
12503,Utkarsh Bhatnagar,farasmadan@example.net,Mathura,2025-11-16T01:12:28.044652
17758,Aishani Chandra,krishna01@example.org,Bhilai,2025-09-29T01:12:28.044652
17231,Rishi Dhillon,yamini17@example.org,Khammam,2025-10-18T01:12:28.044652
13396,Samuel Kakar,daliahredhaan@example.org,Chittoor,2025-10-29T01:12:28.044652
15882,Vasudha Morar,sbalasubramanian@example.org,Bharatpur,2025-11-18T01:12:28.044652
15903,Ishita Gara,gabriel89@example.com,Davanagere,2025-09-28T01:12:28.044652
17978,Gautami Narula,rom@example.net,Gulbarga,2025-12-22T01:12:28.044652
15787,Anika Lala,mohantyhritik@example.org,Etawah,2025-08-11T01:12:28.044652
16174,Amol Subramaniam,kparmar@example.net,Mirzapur,2025-11-08T01:12:28.044652
16445,Suhani Gupta,lperi@example.net,Bhilai,2025-09-02T01:12:28.044652
12515,Janaki Sundaram,wagletamanna@example.net,Bathinda,2025-10-06T01:12:28.044652
13953,Chaitaly Soni,shahvrishti@example.org,Munger,2025-10-01T01:12:28.044652
15254,Chavvi Raghavan,baljiwan79@example.com,Gandhidham,2025-10-20T01:12:28.044652
12604,Robert Shenoy,upadhritipalan@example.org,Anand,2025-11-09T01:12:28.044652
16403,Advika Bobal,faris23@example.com,Delhi,2025-10-26T01:12:28.044652
14453,Avi Reddy,lucky26@example.org,Hosur,2025-09-15T01:12:28.044652
12500,Manan Bera,haldertristan@example.net,Aizawl,2025-07-31T01:12:28.044652
17615,Chakradev Jayaraman,ishaan65@example.org,Dhule,2025-10-05T01:12:28.044652
12509,Anirudh Gaba,krishnangirindra@example.org,Nellore,2025-12-08T01:12:28.044652
16820,Bhavini Singh,borahxiti@example.org,Sangli-Miraj & Kupwad,2025-10-06T01:12:28.044652
17737,Ayush Gera,vrittinagarajan@example.com,Shahjahanpur,2025-08-15T01:12:28.044652
15132,Yashoda Rau,soodudyati@example.org,Aizawl,2025-11-08T01:12:28.044652
13524,Ryan Dhillon,ibatta@example.org,Dhanbad,2025-08-16T01:12:28.044652
14861,Xalak Pal,csingh@example.org,Tinsukia,2025-09-20T01:12:28.044652
16448,Yashica Lanka,chaudhrypatrick@example.org,Aurangabad,2025-09-22T01:12:28.044652
17999,Amol Kota,rhayre@example.com,Phusro,2025-08-29T01:12:28.044652
12622,Ayush Anand,aradhana60@example.com,Kamarhati,2025-07-29T01:12:28.044652
12908,Vedhika Bali,wishi89@example.com,Faridabad,2025-11-24T01:12:28.044652
14206,Balveer Varkey,tanish45@example.org,Belgaum,2025-11-14T01:12:28.044652
14340,Rachana Sekhon,utkarshganesh@example.net,Hosur,2025-11-24T01:12:28.044652
18151,Akshay Kuruvilla,lavanyachar@example.org,Bhilwara,2025-08-16T01:12:28.044652
14584,Anthony Kunda,ishaanratti@example.net,Munger,2025-10-14T01:12:28.044652
13283,Jhalak Brahmbhatt,rloyal@example.net,Vijayawada,2025-11-18T01:12:28.044652
16281,Harinakshi Natarajan,ranveershroff@example.org,Tinsukia,2025-08-26T01:12:28.044652
13947,Vedhika Chakrabarti,ishanimurthy@example.net,Orai,2025-09-25T01:12:28.044652
13956,Arjun Datta,krishmanthan@example.net,Bokaro,2025-11-17T01:12:28.044652
12625,Janya Kara,azadkuruvilla@example.org,Pune,2025-10-07T01:12:28.044652
13658,Kashvi Mahal,agoda@example.org,Patiala,2025-11-15T01:12:28.044652
16701,Tanmayi Bassi,diptatank@example.net,Bharatpur,2025-12-12T01:12:28.044652
12363,Sara Saha,omajabahl@example.net,Alwar,2025-11-23T01:12:28.044652
17877,Dominic Chaudry,clad@example.org,Morbi,2025-09-23T01:12:28.044652
13563,Ekbal Bansal,gourhemal@example.net,Nagaon,2025-10-18T01:12:28.044652
17624,Aryan Khosla,hiteshom@example.com,Shivpuri,2025-10-11T01:12:28.044652
17496,Banjeet Wable,devanbarkha@example.com,Imphal,2025-10-19T01:12:28.044652
17975,Daksha Madan,fdate@example.net,Asansol,2025-09-21T01:12:28.044652
17189,Yasti Chowdhury,pgarg@example.com,Bikaner,2025-10-01T01:12:28.044652
13301,Rishi Chawla,halderhardik@example.org,Guna,2025-09-05T01:12:28.044652
15239,Ria Dhar,auroraaradhana@example.net,Sambhal,2025-09-29T01:12:28.044652
12360,Avni Johal,tripti45@example.com,Bhind,2025-12-11T01:12:28.044652
13405,Lakshit Mistry,kalaanirudh@example.com,Kolhapur,2025-11-15T01:12:28.044652
12610,Urvi Bhatnagar,qnayak@example.net,Nagercoil,2025-09-11T01:12:28.044652
13137,Farhan Soman,misranoah@example.com,Jehanabad,2025-11-03T01:12:28.044652
15114,Nirja Sehgal,dgour@example.org,Jorhat,2025-10-22T01:12:28.044652
16817,Lohit Ratta,odhar@example.org,Shimoga,2025-11-21T01:12:28.044652
17329,Ikbal Nayar,cparmar@example.net,Jalandhar,2025-08-26T01:12:28.044652
17987,Yatan Choudhry,otella@example.org,Khammam,2025-09-08T01:12:28.044652
17091,Leela Loke,nitarasachdeva@example.net,Jehanabad,2025-11-14T01:12:28.044652
17621,Nicholas Nazareth,sthakur@example.net,Gandhidham,2025-10-22T01:12:28.044652
13816,Xiti Kibe,rattikabir@example.org,Raipur,2025-12-15T01:12:28.044652
12735,Eshana Prasad,harinigoyal@example.org,Amaravati,2025-08-15T01:12:28.044652
15230,Harsh Sahni,akshaydoctor@example.com,Gudivada,2025-10-30T01:12:28.044652
13408,Jagat Devan,hparikh@example.org,Bhavnagar,2025-12-16T01:12:28.044652
15757,Ganga Kalita,mitesh62@example.net,Ahmedabad,2025-11-15T01:12:28.044652
12643,Peter Ramaswamy,hayerchristopher@example.net,Kavali,2025-10-19T01:12:28.044652
16177,Pavani Nanda,viraj99@example.com,Haridwar,2025-09-17T01:12:28.044652
16558,Arunima Tripathi,ojasvi10@example.org,Karnal,2025-11-27T01:12:28.044652
17734,Dhruv Khurana,ucchal75@example.com,Suryapet,2025-12-21T01:12:28.044652
16829,Libni Oza,hemalbadami@example.org,Varanasi,2025-11-13T01:12:28.044652
14834,Sanya Oak,chokshidev@example.net,Nagercoil,2025-09-30T01:12:28.044652
13170,Dhriti Batra,manitanay@example.net,Guntur,2025-10-06T01:12:28.044652
14188,Triveni Chhabra,qkaur@example.org,Darbhanga,2025-12-20T01:12:28.044652
13280,Ikshita Varty,theodore08@example.com,Kakinada,2025-07-29T01:12:28.044652
12637,Meera Prabhakar,nsandhu@example.org,Surendranagar Dudhrej,2025-10-07T01:12:28.044652
15111,Jyoti Kapoor,raiyoshita@example.org,Gandhidham,2025-12-24T01:12:28.044652
17061,Vanya Sha,zdey@example.net,Ballia,2025-10-20T01:12:28.044652
14569,Watika Buch,ryan93@example.com,Raichur,2025-11-12T01:12:28.044652
17883,Sneha Dara,panini60@example.net,Vasai-Virar,2025-09-14T01:12:28.044652
17588,Osha Dubey,ijayabhattacharyya@example.net,Mango,2025-08-22T01:12:28.044652
16043,Utkarsh Devi,takjairaj@example.org,Bongaigaon,2025-12-25T01:12:28.044652
18246,Tejas Solanki,kashishacharya@example.com,Panvel,2025-10-06T01:12:28.044652
14176,Ekansh Baral,loyalzayan@example.com,Rajkot,2025-10-21T01:12:28.044652
17070,Kalpit Hegde,pranav64@example.org,Kumbakonam,2025-11-27T01:12:28.044652
14048,Deepa Badami,nmukherjee@example.net,Ambarnath,2025-11-13T01:12:28.044652
13033,Neelima Srivastava,sinhaumang@example.org,Muzaffarnagar,2025-07-31T01:12:28.044652
17451,Mekhala Trivedi,manijasmit@example.net,Avadi,2025-11-17T01:12:28.044652
17618,Yahvi Patla,zaitrayadav@example.org,Tiruvottiyur,2025-11-14T01:12:28.044652
16049,Divya Buch,labankhosla@example.com,Rajpur Sonarpur,2025-10-10T01:12:28.044652
15912,Aashi Chaudhry,ekantasavant@example.org,Katihar,2025-11-02T01:12:28.044652
12750,Ryan Vohra,dakshesh47@example.net,Shimoga,2025-10-12T01:12:28.044652
17064,Nitara Chandra,pradhaninaya@example.org,Farrukhabad,2025-09-16T01:12:28.044652
15525,Rajeshri Shanker,ria35@example.net,Shivpuri,2025-11-09T01:12:28.044652
15507,Anjali Mangat,zraja@example.org,Ujjain,2025-09-28T01:12:28.044652
17597,Anjali Issac,enarasimhan@example.com,Coimbatore,2025-11-30T01:12:28.044652
18130,Shivani Prakash,yaminimahajan@example.org,Bhavnagar,2025-12-24T01:12:28.044652
17201,Ijaya Acharya,nazarethayush@example.org,Junagadh,2025-11-10T01:12:28.044652
12518,Samarth Lata,shravyasibal@example.org,Deoghar,2025-12-14T01:12:28.044652
15361,Baljiwan Aggarwal,karanhritik@example.org,Aurangabad,2025-12-25T01:12:28.044652
17076,Laban Thaman,atrivedi@example.org,Vijayawada,2025-10-28T01:12:28.044652
17088,Daniel Balan,henry99@example.com,Alwar,2025-09-02T01:12:28.044652
17481,Gaurangi Mandal,andrewperi@example.net,Jorhat,2025-12-02T01:12:28.044652
17356,Suhani Chandran,chadhaisaiah@example.net,Purnia,2025-09-23T01:12:28.044652
12994,Suhani Nori,amolmalhotra@example.com,Nagaon,2025-10-09T01:12:28.044652
16019,Caleb Kade,balvankakar@example.net,Bihar Sharif,2025-10-05T01:12:28.044652
15793,Oviya Trivedi,jagat76@example.org,Bilaspur,2025-11-05T01:12:28.044652
17234,Simon Sridhar,tsarma@example.org,Ramgarh,2025-10-11T01:12:28.044652
15906,Upma Verma,nkaur@example.org,Pudukkottai,2025-09-22T01:12:28.044652
12506,Udant Prashad,bchana@example.net,Karaikudi,2025-09-25T01:12:28.044652
13682,Sarthak Datta,sidhuyachana@example.com,Surendranagar Dudhrej,2025-10-17T01:12:28.044652
12628,Henry Dada,zansibora@example.com,Parbhani,2025-10-01T01:12:28.044652
13804,Saanvi Sathe,ikbaljayaraman@example.org,Guna,2025-09-04T01:12:28.044652
13792,Riya Mall,sainori@example.com,Rajahmundry,2025-12-09T01:12:28.044652
15257,Daksha Boase,manndaksh@example.org,Erode,2025-09-15T01:12:28.044652
16147,Bachittar Morar,tarya@example.org,Shivpuri,2025-09-13T01:12:28.044652
18133,Upadhriti Singh,bhattiyashoda@example.net,Jalandhar,2025-10-06T01:12:28.044652
17490,Zinal Chada,memonalka@example.org,Dehri,2025-09-16T01:12:28.044652
15245,Bachittar Choudhry,semmadhav@example.net,Ramgarh,2025-08-02T01:12:28.044652
13426,Chavvi Mutti,kallagaurang@example.org,Satara,2025-08-16T01:12:28.044652
16686,Onkar Mahajan,modionkar@example.com,Begusarai,2025-11-19T01:12:28.044652
15251,Arin Barad,dbadami@example.com,Madurai,2025-07-31T01:12:28.044652
14352,Chanchal Chad,ompadmanabhan@example.org,Rajkot,2025-10-23T01:12:28.044652
14081,Ekavir Minhas,avitata@example.com,Tadipatri,2025-11-21T01:12:28.044652
16275,Ikshita Kothari,gokhaleanirudh@example.org,Mangalore,2025-08-19T01:12:28.044652
13268,Chakradev Nori,fgara@example.net,Anand,2025-12-26T01:12:28.044652
15379,Sachi Soman,vrinda53@example.com,Kalyan-Dombivli,2025-12-13T01:12:28.044652
13807,Gabriel Chand,aadhyachoudhury@example.com,Medininagar,2025-09-26T01:12:28.044652
16016,Mahika Grewal,ati78@example.com,Raiganj,2025-09-08T01:12:28.044652
15266,Lohit Amble,rudradyal@example.com,Sasaram,2025-08-21T01:12:28.044652
18011,Oeshi Ganesh,gollamaanas@example.com,Bhilai,2025-10-24T01:12:28.044652
16841,Eesha Hans,bhavsarakshay@example.net,Siwan,2025-09-05T01:12:28.045227
13932,Chandran Chana,surichakradhar@example.net,Muzaffarnagar,2025-10-12T01:12:28.045227
17749,Karan Bhavsar,ykara@example.net,Salem,2025-12-25T01:12:28.045227
15769,Aishani Bahl,udube@example.net,Dibrugarh,2025-09-18T01:12:28.045227
15123,Zinal Muni,fariqdube@example.net,Kozhikode,2025-11-11T01:12:28.045227
15370,Qabil Halder,balendraganesh@example.org,Cuttack,2025-07-30T01:12:28.045227
16579,Gagan Chawla,dugarpavani@example.net,Bhubaneswar,2025-11-21T01:12:28.045227
13533,Eiravati Khurana,doshiviraj@example.org,Ahmednagar,2025-08-21T01:12:28.045227
16689,Pranit Ramaswamy,msoman@example.com,Siliguri,2025-12-16T01:12:28.045227
15528,Devika Sama,januja79@example.org,Karaikudi,2025-11-01T01:12:28.045227
13003,Rushil Gala,bahadurjitmajumdar@example.org,Aizawl,2025-09-14T01:12:28.045227
14745,Tristan Saini,chamanmajumdar@example.com,Mehsana,2025-12-19T01:12:28.045227
13021,Advik Shanker,bhavini49@example.org,Khora ,2025-09-02T01:12:28.045227
13652,Xalak Wagle,nicholasgoswami@example.com,Rourkela,2025-10-28T01:12:28.045227
13420,Anay Sangha,dpal@example.com,Guntakal,2025-11-25T01:12:28.045227
17094,Dayamai Baria,manyaswaminathan@example.org,Proddatur,2025-10-09T01:12:28.045227
13155,Yashica Borde,wazir64@example.net,Jabalpur,2025-12-04T01:12:28.045227
12372,Alka Dar,balanchaman@example.net,Anand,2025-11-24T01:12:28.045227
16159,Bina Khurana,eiravati79@example.com,Gurgaon,2025-09-07T01:12:28.045227
16141,Faqid Kota,simon11@example.net,Saharsa,2025-12-05T01:12:28.045227
17100,Madhavi Sabharwal,hema79@example.com,Imphal,2025-10-10T01:12:28.045227
16936,Ranbir Khalsa,rajeshrilad@example.com,Jammu,2025-12-26T01:12:28.045227
16573,Janya Nazareth,ekajakothari@example.org,Anand,2025-09-19T01:12:28.045227
17475,Triveni Wadhwa,sakshamkanda@example.com,Satna,2025-09-24T01:12:28.045227
16442,Rajata Kashyap,vartyoliver@example.net,Varanasi,2025-12-15T01:12:28.045227
17204,Advay Mahajan,baljiwanseth@example.org,Deoghar,2025-12-20T01:12:28.045227
14465,Nirja Bajaj,vguha@example.net,Kavali,2025-08-15T01:12:28.045227
14855,Onveer Dhar,khannasai@example.com,Jabalpur,2025-09-28T01:12:28.045227
16153,Xavier Setty,ibaral@example.net,Katni,2025-08-04T01:12:28.045227
13414,Jyoti Goswami,ypau@example.net,Tadipatri,2025-11-05T01:12:28.045227
13527,Theodore Chhabra,ekalinga35@example.org,Pallavaram,2025-08-15T01:12:28.045227
16933,Yahvi Tata,rishi32@example.com,Panvel,2025-11-21T01:12:28.045227
14587,Yashvi Thakkar,yaminibava@example.org,Ranchi,2025-11-12T01:12:28.045227
12747,Yadavi Mann,ekanshloyal@example.com,Bidhannagar,2025-10-31T01:12:28.045227
17353,Dhruv Golla,radhachoudhury@example.net,Burhanpur,2025-09-22T01:12:28.045227
12488,Wyatt More,oniben@example.com,Sasaram,2025-10-19T01:12:28.045227
18240,Netra Khare,alal@example.org,Loni,2025-08-02T01:12:28.045227
17892,Veer Salvi,girindrajaggi@example.net,Hindupur,2025-11-09T01:12:28.045227
13923,Nicholas Gade,upasnade@example.com,Gorakhpur,2025-12-20T01:12:28.045227
14459,Charita Korpal,raucharles@example.com,Delhi,2025-11-15T01:12:28.045227
13173,Veda Datta,qkoshy@example.com,Vasai-Virar,2025-12-14T01:12:28.045227
17889,Jason Kade,gangajani@example.com,Hazaribagh,2025-12-16T01:12:28.045227
17228,Aarnav Bajaj,harinakshi06@example.net,Patiala,2025-09-16T01:12:28.045227
17600,Aadi Singhal,liamdixit@example.com,Salem,2025-08-26T01:12:28.045227
15385,Chameli Sandal,jacobparmar@example.org,Haldia,2025-12-24T01:12:28.045227
17722,Zinal Arora,aadikrishna@example.net,Mirzapur,2025-09-05T01:12:28.045227
14730,Zayan Kalla,kuruvillayagnesh@example.net,Farrukhabad,2025-10-06T01:12:28.045227
15400,Zilmil Tiwari,isaacwali@example.net,Kulti,2025-10-05T01:12:28.045227
16942,Eesha Bhardwaj,omajabhandari@example.net,Singrauli,2025-10-12T01:12:28.045227
13277,Chanakya Barad,idalal@example.com,Ghaziabad,2025-09-24T01:12:28.045227
13685,Ubika Hayer,hema53@example.net,Amravati,2025-10-18T01:12:28.045227
13798,Niharika Kurian,singhmahika@example.net,Nadiad,2025-08-06T01:12:28.045227
18273,Simon Krishna,turvi88@example.com,Chapra,2025-10-14T01:12:28.045227
14191,Qadim Kapur,yatinmane@example.org,Bhilai,2025-08-19T01:12:28.045227
14334,Chandran Gara,groverchanakya@example.net,Raiganj,2025-08-18T01:12:28.045227
13006,Ethan Agrawal,leena58@example.org,Raichur,2025-12-09T01:12:28.045227
12601,Charan Saha,advay81@example.com,Aligarh,2025-12-03T01:12:28.045227
17058,Samaksh Kamdar,chandanibarad@example.com,Sri Ganganagar,2025-10-26T01:12:28.045227
12616,Qabil Bose,simon50@example.org,Noida,2025-09-07T01:12:28.045227
16302,Ekaja Natt,kritikasekhon@example.com,Madurai,2025-08-12T01:12:28.045227
13649,Ridhi Lala,yoshita54@example.net,Sonipat,2025-09-16T01:12:28.045227
15638,Chakrika Ahluwalia,vrishti76@example.net,Anantapuram,2025-10-27T01:12:28.045227
16680,Bhavika Rai,urvisetty@example.net,Noida,2025-11-02T01:12:28.045227
16552,Ayush Karan,yugrao@example.org,Thrissur,2025-10-03T01:12:28.045227
13161,Jonathan Vala,yashoda47@example.net,Eluru,2025-07-29T01:12:28.045227
15885,Xiti Hans,rajeshribarad@example.net,Coimbatore,2025-09-18T01:12:28.045227
12512,Amara Sharaf,cbhagat@example.net,Tezpur,2025-11-10T01:12:28.045227
17368,Upkaar Panchal,vincentanand@example.com,Berhampore,2025-11-01T01:12:28.045227
14715,Kiaan Sarma,pratyushbarad@example.org,Ramgarh,2025-10-17T01:12:28.045227
12738,Quincy Vig,timothy74@example.com,Chinsurah,2025-12-09T01:12:28.045227
16183,Vivaan Bhardwaj,anmolkrishnamurthy@example.org,Sagar,2025-10-02T01:12:28.045227
16546,Yuvraj Date,aahanamajumdar@example.org,Sultan Pur Majra,2025-10-19T01:12:28.045227
16927,Ganga Modi,acharyashravya@example.org,Karimnagar,2025-08-18T01:12:28.045227
16144,Shaurya Mander,ioza@example.com,Jaunpur,2025-09-25T01:12:28.045227
17880,Hemal Basak,yaminidhaliwal@example.com,Ramagundam,2025-08-04T01:12:28.045227
17347,Mitali Butala,chadhaojasvi@example.com,Katihar,2025-09-02T01:12:28.045227
12744,Bhavika Ramanathan,brahmbhattmanan@example.net,Siwan,2025-10-19T01:12:28.045227
13941,Chaitaly Bali,samaksh75@example.com,Saharanpur,2025-08-10T01:12:28.045227
18005,Omaja Guha,balakrishnancharita@example.net,Khandwa,2025-11-15T01:12:28.045227
14971,Atharv Chaudry,saninitesh@example.net,Raiganj,2025-10-14T01:12:28.045227
12357,Geetika Keer,ronithrau@example.net,Nellore,2025-11-05T01:12:28.045227
14057,Ojasvi Doctor,theodore80@example.net,Silchar,2025-10-03T01:12:28.045227
17850,Kevin Badami,ranaindira@example.org,Coimbatore,2025-12-08T01:12:28.045227
16186,Zayan Sen,mitali28@example.org,Aizawl,2025-08-01T01:12:28.045227
15498,Gautam Rajagopal,ranbir04@example.com,Rajpur Sonarpur,2025-11-27T01:12:28.045227
12902,Wyatt Lata,ridhichowdhury@example.org,Gaya,2025-09-28T01:12:28.045227
16022,Lakshit Toor,jkar@example.net,Jehanabad,2025-08-04T01:12:28.045227
12494,Elijah Bal,ucchal91@example.net,Guna,2025-12-14T01:12:28.045227
16555,Matthew Mangat,hayrekamala@example.net,Muzaffarpur,2025-08-03T01:12:28.045227
13390,Aarush Dash,vritticontractor@example.com,Yamunanagar,2025-08-27T01:12:28.045227
16430,Arjun Reddy,jairaj73@example.org,Durg,2025-12-03T01:12:28.045227
13027,Abdul Swaminathan,sbhavsar@example.com,Amroha,2025-08-07T01:12:28.045227
15918,Aarna Goswami,shroffshivani@example.com,Patna,2025-11-12T01:12:28.045227
17862,Warinder Patel,boasearin@example.net,Hazaribagh,2025-12-15T01:12:28.045227
15489,Ekalinga Jayaraman,quincyborah@example.com,Shivpuri,2025-09-25T01:12:28.045227
14209,Rachita Badami,battalakshmi@example.net,Pudukkottai,2025-10-23T01:12:28.045227
13917,Aarav Kurian,jchaudhry@example.com,Sangli-Miraj & Kupwad,2025-08-12T01:12:28.045227
16040,Naksh Handa,utkarsh96@example.org,Thiruvananthapuram,2025-12-09T01:12:28.045227
14837,Kashvi Nanda,vedhika18@example.net,Salem,2025-11-06T01:12:28.045227
13298,Brinda Raghavan,qushi18@example.com,Alwar,2025-12-08T01:12:28.045227
17886,Yashvi Atwal,aahana76@example.net,Vijayawada,2025-09-24T01:12:28.045227
14849,Guneet Saxena,falakmenon@example.com,Bangalore,2025-11-18T01:12:28.045227
12875,Arin Kale,rrajagopalan@example.com,Karawal Nagar,2025-12-21T01:12:28.045227
15888,Varenya Manda,rattanchaitaly@example.net,Dehradun,2025-09-13T01:12:28.045227
16710,Riya Saran,srinivasanamruta@example.net,Jamalpur,2025-10-04T01:12:28.045227
17752,Ayush Soni,ekaraj01@example.org,Kolkata,2025-12-20T01:12:28.045227
15367,Udant Vaidya,bray@example.net,Buxar,2025-08-10T01:12:28.045227
13131,Charita Kata,sawhneyvictor@example.org,Rajpur Sonarpur,2025-10-31T01:12:28.045227
15513,Panini Solanki,deepsanaya@example.com,Tirupati,2025-08-03T01:12:28.045227
12375,Nakul Lanka,jbalay@example.org,Chennai,2025-11-11T01:12:28.045227
15117,Dev Kakar,indrajit11@example.org,Thrissur,2025-11-15T01:12:28.045227
16796,Nikita Bhat,karanhayer@example.net,Sagar,2025-09-23T01:12:28.045227
12649,Nihal Wable,ethanmagar@example.org,Ahmedabad,2025-12-26T01:12:28.045227
18017,Jonathan Parmar,chowdhurychatura@example.net,Kolkata,2025-09-21T01:12:28.045227
18252,Aadhya Pall,bkohli@example.com,Madanapalle,2025-10-03T01:12:28.045227
14346,Nathaniel Pathak,hpatla@example.org,Gorakhpur,2025-11-02T01:12:28.045227
12631,Udyati Varty,vihaan54@example.org,Kalyan-Dombivli,2025-08-27T01:12:28.045227
15388,Avi Memon,diya76@example.net,Gurgaon,2025-11-27T01:12:28.045227
14194,Joshua Mohan,olivernarayanan@example.com,Bharatpur,2025-11-03T01:12:28.045227
15492,Ishita Kakar,ekaraj83@example.org,Bhimavaram,2025-11-24T01:12:28.045227
17341,Qushi Kumar,xchand@example.net,Danapur,2025-08-18T01:12:28.045227
13015,Chameli Konda,william77@example.com,Bijapur,2025-09-08T01:12:28.045227
14477,Mohammed Sarraf,ucchaldhaliwal@example.net,Siliguri,2025-09-23T01:12:28.045227
15007,Parth Khurana,daniyochana@example.com,Jalgaon,2025-11-17T01:12:28.045227
15763,Chavvi Baria,elijahdevi@example.org,Indore,2025-11-21T01:12:28.045227
17865,Pahal Joshi,chaman25@example.com,Pudukkottai,2025-11-04T01:12:28.045227
14456,Darpan Kaul,yagneshkari@example.net,Jaunpur,2025-09-20T01:12:28.045227
16811,Ronith Swamy,tejas31@example.net,Anantapuram,2025-08-03T01:12:28.045227
16284,Darpan De,turvisangha@example.net,Mehsana,2025-12-06T01:12:28.045227
16180,Laksh Bhakta,jonathandada@example.com,Tinsukia,2025-08-26T01:12:28.045227
18237,Manbir Vala,aviwadhwa@example.net,Ambarnath,2025-09-27T01:12:28.045227
14703,Madhav Kaur,fnagar@example.com,Dharmavaram,2025-11-16T01:12:28.045227
15263,Ekapad Gokhale,ekajadhawan@example.org,Bharatpur,2025-09-02T01:12:28.045227
14581,Darsh Ganguly,yamini25@example.net,Patiala,2025-08-20T01:12:28.045227
18121,Janaki Barad,ykibe@example.org,Indore,2025-10-05T01:12:28.045227
16805,Unni Sama,baghyawatipatla@example.com,Anand,2025-08-28T01:12:28.045227
14593,Veda Dhingra,lrege@example.net,Kochi,2025-09-04T01:12:28.045227
13030,Naveen Varghese,warrioryashvi@example.com,Ghaziabad,2025-08-19T01:12:28.045227
16168,Anusha Patla,avni01@example.com,Kanpur,2025-10-01T01:12:28.045227
14572,Osha Randhawa,oliver47@example.org,Farrukhabad,2025-08-12T01:12:28.045227
17499,Maya Puri,maniupkaar@example.org,Ichalkaranji,2025-10-28T01:12:28.045227
15656,Chakradhar Mukhopadhyay,chandrannaik@example.net,Silchar,2025-10-23T01:12:28.045227
17871,Vinaya Handa,dayita20@example.com,Jodhpur,2025-08-02T01:12:28.045227
17746,Vihaan Sathe,sakshamkapur@example.org,Fatehpur,2025-10-02T01:12:28.045227
17362,Madhav Raja,minhasikshita@example.org,Bellary,2025-09-06T01:12:28.045227
16549,Omya Patla,nidravala@example.net,Ahmedabad,2025-10-31T01:12:28.045227
16171,Gunbir Swamy,wahabreddy@example.org,Gangtok,2025-10-27T01:12:28.045227
15659,Yamini Vasa,hbhat@example.org,Munger,2025-12-10T01:12:28.045227
13926,Charan Borah,krishsarin@example.net,Shimla,2025-11-29T01:12:28.045227
16305,George Mandal,hemanginivarty@example.com,South Dumdum,2025-11-10T01:12:28.045227
15358,Kalpit Chand,advaymaster@example.org,Kamarhati,2025-09-01T01:12:28.045227
13813,Hitesh Saraf,harrisonjhaveri@example.org,Durg,2025-09-04T01:12:28.045227
15894,Gaurav Khalsa,bhardwajkavya@example.net,Etawah,2025-11-17T01:12:28.045227
14962,Krisha Khosla,yadavinazareth@example.org,Lucknow,2025-10-04T01:12:28.045227
14608,Manthan Manda,pantanamika@example.org,Mumbai,2025-11-05T01:12:28.045227
17716,Rohan Khare,nirja24@example.org,Ramagundam,2025-10-09T01:12:28.045227
12348,Raksha Venkatesh,lopabrar@example.org,Sonipat,2025-12-02T01:12:28.045227
12878,Bina Vaidya,reddysarthak@example.org,Chinsurah,2025-11-29T01:12:28.045227
14867,Pallavi Narain,vinaya71@example.org,Rajpur Sonarpur,2025-11-20T01:12:28.045227
15394,Diya Peri,eiravati15@example.com,Mangalore,2025-09-24T01:12:28.045227
18109,Chanakya Varughese,panditlekha@example.net,Tiruvottiyur,2025-10-23T01:12:28.045227
17222,Samuel Bail,riyabava@example.net,Hyderabad,2025-08-26T01:12:28.045227
14114,Urmi Gokhale,ibawa@example.net,Latur,2025-11-02T01:12:28.045227
12664,Noah Raghavan,vermabhanumati@example.org,Siwan,2025-08-25T01:12:28.045227
16225,Jatin Nanda,vidhi43@example.net,Thanjavur,2025-09-03T01:12:28.045227
16097,Fitan Sem,xkonda@example.com,Saharanpur,2025-09-06T01:12:28.045227
17785,Raksha Cherian,nagyirya@example.com,Khandwa,2025-09-27T01:12:28.045227
14242,Zaitra Babu,lnarayan@example.org,Thiruvananthapuram,2025-12-08T01:12:28.045227
14126,Gauri Mahajan,xkalita@example.org,Moradabad,2025-08-26T01:12:28.045227
15308,Orinder Gulati,karnikubika@example.net,Patiala,2025-12-07T01:12:28.045227
15147,Timothy Palla,rmukherjee@example.com,Ranchi,2025-09-29T01:12:28.045227
14522,Sanya Nath,manbirpalla@example.com,Srinagar,2025-09-16T01:12:28.045227
13581,Yug Kurian,dnarain@example.org,Gurgaon,2025-11-27T01:12:28.045227
17502,Yashodhara Sathe,daraanirudh@example.org,Nagpur,2025-08-06T01:12:28.045227
15930,Shravya Tiwari,xitinagy@example.org,Noida,2025-12-20T01:12:28.045227
13614,Daksh Babu,chaitanya14@example.net,Gudivada,2025-08-27T01:12:28.045227
13316,Timothy Bath,nitesh84@example.org,Dehri,2025-11-30T01:12:28.045227
16356,Chandani Thaker,damyantisachdeva@example.net,Ballia,2025-08-22T01:12:28.045227
13858,William Chaudhari,nmukhopadhyay@example.com,Avadi,2025-10-03T01:12:28.045227
12432,Unni Bandi,agastyabasak@example.org,Avadi,2025-08-19T01:12:28.045227
15156,Radhika Srinivas,brarjagvi@example.com,Mango,2025-10-16T01:12:28.045227
13846,Hamsini Madan,damyanti75@example.org,Sasaram,2025-12-19T01:12:28.045227
14233,Jeevika Sanghvi,nsarma@example.com,Hubli–Dharwad,2025-10-06T01:12:28.045227
15692,Kamya Rau,masoncherian@example.com,Naihati,2025-08-24T01:12:28.045227
15573,Ayushman Dugar,mannrachita@example.net,Rourkela,2025-09-15T01:12:28.045227
15436,Sneha Bhatti,maanasramanathan@example.net,Jehanabad,2025-12-13T01:12:28.045227
12828,Ethan Bahl,cthaker@example.com,Ambarnath,2025-12-22T01:12:28.045227
17505,Faqid Acharya,samar09@example.org,Gurgaon,2025-11-23T01:12:28.045227
12530,Wakeeta Kaur,doshiati@example.com,Vasai-Virar,2025-11-24T01:12:28.045227
14638,Oscar Ghosh,viswanathansai@example.com,Hajipur,2025-10-09T01:12:28.045227
14248,Krishna Mahajan,tiwariaashi@example.org,Dibrugarh,2025-12-11T01:12:28.045227
17547,Reyansh Savant,narayanchaaya@example.net,New Delhi,2025-12-15T01:12:28.045227
15034,Sathvik Bhagat,rachita46@example.net,Nadiad,2025-10-31T01:12:28.045227
15281,Edhitha Sridhar,bsastry@example.org,Mirzapur,2025-08-14T01:12:28.045227
16085,Tripti Iyer,yaminivala@example.net,Amroha,2025-09-29T01:12:28.045227
13995,Rehaan Bhardwaj,rpurohit@example.com,Narasaraopet,2025-11-18T01:12:28.045227
14748,Zayan Borra,netra04@example.com,Udaipur,2025-08-12T01:12:28.045227
17651,Patrick Sridhar,hritikmurthy@example.net,Varanasi,2025-10-31T01:12:28.045227
14108,Harsh Mallick,anaychatterjee@example.org,Baranagar,2025-09-15T01:12:28.045227
17779,Quincy Sharaf,utkarshdeol@example.com,Siliguri,2025-08-26T01:12:28.045227
14888,Yochana Parmer,imand@example.com,Srinagar,2025-12-19T01:12:28.045227
16621,Aashi Karpe,falguni35@example.net,Raipur,2025-08-13T01:12:28.045227
12917,Udarsh Mann,krishnamichael@example.net,Siwan,2025-12-15T01:12:28.045227
13983,Mekhala Shanker,rkalla@example.com,Durg,2025-11-10T01:12:28.045227
18032,Qarin Walia,rushil46@example.net,Firozabad,2025-09-05T01:12:28.045227
15272,Kevin Toor,zayansinha@example.net,Pallavaram,2025-11-03T01:12:28.045227
14903,Veda Dutta,trattan@example.net,Saharanpur,2025-09-01T01:12:28.045227
17666,Nidhi Cherian,odayal@example.org,North Dumdum,2025-07-30T01:12:28.045227
16984,Upma Venkataraman,urmi15@example.org,Bijapur,2025-08-27T01:12:28.045227
16460,Wridesh Batra,unagi@example.org,Korba,2025-10-18T01:12:28.045227
16755,Rachita Bawa,mugdha50@example.net,Erode,2025-09-09T01:12:28.045227
17636,Daniel Thakkar,vamakshi57@example.com,Karaikudi,2025-10-07T01:12:28.045227
15802,Kamya Shetty,williamchahal@example.org,Hazaribagh,2025-08-13T01:12:28.045227
16073,Jason Loyal,leelaborde@example.net,Aizawl,2025-08-10T01:12:28.045227
14891,Osha Bhavsar,arin13@example.org,Noida,2025-08-06T01:12:28.045227
15963,Rushil Sibal,ozabaljiwan@example.org,Bulandshahr,2025-11-23T01:12:28.045227
16850,Kashvi Sehgal,wallasanya@example.org,Bharatpur,2025-11-25T01:12:28.045227
13340,Bhavna Choudhary,shukladakshesh@example.com,Deoghar,2025-12-11T01:12:28.045227
16454,Hemang Khosla,nsekhon@example.org,Amravati,2025-08-23T01:12:28.045227
14236,Lucky Batta,rsha@example.com,Guwahati,2025-12-05T01:12:28.045227
14894,Panini Sharma,vnaik@example.org,Ludhiana,2025-12-06T01:12:28.045227
13739,Ekalinga Venkataraman,niyer@example.org,Kurnool,2025-08-25T01:12:28.045227
12673,Ryan Mukherjee,ndevi@example.com,Pune,2025-09-15T01:12:28.045227
17663,Aashi Varghese,masterupma@example.net,Rajahmundry,2025-11-29T01:12:28.045227
15031,Gaurang Kanda,birvictor@example.org,Imphal,2025-09-05T01:12:28.045227
13962,Rohan Bajwa,dhritidin@example.net,Latur,2025-08-30T01:12:28.045227
14924,Jackson Comar,ghoshamara@example.org,Uluberia,2025-12-03T01:12:28.045227
14239,Farhan Dara,onveer66@example.org,Jodhpur,2025-09-16T01:12:28.045227
12539,Jasmit Yogi,trivediwishi@example.org,Uluberia,2025-09-06T01:12:28.045227
15174,Pratyush Wali,mhayer@example.net,Malda,2025-10-11T01:12:28.045227
16213,Rehaan Ramakrishnan,vvasa@example.net,Unnao,2025-09-20T01:12:28.045227
13307,Abhimanyu Balakrishnan,zaitra65@example.com,Thoothukudi,2025-09-08T01:12:28.045227
12947,Edhitha Kumar,forum36@example.net,Chittoor,2025-11-29T01:12:28.045227
17523,Onkar Ramanathan,ubika32@example.com,Begusarai,2025-11-25T01:12:28.045227
14793,Pooja Sarna,ramachandranveer@example.net,Guntakal,2025-10-31T01:12:28.045227
16347,Yashvi Panchal,thamanaarush@example.net,Gandhinagar,2025-11-26T01:12:28.045227
12551,Wishi Dugal,randra@example.com,Bhiwani,2025-09-20T01:12:28.045227
12652,Gaurika Bhat,oeshichad@example.com,Hospet,2025-09-22T01:12:28.045227
13587,Anamika Guha,ishaanvala@example.net,Thanjavur,2025-12-26T01:12:28.045227
14251,Irya Bahri,deshmukhbalhaar@example.org,Sikar,2025-10-16T01:12:28.045227
13066,Jackson Mukherjee,qbhat@example.com,Vijayawada,2025-09-13T01:12:28.045227
12527,Anmol Mallick,krishnanishaan@example.net,Srikakulam,2025-12-17T01:12:28.045227
16713,Neha Rana,brijesh37@example.net,Chandigarh,2025-09-25T01:12:28.045227
16353,Advay Chada,pranitpai@example.net,Katihar,2025-08-11T01:12:28.045227
13477,Abha Mangal,xrattan@example.org,Mira-Bhayandar,2025-11-30T01:12:28.045227
15406,Bimala Dutt,riyamisra@example.com,Gorakhpur,2025-09-01T01:12:28.045227
13712,Sneha Zachariah,snarula@example.com,Thane,2025-12-24T01:12:28.045227
17404,Urishilla Badami,anjali35@example.net,Ambarnath,2025-08-30T01:12:28.045227
16222,Kritika Balasubramanian,amritagala@example.com,Bally,2025-10-16T01:12:28.045227
16326,Anmol Brahmbhatt,jananijhaveri@example.net,Raichur,2025-10-11T01:12:28.045227
14626,Luke Singh,fgrover@example.com,Alappuzha,2025-12-16T01:12:28.045227
17148,Chanchal Nagarajan,pushtisood@example.com,Ghaziabad,2025-12-14T01:12:28.045227
17011,Parth Ramaswamy,ishanvi33@example.com,Delhi,2025-09-23T01:12:28.045227
14364,Wakeeta Palla,usoman@example.com,Bidhannagar,2025-08-22T01:12:28.045227
17520,Anay Jani,daniel73@example.com,Bikaner,2025-08-07T01:12:28.045227
15948,Wridesh Naidu,orinderbanik@example.net,Salem,2025-11-23T01:12:28.045227
17538,Udant Dugar,ymaster@example.com,Kishanganj,2025-10-18T01:12:28.045227
16457,Luke Prashad,nehachoudhary@example.org,Thane,2025-09-04T01:12:28.045227
16618,Falak Karpe,upkaar96@example.com,Sri Ganganagar,2025-10-11T01:12:28.045227
16338,Nidhi Kamdar,snehasankaran@example.com,Chinsurah,2025-09-24T01:12:28.045227
18050,Dominic Saini,wreddy@example.org,Jorhat,2025-08-05T01:12:28.045227
16996,Pratyush Kata,omyaroy@example.org,Ahmedabad,2025-10-19T01:12:28.045227
15811,Odika Barman,panini62@example.net,Hospet,2025-08-23T01:12:28.045227
14257,Gaurangi Subramanian,pratyushranganathan@example.org,Akola,2025-11-14T01:12:28.045227
17124,Jhalak Nadkarni,maanav15@example.com,Thanjavur,2025-11-05T01:12:28.045227
18184,Chaitaly Mutti,lallbachittar@example.net,Chandigarh,2025-12-13T01:12:28.045227
13069,Jatin Shah,chandranjain@example.net,Haldia,2025-08-28T01:12:28.045227
17770,Shaurya Mukherjee,thakkaraishani@example.org,Jodhpur,2025-08-02T01:12:28.045227
13194,Hardik Ramaswamy,venkateshkritika@example.net,Gandhinagar,2025-10-16T01:12:28.045227
15841,Bhavya Das,sarmaekalinga@example.net,Rohtak,2025-09-19T01:12:28.045227
15421,Udarsh Bose,adua@example.com,Ranchi,2025-12-09T01:12:28.045227
15412,Orinder Karnik,vritti64@example.org,Giridih,2025-12-21T01:12:28.045227
13352,Yadavi Varma,rprakash@example.org,Proddatur,2025-12-05T01:12:28.045227
17279,Gaurika Soni,jgoyal@example.net,Kolkata,2025-08-30T01:12:28.045227
13090,Udyati Dara,ambleyuvraj@example.net,Kadapa,2025-08-29T01:12:28.045227
15016,Bhavini Palla,palljagat@example.org,Bangalore,2025-10-06T01:12:28.045227
15835,Varsha Chana,radha63@example.org,Sultan Pur Majra,2025-08-21T01:12:28.045227
15561,Arunima Nayak,kashvibajwa@example.org,Bulandshahr,2025-10-28T01:12:28.045227
17109,Raksha Gupta,vidhibera@example.com,Panchkula,2025-08-26T01:12:28.045227
18160,Zarna Morar,venkateshxavier@example.org,Ratlam,2025-08-26T01:12:28.045227
14915,Adweta Basak,nimratmani@example.net,Barasat,2025-10-08T01:12:28.045227
17788,Rajeshri Chaudhry,nachiketsuri@example.com,Aurangabad,2025-12-14T01:12:28.045227
15796,Yochana Sastry,ranbirbahri@example.com,Kochi,2025-08-19T01:12:28.045227
15823,Lavanya Mandal,oeshivasa@example.com,Pondicherry,2025-08-25T01:12:28.045227
15159,Oliver Maharaj,dpau@example.org,Motihari,2025-10-27T01:12:28.045227
14379,Warda Mukherjee,sbehl@example.net,North Dumdum,2025-09-05T01:12:28.045227
14507,Ekalinga Lad,jkapur@example.org,Guwahati,2025-08-17T01:12:28.045227
13736,Neelima Sangha,ikbaldutta@example.net,Bally,2025-12-10T01:12:28.045227
13441,Devika Chandra,darpan22@example.net,Ghaziabad,2025-12-18T01:12:28.045227
14129,Simon Golla,dev58@example.net,Danapur,2025-09-20T01:12:28.045227
12920,Gaurang Dara,pallabarkha@example.org,Mathura,2025-09-08T01:12:28.045227
13974,Hema Setty,yug45@example.net,Amritsar,2025-10-08T01:12:28.045227
17797,Mugdha Balay,chandranaarush@example.net,Indore,2025-11-28T01:12:28.045227
16594,Nihal Palla,geetikamalhotra@example.org,Adoni,2025-11-01T01:12:28.045227
12923,Charvi Biswas,falak58@example.com,Nagaon,2025-08-24T01:12:28.045227
17243,Agastya Mistry,igoyal@example.net,Khora ,2025-12-22T01:12:28.045227
17937,Bhavani Chakraborty,raofaris@example.org,Fatehpur,2025-10-02T01:12:28.045227
12390,Quincy Sethi,paichanchal@example.com,Tadepalligudem,2025-09-22T01:12:28.045227
14784,Balhaar Mukhopadhyay,balvangola@example.com,Amroha,2025-08-22T01:12:28.045227
16076,Farhan Saha,ikulkarni@example.org,Mathura,2025-12-10T01:12:28.045227
14504,Chavvi Mander,anirudh95@example.net,Panvel,2025-11-07T01:12:28.045227
17895,Tara Ramaswamy,gauravkala@example.com,Tiruppur,2025-09-19T01:12:28.045227
16591,Arin Gera,jsaran@example.com,Maheshtala,2025-12-11T01:12:28.045227
17416,Samarth Mukhopadhyay,ydyal@example.net,Bhilai,2025-09-08T01:12:28.045227
13349,Reva Balasubramanian,jainojas@example.com,Imphal,2025-11-08T01:12:28.045227
15695,Harini Pal,triya39@example.com,Bhubaneswar,2025-12-20T01:12:28.045227
14388,Vedant Uppal,chaaya00@example.net,Chapra,2025-11-27T01:12:28.045227
16499,Gaurika Balasubramanian,tarak12@example.net,Ambala,2025-12-17T01:12:28.045227
15808,Unnati Ganesan,yuvraj11@example.org,Bally,2025-11-28T01:12:28.045227
17535,Jeet Kibe,oliverdesai@example.org,Kolkata,2025-10-12T01:12:28.045227
13322,Vrinda Dhar,gunbirchakrabarti@example.com,Dindigul,2025-11-02T01:12:28.045227
13450,Aditya Comar,vchander@example.com,Hosur,2025-11-26T01:12:28.045227
17377,Wriddhish Lal,zilmil57@example.net,Tiruvottiyur,2025-11-23T01:12:28.045227
13569,Kalpit Tak,urishillanagarajan@example.net,Dindigul,2025-09-24T01:12:28.045227
16368,Urishilla Sachdeva,rajeshrinaik@example.net,Naihati,2025-09-23T01:12:28.045227
12950,Yasti Comar,azad23@example.net,Rohtak,2025-11-09T01:12:28.045227
16362,Chakrika Khatri,sandalgirindra@example.net,Uluberia,2025-10-16T01:12:28.045227
12658,Atharv Choudhury,varghesenimrat@example.org,Chittoor,2025-08-26T01:12:28.045227
13700,Baghyawati Varughese,anthony08@example.com,Sangli-Miraj & Kupwad,2025-09-23T01:12:28.045227
15028,Lila Ramachandran,cdhingra@example.com,Kalyan-Dombivli,2025-10-16T01:12:28.045227
15975,Jai Warrior,pavani12@example.com,Loni,2025-08-30T01:12:28.045227
16091,Viraj Rama,tsani@example.com,Amravati,2025-12-12T01:12:28.045227
13742,Sachi Joshi,ikshitakrishna@example.net,Shivpuri,2025-09-19T01:12:28.045227
13867,Vinaya Karpe,eta72@example.net,Tirupati,2025-10-28T01:12:28.045227
15677,Kamya Sheth,nayakyashodhara@example.org,Siliguri,2025-08-27T01:12:28.045227
15445,Yahvi Garg,nakul18@example.com,Nagaon,2025-11-18T01:12:28.045227
12667,Aadi Bala,zayyan31@example.org,Tirupati,2025-12-14T01:12:28.045227
14885,Libni Bal,radha58@example.com,Ludhiana,2025-12-02T01:12:28.045227
13212,Mohammed Anne,wyatt11@example.org,Kanpur,2025-08-02T01:12:28.045227
12566,Devika Buch,irya77@example.net,Bathinda,2025-12-13T01:12:28.045227
16189,Gautami Dixit,vinayakumar@example.org,Dindigul,2025-08-17T01:12:28.045227
14647,Onveer Oommen,qparmar@example.org,Bulandshahr,2025-08-01T01:12:28.045227
17660,Anirudh Sibal,naksh74@example.net,Madurai,2025-11-26T01:12:28.045227
15942,Radha Anne,dayamaibora@example.org,New Delhi,2025-07-30T01:12:28.045227
12393,Ubika Bobal,dyalhema@example.com,Surat,2025-11-04T01:12:28.045227
15707,Reyansh Dayal,ychakraborty@example.com,Bidar,2025-11-02T01:12:28.045227
17398,Ansh Chaudhuri,balhaarchoudhary@example.org,Kottayam,2025-08-08T01:12:28.045227
13873,Arunima Loyal,viraj40@example.com,Sagar,2025-11-29T01:12:28.045227
17142,Luke Ganesh,ira00@example.com,Tiruppur,2025-11-12T01:12:28.045227
13611,Chanchal Upadhyay,rishisoni@example.com,Bilaspur,2025-11-01T01:12:28.045227
16323,Abhiram Ben,kiaannagar@example.org,Morbi,2025-09-26T01:12:28.045227
14382,Jatin Saxena,vihaankrish@example.net,Panvel,2025-08-01T01:12:28.045227
13745,Pranav Chaudhry,zsehgal@example.com,Medininagar,2025-10-11T01:12:28.045227
15820,Pranav Din,theodore77@example.net,Bareilly,2025-12-16T01:12:28.045227
16350,Adya Sagar,watika02@example.org,Khandwa,2025-08-27T01:12:28.045227
15168,Wriddhish Ganesh,lakshmi69@example.org,Kollam,2025-10-05T01:12:28.045227
14135,Leela Dugar,choudhuryvarsha@example.net,Bhubaneswar,2025-12-13T01:12:28.045227
13730,Manya Rajagopal,charkrisha@example.net,Mathura,2025-11-30T01:12:28.045227
16094,Arin Muni,jacobpurohit@example.org,Vadodara,2025-09-18T01:12:28.045227
13703,Aashi Parikh,yganguly@example.net,Mirzapur,2025-10-20T01:12:28.045227
14495,William Nori,agrawalharshil@example.com,Panihati,2025-11-12T01:12:28.045227
15415,Nikita Kulkarni,balayvasudha@example.org,Firozabad,2025-11-05T01:12:28.045227
16752,Ayaan Bath,falgunighosh@example.org,Tirunelveli,2025-11-13T01:12:28.045227
14620,Raghav Shroff,sathevamakshi@example.org,Katni,2025-08-02T01:12:28.045227
14623,Sudiksha Nagi,anandadweta@example.org,Jodhpur,2025-08-31T01:12:28.045227
16624,Odika Sandhu,umangravel@example.org,Malegaon,2025-09-06T01:12:28.045227
16582,Avni Gade,jackson07@example.net,Etawah,2025-09-20T01:12:28.045227
15180,Oviya Chatterjee,hsankar@example.org,Bardhaman,2025-07-29T01:12:28.045227
15933,Aashi Rana,kalavanya@example.org,Gwalior,2025-12-24T01:12:28.045227
15433,Omaja Bains,ramdarpan@example.org,Noida,2025-11-29T01:12:28.045227
14632,Onveer Batta,rattahenry@example.com,Aurangabad,2025-12-08T01:12:28.045227
13483,Tanvi Tara,zvasa@example.org,Imphal,2025-08-03T01:12:28.045227
16070,Vedika Parmer,myadav@example.net,Rewa,2025-09-25T01:12:28.045227
14629,Raagini Borde,dayamaibaria@example.net,Faridabad,2025-11-28T01:12:28.045227
15046,Upadhriti Gupta,brindashroff@example.org,Tiruchirappalli,2025-10-28T01:12:28.045227
18068,Nidra Brar,iraminhas@example.net,Ramagundam,2025-08-02T01:12:28.045227
13328,Tanveer Suresh,lakshmisibal@example.net,Belgaum,2025-12-06T01:12:28.045227
13045,Forum Balay,sudikshadhillon@example.net,Guwahati,2025-10-09T01:12:28.045227
13706,Anay Bhalla,ojasvi46@example.com,Giridih,2025-10-21T01:12:28.045227
13185,Chatura Bobal,vritti70@example.com,Tirupati,2025-10-22T01:12:28.045227
16859,Xalak Pingle,xlal@example.com,Morena,2025-07-30T01:12:28.045227
13593,Meera Mall,koshymadhavi@example.com,Gulbarga,2025-10-14T01:12:28.045227
16106,Dominic Shere,kchaudry@example.org,Guna,2025-11-28T01:12:28.045227
13078,Ridhi Krishna,vincent38@example.org,Bhavnagar,2025-08-11T01:12:28.045227
16103,Xiti D’Alia,deoldavid@example.net,Srinagar,2025-09-16T01:12:28.045227
13727,Yachana Swaminathan,agarwaljasmit@example.org,Mahbubnagar,2025-10-25T01:12:28.045227
16892,Lakshit Pau,jmammen@example.org,Bhubaneswar,2025-08-08T01:12:28.045227
15052,Aditya Naidu,darikashroff@example.org,Etawah,2025-12-21T01:12:28.045227
14093,Amol Pandit,jacob48@example.org,Bokaro,2025-11-22T01:12:28.045227
17678,Neha Rajagopal,girish60@example.org,Bidhannagar,2025-09-25T01:12:28.045227
14918,Joshua Sen,igupta@example.net,Guna,2025-12-17T01:12:28.045227
13334,Darika Sehgal,gsura@example.com,Shivpuri,2025-12-06T01:12:28.045227
15576,Vedant Mitra,atiagate@example.com,South Dumdum,2025-09-23T01:12:28.045227
17672,Aryan Dua,jason48@example.com,Anantapur,2025-08-30T01:12:28.045227
13310,Vasatika Vasa,jasoncheema@example.com,Bhiwani,2025-08-17T01:12:28.045227
18196,Luke Peri,rattireyansh@example.net,Panchkula,2025-08-15T01:12:28.045227
17633,Balveer Dave,devprasad@example.org,Etawah,2025-08-14T01:12:28.045227
14138,Yatin Roy,oviyakohli@example.net,Mau,2025-12-03T01:12:28.045227
12682,Advika Sandal,daveekalinga@example.net,Jaipur,2025-11-23T01:12:28.045227
12435,Vaishnavi Mani,raghavkala@example.com,Sri Ganganagar,2025-10-17T01:12:28.045227
15424,Pratyush Pant,bajwawidisha@example.com,Jalgaon,2025-08-27T01:12:28.045227
14385,Omaja Dhar,zaitraratta@example.net,Bhatpara,2025-12-19T01:12:28.045227
16201,Ishani Dube,wsawhney@example.org,Shimla,2025-10-03T01:12:28.045227
16341,Banjeet Bhakta,ldeep@example.com,Darbhanga,2025-11-11T01:12:28.045227
16365,Azaan Sethi,sanghviyutika@example.org,Hapur,2025-11-27T01:12:28.045227
15290,Faraj Bajaj,rattinidra@example.org,Khammam,2025-11-18T01:12:28.045227
12417,Triya Shenoy,avni92@example.com,Buxar,2025-12-02T01:12:28.045227
12423,Geetika Nadig,ithakur@example.org,Tiruvottiyur,2025-08-14T01:12:28.045227
16493,Odika Gokhale,savantarunima@example.org,Karaikudi,2025-11-27T01:12:28.045227
16469,Zashil Sodhi,qloke@example.net,Udupi,2025-12-22T01:12:28.045227
14653,Chanakya Shankar,radhakrishnanadvika@example.com,Dindigul,2025-08-25T01:12:28.045227
12548,Gauri Master,michaelbahri@example.org,Sasaram,2025-12-16T01:12:28.045227
15144,Barkha Nath,jagratisingh@example.net,Ahmedabad,2025-09-07T01:12:28.045227
14400,Darika Batta,chokshianusha@example.com,Bijapur,2025-11-05T01:12:28.045227
12783,Aishani Mannan,isaac31@example.com,Howrah,2025-09-20T01:12:28.045227
12795,Harsh Mander,someesha@example.com,Sambalpur,2025-09-28T01:12:28.045227
17508,Aishani Dada,pratyush84@example.com,Hosur,2025-08-23T01:12:28.045227
17118,Indrajit Mand,dcontractor@example.net,Bhopal,2025-11-25T01:12:28.045227
16603,Charita Basu,dayitadara@example.net,Bardhaman,2025-12-23T01:12:28.045227
15043,Naveen Keer,udantchhabra@example.org,Firozabad,2025-11-14T01:12:28.045227
16719,Ubika Kulkarni,mistryviraj@example.org,Nizamabad,2025-12-19T01:12:28.045227
13319,Tristan Dey,ekiyabala@example.net,Singrauli,2025-12-24T01:12:28.045227
15579,Anirudh Parmer,ranganathantarak@example.org,Kharagpur,2025-10-28T01:12:28.045227
16725,Manbir Barad,mramesh@example.net,Loni,2025-09-28T01:12:28.045227
17526,Vinaya Zachariah,tanay96@example.net,Ongole,2025-09-24T01:12:28.045227
14897,Azaan Mitra,thakersathvik@example.org,Silchar,2025-08-27T01:12:28.045227
16871,Banjeet Bhatia,bhavinidhingra@example.com,Dharmavaram,2025-08-20T01:12:28.045227
16627,Jalsa Ben,cheemagayathri@example.org,Bardhaman,2025-07-29T01:12:28.045227
16597,Lakshmi Krishna,akohli@example.org,Thrissur,2025-11-13T01:12:28.045227
13343,Yashawini Yadav,baghyawatibanerjee@example.org,Hapur,2025-10-17T01:12:28.045227
15296,Mitesh Murthy,aarnavcomar@example.com,Madhyamgram,2025-11-26T01:12:28.045227
13584,Omya Parekh,niharika05@example.com,Amaravati,2025-08-11T01:12:28.045227
14117,Jatin Hora,khatriudarsh@example.org,Machilipatnam,2025-12-07T01:12:28.045227
17901,Urishilla Rajagopalan,abdulnath@example.net,Panipat,2025-11-13T01:12:28.045227
16856,Charita Dani,keerrachit@example.net,Serampore,2025-10-17T01:12:28.045227
17913,Peter Saha,bhavinilalla@example.net,Tirunelveli,2025-10-31T01:12:28.045227
15713,Liam Bhavsar,lbalan@example.org,Navi Mumbai,2025-09-03T01:12:28.045227
15171,Siddharth Khalsa,ubika16@example.com,Raebareli,2025-11-27T01:12:28.045227
17252,Peter Goda,neel54@example.net,Bhilai,2025-10-13T01:12:28.045227
13203,Harshil Memon,ati86@example.org,Tiruvottiyur,2025-10-07T01:12:28.045227
16883,Chaaya Nazareth,uramaswamy@example.org,Berhampur,2025-12-22T01:12:28.045227
18172,Yashica Mukherjee,telladalaja@example.net,Kadapa,2025-09-24T01:12:28.045227
14001,Arya Karnik,ranbirkaran@example.org,Durgapur,2025-12-10T01:12:28.045227
15567,Yatan Sampath,daraaachal@example.net,Ambala,2025-09-03T01:12:28.045227
15010,Advik Wali,rajatanath@example.org,Hosur,2025-09-26T01:12:28.045227
13876,Yadavi Prabhakar,revamittal@example.org,Sagar,2025-09-14T01:12:28.045227
14245,Dalbir Kaul,wishichawla@example.org,Ahmedabad,2025-11-30T01:12:28.045227
13837,Kalpit Sachdev,ramaanirudh@example.com,Erode,2025-12-01T01:12:28.045227
16737,Ganga Narain,dipta63@example.net,Panihati,2025-11-20T01:12:28.045227
17654,Lavanya Taneja,zaitra21@example.org,Asansol,2025-11-23T01:12:28.045227
13182,Manbir Bedi,adey@example.org,Imphal,2025-10-21T01:12:28.045227
15150,Neha Rajagopalan,bhavika26@example.org,Nashik,2025-11-24T01:12:28.045227
14644,Ikbal Peri,batraupasna@example.net,Nadiad,2025-08-21T01:12:28.045227
12429,Pooja Chakraborty,daksha11@example.net,Sagar,2025-09-07T01:12:28.045766
12676,Oliver Merchant,issaconi@example.org,Morena,2025-10-02T01:12:28.045766
12414,Amol Walla,modyazaan@example.com,Karnal,2025-10-15T01:12:28.045766
13602,Manthan Chakraborty,wazirmore@example.net,Bilaspur,2025-09-03T01:12:28.045766
12426,Aarna Chacko,malhotraabhimanyu@example.net,Buxar,2025-11-22T01:12:28.045766
12792,Indali Sarin,chanchalbiswas@example.com,Moradabad,2025-11-09T01:12:28.045766
13176,Gauri Saha,bhasinkai@example.net,Solapur,2025-07-30T01:12:28.045766
17139,Vrinda Srinivas,anya09@example.org,Fatehpur,2025-08-11T01:12:28.045766
16728,Christopher Khosla,hlall@example.com,Munger,2025-09-23T01:12:28.045766
13718,Parth Shenoy,ikshitadeshmukh@example.net,Rewa,2025-09-04T01:12:28.045766
17383,Manya Malhotra,prabhupranit@example.org,Ozhukarai,2025-11-19T01:12:28.045766
16600,Mekhala Bail,qdugal@example.net,Amaravati,2025-08-07T01:12:28.045766
15799,Hemang Bajaj,chanakyaiyengar@example.com,Narasaraopet,2025-09-21T01:12:28.045766
17267,Ethan Narula,zaid71@example.org,Madurai,2025-09-29T01:12:28.045766
17767,Vanya Choudhury,onagi@example.net,North Dumdum,2025-09-28T01:12:28.045766
18178,Logan Iyengar,samuelnatt@example.com,Munger,2025-09-07T01:12:28.045766
12953,Siya Char,nathankurian@example.org,Madurai,2025-10-18T01:12:28.045766
12691,Manbir Bajwa,dayalqarin@example.net,Bhimavaram,2025-09-27T01:12:28.045766
18181,Manan Rajan,orinder24@example.net,Narasaraopet,2025-12-12T01:12:28.045766
14662,Zehaan Divan,bimalabanerjee@example.net,Navi Mumbai,2025-08-15T01:12:28.045766
16359,Chatura Biswas,dhruv13@example.net,Nashik,2025-09-30T01:12:28.045766
12789,Aishani Borah,liamsundaram@example.org,Kavali,2025-11-10T01:12:28.045766
14528,Adya Walla,bkumar@example.org,Bokaro,2025-10-15T01:12:28.045766
15448,Ayaan Nayak,thakkarnandini@example.com,Ujjain,2025-10-10T01:12:28.045766
17764,Widisha Bal,vincentnarayanan@example.com,Sonipat,2025-09-08T01:12:28.045766
15299,Ansh Chandran,wyattnarayanan@example.com,Sambalpur,2025-11-09T01:12:28.045766
14498,Balvan Kanda,tanveer48@example.net,Hajipur,2025-12-10T01:12:28.045766
15442,Yamini Kulkarni,pseth@example.com,Udupi,2025-12-11T01:12:28.045766
13715,Mohini Kant,sunderrushil@example.net,Moradabad,2025-12-09T01:12:28.045766
15683,Matthew Mohan,asidhu@example.com,Morbi,2025-11-09T01:12:28.045766
16743,Bhanumati Kohli,sarinsathvik@example.org,Surat,2025-09-17T01:12:28.045766
12399,Nachiket Divan,upma43@example.net,Sikar,2025-08-28T01:12:28.045766
16079,Agastya Borah,nimratbobal@example.net,Jaunpur,2025-09-04T01:12:28.045766
16216,Chanchal Minhas,ckoshy@example.net,Nadiad,2025-08-31T01:12:28.045766
15019,Devika Wali,umane@example.net,Ballia,2025-12-20T01:12:28.045766
13870,Timothy Chaudhuri,lakshitedwin@example.com,Uluberia,2025-10-31T01:12:28.045766
15153,Pooja Pall,patrick09@example.org,Bidar,2025-11-03T01:12:28.045766
12938,Farhan Patil,asachar@example.org,Dindigul,2025-10-24T01:12:28.045766
13081,Eshana Bir,samiom@example.com,Kochi,2025-09-29T01:12:28.045766
14760,Jairaj Bahri,murthyfaraj@example.com,Miryalaguda,2025-10-19T01:12:28.045766
17017,Nidhi Brar,zehaankala@example.org,Warangal,2025-12-19T01:12:28.045766
16204,Sai Ganguly,chaitaly19@example.net,Mehsana,2025-11-06T01:12:28.045766
13221,Fariq Menon,rehaanbhatia@example.org,Danapur,2025-11-20T01:12:28.045766
15704,Utkarsh Dewan,minhassneha@example.net,Ghaziabad,2025-09-03T01:12:28.045766
17898,Hemang Cheema,kaladugar@example.org,Mango,2025-12-10T01:12:28.045766
13325,Zayan Sha,janyagour@example.net,Navi Mumbai,2025-08-05T01:12:28.045766
14227,Jagdish Johal,hiralbera@example.com,Kalyan-Dombivli,2025-09-23T01:12:28.045766
12560,Kalpit Sunder,ramakrishnanhemangini@example.net,Sonipat,2025-11-09T01:12:28.045766
14769,Damyanti Raj,dhritikara@example.com,Alappuzha,2025-10-29T01:12:28.045766
13468,Yatin Sangha,chaaya48@example.com,Anantapuram,2025-09-28T01:12:28.045766
15549,Naksh Prabhakar,bavaaashi@example.com,Bhubaneswar,2025-09-20T01:12:28.045766
15829,Anamika Dixit,libnitailor@example.net,Delhi,2025-11-02T01:12:28.045766
13060,Dhriti Dara,tmital@example.org,Karimnagar,2025-12-21T01:12:28.045766
15582,Gautam Gandhi,ucchal37@example.net,Jhansi,2025-09-07T01:12:28.045766
15049,Yashoda Bora,jasonoak@example.net,Gangtok,2025-11-16T01:12:28.045766
17669,Darsh Kothari,viswanathanrobert@example.com,Ahmedabad,2025-08-24T01:12:28.045766
15689,Hitesh Tata,cgulati@example.net,Jamnagar,2025-11-19T01:12:28.045766
15186,Lakshit Thaker,robert63@example.com,Raurkela Industrial Township,2025-08-28T01:12:28.045766
14111,Aahana Chatterjee,nbawa@example.net,Jaipur,2025-09-12T01:12:28.045766
18062,Chakradev Mallick,srinivasarya@example.org,Karnal,2025-10-06T01:12:28.045766
15671,Ekapad Ram,fvala@example.com,Tadipatri,2025-09-26T01:12:28.045766
17928,Chatura Manne,kantalka@example.net,Surendranagar Dudhrej,2025-12-21T01:12:28.045766
15427,Vritti Walia,chaitanya84@example.org,Rohtak,2025-11-16T01:12:28.045766
14525,Laksh Pai,elijahprabhakar@example.com,Nangloi Jat,2025-10-09T01:12:28.045766
14105,Yug Suri,oakoscar@example.com,Bhalswa Jahangir Pur,2025-09-14T01:12:28.045766
18059,Aadhya Khanna,qsaha@example.com,Sultan Pur Majra,2025-08-24T01:12:28.045766
15832,Warjas Mishra,sandhuanthony@example.com,Kalyan-Dombivli,2025-12-14T01:12:28.045766
14397,Falguni Ravel,kevinguha@example.org,Ramagundam,2025-11-05T01:12:28.045766
16451,Umang Gara,ojasvi28@example.com,Bhimavaram,2025-08-17T01:12:28.045766
12929,Pooja Khanna,xzachariah@example.net,Meerut,2025-11-18T01:12:28.045766
14772,Ladli Parekh,balvankalita@example.com,Sikar,2025-10-21T01:12:28.045766
16758,Ethan Lad,aashi35@example.com,Rohtak,2025-11-06T01:12:28.045766
18044,Dominic Majumdar,saumyagaba@example.net,Thrissur,2025-12-08T01:12:28.045766
15314,Yatan Lad,tanvichauhan@example.net,Patna,2025-10-09T01:12:28.045766
12685,Theodore Gupta,ekar@example.org,Narasaraopet,2025-08-25T01:12:28.045766
14355,Tarak Vaidya,zshenoy@example.com,Gurgaon,2025-11-01T01:12:28.045766
13831,Arin Issac,yuvraj90@example.org,Amroha,2025-11-16T01:12:28.045766
13462,Tamanna Dasgupta,hamsiniborde@example.net,Haldia,2025-12-24T01:12:28.045766
16999,Qabil Lad,borahnathaniel@example.org,Gangtok,2025-10-07T01:12:28.045766
14882,Yash Joshi,hemalpai@example.com,Hospet,2025-08-12T01:12:28.045766
14004,Edhitha Doshi,handaom@example.net,Bokaro,2025-12-09T01:12:28.045766
16877,Deepa Ravel,nitesh97@example.org,Jamshedpur,2025-10-06T01:12:28.045766
15540,Laksh Raman,dewanaarnav@example.net,Parbhani,2025-10-17T01:12:28.045766
14224,Abdul Kannan,abawa@example.com,Raichur,2025-08-14T01:12:28.045766
15311,Bimala Muni,gulatichavvi@example.net,Rewa,2025-09-22T01:12:28.045766
14766,Osha Sen,vidhi78@example.com,Udupi,2025-09-05T01:12:28.045766
14912,Darpan Ghose,faqidkashyap@example.org,Kulti,2025-11-24T01:12:28.045766
13200,Bishakha Thakur,aditya83@example.net,Satara,2025-11-09T01:12:28.045766
14501,Oscar Kade,qpal@example.net,Allahabad,2025-12-12T01:12:28.045766
12694,Samuel Ranganathan,grai@example.com,Munger,2025-09-24T01:12:28.045766
16344,Warjas Bhat,pahalravi@example.com,Katni,2025-08-17T01:12:28.045766
13447,Samarth Bains,abha77@example.net,Srikakulam,2025-08-22T01:12:28.045766
15945,Omisha Comar,prisha41@example.com,Patna,2025-12-02T01:12:28.045766
17675,Rishi Badal,rpant@example.net,Kadapa,2025-09-29T01:12:28.045766
17282,Yash Sabharwal,sabharwalladli@example.net,Rourkela,2025-10-14T01:12:28.045766
17639,Yashica Maharaj,nidrasetty@example.com,Dhule,2025-11-17T01:12:28.045766
16880,Arin Dyal,azaan20@example.net,Visakhapatnam,2025-08-12T01:12:28.045766
13590,Hemal Mital,handaqabil@example.com,Begusarai,2025-10-19T01:12:28.045766
12536,Aachal Yohannan,chaaya11@example.net,Kumbakonam,2025-12-23T01:12:28.045766
18065,Chameli Taneja,onkarbhasin@example.net,Satna,2025-10-05T01:12:28.045766
17133,Chanchal Sampath,saumya85@example.net,Shahjahanpur,2025-11-12T01:12:28.045766
16978,Tripti Wason,dsengupta@example.org,Maheshtala,2025-08-20T01:12:28.045766
16746,Dayamai Mander,samarthsom@example.com,Bhavnagar,2025-12-21T01:12:28.045766
14754,Adya Ravi,lwable@example.com,Pallavaram,2025-08-14T01:12:28.045766
15665,Shaurya Ratta,prishamall@example.org,Bhalswa Jahangir Pur,2025-10-15T01:12:28.045766
17410,Ayaan Nanda,epathak@example.org,Pondicherry,2025-10-28T01:12:28.045766
17154,Vanya Chandran,shivansh44@example.net,Panchkula,2025-09-01T01:12:28.045766
14757,Ekaraj Taneja,buchrajeshri@example.org,Kolhapur,2025-11-12T01:12:28.045766
17115,Ati Varghese,brindachokshi@example.net,Meerut,2025-12-22T01:12:28.045766
15287,Sudiksha Sharaf,owen74@example.org,Serampore,2025-10-26T01:12:28.045766
16612,Ekavir Dara,luckytak@example.org,Solapur,2025-12-20T01:12:28.045766
16716,Kala Joshi,gunbir56@example.net,Siwan,2025-08-06T01:12:28.045766
14778,Kritika Mistry,yashodhara83@example.org,Asansol,2025-11-20T01:12:28.045766
17255,Jalsa Goswami,niharikakapoor@example.org,Kochi,2025-11-25T01:12:28.045766
13971,Samuel Gupta,daliageorge@example.com,Nandyal,2025-09-14T01:12:28.045766
17648,Hemani Kannan,daraanusha@example.net,Panipat,2025-10-14T01:12:28.045766
13849,Matthew Parikh,jagat58@example.org,Chennai,2025-12-19T01:12:28.045766
16061,Jagvi Ganesh,latakashvi@example.org,Bahraich,2025-12-06T01:12:28.045766
12935,Samaksh Lata,ysaraf@example.com,Bareilly,2025-09-12T01:12:28.045766
14790,Hitesh Chad,keyasood@example.net,Jabalpur,2025-10-13T01:12:28.045766
16734,Chakrika Kulkarni,kapurupasna@example.net,Anantapuram,2025-08-17T01:12:28.045766
16847,Ishita Chandra,wgopal@example.net,Guntur,2025-09-06T01:12:28.045766
17809,Girindra Jaggi,wlad@example.net,Pune,2025-11-10T01:12:28.045766
15939,Lila Bose,yauvani80@example.net,Sambhal,2025-08-22T01:12:28.045766
17931,Omaja Joshi,daminichaudhary@example.net,Pondicherry,2025-08-19T01:12:28.045766
15805,Yutika Dara,lrana@example.com,Tiruvottiyur,2025-12-19T01:12:28.045766
17800,Daniel Saini,harshilchokshi@example.org,Adoni,2025-08-01T01:12:28.045766
18190,Ojas Bansal,vasatikatripathi@example.org,Kolhapur,2025-12-05T01:12:28.045766
13721,Faraj Kaul,doctorrehaan@example.org,Panihati,2025-12-17T01:12:28.045766
15957,Rudra Nath,yguha@example.org,Pudukkottai,2025-12-16T01:12:28.045766
18035,Harita Malhotra,indrajitkunda@example.org,Ludhiana,2025-10-18T01:12:28.045766
12557,Ridhi Brar,wroy@example.com,Warangal,2025-08-13T01:12:28.045766
17514,Yash Patla,plala@example.org,Narasaraopet,2025-12-13T01:12:28.045766
18041,Udant Dewan,faqid08@example.net,Thoothukudi,2025-12-07T01:12:28.045766
12402,Ayush Bora,kjohal@example.net,Avadi,2025-10-31T01:12:28.045766
13471,Sneha Shetty,sehgalkrisha@example.net,Lucknow,2025-09-22T01:12:28.045766
15165,Noah Sidhu,jai91@example.net,Surendranagar Dudhrej,2025-08-31T01:12:28.045766
14489,Lavanya Bose,cbuch@example.com,Singrauli,2025-08-22T01:12:28.045766
13992,Aahana Sha,chowdhuryansh@example.net,Guntur,2025-08-05T01:12:28.045766
17374,Jasmit Agrawal,hiteshkata@example.org,Bhopal,2025-08-17T01:12:28.045766
14373,Ekbal Guha,anusha20@example.org,Ratlam,2025-09-22T01:12:28.045766
16609,Darsh Sabharwal,turvi42@example.com,Tirupati,2025-11-02T01:12:28.045766
15022,Kiaan Narula,eshanabhat@example.net,Panipat,2025-10-24T01:12:28.045766
17389,Henry Kale,falandasgupta@example.org,Davanagere,2025-12-18T01:12:28.045766
15701,Bhanumati Barman,gtiwari@example.net,Jhansi,2025-10-26T01:12:28.045766
13596,Ekavir Rajagopalan,asaha@example.net,Dehri,2025-08-16T01:12:28.045766
16496,Unnati Prasad,gsekhon@example.org,Nashik,2025-11-21T01:12:28.045766
15674,Warinder Chokshi,fsandhu@example.org,Durgapur,2025-07-30T01:12:28.045766
12798,Lavanya Pall,gaurang71@example.com,Aurangabad,2025-12-22T01:12:28.045766
15537,Rudra Dube,berawilliam@example.net,Jamnagar,2025-11-16T01:12:28.045766
14132,Wyatt Zachariah,galasathvik@example.net,Madhyamgram,2025-10-17T01:12:28.045766
12521,Ganga Kumar,niharika62@example.net,Agartala,2025-11-22T01:12:28.045766
18053,Ridhi Radhakrishnan,pratyushmody@example.org,Aizawl,2025-12-16T01:12:28.045766
16761,Isaiah Bir,ombains@example.com,Jaipur,2025-11-27T01:12:28.045766
15025,Leena Gupta,chadpallavi@example.com,Lucknow,2025-09-09T01:12:28.045766
17371,Nidhi Kaur,jeremiahsura@example.com,Sangli-Miraj & Kupwad,2025-09-20T01:12:28.045766
16332,Kavya Sura,amrita79@example.net,Buxar,2025-09-24T01:12:28.045766
12816,Qarin Chacko,yauvani72@example.org,Kavali,2025-10-31T01:12:28.045766
15814,Warjas Karan,haritadube@example.net,Bareilly,2025-10-22T01:12:28.045766
18071,Viraj Bhattacharyya,tailorlopa@example.net,Udupi,2025-11-09T01:12:28.045766
14641,Atharv Purohit,lwali@example.com,Karaikudi,2025-12-02T01:12:28.045766
18056,Amaira Loyal,hansdominic@example.com,Raipur,2025-09-10T01:12:28.045766
15555,Yashodhara Shroff,chaitanya17@example.org,Jamalpur,2025-10-15T01:12:28.045766
12545,Yug Buch,gsekhon@example.org,Junagadh,2025-12-08T01:12:28.045766
17904,Xiti Palan,zarna59@example.com,Kumbakonam,2025-08-15T01:12:28.045766
16463,Udarsh Randhawa,hitesh81@example.com,Ichalkaranji,2025-12-23T01:12:28.045766
18193,Devika Soni,xpanchal@example.com,Jamnagar,2025-10-12T01:12:28.045766
16210,Ekta Dhaliwal,planka@example.com,Kharagpur,2025-10-04T01:12:28.045766
16207,Mohammed Bose,ekarajkarnik@example.net,Kadapa,2025-10-18T01:12:28.045766
13209,Priya Buch,upasnabassi@example.com,Srikakulam,2025-12-08T01:12:28.045766
13986,Chandani Savant,ojasluthra@example.net,Chennai,2025-09-08T01:12:28.045766
13456,Amaira Puri,advikanadkarni@example.net,Nadiad,2025-08-10T01:12:28.045766
15570,Owen Raja,tristan87@example.org,Chandrapur,2025-11-17T01:12:28.045766
16889,Sanya Dasgupta,bachittar41@example.net,Nizamabad,2025-08-18T01:12:28.045766
14102,Pallavi Divan,isaackata@example.net,Chittoor,2025-12-13T01:12:28.045766
13572,Madhav Sahota,yashasvi20@example.org,Bihar Sharif,2025-09-12T01:12:28.045766
14513,Qabil Sinha,rajagopalanwakeeta@example.com,Jamnagar,2025-12-06T01:12:28.045766
12944,Gautami Hora,madanqasim@example.net,Aurangabad,2025-09-12T01:12:28.045766
13474,Omisha Choudhury,madhavshetty@example.com,Meerut,2025-09-11T01:12:28.045766
17642,Tarak Thakur,gourmanthan@example.net,Navi Mumbai,2025-10-01T01:12:28.045766
16198,Amaira Sangha,mitterethan@example.com,Hindupur,2025-12-22T01:12:28.045766
16478,Neelima Agarwal,varya@example.net,Naihati,2025-07-30T01:12:28.045766
13989,Madhavi Patla,xgrover@example.net,Satna,2025-11-07T01:12:28.045766
15275,Vinaya Loyal,harshil74@example.net,Ludhiana,2025-11-13T01:12:28.045766
12670,Rachit Saini,ekanta92@example.net,Jehanabad,2025-09-14T01:12:28.045766
17919,Widisha Loke,dhruvkrishnan@example.org,Ozhukarai,2025-08-27T01:12:28.045766
17386,David Saxena,onagarajan@example.net,Delhi,2025-08-02T01:12:28.045766
14367,Anika Khare,edixit@example.org,Agra,2025-11-05T01:12:28.045766
17791,Hritik Kanda,dalalzinal@example.org,Bareilly,2025-09-29T01:12:28.045766
14656,Ria Kalita,bimala21@example.org,New Delhi,2025-08-12T01:12:28.045766
15680,Yashodhara Sekhon,pavani39@example.net,Vasai-Virar,2025-12-23T01:12:28.045766
16475,Samarth Pandya,bhatiaekiya@example.com,Belgaum,2025-09-05T01:12:28.045766
16722,Madhavi Deshpande,madanryan@example.com,Hajipur,2025-08-31T01:12:28.045766
16990,Qarin Dhar,butalamugdha@example.com,Rohtak,2025-12-04T01:12:28.045766
17511,Onveer Thaman,dpathak@example.org,Howrah,2025-08-30T01:12:28.045766
13048,Pavani Bal,urishillamukherjee@example.net,Ratlam,2025-12-02T01:12:28.045766
14659,Ekantika Deo,ekavir45@example.net,Cuttack,2025-10-09T01:12:28.045766
15668,William Varughese,vinayavohra@example.com,Chandigarh,2025-08-01T01:12:28.045766
13072,Kalpit Modi,nchandran@example.org,Akola,2025-12-23T01:12:28.045766
15826,Matthew Dhawan,rnarang@example.net,Malegaon,2025-12-14T01:12:28.045766
12405,Isha Sabharwal,balveersrivastava@example.net,Katihar,2025-12-25T01:12:28.045766
12822,Anthony Chawla,reyansh61@example.org,Saharanpur,2025-09-11T01:12:28.045766
13218,Oeshi Behl,nagizansi@example.com,Kottayam,2025-08-29T01:12:28.045766
15838,Hardik Gokhale,tiwarinidhi@example.net,Deoghar,2025-11-26T01:12:28.045766
12679,Varsha Banerjee,nrao@example.org,Raebareli,2025-12-16T01:12:28.045766
13709,Orinder Narula,lokehenry@example.org,Kulti,2025-12-22T01:12:28.045766
15951,Agastya Nazareth,jack60@example.net,Amritsar,2025-08-11T01:12:28.045766
17940,Advika Bobal,planka@example.net,Phusro,2025-09-19T01:12:28.045766
13599,Charles Madan,kashvimander@example.com,Nashik,2025-12-15T01:12:28.045766
12956,Vansha Khare,varenyagolla@example.net,Udaipur,2025-10-06T01:12:28.045766
16484,Gopal Bal,hitesh71@example.com,Sambhal,2025-09-17T01:12:28.045766
12697,Qarin Bose,praneelgour@example.net,Bathinda,2025-11-20T01:12:28.045766
14096,Januja Mand,yuvrajdhawan@example.net,Jhansi,2025-08-29T01:12:28.045766
17934,Vritti Bera,zcomar@example.net,Chittoor,2025-11-29T01:12:28.045766
17014,Michael Vohra,koshyfalan@example.org,Khandwa,2025-12-01T01:12:28.045766
16987,Ikbal Sangha,xkothari@example.com,Silchar,2025-08-06T01:12:28.045766
16320,Pallavi Agrawal,chakrikagoyal@example.org,Alwar,2025-10-19T01:12:28.045766
13188,Rayaan Nayak,gavin52@example.org,Kottayam,2025-09-01T01:12:28.045766
17002,Aarna Wason,johalelijah@example.net,Akola,2025-07-31T01:12:28.045766
17517,Arin Sheth,zmadan@example.net,Khora ,2025-11-28T01:12:28.045766
16466,Janani Agarwal,qvasa@example.org,Bhiwandi,2025-08-24T01:12:28.045766
13453,Avi Sibal,yramaswamy@example.net,Jamalpur,2025-11-30T01:12:28.045766
17806,Harrison Upadhyay,radhika44@example.org,Meerut,2025-09-23T01:12:28.045766
15969,Anirudh Brar,shaamruta@example.com,Karimnagar,2025-09-03T01:12:28.045766
13075,Frederick Oak,hiral97@example.org,Warangal,2025-12-10T01:12:28.045766
12408,Yatin Karpe,kpandey@example.com,Haridwar,2025-11-21T01:12:28.045766
17392,Siya Balay,arunima12@example.org,Bhilwara,2025-08-26T01:12:28.045766
15543,Brinda Guha,chanakya48@example.org,Vasai-Virar,2025-10-28T01:12:28.045766
14099,Warinder Ramachandran,singhalchanakya@example.org,Ludhiana,2025-10-08T01:12:28.045766
12524,Ishanvi Sant,manthan86@example.com,Chinsurah,2025-12-15T01:12:28.045766
18169,Oliver Rau,jacksonhayre@example.net,Karnal,2025-11-08T01:12:28.045766
12688,Matthew Seshadri,uanne@example.net,Tirunelveli,2025-12-09T01:12:28.045766
14921,Balendra Edwin,xkata@example.com,Allahabad,2025-11-01T01:12:28.045766
12420,Vanya Chaudhry,dattayauvani@example.com,Sagar,2025-08-30T01:12:28.045766
17925,Aashi Banerjee,qanand@example.com,Tadepalligudem,2025-09-01T01:12:28.045766
15844,Sanaya Bhasin,ira85@example.com,Aizawl,2025-09-07T01:12:28.045766
15552,Lila Sant,arunima70@example.org,Bijapur,2025-12-10T01:12:28.045766
13575,Ucchal Ray,fshenoy@example.org,Raiganj,2025-10-24T01:12:28.045766
13980,Krishna Dara,rajeshri56@example.org,Rohtak,2025-08-17T01:12:28.045766
18202,Devika Deshmukh,pingleganga@example.net,Parbhani,2025-12-23T01:12:28.045766
14775,Anita Chander,girish77@example.com,Bhubaneswar,2025-09-12T01:12:28.045766
13313,Vasatika Suri,tpall@example.net,Tenali,2025-08-17T01:12:28.045766
13001,Balendra Bal,ipandit@example.com,Vijayawada,2025-12-22T01:12:28.045766
12352,Bachittar Hegde,vihaan98@example.net,Srikakulam,2025-11-18T01:12:28.045766
13644,Anay Rau,alkalad@example.org,Jehanabad,2025-08-16T01:12:28.045766
13364,Aarav Shenoy,charanshenoy@example.org,Ranchi,2025-11-08T01:12:28.045766
16666,Edhitha Mandal,charangoyal@example.net,Gudivada,2025-08-22T01:12:28.045766
12605,Harita Shan,chauhanfaras@example.org,Guntakal,2025-08-06T01:12:28.045766
16392,Tanay Bansal,ramachandranyuvraj@example.org,Aurangabad,2025-09-16T01:12:28.045766
16255,Wahab Bera,joshivritti@example.net,Purnia,2025-10-29T01:12:28.045766
15216,Siya Kapur,sanghvivedant@example.com,Nadiad,2025-10-16T01:12:28.045766
17065,Tanay Rana,bediadvay@example.net,Arrah,2025-09-02T01:12:28.045766
15618,Chaman Kala,dev93@example.net,Howrah,2025-11-16T01:12:28.045766
13924,Ayushman Wagle,troy@example.org,Muzaffarpur,2025-09-03T01:12:28.045766
16124,Azaan Oommen,aarnathaman@example.org,Chinsurah,2025-11-23T01:12:28.045766
12599,Chandani Goda,kavya95@example.net,Muzaffarnagar,2025-12-25T01:12:28.045766
17443,Ekani Ramaswamy,bhavika99@example.com,Kakinada,2025-10-23T01:12:28.045766
14698,Kai Gera,lalasathvik@example.net,Belgaum,2025-12-02T01:12:28.045766
13623,Ekaraj Kohli,mitesh12@example.com,Hazaribagh,2025-12-19T01:12:28.045766
14046,Vanya Sandal,mugdha26@example.org,Berhampur,2025-11-10T01:12:28.045766
15993,Rachita Bala,tamannabehl@example.net,Bhopal,2025-09-01T01:12:28.045766
16252,Amaira Rai,roytanvi@example.com,Kishanganj,2025-11-17T01:12:28.045766
13784,Imaran Sahota,naiduamruta@example.net,Gwalior,2025-12-21T01:12:28.045766
16243,Yutika Dash,charitamangat@example.org,Bettiah,2025-10-07T01:12:28.045766
15061,Anay Patla,zarna55@example.org,Nandyal,2025-12-07T01:12:28.045766
17556,Nitara Goswami,bmohan@example.org,Tiruvottiyur,2025-11-04T01:12:28.045766
14055,Diya Dhar,qparsa@example.org,Chinsurah,2025-12-09T01:12:28.045766
13504,Amrita Gour,bgrover@example.com,Dibrugarh,2025-12-22T01:12:28.045766
14573,Qadim Raghavan,falaktoor@example.com,Solapur,2025-12-11T01:12:28.045766
13659,Hitesh Rau,zdora@example.org,Kochi,2025-11-12T01:12:28.045766
13269,Madhavi Saran,rajeshri74@example.org,Surendranagar Dudhrej,2025-11-11T01:12:28.045766
14549,Chanchal Lanka,abarad@example.net,Cuttack,2025-11-21T01:12:28.045766
14019,Riya Wagle,vsetty@example.org,Alwar,2025-08-11T01:12:28.045766
15070,Gautami Bose,henrygoda@example.org,Sasaram,2025-10-18T01:12:28.045766
15987,Anya Gera,anya84@example.net,Kalyan-Dombivli,2025-08-16T01:12:28.045766
17979,Yauvani Sahota,kanne@example.com,Rohtak,2025-11-14T01:12:28.045766
15368,Kiaan Subramanian,rtoor@example.com,Gaya,2025-08-19T01:12:28.045766
16121,Bakhshi Mani,balhaarsarma@example.net,South Dumdum,2025-12-07T01:12:28.045766
13748,Varenya Mangat,johalyadavi@example.org,Shimla,2025-10-13T01:12:28.045766
16532,Saksham Virk,sethivaishnavi@example.org,Mango,2025-11-13T01:12:28.045766
12739,Tamanna Chaudhuri,lila92@example.com,Uluberia,2025-12-24T01:12:28.045766
13260,Vivaan Nori,nimratkala@example.net,Thanjavur,2025-10-15T01:12:28.045766
13230,Tanveer Bhat,nathpeter@example.org,Ahmednagar,2025-09-09T01:12:28.045766
14320,Warhi Dara,memonladli@example.net,Karnal,2025-12-12T01:12:28.045766
16642,Laksh Bhagat,warhimaster@example.net,Bhavnagar,2025-09-17T01:12:28.045766
16413,Orinder Ratta,ikarpe@example.org,Sasaram,2025-10-09T01:12:28.045766
16535,Aryan Andra,azaansridhar@example.com,Bijapur,2025-11-19T01:12:28.045766
13138,Yashodhara Patel,narulaanay@example.com,Erode,2025-12-01T01:12:28.045766
12447,Rudra Chatterjee,janikaran@example.org,Ghaziabad,2025-11-26T01:12:28.045766
12596,Yashawini Kurian,jeet89@example.org,Tiruvottiyur,2025-11-29T01:12:28.045766
12962,Hitesh Baral,omahajan@example.net,Alwar,2025-11-05T01:12:28.045766
13662,Max Raman,vgoyal@example.org,Ludhiana,2025-12-11T01:12:28.045766
14409,Chasmum Narang,riadate@example.org,Gudivada,2025-10-30T01:12:28.045766
17946,Aarush Kalla,mitali77@example.org,Mumbai,2025-08-13T01:12:28.045766
13132,Dayita Sekhon,kuruvillaowen@example.net,Amravati,2025-11-19T01:12:28.045766
17455,Xavier Nath,sankarfalak@example.com,Nagpur,2025-09-03T01:12:28.045766
12864,Yachana Datta,reva89@example.org,Bilaspur,2025-12-09T01:12:28.045766
15493,Rachita Warrior,bdhillon@example.org,Deoghar,2025-09-30T01:12:28.045766
14954,Kiaan Sura,loyalrishi@example.org,Tiruppur,2025-09-29T01:12:28.045766
16505,Andrew Sinha,duttpatrick@example.net,Anantapuram,2025-12-24T01:12:28.045766
17446,Harsh Tata,bhatiavasudha@example.net,Muzaffarnagar,2025-09-23T01:12:28.045766
17595,Irya Singhal,uppalpranav@example.com,Orai,2025-10-29T01:12:28.045766
17312,Ubika Yadav,uhayre@example.com,Kadapa,2025-09-11T01:12:28.045766
15728,Champak Pandya,wlal@example.net,Miryalaguda,2025-08-10T01:12:28.045766
13391,Ati Dubey,buchzayan@example.org,Gudivada,2025-12-08T01:12:28.045766
12873,Luke Trivedi,balayamara@example.com,Bulandshahr,2025-08-12T01:12:28.045766
17458,Wriddhish Toor,rdate@example.com,Sri Ganganagar,2025-09-20T01:12:28.045766
17288,Thomas Jain,paueiravati@example.org,Thoothukudi,2025-08-29T01:12:28.045766
17190,Janaki Babu,sankarankaran@example.com,Guntur,2025-09-16T01:12:28.045766
17449,Peter Choudhury,subramanianzayan@example.net,Srikakulam,2025-11-07T01:12:28.045766
17303,Krishna Om,ijaya96@example.net,Anantapuram,2025-12-07T01:12:28.045766
17830,Manan Mohanty,deosiddharth@example.com,Alwar,2025-09-12T01:12:28.045766
16669,Ranveer Nanda,mason63@example.com,Gorakhpur,2025-09-22T01:12:28.045766
13882,Manthan Dani,buchkritika@example.org,Rohtak,2025-10-19T01:12:28.045766
14710,Aarna Devi,naraindevika@example.org,Solapur,2025-09-20T01:12:28.045766
16523,Shaurya Warrior,arunimapatil@example.org,Firozabad,2025-12-06T01:12:28.045766
14421,Warjas Rai,jamble@example.com,Patna,2025-11-25T01:12:28.045766
17711,Omisha Baria,babumatthew@example.org,Bareilly,2025-11-30T01:12:28.045766
13266,Adweta Garg,chaayakade@example.com,Ahmednagar,2025-11-09T01:12:28.045766
17464,Hemang Baria,upma29@example.org,Aligarh,2025-09-11T01:12:28.045766
14317,Anay Puri,gadebalvan@example.org,Jalna,2025-08-26T01:12:28.045766
17684,Ekaraj Tak,aachalmorar@example.com,Ghaziabad,2025-09-27T01:12:28.045766
17961,Amrita Gokhale,wgara@example.org,Bally,2025-08-09T01:12:28.045766
13769,Christopher Rama,widishatalwar@example.net,Gaya,2025-07-29T01:12:28.045766
18116,Ronith Setty,aahanabhargava@example.net,Sirsa,2025-08-06T01:12:28.045766
18086,Orinder Bhavsar,anayseth@example.net,Sagar,2025-10-24T01:12:28.045766
17839,Jagrati Bhagat,pathakkeya@example.net,Bally,2025-10-07T01:12:28.045766
14936,Anusha Kala,yochanasridhar@example.org,Phagwara,2025-10-11T01:12:28.045766
16639,Sathvik Tandon,sainibanjeet@example.com,Hapur,2025-10-18T01:12:28.045766
17580,Aarnav Sangha,moak@example.net,Guntakal,2025-12-26T01:12:28.045766
16806,Anvi Kar,yamini77@example.com,Hospet,2025-10-01T01:12:28.045766
14022,Deepa Maharaj,pkohli@example.net,Hapur,2025-07-29T01:12:28.045766
13763,Vasana Aggarwal,finn40@example.com,Amravati,2025-10-03T01:12:28.045766
13885,Vanya Bali,tatajairaj@example.net,Gorakhpur,2025-09-13T01:12:28.045766
14305,Ekaja Sarraf,chackokashvi@example.net,Vijayanagaram,2025-11-11T01:12:28.045766
18113,Chavvi Deol,myadav@example.com,Ajmer,2025-09-10T01:12:28.045766
14162,Yashica Keer,ctata@example.com,Tezpur,2025-09-01T01:12:28.045766
17857,Jalsa Dutt,prakashanamika@example.org,Barasat,2025-11-17T01:12:28.045766
15609,Chaaya Oza,narainharsh@example.com,Bhagalpur,2025-11-13T01:12:28.045766
16011,Ekta Bansal,lankaisaiah@example.com,Bhopal,2025-11-29T01:12:28.045766
15350,Sathvik Pal,turvi46@example.net,Ongole,2025-10-04T01:12:28.045766
15097,Yachana Bhakta,badalrohan@example.com,Tadipatri,2025-09-29T01:12:28.045766
15758,Suhani Kala,chamelibir@example.net,Agra,2025-12-13T01:12:28.045766
18232,Maya Mammen,dateansh@example.net,Ghaziabad,2025-08-11T01:12:28.045766
13382,Rehaan Sanghvi,tanaysoman@example.org,Sikar,2025-11-02T01:12:28.045766
14963,Darsh Khosla,wramanathan@example.net,Durgapur,2025-08-18T01:12:28.045766
15329,Yagnesh Bhardwaj,sbali@example.net,Jamshedpur,2025-08-30T01:12:28.045766
13379,Kavya Hayer,uuppal@example.net,Nanded,2025-10-05T01:12:28.045766
17059,Matthew Sehgal,kabirgaba@example.com,Haridwar,2025-11-06T01:12:28.045766
15856,Jasmit Warrior,ydara@example.net,Ludhiana,2025-10-31T01:12:28.045766
12831,Tanay Sangha,asachdev@example.net,Delhi,2025-11-01T01:12:28.045766
13120,Veda Prabhakar,bgandhi@example.com,Gulbarga,2025-08-19T01:12:28.045766
12700,Reyansh Sanghvi,gsrivastava@example.net,Kolkata,2025-10-30T01:12:28.045766
17330,Vansha Basak,chackorachana@example.org,Kollam,2025-11-29T01:12:28.045766
14037,Aahana Sharma,zram@example.com,Jabalpur,2025-10-11T01:12:28.045766
15886,Sudiksha Badami,krishnawali@example.com,Jamalpur,2025-10-01T01:12:28.045766
12980,Gautam Kale,oparekh@example.net,Hapur,2025-08-01T01:12:28.045766
15630,Bakhshi Borah,bhavsararin@example.net,Madanapalle,2025-11-04T01:12:28.045766
16383,Adweta Jani,urvashibuch@example.net,Machilipatnam,2025-10-27T01:12:28.045766
14689,Adweta Nanda,pshenoy@example.org,Patiala,2025-09-22T01:12:28.045766
12709,Dipta Master,samaksh95@example.com,Proddatur,2025-10-08T01:12:28.045766
14427,Harita Sarna,gdeshpande@example.net,Bhatpara,2025-11-15T01:12:28.045766
14299,Jackson Khurana,rattivasana@example.net,New Delhi,2025-09-18T01:12:28.045766
13787,Yasti Baria,urvashi24@example.org,Aligarh,2025-10-13T01:12:28.045766
13894,Kritika Devan,vmorar@example.org,Rampur,2025-10-06T01:12:28.045766
16380,Rehaan Dani,jeevikamanne@example.org,Shimla,2025-09-03T01:12:28.045766
14540,Dayamai Batta,uvarty@example.net,Kolhapur,2025-10-14T01:12:28.045766
14442,Jeevika Bhakta,timothybhat@example.com,Siwan,2025-12-02T01:12:28.045766
17172,Ekaraj Rastogi,zachariahalexander@example.net,Vijayawada,2025-08-14T01:12:28.045766
13358,Ekaja Ramanathan,tmand@example.net,Satara,2025-10-21T01:12:28.045766
12867,Jason Srinivas,mayapathak@example.com,Vijayawada,2025-09-28T01:12:28.045766
13224,Ekiya Oza,wganguly@example.com,Khammam,2025-12-20T01:12:28.045766
16672,Lakshit Kara,anita49@example.net,Gurgaon,2025-08-27T01:12:28.045766
13781,Krishna Sabharwal,gsur@example.org,Ahmednagar,2025-12-12T01:12:28.045766
14957,Hemal Yogi,oviya99@example.net,Dehri,2025-10-10T01:12:28.045766
16776,Zayyan Ravi,januja18@example.net,Guntur,2025-11-07T01:12:28.045766
15344,Jason Kalla,radhika05@example.org,Eluru,2025-12-05T01:12:28.045766
16148,Eshana Hari,yadavaarini@example.org,Ichalkaranji,2025-09-12T01:12:28.045766
16261,Ranveer Verma,rishitalwar@example.net,Parbhani,2025-07-29T01:12:28.045766
14013,Wriddhish Oak,ganesanjeremiah@example.com,Kolkata,2025-11-13T01:12:28.045766
16416,Geetika Chada,jwagle@example.com,Morbi,2025-12-17T01:12:28.045766
16023,Watika Sant,vyanjanarajan@example.net,Singrauli,2025-10-23T01:12:28.045766
14150,Gunbir Muni,vedant67@example.net,Gurgaon,2025-10-25T01:12:28.045766
12614,Tanveer Amble,mbarad@example.net,Baranagar,2025-08-16T01:12:28.045766
14960,Amara Sodhi,zachariahdevansh@example.net,Vellore,2025-09-21T01:12:28.045766
17038,Advika Raman,pahal41@example.com,Chapra,2025-10-25T01:12:28.045766
12462,Ikshita Venkataraman,dshere@example.com,Khandwa,2025-08-31T01:12:28.045766
14692,Adweta Natarajan,anusha40@example.net,Kurnool,2025-10-27T01:12:28.045766
14159,Tanvi Samra,champak00@example.com,Amaravati,2025-11-13T01:12:28.045766
15100,Tanish Mander,ssagar@example.net,Bahraich,2025-08-03T01:12:28.045766
15353,Aditya Rau,ikbal99@example.net,Karimnagar,2025-12-15T01:12:28.045766
13239,Gopal Kaur,anaychatterjee@example.org,Katihar,2025-11-28T01:12:28.045766
12968,Dominic Dewan,yochanadayal@example.net,Visakhapatnam,2025-10-09T01:12:28.045766
13004,Harinakshi Sastry,hansvasana@example.org,Hazaribagh,2025-11-28T01:12:28.045766
17306,Anika Anand,pooja07@example.org,Guntakal,2025-11-09T01:12:28.045766
13754,Nachiket Lad,dgrewal@example.com,Mau,2025-08-24T01:12:28.045766
16803,Chakrika Sur,ssahni@example.net,Saharsa,2025-09-14T01:12:28.045766
15725,Ekta Master,omall@example.com,Ghaziabad,2025-12-07T01:12:28.045766
16788,Yash Ramachandran,obasu@example.net,Tiruvottiyur,2025-10-28T01:12:28.045766
16779,Geetika Murthy,qabilwali@example.com,Ahmednagar,2025-11-11T01:12:28.045766
13263,Upkaar Sachar,gaganchandran@example.net,Jaipur,2025-08-19T01:12:28.045766
14796,Tanish Ratta,ranganathanbina@example.net,Saharanpur,2025-11-11T01:12:28.045766
15091,Falguni Balay,pauwarda@example.net,Hubli–Dharwad,2025-08-29T01:12:28.045766
15883,Rachit Subramanian,wlad@example.org,Hazaribagh,2025-11-23T01:12:28.045766
13772,Qarin Seth,nisha66@example.org,Berhampore,2025-11-26T01:12:28.045766
13888,Netra Agrawal,raghav01@example.org,Ambattur,2025-10-01T01:12:28.045766
18241,Balvan Sehgal,aroraaarna@example.net,Proddatur,2025-10-05T01:12:28.045766
14841,Edhitha Bobal,morarekanta@example.org,Gulbarga,2025-12-10T01:12:28.045766
17428,Chaitaly Pai,ykhosla@example.com,Sultan Pur Majra,2025-09-05T01:12:28.045766
17705,Unni Narula,dategayathri@example.org,Panvel,2025-09-09T01:12:28.045766
17422,Madhav Narayan,sachdevadipta@example.net,New Delhi,2025-11-03T01:12:28.045766
17044,Hritik Saran,praneelpillai@example.org,Rajahmundry,2025-12-08T01:12:28.045766
15332,Jalsa Chander,etalwar@example.net,Tirunelveli,2025-08-04T01:12:28.045766
17187,Eesha Bal,darabakhshi@example.net,Nagaon,2025-09-07T01:12:28.045766
12444,Tanay D’Alia,qsunder@example.org,Bhatpara,2025-09-11T01:12:28.045766
13656,Zayyan Gara,ssekhon@example.net,Panipat,2025-08-16T01:12:28.045766
14951,Lakshit Ravel,chakrikasant@example.com,Bhatpara,2025-11-19T01:12:28.045766
16773,Viraj Gera,qroy@example.net,Burhanpur,2025-12-02T01:12:28.045766
15716,Ryan Sathe,hpadmanabhan@example.net,Sambhal,2025-12-12T01:12:28.045766
14665,Ekaja Dani,tanveersinghal@example.org,Adoni,2025-12-07T01:12:28.045766
15603,Vasudha Warrior,ishaniratta@example.org,Singrauli,2025-08-23T01:12:28.045766
14314,Anmol Datta,william53@example.org,Khammam,2025-08-08T01:12:28.045766
14174,Chanchal Kunda,isaiah98@example.com,Sonipat,2025-09-30T01:12:28.045766
13525,Nitesh Walla,akshay75@example.com,Panihati,2025-10-03T01:12:28.045766
12474,Aashi Garg,charvipau@example.org,Ambattur,2025-12-02T01:12:28.045766
18119,Aarini Mammen,yadavigola@example.net,Hyderabad,2025-08-24T01:12:28.045766
12569,Viraj Kaur,karbalhaar@example.com,Jhansi,2025-08-15T01:12:28.045766
16633,Unni Chopra,dgarg@example.com,Salem,2025-08-16T01:12:28.045766
12733,Mahika Kaul,vyanjanakota@example.net,Jhansi,2025-10-27T01:12:28.045766
14418,Gaurav Trivedi,lopa48@example.com,Kolkata,2025-09-09T01:12:28.045766
15484,Girindra Shetty,lopagola@example.org,Arrah,2025-08-29T01:12:28.045766
17193,Tejas Ghosh,bahridivya@example.org,Imphal,2025-10-30T01:12:28.045766
17824,Shivani Brahmbhatt,parikhbhavna@example.org,Jamnagar,2025-08-21T01:12:28.045766
14972,Pranav Date,zachariazarna@example.net,Madurai,2025-12-02T01:12:28.045766
14844,Yahvi Basak,wmanne@example.net,Jehanabad,2025-10-23T01:12:28.045766
15234,Banjeet Raju,vohrakiaan@example.com,Howrah,2025-10-20T01:12:28.045766
17166,Chaitanya Thakkar,girindrachauhan@example.com,Motihari,2025-08-07T01:12:28.045766
14052,Vaishnavi Thakkar,zkrish@example.com,Ambala,2025-09-06T01:12:28.045766
13897,Avni Goel,osoman@example.com,Panipat,2025-10-16T01:12:28.045766
13117,Vihaan Luthra,yadavnachiket@example.net,Pali,2025-12-13T01:12:28.045766
13629,Bhavika Bhatti,saumyaahuja@example.org,Farrukhabad,2025-12-10T01:12:28.045766
17041,Ishani Sengupta,bahriorinder@example.com,Berhampur,2025-09-11T01:12:28.045766
14040,Atharv Thakkar,patlaquincy@example.org,Raebareli,2025-11-15T01:12:28.045766
17708,Zilmil Divan,warinder21@example.com,Varanasi,2025-12-02T01:12:28.045766
15058,Anay Chokshi,rachana96@example.com,Pallavaram,2025-10-23T01:12:28.045766
18250,Elijah Raj,zzacharia@example.com,Hazaribagh,2025-10-05T01:12:28.045766
14820,Tamanna Thakkar,onveernarula@example.org,Munger,2025-10-06T01:12:28.045766
15341,Wriddhish Sagar,xsavant@example.net,South Dumdum,2025-08-17T01:12:28.045766
17714,Lopa Mittal,khatriharish@example.com,Latur,2025-12-07T01:12:28.045766
17854,Ishwar Bhardwaj,pjaggi@example.org,Naihati,2025-12-16T01:12:28.045766
17571,Devika Hari,zehaan02@example.com,Raichur,2025-12-24T01:12:28.045766
15737,Ekanta Zachariah,anayparsa@example.com,Vijayanagaram,2025-12-09T01:12:28.045766
14180,Keya Sethi,tellavanya@example.net,Madurai,2025-08-04T01:12:28.045766
15862,Pallavi Misra,wsen@example.com,Aurangabad,2025-08-20T01:12:28.045766
17157,Baljiwan Brar,gaurangdey@example.org,Ambattur,2025-12-18T01:12:28.045766
14975,Darsh Narasimhan,unnati90@example.com,Serampore,2025-11-24T01:12:28.045766
12572,Ishaan Basak,anita99@example.com,Jamalpur,2025-11-16T01:12:28.045766
15624,Omaja Rajan,czacharia@example.com,Raebareli,2025-09-14T01:12:28.045766
18217,Maanav Mahal,dbandi@example.org,Haldia,2025-09-01T01:12:28.045766
15865,Jeet Bose,owen20@example.com,Gopalpur,2025-11-21T01:12:28.045766
16014,Kavya Khare,arjun08@example.com,Bidar,2025-11-12T01:12:28.045766
14570,Yashasvi Bose,warda54@example.org,Akola,2025-10-04T01:12:28.045766
16809,Falguni Nath,kashvidube@example.com,Mahbubnagar,2025-12-18T01:12:28.045766
15222,Manthan Arya,faris70@example.com,Sirsa,2025-08-14T01:12:28.045766
15990,Nilima Contractor,seshadrivaishnavi@example.net,Tinsukia,2025-08-16T01:12:28.045766
18077,Gaurang Chanda,theodore20@example.net,Danapur,2025-10-31T01:12:28.045766
17434,Yoshita Talwar,obera@example.org,Proddatur,2025-08-24T01:12:28.045766
18080,Yoshita Nadig,nkumer@example.org,Mumbai,2025-08-13T01:12:28.045766
17333,Zarna Trivedi,baghyawati16@example.net,Saharanpur,2025-08-25T01:12:28.045766
14451,Sachi Srivastava,yuvraj45@example.org,Durg,2025-09-07T01:12:28.045766
12712,Adweta Andra,rajeshri34@example.org,Jammu,2025-11-19T01:12:28.045766
15347,Samar Chopra,faqid87@example.net,Dewas,2025-10-17T01:12:28.045766
13394,Bhavani Desai,sehgalpranit@example.com,Bikaner,2025-11-08T01:12:28.045766
16240,Divya Parekh,yashodachanda@example.net,Kakinada,2025-11-18T01:12:28.045766
14311,Vedant Savant,xmangat@example.com,Tiruppur,2025-09-07T01:12:28.045766
14680,Sai Ravi,kotharioliver@example.org,Bardhaman,2025-10-21T01:12:28.045766
13495,Chatresh Suresh,libniwable@example.net,Sambalpur,2025-09-14T01:12:28.045766
17574,Yashica Bava,yoak@example.org,Korba,2025-12-25T01:12:28.045766
17690,Rajata Nayar,baralekbal@example.org,Patiala,2025-09-05T01:12:28.045766
13778,Oni Patil,waliquincy@example.com,Fatehpur,2025-10-12T01:12:28.045766
16931,Eta Pathak,mallagastya@example.net,Vellore,2025-08-17T01:12:28.045766
13510,Aarush Sachar,basakwriddhish@example.com,Begusarai,2025-08-23T01:12:28.045766
14930,Keya Kumer,karan41@example.org,Khammam,2025-10-19T01:12:28.045766
14177,Ekaraj Pillai,arjun30@example.org,Vasai-Virar,2025-08-04T01:12:28.045766
15335,Ekaja Biswas,rgill@example.net,Ahmedabad,2025-12-17T01:12:28.045766
15192,Bina Naik,chaitanya35@example.net,Pondicherry,2025-10-21T01:12:28.045766
13373,Lila Datta,reyansh22@example.net,Mumbai,2025-09-09T01:12:28.045766
16660,Yashawini Borra,rajagopalananmol@example.com,Gurgaon,2025-10-19T01:12:28.045766
15106,Isaiah Sangha,comarfalak@example.net,Bokaro,2025-11-06T01:12:28.045766
12837,Faris Badami,gchaudry@example.net,Singrauli,2025-08-02T01:12:28.045766
15067,Dev Kumar,pray@example.net,Bahraich,2025-11-20T01:12:28.045766
16895,Andrew Baria,vinayathakur@example.net,Tinsukia,2025-09-09T01:12:28.045766
13650,Osha Vyas,widisha47@example.com,Kolhapur,2025-11-20T01:12:28.045766
18223,Faqid Manne,goyalkeya@example.com,Baranagar,2025-12-24T01:12:28.045766
16112,Maanav Sha,radhadalia@example.com,Erode,2025-09-20T01:12:28.045766
14799,Aarush Lalla,faraj10@example.org,Karimnagar,2025-08-11T01:12:28.045766
16109,Wishi Thaker,trivenigoel@example.org,Nangloi Jat,2025-09-15T01:12:28.045766
15978,Ayaan Kalita,wabledamyanti@example.org,Ulhasnagar,2025-10-24T01:12:28.045766
17163,Udyati Roy,larya@example.org,Gopalpur,2025-11-24T01:12:28.045766
18205,Fiyaz Ben,charita25@example.org,Gandhidham,2025-07-31T01:12:28.045766
14704,Daksh Yadav,chandreshsengupta@example.com,Sonipat,2025-10-28T01:12:28.045766
16657,Nathan Savant,xkhurana@example.net,Kamarhati,2025-11-27T01:12:28.045766
14546,Amaira Garde,jgoel@example.com,Unnao,2025-12-19T01:12:28.045766
15585,Jai Dasgupta,kpalan@example.com,Ongole,2025-12-04T01:12:28.045766
17431,Reyansh Rege,anya77@example.org,Serampore,2025-10-10T01:12:28.045766
16127,Oliver Bal,varsha82@example.net,Chapra,2025-12-11T01:12:28.045766
15889,Dipta Agarwal,jairai@example.com,Kota,2025-08-05T01:12:28.045766
18074,Vihaan Kunda,vartyvamakshi@example.org,Panvel,2025-08-21T01:12:28.045766
17419,Ekaraj Lad,aashiyohannan@example.net,Akola,2025-11-26T01:12:28.045766
12584,Yauvani Bhagat,yuvraj51@example.org,Akola,2025-10-27T01:12:28.045766
13918,Falguni Pau,ekapad98@example.org,Darbhanga,2025-12-24T01:12:28.045766
15201,Zaid Bala,edhawan@example.org,Sultan Pur Majra,2025-10-28T01:12:28.045766
17827,Vedika Rastogi,haritahayer@example.net,Dindigul,2025-11-26T01:12:28.045766
12977,Bhanumati Dewan,ravalgauri@example.net,Raebareli,2025-11-24T01:12:28.045766
12718,Krishna Kar,aachalsagar@example.com,Visakhapatnam,2025-12-01T01:12:28.045766
12724,Ishita Shah,singhalfrado@example.net,Nadiad,2025-11-02T01:12:28.045766
13397,Idika Gole,dalbir76@example.net,Miryalaguda,2025-11-29T01:12:28.045766
15877,Yachana Natt,ljayaraman@example.com,Karimnagar,2025-11-21T01:12:28.045766
16142,Hemangini Basak,forumnadig@example.org,Kota,2025-11-25T01:12:28.045766
16404,Eshana Chander,falan54@example.net,Amritsar,2025-10-19T01:12:28.045766
16910,Falak Choudhry,dprasad@example.com,Parbhani,2025-12-07T01:12:28.045766
15606,Sudiksha Buch,vihaankakar@example.org,Dibrugarh,2025-10-08T01:12:28.045766
16386,Pranav Kuruvilla,idika79@example.org,Kollam,2025-08-16T01:12:28.045766
13492,Harsh Gaba,nandini38@example.org,Dindigul,2025-09-13T01:12:28.045766
13126,Yahvi Chandra,ksami@example.org,Varanasi,2025-08-25T01:12:28.045766
17836,Ekavir Dugar,qarinmaharaj@example.com,Sikar,2025-08-06T01:12:28.045766
15880,Chaitaly Dhar,rajeshrinazareth@example.org,Udaipur,2025-08-25T01:12:28.045766
17985,Bhavini Chandra,nadkarniyachana@example.net,Phagwara,2025-11-09T01:12:28.045766
15984,Warinder Dasgupta,kalapooja@example.com,Pimpri-Chinchwad,2025-11-29T01:12:28.045766
17967,Garima Munshi,hemani82@example.net,Tiruchirappalli,2025-10-25T01:12:28.045766
15079,Brijesh Mody,cdatta@example.com,Gopalpur,2025-09-18T01:12:28.045766
16374,Advaith Pal,tejas57@example.net,Bally,2025-12-25T01:12:28.045766
17321,Rachit Palla,naveenrajagopalan@example.net,Secunderabad,2025-11-05T01:12:28.045766
12441,Saksham Chowdhury,shroffvamakshi@example.net,Ambattur,2025-10-04T01:12:28.045766
13617,Tanvi Babu,atwalsamesh@example.com,Avadi,2025-09-08T01:12:28.045766
12438,Wazir Choudhury,etagrover@example.org,Durgapur,2025-12-22T01:12:28.045766
12971,Urvashi Maharaj,sai22@example.org,Bahraich,2025-12-11T01:12:28.045766
17696,Nikita Kumar,chakradevmohanty@example.com,Uluberia,2025-09-15T01:12:28.045766
15365,Watika Raghavan,ydhaliwal@example.com,Haldia,2025-09-09T01:12:28.045766
14823,Yashasvi Baria,biswaspriya@example.com,Kumbakonam,2025-11-02T01:12:28.045766
13248,Aditya Goyal,hemal36@example.net,Parbhani,2025-11-04T01:12:28.045766
17169,Damini Narayanan,dsama@example.org,Dibrugarh,2025-11-11T01:12:28.045766
14165,Libni D’Alia,meera93@example.com,Rajpur Sonarpur,2025-08-02T01:12:28.045766
17050,Qarin Patel,kannanmanthan@example.net,Chennai,2025-08-21T01:12:28.045766
13385,Bhavya Sankaran,dominicgupta@example.net,Gurgaon,2025-10-23T01:12:28.045766
13501,Odika Prashad,vparmer@example.org,Singrauli,2025-08-21T01:12:28.045766
17964,Maanas Mahajan,alexanderatwal@example.com,Muzaffarnagar,2025-09-05T01:12:28.045766
13626,Xiti Agarwal,zmane@example.com,Ratlam,2025-09-04T01:12:28.045766
17160,Amara Krishnan,mukherjeeom@example.com,Kakinada,2025-10-22T01:12:28.045766
13486,Jairaj Bobal,ravipratyush@example.net,Jamshedpur,2025-08-12T01:12:28.045766
12453,Guneet Magar,dalbirhalder@example.net,Bhiwandi,2025-10-30T01:12:28.045766
17053,Nimrat Amble,fitanthaman@example.com,Jamnagar,2025-09-04T01:12:28.045766
12471,Manan Grewal,bahadurjitviswanathan@example.net,Malda,2025-09-02T01:12:28.045766
16115,Vedika Salvi,deepavenkatesh@example.net,Jamalpur,2025-11-13T01:12:28.045766
12593,Yashasvi Chowdhury,unnatisarraf@example.com,Bardhaman,2025-12-08T01:12:28.045766
17553,Chakradev Dubey,inadig@example.org,Danapur,2025-09-25T01:12:28.045766
17425,Arya Kaur,dsaraf@example.org,Meerut,2025-12-12T01:12:28.045766
12581,Tejas Gara,thakerjagdish@example.net,Rajkot,2025-08-18T01:12:28.045766
17973,Meghana Kapadia,ramachandranbhanumati@example.com,Gudivada,2025-09-29T01:12:28.045766
17309,Samar Ratti,kandajalsa@example.org,Berhampore,2025-09-18T01:12:28.045766
14805,Qadim Barad,yamini59@example.net,Ghaziabad,2025-10-12T01:12:28.045766
14189,Eiravati Deshpande,dayamaitaneja@example.net,Mathura,2025-09-16T01:12:28.045766
16389,Jason Raval,aadhya74@example.org,Warangal,2025-11-03T01:12:28.045766
17029,Neha Desai,divanatharv@example.net,Kurnool,2025-08-12T01:12:28.045766
12876,Yagnesh Korpal,yauvani06@example.com,Purnia,2025-10-25T01:12:28.045766
18226,Qabil Ganguly,mdatta@example.com,Patiala,2025-10-15T01:12:28.045766
17702,Mohini Dara,wdate@example.org,Kumbakonam,2025-12-22T01:12:28.045766
18235,Ishaan Dubey,cpurohit@example.net,Delhi,2025-10-18T01:12:28.045766
15237,Vivaan Saini,dugarmanbir@example.org,Navi Mumbai,2025-10-10T01:12:28.045766
16276,Neelima Cheema,farhanchhabra@example.com,Pondicherry,2025-10-10T01:12:28.045766
13370,Turvi Bera,advaithsandhu@example.org,Bardhaman,2025-09-19T01:12:28.045766
12477,Wakeeta Bali,jeettandon@example.org,Noida,2025-12-13T01:12:28.045766
17440,Jeremiah Sehgal,lekhaparekh@example.com,Davanagere,2025-12-03T01:12:28.045766
15219,Umang Sami,krishna13@example.com,Firozabad,2025-10-16T01:12:28.045766
13108,Oni Bhasin,anirudh34@example.com,Kakinada,2025-12-25T01:12:28.045766
12852,Michael Kibe,yashodharapillay@example.net,Tirupati,2025-08-09T01:12:28.045766
16913,Vedhika Subramanian,farisvenkatesh@example.org,Bareilly,2025-08-01T01:12:28.045766
16008,Pooja Natt,stank@example.net,Moradabad,2025-07-31T01:12:28.045766
17970,Lopa Chopra,dubeydiya@example.org,Ludhiana,2025-09-12T01:12:28.045766
16767,Bakhshi Bhargava,tatakamala@example.org,Jamalpur,2025-09-10T01:12:28.045766
14576,Faqid Pillai,darsh70@example.com,Barasat,2025-11-15T01:12:28.045766
13513,Neha Varghese,utkarshdey@example.net,Tenali,2025-11-10T01:12:28.045766
17848,Naveen Warrior,omisha57@example.com,Ghaziabad,2025-12-10T01:12:28.045766
15189,Umang Tak,dakshesh33@example.com,Asansol,2025-11-13T01:12:28.045766
17955,Patrick Dugal,odikadhar@example.com,Hosur,2025-08-31T01:12:28.045766
14293,Chaitanya Tak,muttiyasti@example.net,Alwar,2025-09-02T01:12:28.045766
15719,Vamakshi Arora,varenyarege@example.com,Kadapa,2025-07-29T01:12:28.045766
17693,Dalbir Virk,morarzarna@example.com,Kulti,2025-11-20T01:12:28.045766
15454,Unnati Dora,zansidutt@example.com,Hubli–Dharwad,2025-08-08T01:12:28.045766
14552,Ishaan Sha,choudhurygauri@example.net,Bhusawal,2025-11-06T01:12:28.045766
15213,Max Hans,nnatarajan@example.org,Gwalior,2025-11-06T01:12:28.045766
16907,Vasatika Ghose,devanarunima@example.net,Machilipatnam,2025-10-07T01:12:28.045766
13093,Inaya Srivastava,hayerishita@example.org,Gaya,2025-08-15T01:12:28.045766
13242,Amol Ramesh,dprakash@example.com,Mango,2025-08-12T01:12:28.045766
15612,Girik Ganesan,wkhatri@example.com,Kozhikode,2025-08-04T01:12:28.045766
14156,Bhavani Palla,zachariamatthew@example.com,Morena,2025-10-03T01:12:28.045766
12480,Yagnesh Kumer,ktoor@example.com,Dehradun,2025-08-31T01:12:28.045766
16258,Sneha Radhakrishnan,urishilla51@example.org,Mahbubnagar,2025-11-05T01:12:28.045766
14272,Chatura Sengupta,vasaraksha@example.net,Ambarnath,2025-09-21T01:12:28.045766
12834,Leena Shere,fpall@example.org,Tadipatri,2025-09-19T01:12:28.045766
16139,Bhanumati Thakkar,mshroff@example.com,Nanded,2025-08-15T01:12:28.045766
16282,Laban Panchal,sarannirja@example.org,Hyderabad,2025-08-23T01:12:28.045766
18110,Meera Comar,ishanvithakkar@example.org,Jaunpur,2025-10-06T01:12:28.045766
14016,Veer Uppal,vsandhu@example.com,Delhi,2025-09-22T01:12:28.045766
15472,Jonathan Kakar,logandewan@example.org,Dehradun,2025-10-20T01:12:28.045766
15749,Urishilla Varughese,noricharvi@example.com,Amroha,2025-08-17T01:12:28.045766
16520,Chandresh Mandal,wableekanta@example.net,Bikaner,2025-11-06T01:12:28.045766
13751,Onveer Sood,lakshmisom@example.com,Ambala,2025-12-16T01:12:28.045766
17723,Aarav Pant,cshukla@example.com,Bahraich,2025-08-22T01:12:28.045766
13534,Ishani Vaidya,mandavi@example.net,Eluru,2025-12-10T01:12:28.045766
16791,Logan Narayanan,gargladli@example.com,Bhilwara,2025-09-04T01:12:28.045766
13233,Zinal Batta,frederickrout@example.org,Vijayanagaram,2025-08-03T01:12:28.045766
16770,Dev Bumb,upma94@example.net,Jalandhar,2025-08-09T01:12:28.045766
12870,Balhaar Thaker,harshil23@example.com,Patiala,2025-08-02T01:12:28.045766
12849,Ekanta Vohra,papte@example.net,Haldia,2025-11-02T01:12:28.045766
14287,Girindra Nori,meerawali@example.org,Tinsukia,2025-12-11T01:12:28.045766
17958,Prisha Mani,kevin33@example.org,Sultan Pur Majra,2025-12-22T01:12:28.045766
13245,Finn Nath,tanveer95@example.com,Raurkela Industrial Township,2025-08-29T01:12:28.045766
13519,Arin Ratta,pranit23@example.net,Nadiad,2025-08-22T01:12:28.045766
12715,Varsha Sehgal,gabayashodhara@example.org,Ahmedabad,2025-08-27T01:12:28.045766
14284,Shravya Agarwal,ucchal78@example.com,Dibrugarh,2025-10-09T01:12:28.045766
15850,Vrishti Loke,korpallajita@example.org,Imphal,2025-08-30T01:12:28.045766
16928,Madhavi Bhatt,aringanesh@example.org,Delhi,2025-10-03T01:12:28.045766
14439,Forum Bhatnagar,lbadami@example.net,Siliguri,2025-08-20T01:12:28.045766
15847,Kalpit Kibe,qasim96@example.net,Aurangabad,2025-10-17T01:12:28.045766
17461,Nimrat Johal,abeer08@example.net,Phagwara,2025-08-12T01:12:28.045766
17988,Nihal Borah,mmahajan@example.com,Udupi,2025-12-15T01:12:28.045766
17181,Warinder Solanki,urvashivarghese@example.net,Madhyamgram,2025-09-22T01:12:28.045766
15734,Bakhshi Kant,chasmumbasak@example.com,Secunderabad,2025-08-24T01:12:28.045766
13388,Anirudh De,gagan72@example.com,Panipat,2025-10-03T01:12:28.045766
16020,Gaurang Sur,obatta@example.com,Medininagar,2025-10-23T01:12:28.045766
14561,Bhavani Parsa,ria24@example.net,Guntakal,2025-12-04T01:12:28.045766
15478,Om Sangha,esibal@example.org,Aligarh,2025-12-04T01:12:28.045766
13135,Yadavi Chakraborty,amairade@example.org,Kakinada,2025-09-15T01:12:28.045766
12346,Warda Bala,neelima12@example.org,Cuttack,2025-12-16T01:12:28.045766
16270,Sachi Deep,ethanranganathan@example.org,Bikaner,2025-09-26T01:12:28.045766
17297,Aarini Desai,hbhandari@example.org,Muzaffarnagar,2025-10-27T01:12:28.045766
15740,Eta Chaudhari,bhattirayaan@example.net,Indore,2025-09-06T01:12:28.045766
14147,Omkaar Virk,bhavani09@example.com,Chandrapur,2025-08-23T01:12:28.045766
16517,Indira Desai,chandrandeep@example.net,Bhusawal,2025-12-02T01:12:28.045766
17035,Praneel Dada,ekuruvilla@example.org,Pallavaram,2025-11-05T01:12:28.045766
13236,Bhavini Chana,srinivasananika@example.com,Vasai-Virar,2025-11-07T01:12:28.045766
13635,Odika Jain,deyimaran@example.net,Akola,2025-10-03T01:12:28.045766
14424,Fiyaz Kaur,vrinda80@example.net,Sagar,2025-12-17T01:12:28.045766
18092,Sai Vig,benjaminkaran@example.org,Satara,2025-10-03T01:12:28.045766
12965,Shravya Dass,baljiwannadig@example.net,Durgapur,2025-10-01T01:12:28.045766
15103,Akshay Munshi,gulatijalsa@example.com,Hajipur,2025-09-22T01:12:28.045766
17976,Falguni Lata,vgarg@example.com,Hapur,2025-12-14T01:12:28.045766
14406,Chandresh Thaman,qkalla@example.net,Serampore,2025-11-17T01:12:28.045766
18211,Onkar Nagy,hayercharles@example.com,Korba,2025-11-07T01:12:28.045766
12611,Ganga Sha,baralyash@example.net,Giridih,2025-10-06T01:12:28.045766
16782,Sai Vasa,isaiah41@example.com,Ratlam,2025-08-23T01:12:28.045766
15320,Akshay Palla,ttella@example.org,Jamshedpur,2025-10-19T01:12:28.045766
16407,Qushi Kade,raghavanoliver@example.net,Orai,2025-11-23T01:12:28.045766
16398,Kabir Mangat,tbalay@example.com,Darbhanga,2025-11-03T01:12:28.045766
13099,Qabil Dara,rnarain@example.com,Jamshedpur,2025-11-13T01:12:28.045766
17324,Jyoti Brahmbhatt,mmunshi@example.com,Chandigarh,2025-09-26T01:12:28.045766
13647,Shivansh Randhawa,isaiahvasa@example.com,Satna,2025-10-18T01:12:28.045766
15981,Vidhi Raj,xsrinivasan@example.com,Bardhaman,2025-08-14T01:12:28.045766
15073,Dhriti Chander,kcherian@example.org,Pali,2025-09-16T01:12:28.045766
15076,Abhiram Bobal,xsodhi@example.com,Sikar,2025-08-08T01:12:28.045766
17291,Mitali Mohanty,keervritti@example.org,Proddatur,2025-09-04T01:12:28.045766
14141,Unni Lata,ahluwaliatanish@example.com,Vellore,2025-08-26T01:12:28.045766
12995,Aarna Wagle,ridhidani@example.com,Pune,2025-12-13T01:12:28.045766
12590,Yahvi Walla,grattan@example.org,Akola,2025-11-05T01:12:28.045766
15198,Ansh Mane,cgill@example.org,Tinsukia,2025-08-11T01:12:28.045766
12578,Udant Zacharia,rajeshribains@example.net,Kota,2025-10-16T01:12:28.045766
15743,Ethan Sampath,ikala@example.net,Rourkela,2025-11-09T01:12:28.045766
14290,Gopal Murty,veer29@example.net,Bettiah,2025-08-13T01:12:28.045766
14829,Jagvi Sawhney,pbains@example.net,Vellore,2025-12-01T01:12:28.045766
13489,Bina Bhasin,obrar@example.com,Eluru,2025-12-15T01:12:28.045766
13632,Tejas Karnik,shanidika@example.net,Allahabad,2025-09-01T01:12:28.045766
15475,Andrew Taneja,akshay14@example.org,Ramagundam,2025-11-13T01:12:28.045766
14534,Gunbir Jaggi,lsalvi@example.net,Gandhinagar,2025-12-14T01:12:28.045766
14966,Watika Mand,sachi75@example.com,Surat,2025-08-16T01:12:28.045766
14948,Urvi Walla,ckunda@example.com,Bhind,2025-10-27T01:12:28.045766
12727,Jason Vaidya,maanav26@example.org,Sambalpur,2025-08-12T01:12:28.045766
18095,Tripti Chakraborty,chameli12@example.net,Jammu,2025-10-29T01:12:28.045766
17047,Jagdish Sane,rnori@example.com,Tadipatri,2025-08-18T01:12:28.045766
16794,Chatresh Lal,unnichhabra@example.net,South Dumdum,2025-09-18T01:12:28.045766
16395,Oni Suri,meghana72@example.net,Bhubaneswar,2025-10-12T01:12:28.045766
13927,Unnati Palla,farajkalla@example.org,Pimpri-Chinchwad,2025-08-18T01:12:28.045766
15755,Naksh Suresh,hchakraborty@example.org,Bhubaneswar,2025-11-06T01:12:28.045766
16526,Ekalinga Tara,bakhshibehl@example.com,Serampore,2025-10-26T01:12:28.045766
15356,Gaurika Kale,utkarsh69@example.org,Guwahati,2025-11-26T01:12:28.045766
16249,Naksh Rajagopal,balasubramaniandev@example.net,Kamarhati,2025-10-07T01:12:28.045766
12840,Ansh Bhasin,dominic63@example.net,Giridih,2025-12-16T01:12:28.045766
15466,Gaurav Deol,rajaonkar@example.net,Kozhikode,2025-12-22T01:12:28.045766
13516,Rohan Borra,urishilla53@example.org,Shivpuri,2025-09-12T01:12:28.045766
15225,Samaksh Gole,gaurav27@example.net,Pudukkottai,2025-10-05T01:12:28.045766
14171,Alexander Babu,aryadugar@example.net,Alwar,2025-12-09T01:12:28.045766
14537,Jeremiah Chokshi,nram@example.org,Akola,2025-09-19T01:12:28.045766
16017,Maanas Sen,wsethi@example.com,Machilipatnam,2025-09-04T01:12:28.045766
18104,Karan Rajagopalan,radhikamangal@example.org,Katihar,2025-10-12T01:12:28.046546
13638,Diya Nagar,mammendevika@example.net,Nangloi Jat,2025-09-15T01:12:28.046546
12855,Chanchal Chhabra,dakshamohanty@example.org,Nadiad,2025-08-28T01:12:28.046546
15195,Isaac Patla,vanshamitra@example.org,Nadiad,2025-08-12T01:12:28.046546
15621,Advika Bali,aagate@example.org,Bharatpur,2025-08-10T01:12:28.046546
17550,Dipta Krishnamurthy,ahujachanchal@example.com,Bihar Sharif,2025-12-17T01:12:28.046546
14817,Frado Vala,anamika60@example.net,Pondicherry,2025-11-05T01:12:28.046546
12989,Sarthak Cherian,jdass@example.org,Srikakulam,2025-08-11T01:12:28.046546
17315,Mohini Agarwal,varkeywarhi@example.com,Siliguri,2025-10-07T01:12:28.046546
17812,Manya Gaba,alexandermadan@example.net,Gorakhpur,2025-08-10T01:12:28.046546
16511,Lohit Mammen,fmisra@example.org,Belgaum,2025-10-30T01:12:28.046546
15722,Omisha Om,vincent47@example.com,Sri Ganganagar,2025-11-04T01:12:28.046546
15457,Harinakshi Prasad,bakhshichakrabarti@example.org,Machilipatnam,2025-10-25T01:12:28.046546
14567,Sathvik Madan,zsheth@example.org,Bareilly,2025-10-28T01:12:28.046546
14436,Jagdish Dey,chameliramesh@example.com,Malda,2025-09-05T01:12:28.046546
16145,Bimala Suresh,ishanvimemon@example.com,Bangalore,2025-10-15T01:12:28.046546
16279,Varenya Loyal,adityakapadia@example.net,Sirsa,2025-11-30T01:12:28.046546
15597,Nandini Boase,faqidranganathan@example.org,Bhopal,2025-12-02T01:12:28.046546
18220,Advik Kumer,talwarikbal@example.org,Ramagundam,2025-09-01T01:12:28.046546
13760,Yatin Menon,gautam74@example.com,Bongaigaon,2025-11-06T01:12:28.046546
18229,Girindra Dugar,upkaarray@example.com,Mau,2025-08-22T01:12:28.046546
15874,Qadim Sangha,chandraharish@example.com,Hajipur,2025-11-28T01:12:28.046546
16934,Prisha Mukhopadhyay,sastrysneha@example.net,Moradabad,2025-09-22T01:12:28.046546
13900,Elijah Chandran,anikakurian@example.org,Sambhal,2025-10-17T01:12:28.046546
14403,Kiaan Oza,saumyamadan@example.com,Nizamabad,2025-12-16T01:12:28.046546
15752,Dhriti Cheema,theodore38@example.com,Jaipur,2025-10-24T01:12:28.046546
14543,Simon Chauhan,lohit41@example.com,Bhagalpur,2025-08-25T01:12:28.046546
16377,Saksham Doctor,aapte@example.org,Machilipatnam,2025-09-03T01:12:28.046546
16916,Vihaan Chakraborty,bram@example.net,Patiala,2025-12-13T01:12:28.046546
15469,Manthan Deo,yugchaudhry@example.com,Nagpur,2025-12-02T01:12:28.046546
15463,Vedika Dhillon,gavinmani@example.org,Erode,2025-12-10T01:12:28.046546
13790,Meera Banik,csarma@example.com,Dhanbad,2025-10-24T01:12:28.046546
12465,David Khosla,abadal@example.net,Khammam,2025-08-19T01:12:28.046546
18101,Yash Srivastava,nidra22@example.org,Begusarai,2025-10-16T01:12:28.046546
17071,Kritika Ranganathan,chadasaanvi@example.org,Kota,2025-12-23T01:12:28.046546
16529,Vasana Mangat,lila00@example.org,Machilipatnam,2025-12-03T01:12:28.046546
14031,Anvi Kaul,yashasvi52@example.com,Thanjavur,2025-10-24T01:12:28.046546
14701,Jai Morar,mammenxiti@example.net,Purnia,2025-10-10T01:12:28.046546
12468,Warda Shankar,sidhumaanav@example.com,Ludhiana,2025-09-08T01:12:28.046546
14582,Kamala Dara,tailorudarsh@example.net,Bhusawal,2025-08-30T01:12:28.046546
14555,Watika Krishna,uparmer@example.org,Siliguri,2025-11-08T01:12:28.046546
13522,Guneet Varty,jyoti24@example.net,Warangal,2025-09-22T01:12:28.046546
15615,Bishakha Pau,bhatiabhavna@example.com,Madurai,2025-10-25T01:12:28.046546
17949,Tanmayi Wable,devansh50@example.net,Bhilwara,2025-10-31T01:12:28.046546
12602,Falak Mangal,banerjeejason@example.com,Panihati,2025-09-05T01:12:28.046546
12587,Maya Chadha,rattacharles@example.com,Firozabad,2025-09-22T01:12:28.046546
12736,Yasti Yadav,ikshitaramachandran@example.net,Panipat,2025-10-29T01:12:28.046546
15594,Maya Kumar,rameshandrew@example.org,Jamalpur,2025-09-04T01:12:28.046546
14049,Rachana Kapoor,cdhawan@example.net,Bhimavaram,2025-09-08T01:12:28.046546
17068,Udant Mann,ssaha@example.com,Silchar,2025-12-06T01:12:28.046546
17062,Frederick Roy,triptisuri@example.net,Jalgaon,2025-10-18T01:12:28.046546
15204,Darika Mitter,odyal@example.org,Morena,2025-11-16T01:12:28.046546
17026,Rehaan Purohit,riya93@example.net,Jodhpur,2025-10-01T01:12:28.046546
17589,Indrajit Zacharia,paialexander@example.com,Faridabad,2025-12-18T01:12:28.046546
12721,Yagnesh Vala,siddharththakkar@example.com,Bulandshahr,2025-10-21T01:12:28.046546
16764,Omisha Krishnamurthy,kiaan86@example.com,Malda,2025-09-03T01:12:28.046546
16898,Veda Nagi,davidupadhyay@example.com,Latur,2025-10-06T01:12:28.046546
15460,Azaan Narasimhan,hiralhalder@example.org,Bihar Sharif,2025-11-02T01:12:28.046546
16678,Vincent Raj,indira47@example.net,Durg,2025-09-06T01:12:28.046546
14412,Lila Mammen,hkanda@example.com,Phagwara,2025-09-21T01:12:28.046546
12349,Ranveer Kulkarni,parth30@example.org,Udaipur,2025-09-05T01:12:28.046546
16940,Bhavika Parsa,korpalbaljiwan@example.com,Dhanbad,2025-07-31T01:12:28.046546
14034,Abha Bal,bandiisaac@example.org,Sikar,2025-10-16T01:12:28.046546
13531,Nilima Bhakta,jonathan05@example.com,Naihati,2025-10-27T01:12:28.046546
13102,Kamala Jani,sanghvisai@example.com,Loni,2025-07-29T01:12:28.046546
13376,Barkha Ganesh,gabaindira@example.net,Nagaon,2025-12-19T01:12:28.046546
14448,Hemangini Panchal,pratyush56@example.org,Delhi,2025-12-17T01:12:28.046546
15996,Harita Doshi,raghav89@example.com,Davanagere,2025-10-22T01:12:28.046546
15746,Rachita Bath,christopher86@example.net,Chandrapur,2025-08-25T01:12:28.046546
12483,Adya Mani,oaklavanya@example.org,Bhalswa Jahangir Pur,2025-09-28T01:12:28.046546
13227,Nathaniel Mann,turvi00@example.com,Mahbubnagar,2025-11-23T01:12:28.046546
15088,Unni Jani,vpatla@example.org,Bidhannagar,2025-11-01T01:12:28.046546
16648,Nandini Wable,aishaniperi@example.org,Ozhukarai,2025-08-21T01:12:28.046546
14808,Chakradhar Raju,aptedarsh@example.net,South Dumdum,2025-08-01T01:12:28.046546
12450,Gautami Balasubramanian,tripathikavya@example.com,Hapur,2025-10-21T01:12:28.046546
16800,Ojas Ram,lalaeta@example.com,Amravati,2025-09-24T01:12:28.046546
17562,Lakshit Mishra,chakrabartishaurya@example.com,Erode,2025-08-28T01:12:28.046546
16401,David Dixit,jbhavsar@example.com,Gaya,2025-11-09T01:12:28.046546
16005,Inaya Bhargava,balendra63@example.net,Buxar,2025-12-20T01:12:28.046546
16133,Chanchal Banik,parsaudyati@example.com,Srikakulam,2025-12-07T01:12:28.046546
13507,Hritik Patel,gardeabdul@example.com,Sri Ganganagar,2025-09-17T01:12:28.046546
17175,Xalak Subramanian,gaurika76@example.org,Raebareli,2025-12-05T01:12:28.046546
16654,Samesh Singh,nisha98@example.org,Udupi,2025-08-04T01:12:28.046546
15210,Bimala Kari,adwetabahl@example.com,Sikar,2025-09-05T01:12:28.046546
14415,Qarin Mall,tcomar@example.org,Rajahmundry,2025-12-10T01:12:28.046546
15228,Krishna Shere,guhawazir@example.com,Saharsa,2025-07-30T01:12:28.046546
16904,Benjamin Dani,ohari@example.net,Ujjain,2025-09-22T01:12:28.046546
12843,Aadhya Bal,rmammen@example.org,Ghaziabad,2025-11-15T01:12:28.046546
13355,Zehaan Narasimhan,falak46@example.com,Nadiad,2025-10-25T01:12:28.046546
12974,Vasatika Dutta,upadhyayyug@example.org,Alwar,2025-08-15T01:12:28.046546
12456,Pahal Borde,jairajvala@example.net,Danapur,2025-08-11T01:12:28.046546
15853,Balendra Verma,frederick00@example.com,Nagaon,2025-12-08T01:12:28.046546
16919,Neelima Bal,amritachowdhury@example.org,Pimpri-Chinchwad,2025-09-12T01:12:28.046546
17720,Orinder Magar,rushilkeer@example.com,Hajipur,2025-11-02T01:12:28.046546
14713,Vanya Comar,znori@example.net,Ramagundam,2025-08-22T01:12:28.046546
12703,Warda Memon,duttqushi@example.net,Ozhukarai,2025-09-12T01:12:28.046546
16136,Eshana Master,yoshita53@example.com,Aizawl,2025-08-10T01:12:28.046546
15326,Balvan Lal,ranveer20@example.net,Durgapur,2025-08-11T01:12:28.046546
18256,Aishani Wadhwa,nattaachal@example.net,Bhind,2025-11-20T01:12:28.046546
14880,Chasmum Naidu,baghyawati76@example.org,Kishanganj,2025-09-10T01:12:28.046546
13421,Caleb Parekh,gillwilliam@example.net,Medininagar,2025-09-20T01:12:28.046546
12361,Gaurika Bhardwaj,anjalihora@example.org,Saharsa,2025-11-18T01:12:28.046546
13808,Ranbir Tella,krisha90@example.org,Jalna,2025-09-17T01:12:28.046546
12748,Robert Prashad,dayamaicontractor@example.net,Mahbubnagar,2025-11-15T01:12:28.046546
13436,Henry Rama,cbaral@example.org,Hindupur,2025-10-10T01:12:28.046546
17348,Ladli Bal,charita26@example.org,Gudivada,2025-10-22T01:12:28.046546
15800,Guneet Ganguly,merchantsaumya@example.net,Gangtok,2025-11-27T01:12:28.046546
12921,Faris Sridhar,golaarunima@example.com,Dibrugarh,2025-12-16T01:12:28.046546
16297,Wriddhish Das,anushamane@example.org,Muzaffarnagar,2025-10-15T01:12:28.046546
13186,Vrishti Deo,jackgrover@example.net,Bhind,2025-10-18T01:12:28.046546
15023,Brijesh Karnik,leena66@example.net,Surat,2025-11-04T01:12:28.046546
17768,Fariq Bahri,kiaandeshmukh@example.net,Dindigul,2025-10-17T01:12:28.046546
17083,Mohammed Khanna,chavvirajan@example.org,Shimla,2025-08-21T01:12:28.046546
15526,Abeer Bhatnagar,venkateshekaraj@example.com,Chandrapur,2025-10-22T01:12:28.046546
14740,Ethan Konda,kiaannagar@example.org,Panipat,2025-09-14T01:12:28.046546
17509,Chatura Tata,chahaltamanna@example.com,Eluru,2025-09-02T01:12:28.046546
15005,Janaki Sha,kavya08@example.net,Shimoga,2025-08-29T01:12:28.046546
17226,Omkaar Naidu,dev69@example.net,Avadi,2025-08-18T01:12:28.046546
14847,Anirudh Bassi,ivasa@example.net,Gulbarga,2025-09-28T01:12:28.046546
13814,Arjun Dave,brijesh62@example.com,Tezpur,2025-11-08T01:12:28.046546
13284,Niharika Manda,isha53@example.net,Belgaum,2025-09-23T01:12:28.046546
15505,Gautam Konda,lwagle@example.net,Vijayawada,2025-09-23T01:12:28.046546
15901,Omkaar Vaidya,elijah58@example.org,Purnia,2025-09-19T01:12:28.046546
13159,Lipika Loyal,trivenibajwa@example.com,Nagaon,2025-11-23T01:12:28.046546
12778,Agastya Singhal,vsarma@example.org,Rajahmundry,2025-11-24T01:12:28.046546
16431,Ijaya Ramanathan,sachdevkritika@example.com,Kolhapur,2025-11-02T01:12:28.046546
17899,Vedika Dhaliwal,sundaramronith@example.net,Panvel,2025-12-19T01:12:28.046546
14359,Arin Aurora,brinda70@example.org,Guntur,2025-08-21T01:12:28.046546
17771,Vritti Gade,forum70@example.com,Latur,2025-11-11T01:12:28.046546
15014,Anika Mangat,ubika70@example.com,Chennai,2025-11-06T01:12:28.046546
13707,Ati Kulkarni,mgandhi@example.com,Nagaon,2025-11-29T01:12:28.046546
17994,Liam Minhas,gavinrai@example.net,Khammam,2025-11-29T01:12:28.046546
17381,Warhi Sekhon,pallavimishra@example.net,Gangtok,2025-12-21T01:12:28.046546
15922,Amara Deshmukh,wakeetaganguly@example.net,Salem,2025-08-04T01:12:28.046546
13549,Sanaya Balakrishnan,mananhayre@example.com,Dhanbad,2025-11-30T01:12:28.046546
13829,Lohit Singh,reddynandini@example.com,Shahjahanpur,2025-10-22T01:12:28.046546
16169,Priya Varghese,sanghvibalveer@example.com,Pudukkottai,2025-09-12T01:12:28.046546
17777,Patrick Dada,sanijeevika@example.com,Khandwa,2025-08-16T01:12:28.046546
12644,Kiaan Warrior,ranafinn@example.org,Sonipat,2025-09-03T01:12:28.046546
17866,Suhani Raj,samar81@example.org,Mira-Bhayandar,2025-08-21T01:12:28.046546
18009,Gavin Ghose,jyoti48@example.com,Srinagar,2025-08-24T01:12:28.046546
14889,Vasatika Jain,zgade@example.org,Adoni,2025-12-01T01:12:28.046546
12504,Rushil Kumer,lakshit89@example.net,Tenali,2025-11-12T01:12:28.046546
16684,Omaja Sarraf,royamaira@example.org,Rajkot,2025-09-11T01:12:28.046546
16818,Yochana Dhillon,vasarachita@example.org,Anand,2025-11-05T01:12:28.046546
14621,Ekiya Master,mbajwa@example.org,Rajkot,2025-10-10T01:12:28.046546
12659,Aarush Chada,uraghavan@example.org,Sangli-Miraj & Kupwad,2025-12-24T01:12:28.046546
14076,Aadhya Doshi,aradhanapai@example.net,Solapur,2025-10-20T01:12:28.046546
17470,Advika Mody,qabil59@example.com,Tadipatri,2025-10-18T01:12:28.046546
17890,Aayush Bawa,oviyashere@example.net,Pali,2025-11-16T01:12:28.046546
15261,Warhi Bir,oviyawable@example.com,Kishanganj,2025-10-10T01:12:28.046546
18015,Amrita Sathe,senkamya@example.org,Bidhannagar,2025-12-03T01:12:28.046546
13314,Kala Bera,kpuri@example.com,Kharagpur,2025-10-27T01:12:28.046546
16565,Leena Krishnamurthy,chanderxiti@example.com,Kolkata,2025-10-09T01:12:28.046546
17908,Mohammed Pall,nicholasyogi@example.com,Naihati,2025-09-22T01:12:28.046546
13564,Harshil Srivastava,amara96@example.com,Muzaffarpur,2025-11-22T01:12:28.046546
14719,Vrinda Bakshi,zehaan39@example.org,Chinsurah,2025-12-11T01:12:28.046546
17637,Veer Panchal,jkurian@example.org,Thane,2025-11-02T01:12:28.046546
15127,Yoshita Suri,golejagrati@example.org,Panvel,2025-08-15T01:12:28.046546
15017,Neel Sheth,dubeyhemang@example.org,Katihar,2025-09-27T01:12:28.046546
15139,Gavin Devi,mohantyyug@example.net,Sonipat,2025-12-15T01:12:28.046546
13546,Zinal Kothari,zsarkar@example.com,North Dumdum,2025-12-03T01:12:28.046546
17244,Quincy Subramanian,nandinideo@example.net,Phagwara,2025-09-10T01:12:28.046546
18274,Arjun Seth,ghalder@example.com,Raebareli,2025-09-13T01:12:28.046546
14624,Xavier Grewal,udeshmukh@example.com,Thoothukudi,2025-12-06T01:12:28.046546
16419,Vinaya Mallick,udhingra@example.net,Gangtok,2025-08-27T01:12:28.046546
13826,Yagnesh Borah,upasnachandran@example.com,Jamshedpur,2025-11-27T01:12:28.046546
17238,Nilima Jaggi,wahabparmer@example.com,Dhule,2025-09-16T01:12:28.046546
17122,Isaiah Bava,mannishita@example.org,Varanasi,2025-08-12T01:12:28.046546
16550,Darpan Bhardwaj,draju@example.com,Kharagpur,2025-10-30T01:12:28.046546
15240,Aadi Ratti,pzacharia@example.com,Adoni,2025-12-20T01:12:28.046546
15809,Chanchal Doctor,suraaditya@example.com,Kakinada,2025-09-28T01:12:28.046546
15675,Tarak Mammen,wraval@example.org,Jorhat,2025-12-07T01:12:28.046546
17601,Wazir Wali,manyabasak@example.net,Phusro,2025-10-10T01:12:28.046546
17345,Ridhi Ben,borahisha@example.org,Unnao,2025-12-14T01:12:28.046546
12519,Isaac Lata,vpatel@example.com,Junagadh,2025-12-21T01:12:28.046546
15940,Azad Srinivasan,unnatiparmar@example.com,Bihar Sharif,2025-09-24T01:12:28.046546
17357,Darpan Warrior,eeshachhabra@example.com,Yamunanagar,2025-09-15T01:12:28.046546
17991,Farhan Merchant,rjohal@example.org,Khandwa,2025-11-05T01:12:28.046546
13448,Dalaja Madan,wkanda@example.org,Ahmedabad,2025-10-04T01:12:28.046546
16812,Bakhshi Peri,osandhu@example.com,Hospet,2025-12-15T01:12:28.046546
14591,Nisha Amble,norisudiksha@example.com,Bhilwara,2025-09-23T01:12:28.046546
17634,Anirudh Oza,barmandominic@example.com,Hapur,2025-12-20T01:12:28.046546
17619,Ijaya More,ekantikamane@example.com,Ozhukarai,2025-08-05T01:12:28.046546
12373,Veer Korpal,talwarbalendra@example.org,Gulbarga,2025-11-08T01:12:28.046546
17881,Lavanya Bhandari,nakshsharma@example.org,Kishanganj,2025-11-08T01:12:28.046546
14481,Faqid Doctor,taraaahana@example.com,Bhilai,2025-12-06T01:12:28.046546
15547,Kashish Prabhakar,tsodhi@example.com,Kota,2025-11-05T01:12:28.046546
15115,Mitali Sathe,vwable@example.net,Aligarh,2025-12-20T01:12:28.046546
14984,Kashvi Raval,chadudyati@example.net,Anand,2025-08-08T01:12:28.046546
14850,Chatura Lad,yashoda34@example.net,Kumbakonam,2025-11-12T01:12:28.046546
16071,Yamini Chakrabarti,liam17@example.org,Jorhat,2025-09-17T01:12:28.046546
15654,Dhruv Deep,qviswanathan@example.org,Cuttack,2025-09-11T01:12:28.046546
14237,Bhavini Sha,chahalchanchal@example.net,Kishanganj,2025-09-18T01:12:28.046546
16175,Jagrati Sen,qparmer@example.com,Allahabad,2025-09-02T01:12:28.046546
13296,Harish Pandit,kabirbal@example.com,Firozabad,2025-11-12T01:12:28.046546
14335,Vincent Desai,tarakhora@example.org,Bihar Sharif,2025-12-03T01:12:28.046546
13680,Yahvi Bali,abhiramnagar@example.org,Korba,2025-12-23T01:12:28.046546
12906,Janya Dass,kalasoni@example.com,Loni,2025-12-12T01:12:28.046546
15535,Diya Mani,bainsdakshesh@example.net,Kadapa,2025-08-29T01:12:28.046546
17211,Fiyaz Magar,ranazashil@example.net,Ramagundam,2025-11-14T01:12:28.046546
17220,Umang Khatri,thakurvarenya@example.org,Ahmednagar,2025-08-31T01:12:28.046546
12626,Ryan Gokhale,bchad@example.org,Amaravati,2025-07-29T01:12:28.046546
13299,Ethan Hegde,odevan@example.com,Malegaon,2025-10-10T01:12:28.046546
14978,Vritti Dey,yashodarajagopal@example.org,Gulbarga,2025-09-16T01:12:28.046546
15258,Faris Bail,agastya32@example.net,Hapur,2025-11-27T01:12:28.046546
13570,Qarin Shroff,harshil46@example.org,Karaikudi,2025-07-29T01:12:28.046546
14323,Oeshi Butala,ddevan@example.org,Pondicherry,2025-12-21T01:12:28.046546
13951,Harrison Raj,patricknadkarni@example.org,Orai,2025-12-11T01:12:28.046546
13016,Lakshit Thaman,aadhyabose@example.org,Ujjain,2025-09-12T01:12:28.046546
13430,Indrajit Kadakia,chahalpahal@example.com,Varanasi,2025-08-30T01:12:28.046546
13028,Kavya Deo,ekapad02@example.net,Bellary,2025-12-08T01:12:28.046546
15279,Azaan Chakrabarti,mbansal@example.net,Dhule,2025-12-19T01:12:28.046546
15395,Liam Chaudhari,eshana31@example.org,Kottayam,2025-09-03T01:12:28.046546
18149,Pratyush Chakraborty,vamakshipant@example.com,Karawal Nagar,2025-09-04T01:12:28.046546
13427,Lohit Atwal,rehaan46@example.org,Baranagar,2025-12-16T01:12:28.046546
14332,Abdul Das,kulkarnifiyaz@example.com,Muzaffarnagar,2025-11-27T01:12:28.046546
15392,Libni Comar,idivan@example.org,Sambhal,2025-09-06T01:12:28.046546
14213,Dominic Nayak,galageetika@example.net,Agra,2025-11-03T01:12:28.046546
13418,Chanakya Palla,mayanarasimhan@example.net,Kishanganj,2025-08-12T01:12:28.046546
15663,Christopher Mall,parth58@example.net,Meerut,2025-11-09T01:12:28.046546
14463,Nimrat Mital,regechristopher@example.org,Ghaziabad,2025-08-22T01:12:28.046546
17506,Devansh Bhatti,madhav05@example.net,Tiruppur,2025-09-13T01:12:28.046546
13305,Arin Tailor,arinpalla@example.org,Farrukhabad,2025-09-22T01:12:28.046546
17384,Krish Bhakta,urvi58@example.com,Guna,2025-10-27T01:12:28.046546
16708,Samarth Basak,mgolla@example.net,Kurnool,2025-12-07T01:12:28.046546
13552,Prisha Shah,valaadya@example.com,Gwalior,2025-11-02T01:12:28.046546
15898,Tanay Murthy,swason@example.org,Adoni,2025-09-14T01:12:28.046546
15919,Janaki Borah,kdivan@example.com,Muzaffarnagar,2025-09-04T01:12:28.046546
15514,Garima Wadhwa,gissac@example.org,Panchkula,2025-08-11T01:12:28.046546
15517,Jacob Som,gdash@example.com,Adoni,2025-10-22T01:12:28.046546
12358,Divya Sane,samesh20@example.org,Guna,2025-12-24T01:12:28.046546
16330,Meghana Bal,ladlimemon@example.com,Thane,2025-10-26T01:12:28.046546
17604,William Devan,anvi17@example.org,Eluru,2025-08-20T01:12:28.046546
12489,Zaid Sehgal,mastergunbir@example.org,Sikar,2025-10-15T01:12:28.046546
12510,Neelima Menon,guneetkulkarni@example.com,Sikar,2025-12-21T01:12:28.046546
16949,Triveni Ratti,wablebalvan@example.net,Mau,2025-12-24T01:12:28.046546
13948,Ranveer Suri,jananilal@example.org,Alappuzha,2025-11-22T01:12:28.046546
16985,Mugdha Dey,isharama@example.net,Chapra,2025-10-17T01:12:28.046546
18033,Maanav Munshi,eiravati26@example.net,Anand,2025-08-24T01:12:28.046546
12507,Gaurangi Zachariah,sanyapradhan@example.org,Dharmavaram,2025-12-26T01:12:28.046546
16455,Yatan Raval,pandeywriddhish@example.org,Vijayawada,2025-12-10T01:12:28.046546
12650,Aarna Hayre,aashiraja@example.org,Thrissur,2025-11-05T01:12:28.046546
16592,Divya Shere,chameli82@example.com,Hindupur,2025-11-13T01:12:28.046546
17512,Azaan Kari,deepdalaja@example.net,Yamunanagar,2025-10-12T01:12:28.046546
14100,Rajata Tripathi,davegopal@example.com,Bhagalpur,2025-11-30T01:12:28.046546
12534,Arya Gola,vbalasubramanian@example.org,Medininagar,2025-12-25T01:12:28.046546
17643,Harinakshi Nath,rajataraman@example.org,Madhyamgram,2025-10-18T01:12:28.046546
16830,Oeshi Nadig,chavvibalan@example.net,Tinsukia,2025-08-15T01:12:28.046546
17354,Vyanjana Krishnan,singhutkarsh@example.com,Muzaffarpur,2025-12-11T01:12:28.046546
12513,Sanaya Sood,gloke@example.com,Hubli–Dharwad,2025-11-19T01:12:28.046546
13055,Saanvi Tiwari,charanpillai@example.net,Belgaum,2025-08-15T01:12:28.046546
12775,Daksha Iyer,surwatika@example.com,Solapur,2025-09-30T01:12:28.046546
12641,Anita Murthy,lakshit52@example.com,Mau,2025-09-05T01:12:28.046546
15797,Veda Bahl,libni07@example.com,Fatehpur,2025-09-16T01:12:28.046546
16160,Yadavi Vig,banerjeemegha@example.net,Imphal,2025-10-31T01:12:28.046546
13817,Ishaan Ganesan,bassiira@example.org,Rohtak,2025-12-24T01:12:28.046546
16979,Victor Dora,qarindara@example.org,Bhind,2025-11-17T01:12:28.046546
18122,Lila Rattan,iarora@example.net,Surendranagar Dudhrej,2025-11-26T01:12:28.046546
16842,Aarna Kadakia,rayaan35@example.net,Hazaribagh,2025-10-25T01:12:28.046546
17646,Anya Vig,urmi05@example.org,Bhopal,2025-08-29T01:12:28.046546
16720,Shaurya Mohan,ramanekapad@example.com,Sambhal,2025-11-17T01:12:28.046546
13165,Bishakha Bahl,ekanigole@example.org,Howrah,2025-10-14T01:12:28.046546
17223,Wridesh Rajagopal,preddy@example.org,Kozhikode,2025-11-23T01:12:28.046546
13802,Krishna Trivedi,owensankar@example.net,Ramgarh,2025-10-26T01:12:28.046546
18277,Panini Lata,tghose@example.net,Kavali,2025-11-27T01:12:28.046546
15416,Gautami Yadav,jyoti81@example.org,Bidhannagar,2025-07-31T01:12:28.046546
16026,Utkarsh Bera,miteshkamdar@example.com,Amroha,2025-11-25T01:12:28.046546
18006,Om Solanki,gardebishakha@example.net,Mira-Bhayandar,2025-08-23T01:12:28.046546
16693,Dayita Munshi,bkannan@example.org,Satara,2025-09-09T01:12:28.046546
17732,Chatresh Cheema,dominic58@example.com,Bahraich,2025-09-01T01:12:28.046546
12882,Gunbir Pall,kbalay@example.net,Kakinada,2025-12-20T01:12:28.046546
17095,Jalsa Maharaj,geetikahari@example.com,Katihar,2025-11-28T01:12:28.046546
15374,Chandresh Bora,yatan91@example.com,Fatehpur,2025-10-17T01:12:28.046546
13174,Orinder Hora,brinda06@example.com,Tadipatri,2025-08-31T01:12:28.046546
17613,Nisha Chaudhuri,lakshthaker@example.org,Bhavnagar,2025-10-05T01:12:28.046546
18164,Hiral Brahmbhatt,adayal@example.com,Shivpuri,2025-09-25T01:12:28.046546
12623,Garima Mishra,jeet76@example.org,Hospet,2025-08-17T01:12:28.046546
13302,Aahana Deo,hritik12@example.com,Kumbakonam,2025-09-18T01:12:28.046546
15130,Edhitha Ranganathan,david00@example.net,Patiala,2025-12-13T01:12:28.046546
18167,Amruta Magar,epatil@example.org,Coimbatore,2025-08-10T01:12:28.046546
13317,Ekta Venkatesh,yahvimangat@example.org,Jammu,2025-09-10T01:12:28.046546
14231,Chatura Viswanathan,bachittarchoudhry@example.org,Motihari,2025-09-23T01:12:28.046546
15145,Vihaan Palla,advaydhaliwal@example.org,Kishanganj,2025-12-12T01:12:28.046546
16306,Ishaan Bhatia,bakhshi63@example.org,Panihati,2025-12-25T01:12:28.046546
17339,Chasmum Mandal,rajuzansi@example.com,Kollam,2025-11-06T01:12:28.046546
15252,Pranit Nagy,ojasvigokhale@example.com,Agra,2025-12-02T01:12:28.046546
12388,Geetika Sathe,ibhatnagar@example.com,Bidar,2025-10-21T01:12:28.046546
15764,Reyansh Koshy,hprabhakar@example.net,Sonipat,2025-08-06T01:12:28.046546
16029,Siya Edwin,lakshgoel@example.net,Kolhapur,2025-12-11T01:12:28.046546
16321,Balendra Chakrabarti,dharaarush@example.org,Tiruchirappalli,2025-10-04T01:12:28.046546
13147,Kashvi Baria,tanvi15@example.net,Jamnagar,2025-08-11T01:12:28.046546
18268,Siya Sankaran,hnori@example.net,Karaikudi,2025-12-18T01:12:28.046546
13555,Yochana Wagle,maxbalan@example.org,Suryapet,2025-11-15T01:12:28.046546
12379,Wriddhish Modi,nilima07@example.com,Varanasi,2025-09-14T01:12:28.046546
13975,Tristan Dhingra,chandran22@example.com,Thiruvananthapuram,2025-08-28T01:12:28.046546
16556,Urvashi Shenoy,oliver12@example.net,Ramagundam,2025-10-06T01:12:28.046546
15502,Michael Padmanabhan,amrutamenon@example.com,Ballia,2025-10-15T01:12:28.046546
16434,Damini Rao,sankardakshesh@example.org,Warangal,2025-11-21T01:12:28.046546
17863,Yash Manne,ayushshan@example.net,Thrissur,2025-08-04T01:12:28.046546
12531,Dalaja Mammen,ynarasimhan@example.org,Pimpri-Chinchwad,2025-10-12T01:12:28.046546
16059,Devika Borde,alka24@example.org,Ongole,2025-11-11T01:12:28.046546
17101,Rachita Sharma,znarasimhan@example.com,Medininagar,2025-11-13T01:12:28.046546
13695,Patrick Majumdar,fbarad@example.com,Dhule,2025-10-16T01:12:28.046546
17893,Qadim Lad,rajeshri20@example.org,Guwahati,2025-11-18T01:12:28.046546
15895,Diya Thaman,butalapooja@example.net,Bongaigaon,2025-09-30T01:12:28.046546
16595,Yash Rai,ymaharaj@example.net,Ajmer,2025-08-25T01:12:28.046546
14859,Harinakshi Padmanabhan,gabriel26@example.com,Ulhasnagar,2025-10-18T01:12:28.046546
12769,Madhavi Sankaran,jagatpandit@example.org,Karawal Nagar,2025-11-29T01:12:28.046546
16041,Yuvraj Sarma,abhiram39@example.org,Ludhiana,2025-12-06T01:12:28.046546
14356,Balveer Sawhney,rdate@example.com,Dewas,2025-08-14T01:12:28.046546
17628,Samaksh Korpal,dcherian@example.com,Bidar,2025-10-16T01:12:28.046546
13278,Indrajit Chauhan,alka28@example.com,Belgaum,2025-09-20T01:12:28.046546
12665,Irya Bedi,lallaraghav@example.org,Suryapet,2025-09-12T01:12:28.046546
14627,Utkarsh Pall,dayalekantika@example.com,Bhilai,2025-11-14T01:12:28.046546
17500,Kala Goda,charmeghana@example.net,Pune,2025-08-29T01:12:28.046546
14341,Faris Batta,lucky28@example.net,Phagwara,2025-11-02T01:12:28.046546
16955,Rajata Deol,ekanichoudhry@example.net,Asansol,2025-10-26T01:12:28.046546
15142,Manthan Goswami,fsem@example.org,Vellore,2025-08-27T01:12:28.046546
13177,Abdul Sarraf,frado08@example.net,Bharatpur,2025-10-09T01:12:28.046546
17640,Yutika Dey,hiteshmangal@example.net,Mira-Bhayandar,2025-08-16T01:12:28.046546
14216,Nilima Sama,ebansal@example.net,Amravati,2025-09-26T01:12:28.046546
16461,Yauvani Talwar,omvala@example.org,Sikar,2025-11-28T01:12:28.046546
13183,Eesha Jain,nbalasubramanian@example.net,Tadepalligudem,2025-11-29T01:12:28.046546
12528,Yauvani Andra,madhav70@example.org,Dewas,2025-08-12T01:12:28.046546
16833,Ayush Shere,charvi82@example.org,Ballia,2025-08-18T01:12:28.046546
12891,Liam Srinivasan,dchaudhari@example.net,Bidar,2025-10-18T01:12:28.046546
17765,Yagnesh Rai,nicholasdave@example.org,Begusarai,2025-12-06T01:12:28.046546
16324,Jalsa Dhar,hredhaankadakia@example.org,Siwan,2025-10-11T01:12:28.046546
16163,Shivani Sahni,nirjalata@example.net,Pallavaram,2025-12-23T01:12:28.046546
14862,Arjun Sane,nakshbaria@example.com,Naihati,2025-08-09T01:12:28.046546
18125,Neelima Sagar,tshah@example.net,Guna,2025-10-08T01:12:28.046546
16428,Wishi Salvi,rbose@example.com,Patna,2025-09-24T01:12:28.046546
12617,Rajata Nagar,dyadav@example.org,Panihati,2025-12-12T01:12:28.046546
18036,Mason Karan,qmallick@example.net,Silchar,2025-12-20T01:12:28.046546
12370,Yashvi Ahuja,varenya85@example.org,Panipat,2025-09-10T01:12:28.046546
16449,Orinder Dyal,aurorachaitaly@example.com,Orai,2025-11-24T01:12:28.046546
12501,Dhriti Om,isaacsingh@example.com,Vellore,2025-08-09T01:12:28.046546
18146,Bhanumati Badal,parmartarak@example.net,Ulhasnagar,2025-11-10T01:12:28.046546
12787,Om Natt,butalajai@example.com,Jalna,2025-12-02T01:12:28.046546
13189,Harish Nazareth,zbhardwaj@example.org,Thrissur,2025-08-01T01:12:28.046546
13311,Kabir Raja,dominic16@example.com,Kirari Suleman Nagar,2025-09-08T01:12:28.046546
15154,Irya Iyengar,liamjani@example.org,Saharanpur,2025-10-19T01:12:28.046546
16726,Anya Hayer,dacharya@example.net,Burhanpur,2025-12-21T01:12:28.046546
13320,Rohan Tripathi,jeremiah40@example.com,Madanapalle,2025-10-05T01:12:28.046546
14871,Anita Ahuja,chandran68@example.net,Vadodara,2025-10-18T01:12:28.046546
16705,Ronith Choudhary,madhav94@example.org,Surat,2025-11-24T01:12:28.046546
17375,Aarush Virk,dmandal@example.org,Hajipur,2025-09-12T01:12:28.046546
15407,Turvi Baral,acontractor@example.net,Malda,2025-09-14T01:12:28.046546
16181,Jagvi Parekh,behlbaghyawati@example.net,Kakinada,2025-11-15T01:12:28.046546
13162,Riya Deol,kaipurohit@example.net,Sasaram,2025-08-30T01:12:28.046546
15937,Imaran Trivedi,suresharunima@example.net,Secunderabad,2025-12-14T01:12:28.046546
13040,Chaitaly Chander,bshroff@example.net,Aurangabad,2025-09-24T01:12:28.046546
12879,Finn Vasa,lbir@example.net,Guwahati,2025-10-25T01:12:28.046546
12656,Ranveer Pillay,onkarmukherjee@example.net,Unnao,2025-08-10T01:12:28.046546
16836,Arin Morar,yashoda41@example.com,Buxar,2025-11-12T01:12:28.046546
12364,Yochana Mander,watikavora@example.org,Arrah,2025-09-12T01:12:28.046546
15133,Ranbir Kamdar,pbaria@example.com,Korba,2025-09-13T01:12:28.046546
15657,Wakeeta Oza,xalakchopra@example.com,Bidar,2025-12-16T01:12:28.046546
15121,Yuvraj Rajagopalan,harshil22@example.com,Tinsukia,2025-10-04T01:12:28.046546
16187,Dayamai Das,bhallabina@example.com,Aurangabad,2025-12-12T01:12:28.046546
16446,Arin Sarna,tseshadri@example.com,Machilipatnam,2025-10-26T01:12:28.046546
14758,Ekantika Pall,william60@example.org,Barasat,2025-09-27T01:12:28.046546
15511,Nihal Barad,ekapadborra@example.org,Aizawl,2025-11-13T01:12:28.046546
15380,Ubika Kashyap,gauribahri@example.net,Surat,2025-11-01T01:12:28.046546
13969,Urvashi Tak,ndhaliwal@example.com,Srinagar,2025-08-13T01:12:28.046546
14195,Osha Das,abha68@example.com,Bhopal,2025-11-29T01:12:28.046546
14073,Upasna Hayre,achawla@example.net,Singrauli,2025-11-02T01:12:28.046546
13939,Balveer Nigam,atwalrachit@example.net,Jehanabad,2025-09-20T01:12:28.046546
15639,Unnati Bahri,mgala@example.net,Mumbai,2025-09-17T01:12:28.046546
15276,Jacob Mahal,sarrafsamar@example.net,Satna,2025-07-30T01:12:28.046546
13710,Advay Merchant,groverwridesh@example.com,Surat,2025-09-29T01:12:28.046546
17744,Jasmit Mani,nathanielcheema@example.com,Bhilwara,2025-12-09T01:12:28.046546
14597,Lakshit Kanda,nborde@example.com,Rewa,2025-11-04T01:12:28.046546
17997,Lohit Bora,faris60@example.net,Nandyal,2025-09-17T01:12:28.046546
16583,Nirja Rajagopal,oparmer@example.com,Navi Mumbai,2025-12-06T01:12:28.046546
15660,Jai Majumdar,mitraishaan@example.org,Mirzapur,2025-12-20T01:12:28.046546
17515,Ekansh Dugar,megha59@example.org,Madanapalle,2025-08-28T01:12:28.046546
17232,Daksha Contractor,deykavya@example.net,Nagpur,2025-09-03T01:12:28.046546
12367,Hemani Thakkar,ekarajbajwa@example.org,Khammam,2025-10-08T01:12:28.046546
13936,Osha Bhargava,jhazilmil@example.org,Karnal,2025-12-01T01:12:28.046546
13153,Anjali Atwal,lsha@example.com,Jhansi,2025-11-01T01:12:28.046546
17631,Kai Goel,baradaditya@example.com,Naihati,2025-09-25T01:12:28.046546
14204,Libni Ganesh,baradrachana@example.com,Dhule,2025-11-10T01:12:28.046546
16333,Gautam Singh,mason11@example.org,Madhyamgram,2025-08-28T01:12:28.046546
12897,Damini Kohli,varenya45@example.net,Loni,2025-09-03T01:12:28.046546
14201,Aarini Choudhary,kalpitravel@example.net,Barasat,2025-10-11T01:12:28.046546
12522,Kritika Chanda,bbhatti@example.org,Raiganj,2025-08-22T01:12:28.046546
14499,Ishaan Upadhyay,bachittar73@example.com,Gandhinagar,2025-08-04T01:12:28.046546
17119,Samaksh Ram,swamyshivansh@example.com,Kanpur,2025-12-25T01:12:28.046546
14198,Mitesh Chandran,udarsh61@example.org,Sikar,2025-09-19T01:12:28.046546
14603,Hamsini Shukla,rayaandua@example.com,Raiganj,2025-11-23T01:12:28.046546
17217,Bimala Bal,ubawa@example.net,Karimnagar,2025-08-15T01:12:28.046546
17747,Nihal Boase,yatin84@example.com,Ballia,2025-12-08T01:12:28.046546
16553,Lohit Bora,neel10@example.org,Ambattur,2025-12-11T01:12:28.046546
15541,Prisha Mittal,dakshasengupta@example.org,Singrauli,2025-08-09T01:12:28.046546
14344,Leela Agate,fkaur@example.com,Ramagundam,2025-10-16T01:12:28.046546
17774,Bina Gaba,akshayranganathan@example.com,Delhi,2025-10-22T01:12:28.046546
12635,Michael Ahluwalia,vasatika16@example.org,Jehanabad,2025-12-24T01:12:28.046546
12492,Jasmit Narula,joak@example.com,Hazaribagh,2025-09-23T01:12:28.046546
16425,Ishanvi Dhawan,aayush12@example.net,Bhilai,2025-10-18T01:12:28.046546
17351,Vihaan Lall,vyaspooja@example.com,Gulbarga,2025-09-03T01:12:28.046546
14886,Baghyawati Char,iahuja@example.org,Imphal,2025-10-07T01:12:28.046546
13704,Shravya Dubey,jasmitchaudhary@example.com,Medininagar,2025-08-27T01:12:28.046546
12772,Varenya Nori,dmand@example.org,Morbi,2025-11-21T01:12:28.046546
14725,Vamakshi Nadig,vidhi99@example.com,Agartala,2025-10-12T01:12:28.046546
13823,Rajeshri Chaudhary,riya53@example.org,Pudukkottai,2025-10-03T01:12:28.046546
15389,Saumya Contractor,raghavnatarajan@example.org,Ghaziabad,2025-11-11T01:12:28.046546
18161,Odika Mishra,esura@example.org,Bettiah,2025-11-05T01:12:28.046546
16193,Bhavya Kurian,rajagopalyashasvi@example.com,Siliguri,2025-11-09T01:12:28.046546
12763,Yatin Pant,harita28@example.org,Silchar,2025-10-17T01:12:28.046546
13403,Diya Walla,warriorrachana@example.org,Fatehpur,2025-10-31T01:12:28.046546
16318,Anika Sachdev,riya59@example.net,Madanapalle,2025-11-09T01:12:28.046546
14618,Neel Barad,hrajagopal@example.org,Ahmednagar,2025-12-07T01:12:28.046546
14853,Oscar Prabhakar,jyotihans@example.net,Moradabad,2025-09-11T01:12:28.046546
14466,Qushi Madan,sidhumax@example.net,Amaravati,2025-08-04T01:12:28.046546
13451,Ekta Ganesh,chavviamble@example.org,Morbi,2025-12-24T01:12:28.046546
13811,Chatresh Ramaswamy,vrittidara@example.com,Madurai,2025-10-25T01:12:28.046546
18018,Vedhika Ravel,bhagatyochana@example.org,Nagercoil,2025-08-31T01:12:28.046546
14722,Balveer Din,robert64@example.com,Farrukhabad,2025-09-26T01:12:28.046546
15907,Ayush Chaudhary,dbarad@example.com,Kakinada,2025-10-26T01:12:28.046546
15532,Gaurav Kalla,nandini73@example.com,Aurangabad,2025-12-06T01:12:28.046546
17214,Chakrika Shenoy,kamalabhatnagar@example.com,Vadodara,2025-08-06T01:12:28.046546
16157,Jeevika Som,battaedhitha@example.net,Mahbubnagar,2025-11-07T01:12:28.046546
12647,Chaitanya Mukhopadhyay,chandagastya@example.org,Phagwara,2025-11-14T01:12:28.046546
18027,Girindra Rana,jack47@example.com,Ratlam,2025-09-06T01:12:28.046546
16571,Balvan Deol,ooak@example.com,Jabalpur,2025-10-12T01:12:28.046546
14761,Wriddhish Muni,mitalisom@example.org,Hyderabad,2025-10-05T01:12:28.046546
13841,Adweta Pradhan,aarushkaran@example.com,Surendranagar Dudhrej,2025-11-04T01:12:28.046546
15651,Yochana Chadha,anarasimhan@example.net,Anand,2025-11-16T01:12:28.046546
17503,Kamya Dutta,gjha@example.net,Gaya,2025-08-30T01:12:28.046546
13046,Wakeeta Lal,nicholas99@example.net,Udaipur,2025-12-04T01:12:28.046546
15270,Naveen Prashad,jbakshi@example.org,Uluberia,2025-12-14T01:12:28.046546
13576,Nicholas Nori,gaurikasama@example.org,Navi Mumbai,2025-11-27T01:12:28.046546
17735,Udant Swamy,ladaarna@example.com,Mangalore,2025-09-07T01:12:28.046546
12888,Vidhi Sunder,xalakbadal@example.org,Patna,2025-10-14T01:12:28.046546
12915,Zinal Mallick,triveni75@example.org,Aizawl,2025-08-10T01:12:28.046546
14493,Nandini Natarajan,hjani@example.net,Jehanabad,2025-10-31T01:12:28.046546
13933,Siya Chana,wmukhopadhyay@example.org,Vadodara,2025-07-31T01:12:28.046546
13558,Manya Pau,nidhipatel@example.org,Loni,2025-10-23T01:12:28.046546
16848,Prisha Mukherjee,zchoudhary@example.org,Kavali,2025-12-15T01:12:28.046546
15678,Anvi Bhatti,abhiram30@example.net,Ramagundam,2025-08-06T01:12:28.046546
13692,Hardik Sarkar,patlaridhi@example.org,Ulhasnagar,2025-10-06T01:12:28.046546
16851,Raagini Banerjee,ekalinga76@example.org,Guwahati,2025-10-20T01:12:28.046546
14475,Meera Bera,eiravati32@example.net,Panihati,2025-09-13T01:12:28.046546
14368,Chandran Ram,kevin51@example.org,Hosur,2025-11-29T01:12:28.046546
14079,Bishakha Talwar,ekiya88@example.org,Malegaon,2025-09-08T01:12:28.046546
16202,Ryan Bail,kantsamuel@example.com,Indore,2025-10-05T01:12:28.046546
14338,Yashasvi Kamdar,dipta32@example.org,Nagaon,2025-10-04T01:12:28.046546
13272,Unnati Batra,sibalyatin@example.com,Howrah,2025-09-07T01:12:28.046546
13972,Ojasvi Palla,yadavi93@example.org,Nadiad,2025-10-04T01:12:28.046546
12885,Ojas Cherian,deshmukhadweta@example.com,Rampur,2025-09-15T01:12:28.046546
15803,Zinal Khanna,hghose@example.com,Bhatpara,2025-10-18T01:12:28.046546
13579,Charita Jaggi,tdey@example.net,Bidar,2025-12-17T01:12:28.046546
14856,Mekhala Guha,ramakrishnanyamini@example.com,Singrauli,2025-11-20T01:12:28.046546
18030,Naveen Pandit,warhi54@example.net,Purnia,2025-10-11T01:12:28.046546
16589,Xalak Srinivas,contractoraryan@example.net,Guwahati,2025-09-08T01:12:28.046546
16696,Libni Chopra,jhazarna@example.org,Belgaum,2025-08-16T01:12:28.046546
16982,Suhani Mahajan,kalitayatin@example.org,Durg,2025-10-08T01:12:28.046546
15520,Raagini Sagar,farisranganathan@example.net,Mysore,2025-07-30T01:12:28.046546
15246,Zashil Varghese,falgunibassi@example.org,Sambalpur,2025-08-06T01:12:28.046546
14594,Unni Deshpande,ubika43@example.org,Dibrugarh,2025-10-26T01:12:28.046546
17878,Siddharth Tara,graju@example.com,Yamunanagar,2025-11-24T01:12:28.046546
14600,Vaishnavi Mane,igarg@example.net,Bijapur,2025-08-22T01:12:28.046546
15410,Chameli Suresh,qsoman@example.com,Karawal Nagar,2025-09-23T01:12:28.046546
14868,Warda Mital,ucchal84@example.org,Erode,2025-11-21T01:12:28.046546
14484,Samar Narayanan,eswamy@example.net,Hazaribagh,2025-11-02T01:12:28.046546
17080,Qushi Rastogi,oviya81@example.org,Bhilai,2025-09-25T01:12:28.046546
15386,Qasim Dani,leelatailor@example.net,Amravati,2025-10-31T01:12:28.046546
18024,Pooja Subramanian,brahmbhattpavani@example.org,Bulandshahr,2025-12-26T01:12:28.046546
15124,Zarna Khalsa,aarushsekhon@example.org,Kollam,2025-09-04T01:12:28.046546
16056,Yasti Baria,chandreshraju@example.org,Vasai-Virar,2025-09-07T01:12:28.046546
12757,Wakeeta Mann,lbawa@example.net,Etawah,2025-07-30T01:12:28.046546
15773,Vrinda Kakar,karhemani@example.net,Aligarh,2025-09-22T01:12:28.046546
16038,Sneha Shetty,xdixit@example.net,Akola,2025-10-12T01:12:28.046546
16065,Eiravati Sachdeva,upkaarkarpe@example.org,Rourkela,2025-11-13T01:12:28.046546
14496,Darika Guha,surinachiket@example.com,Bokaro,2025-07-30T01:12:28.046546
13013,Shaurya Das,yashawini38@example.com,Bathinda,2025-10-12T01:12:28.046546
12924,Keya Kala,megha50@example.net,Bhimavaram,2025-10-14T01:12:28.046546
15544,Anay Yadav,hnarasimhan@example.net,Unnao,2025-11-09T01:12:28.046546
17360,Ridhi Dugar,haritabarad@example.com,Bokaro,2025-10-09T01:12:28.046546
18265,Tristan Ram,ekaja22@example.com,Sangli-Miraj & Kupwad,2025-09-23T01:12:28.046546
16988,Raksha Choudhary,naikmekhala@example.net,Nizamabad,2025-11-11T01:12:28.046546
13037,Prisha Natarajan,pbhatti@example.com,Bharatpur,2025-10-12T01:12:28.046546
17759,Matthew Varughese,masterumang@example.com,Munger,2025-08-02T01:12:28.046546
17887,Jeevika Mukhopadhyay,aarna85@example.org,Allahabad,2025-08-10T01:12:28.046546
14865,Balendra Chokshi,tanish27@example.net,Anand,2025-10-04T01:12:28.046546
16690,Varsha Boase,mekhala57@example.org,Jehanabad,2025-09-16T01:12:28.046546
15776,Gaurav Kar,foommen@example.net,Thrissur,2025-09-18T01:12:28.046546
17905,Sanaya Badal,sabharwalekalinga@example.com,Srikakulam,2025-11-02T01:12:28.046546
15529,Zinal Vohra,jagdish38@example.com,Pudukkottai,2025-08-24T01:12:28.046546
12754,Anamika Kota,zarna16@example.com,Bangalore,2025-08-13T01:12:28.046546
15255,Lila Agrawal,zmohanty@example.net,Madurai,2025-08-03T01:12:28.046546
12793,Rishi Kata,osalvi@example.org,Ongole,2025-10-31T01:12:28.046546
16976,Edhitha Tank,gnarayan@example.org,Bhubaneswar,2025-08-02T01:12:28.046546
13052,Aarini Buch,umang02@example.org,Mumbai,2025-08-19T01:12:28.046546
16050,Ubika Balasubramanian,kauryatin@example.org,Asansol,2025-11-09T01:12:28.046546
12790,Jagdish Hari,omyalall@example.net,Hapur,2025-09-28T01:12:28.046546
15136,Chaitanya Rai,devinimrat@example.com,Agartala,2025-08-09T01:12:28.046546
15523,Omkaar Agate,hemanginidewan@example.com,Udaipur,2025-09-05T01:12:28.046546
17250,Vanya Chad,advika40@example.net,Thanjavur,2025-11-12T01:12:28.046546
16062,Amruta Buch,bhavyalad@example.com,Mirzapur,2025-08-22T01:12:28.046546
14472,Indali Taneja,gunbirsrinivasan@example.org,Tezpur,2025-11-26T01:12:28.046546
14487,Noah Ranganathan,swamyhenry@example.com,Secunderabad,2025-12-07T01:12:28.046546
14088,Rachit Chacko,bhavika26@example.com,Kochi,2025-08-06T01:12:28.046546
16967,Anita Mital,sharafraagini@example.org,Dehradun,2025-10-23T01:12:28.046546
13168,Damini Lala,mitterwazir@example.net,Madanapalle,2025-11-19T01:12:28.046546
16190,Vinaya Kulkarni,fagate@example.com,Medininagar,2025-08-11T01:12:28.046546
16053,Frederick Chad,mekhalamohanty@example.com,Bhatpara,2025-12-08T01:12:28.046546
15782,Upasna Ramanathan,ekanta20@example.com,Bellary,2025-10-24T01:12:28.046546
15264,Nandini Taneja,lalyutika@example.com,Mahbubnagar,2025-12-14T01:12:28.046546
14606,Zansi Comar,qmital@example.net,Vijayanagaram,2025-11-18T01:12:28.046546
17205,Lohit Jani,kumartimothy@example.com,Nashik,2025-11-22T01:12:28.046546
14326,Aachal Parmar,ishaanbala@example.com,Salem,2025-11-09T01:12:28.046546
14731,Gaurangi Hora,choudhurywilliam@example.net,Hyderabad,2025-08-14T01:12:28.046546
13049,Jeet Swaminathan,qshah@example.com,Bulandshahr,2025-08-08T01:12:28.046546
15648,Jonathan Nanda,ekbalapte@example.org,Ramgarh,2025-12-23T01:12:28.046546
17092,Turvi Mukhopadhyay,tejas59@example.org,Latur,2025-10-15T01:12:28.046546
17625,Tara Bandi,sarnaanita@example.com,Katni,2025-11-10T01:12:28.046546
15109,Rudra Kamdar,atharv24@example.org,Katihar,2025-11-19T01:12:28.046546
18259,Yashasvi Lalla,oscar53@example.com,Kozhikode,2025-10-16T01:12:28.046546
12781,Advaith Dugar,rudra46@example.net,Bardhaman,2025-12-11T01:12:28.046546
17491,Wakeeta Bali,omyahari@example.org,Karimnagar,2025-09-04T01:12:28.046546
13963,Samuel Aurora,dayamaianand@example.org,Jodhpur,2025-08-14T01:12:28.046546
12394,Krishna Edwin,ekarajmurthy@example.net,Satara,2025-10-31T01:12:28.046546
14234,Amara Amble,samraazad@example.net,Kishanganj,2025-08-22T01:12:28.046546
14210,Tejas Chatterjee,tailorronith@example.org,Mehsana,2025-08-29T01:12:28.046546
12516,Avni Kibe,shivansh80@example.org,Vijayanagaram,2025-08-04T01:12:28.046546
15669,Maanav Trivedi,banikudarsh@example.com,Gudivada,2025-09-10T01:12:28.046546
16172,Wriddhish Dhar,daniwilliam@example.net,Yamunanagar,2025-11-24T01:12:28.046546
15791,Abhimanyu Om,rameshchaman@example.com,Dehradun,2025-08-20T01:12:28.046546
14350,Arunima Arora,gaurika79@example.org,Ajmer,2025-09-26T01:12:28.046546
13573,Bhavya Iyengar,kevinmemon@example.com,Bhiwandi,2025-08-10T01:12:28.046546
14755,Wakeeta Kata,elal@example.com,Eluru,2025-12-10T01:12:28.046546
13561,Oviya Chakrabarti,bandikrishna@example.com,Sasaram,2025-09-23T01:12:28.046546
16717,Anmol Pandey,dlala@example.org,Narasaraopet,2025-09-19T01:12:28.046546
14457,Forum Tandon,fzacharia@example.org,Ichalkaranji,2025-08-09T01:12:28.046546
14716,Umang Sastry,gnarayanan@example.org,Orai,2025-10-24T01:12:28.046546
17253,Charvi Basak,pushti36@example.net,Unnao,2025-08-10T01:12:28.046546
15002,Neel Sarraf,wahabsha@example.net,Bhavnagar,2025-11-06T01:12:28.046546
17107,Mason Bhatt,sakshamboase@example.org,Rajkot,2025-12-05T01:12:28.046546
14752,Ranbir Rattan,jmody@example.net,Kolhapur,2025-09-24T01:12:28.046546
14082,Ekantika Deshmukh,ganganatarajan@example.net,Panihati,2025-12-11T01:12:28.046546
17884,Hiral Issac,ojas63@example.com,Sambalpur,2025-10-15T01:12:28.046546
17869,Keya Chatterjee,jhaethan@example.com,Mumbai,2025-11-21T01:12:28.046546
13058,Radha Bobal,shivanshsom@example.net,Kharagpur,2025-10-31T01:12:28.046546
16574,Guneet Divan,zdivan@example.org,Imphal,2025-10-12T01:12:28.046546
14219,Abeer Bora,skala@example.net,Farrukhabad,2025-09-13T01:12:28.046546
16440,Yauvani Venkataraman,daraupasna@example.com,Phusro,2025-12-07T01:12:28.046546
16586,Nakul Zachariah,chanakya74@example.net,Sonipat,2025-12-11T01:12:28.046546
14222,Sneha Sethi,jagrati74@example.org,Proddatur,2025-09-12T01:12:28.046546
14609,Devansh Thakkar,daliachampak@example.org,Nashik,2025-12-12T01:12:28.046546
17738,Alexander Dhingra,mkala@example.com,Jabalpur,2025-08-19T01:12:28.046546
14883,Sai Goyal,mdash@example.net,Tirunelveli,2025-10-25T01:12:28.046546
15636,Yashodhara Nadkarni,lranganathan@example.net,Mirzapur,2025-12-11T01:12:28.046546
16961,Chatresh Agarwal,wdesai@example.org,Hindupur,2025-08-04T01:12:28.046546
16943,Pahal Dass,xsampath@example.org,Bikaner,2025-11-08T01:12:28.046546
14085,Sachi Sathe,manansami@example.com,Karnal,2025-12-17T01:12:28.046546
16422,Ekiya Nigam,ramalka@example.com,Malegaon,2025-12-24T01:12:28.046546
14329,Ranveer Ravel,bhavanidyal@example.org,Singrauli,2025-12-14T01:12:28.046546
15925,Meghana Seshadri,lallwahab@example.com,Nandyal,2025-11-12T01:12:28.046546
13689,Jasmit Rama,kashishratti@example.com,Jalgaon,2025-11-25T01:12:28.046546
13930,Jagdish Mishra,aptejanya@example.com,Bhind,2025-10-16T01:12:28.046546
17229,Jack Bassi,unnati62@example.com,Rajkot,2025-10-02T01:12:28.046546
16729,Charles Karan,ldara@example.com,Berhampore,2025-10-16T01:12:28.046546
14585,Omisha More,barkhabajwa@example.com,Bhimavaram,2025-10-18T01:12:28.046546
14064,Chasmum Konda,krishna25@example.com,Gwalior,2025-11-08T01:12:28.046546
14067,Suhani Zacharia,riya70@example.com,Mahbubnagar,2025-12-19T01:12:28.046546
12784,Eta Dass,nyohannan@example.org,Jamalpur,2025-12-20T01:12:28.046546
18170,Fitan Karpe,balankabir@example.com,Alappuzha,2025-08-24T01:12:28.046546
16458,Jairaj Chada,emukherjee@example.org,Amaravati,2025-08-30T01:12:28.046546
13141,Chandran Ramakrishnan,purohitganga@example.org,Karnal,2025-11-25T01:12:28.046546
15785,Gabriel Parikh,tlad@example.org,Korba,2025-10-01T01:12:28.046546
13960,Bhavini Karpe,amrita93@example.org,Madanapalle,2025-09-06T01:12:28.046546
14981,Reva Mand,samuel97@example.net,Kanpur,2025-09-25T01:12:28.046546
16303,Abeer Roy,eraja@example.org,Unnao,2025-12-08T01:12:28.046546
16464,Amaira Karpe,esama@example.net,Secunderabad,2025-11-27T01:12:28.046546
16309,Lopa Sami,pingleyasti@example.com,New Delhi,2025-08-14T01:12:28.046546
17860,Leena Divan,darikakaur@example.org,Bijapur,2025-10-20T01:12:28.046546
16681,Chakradhar Pandya,waida32@example.net,Anantapuram,2025-12-17T01:12:28.046546
16184,Nikita Hora,ucontractor@example.com,Panihati,2025-11-06T01:12:28.046546
17235,Shivani Swamy,rachit92@example.net,Bhimavaram,2025-11-07T01:12:28.046546
18283,Yash Sachdev,yastichander@example.net,Udupi,2025-08-05T01:12:28.046546
13144,Omaja Hora,dubeysai@example.com,Tiruvottiyur,2025-08-26T01:12:28.046546
13805,Xiti Sengupta,msarraf@example.net,Phagwara,2025-09-30T01:12:28.046546
13844,Parth Koshy,nandini82@example.net,Bhalswa Jahangir Pur,2025-07-30T01:12:28.046546
17616,Neha Saran,victor29@example.net,Bhiwani,2025-12-15T01:12:28.046546
16178,Neel Sagar,mdevan@example.org,Bahraich,2025-11-15T01:12:28.046546
13171,Eta Batta,indrajit70@example.net,Karnal,2025-08-30T01:12:28.046546
15398,Lipika Magar,nsalvi@example.net,Hospet,2025-08-31T01:12:28.046546
12391,Gabriel Ramesh,pandeymanthan@example.net,Bidhannagar,2025-12-23T01:12:28.046546
18280,Arin Dutta,sarafarin@example.com,Bhalswa Jahangir Pur,2025-09-14T01:12:28.046546
17247,Om Mallick,upmamallick@example.net,Ajmer,2025-09-07T01:12:28.046546
18155,Bhavya Mane,raagini21@example.org,Bhopal,2025-11-24T01:12:28.046546
12653,Faqid Ben,andrew05@example.org,Kurnool,2025-11-14T01:12:28.046546
12403,Tarak Raghavan,anaypatla@example.org,Thane,2025-12-18T01:12:28.046546
14353,Aarush Raval,lakshmi97@example.org,Katihar,2025-07-29T01:12:28.046546
12620,Girish Tiwari,pauharsh@example.com,Madanapalle,2025-08-22T01:12:28.046546
16723,Urvashi Das,badalsimon@example.org,Jaipur,2025-11-24T01:12:28.046546
16714,Lakshit Chaudhari,ksane@example.net,Bharatpur,2025-10-08T01:12:28.046546
16327,Rachana Prabhu,somanbrinda@example.net,Dewas,2025-10-28T01:12:28.046546
13043,Inaya Kant,yashasvipalan@example.com,Kumbakonam,2025-09-05T01:12:28.046546
18262,Amaira Kunda,panchalqasim@example.com,Nandyal,2025-08-25T01:12:28.046546
13838,Xalak Sama,xkrishna@example.net,Hyderabad,2025-10-20T01:12:28.046546
14987,Ikbal Sachdeva,toortimothy@example.org,Bahraich,2025-07-31T01:12:28.046546
13308,Gaurav Bandi,sudikshabalay@example.com,Howrah,2025-09-12T01:12:28.046546
15645,Nidra Goyal,pranavsuri@example.org,Haridwar,2025-10-20T01:12:28.046546
15148,Arjun Sharaf,ikbalnatt@example.net,Gudivada,2025-08-31T01:12:28.046546
14362,Ansh Ramaswamy,sgaba@example.org,Giridih,2025-09-10T01:12:28.046546
12912,Bhavna Suri,nrao@example.net,Bulandshahr,2025-12-09T01:12:28.046546
12662,Turvi Sankar,ekani58@example.com,Danapur,2025-12-08T01:12:28.046546
15910,Gabriel Tak,ramavaishnavi@example.net,Bidhannagar,2025-09-18T01:12:28.046546
17110,Raagini Ganesan,yoshita35@example.org,Tinsukia,2025-08-27T01:12:28.046546
18158,Nachiket Grover,zansi70@example.org,Shahjahanpur,2025-12-14T01:12:28.046546
17372,Kashvi Karnik,jhalakmital@example.com,Hapur,2025-11-03T01:12:28.046546
13668,Hamsini Sabharwal,aayush04@example.com,Panchkula,2025-10-13T01:12:28.046546
12766,Qasim Rama,vanya80@example.net,Panihati,2025-10-31T01:12:28.046546
12397,Tanish Som,advaithbhandari@example.com,Aligarh,2025-10-06T01:12:28.046546
13832,Wahab Balay,solankiisha@example.org,Ichalkaranji,2025-08-18T01:12:28.046546
16839,Darpan Dhar,thakurjoshua@example.org,Motihari,2025-10-20T01:12:28.046546
18143,Samesh Pradhan,rachit39@example.com,Jalna,2025-09-11T01:12:28.046546
13034,Champak Mital,hiteshsaha@example.com,Alappuzha,2025-08-10T01:12:28.046546
15806,Anya Bahri,bumbchandran@example.net,Mathura,2025-08-06T01:12:28.046546
15916,Frado Radhakrishnan,lokeaachal@example.org,Tiruppur,2025-12-18T01:12:28.046546
16952,Bhavna Dhawan,qramakrishnan@example.net,Saharanpur,2025-08-02T01:12:28.046546
16824,Abha Ganesh,onarasimhan@example.net,Bidar,2025-12-17T01:12:28.046546
12638,Daksha Ben,guhapraneel@example.org,Ghaziabad,2025-11-07T01:12:28.046546
12355,Gauri Sane,yagneshbanerjee@example.net,Siliguri,2025-11-08T01:12:28.046546
14737,Om Dasgupta,rachitprakash@example.com,Indore,2025-10-01T01:12:28.046546
15508,Maanav Kapur,ira30@example.org,Rohtak,2025-11-09T01:12:28.046546
12909,Henry Grover,ekapad87@example.net,Mumbai,2025-12-24T01:12:28.046546
16711,Wazir Nagarajan,samesh55@example.com,Jalgaon,2025-11-17T01:12:28.046546
15249,Akshay Yogi,sacharjanya@example.com,Ajmer,2025-08-10T01:12:28.046546
15118,Gautam Seth,naksh32@example.com,Giridih,2025-10-02T01:12:28.046546
15243,Leela Chaudhuri,iagarwal@example.com,Nadiad,2025-08-14T01:12:28.046546
13835,Ekaja Mannan,nayakbrijesh@example.net,Jammu,2025-11-20T01:12:28.046546
17750,Vedika Rout,loyalnihal@example.com,Serampore,2025-10-09T01:12:28.046546
17086,Faris Muni,jai61@example.com,Kulti,2025-08-18T01:12:28.046546
15904,Ishani Baral,sahnichavvi@example.org,Shimla,2025-08-11T01:12:28.046546
13686,Vaishnavi Boase,saraprakash@example.net,Junagadh,2025-09-26T01:12:28.046546
13954,Nakul Sagar,sara19@example.com,Nandyal,2025-12-09T01:12:28.046546
16315,Brinda Majumdar,riyaraju@example.org,South Dumdum,2025-09-18T01:12:28.046546
14460,Ekiya Warrior,omnanda@example.org,Thane,2025-08-04T01:12:28.047189
13439,Chavvi Kara,uppalupma@example.com,Rajahmundry,2025-11-19T01:12:28.047189
15267,Tristan Munshi,unni55@example.com,Alappuzha,2025-08-22T01:12:28.047189
17896,Jatin Kashyap,hiral93@example.org,Gandhinagar,2025-10-25T01:12:28.047189
13799,Imaran Bhat,mangalamol@example.net,Baranagar,2025-08-01T01:12:28.047189
12498,Oviya Gala,ekbalbarman@example.com,Singrauli,2025-08-14T01:12:28.047189
16110,Ishita Wable,msawhney@example.com,Bhind,2025-11-23T01:12:28.047189
17018,Gayathri Bava,vidhi14@example.com,Sangli-Miraj & Kupwad,2025-09-08T01:12:28.047189
15464,Karan Dugal,zdivan@example.com,Ambarnath,2025-09-11T01:12:28.047189
13889,Samarth Yohannan,harshtata@example.com,Karaikudi,2025-11-23T01:12:28.047189
13752,Omya Chandra,yramaswamy@example.org,Serampore,2025-12-14T01:12:28.047189
17256,Azaan Mutti,odikagoswami@example.com,Satara,2025-12-20T01:12:28.047189
13868,Owen Rama,karpeekiya@example.com,Jaunpur,2025-08-28T01:12:28.047189
14544,Ganga Jani,niharika89@example.com,Anantapur,2025-07-29T01:12:28.047189
15187,Charan Din,tarak23@example.net,Kolhapur,2025-12-04T01:12:28.047189
17411,Mohini Warrior,bsridhar@example.com,Bhiwani,2025-08-19T01:12:28.047189
15720,Nirja Bala,zayan71@example.net,Ambarnath,2025-12-20T01:12:28.047189
15696,Ranveer Khatri,robert86@example.net,Chinsurah,2025-12-06T01:12:28.047189
15830,Ekapad Sachdev,pmohanty@example.net,Ghaziabad,2025-12-03T01:12:28.047189
15065,Madhavi Khatri,inaya81@example.com,Gandhidham,2025-11-24T01:12:28.047189
14672,Mugdha Vohra,karnikadweta@example.com,Raipur,2025-10-01T01:12:28.047189
17783,Niharika Nadkarni,zkaul@example.net,Thanjavur,2025-09-30T01:12:28.047189
18176,Manya Nori,hemanginiahluwalia@example.com,Giridih,2025-10-11T01:12:28.047189
14109,Wyatt Sami,bandidarpan@example.org,Kozhikode,2025-08-25T01:12:28.047189
13332,Chaitanya Sandhu,ebala@example.com,Bhalswa Jahangir Pur,2025-12-23T01:12:28.047189
15038,Hardik Johal,aroraaahana@example.net,Jaipur,2025-08-16T01:12:28.047189
16488,Frado Rama,oeshi96@example.net,Guwahati,2025-10-09T01:12:28.047189
15312,Ekavir Murthy,kiaankuruvilla@example.com,Ahmednagar,2025-12-17T01:12:28.047189
17265,Dominic Swaminathan,hemangkaran@example.org,Sambalpur,2025-11-09T01:12:28.047189
13886,Anjali Ram,peribaljiwan@example.net,Aurangabad,2025-08-07T01:12:28.047189
16113,Nitara Dixit,nbanerjee@example.com,Rourkela,2025-08-18T01:12:28.047189
16205,Rehaan Acharya,qlalla@example.org,Kolkata,2025-10-20T01:12:28.047189
17911,Dalbir Vig,vinaya50@example.org,Dhanbad,2025-08-27T01:12:28.047189
13627,Aashi Savant,patrickdivan@example.net,Dehri,2025-12-19T01:12:28.047189
14675,Isaac Bava,abhimanyudoctor@example.org,Rajkot,2025-10-01T01:12:28.047189
15827,Ekanta Natt,shaurya34@example.org,Bhilai,2025-08-03T01:12:28.047189
17140,Osha Tak,baghyawatidalal@example.com,Rajpur Sonarpur,2025-12-19T01:12:28.047189
14130,Forum Ghose,isaachans@example.com,North Dumdum,2025-08-08T01:12:28.047189
12930,Suhani Basu,rattiethan@example.org,Jodhpur,2025-11-07T01:12:28.047189
13871,Bachittar Tara,merchantpushti@example.org,Cuttack,2025-08-27T01:12:28.047189
14788,Rajeshri Sha,xnagar@example.net,Rajkot,2025-10-07T01:12:28.047189
17268,Devansh Ahluwalia,kchopra@example.net,Ratlam,2025-12-01T01:12:28.047189
16208,Chakrika Toor,vedant63@example.com,Gandhidham,2025-10-17T01:12:28.047189
14502,Vrinda Chanda,sbhatia@example.net,Ballia,2025-09-13T01:12:28.047189
17420,Triya Jhaveri,lavanya90@example.com,Adoni,2025-08-08T01:12:28.047189
17402,Aarush Banerjee,leeladevi@example.net,Warangal,2025-12-25T01:12:28.047189
15291,Vincent Dash,amairaprashad@example.com,Bharatpur,2025-11-21T01:12:28.047189
14386,Dev Jaggi,sarnaazaan@example.org,Nellore,2025-08-23T01:12:28.047189
13061,Chakrika Tandon,kibetriveni@example.net,Khandwa,2025-11-29T01:12:28.047189
12448,Ishaan Bhardwaj,bdhingra@example.com,Mangalore,2025-12-05T01:12:28.047189
14651,Yug Talwar,bobalurvashi@example.org,Nanded,2025-08-23T01:12:28.047189
14535,Chakradhar Sura,niharikamahajan@example.com,Kamarhati,2025-10-14T01:12:28.047189
12823,Arunima Brahmbhatt,mohannitesh@example.com,Jorhat,2025-08-11T01:12:28.047189
16241,Jason Shah,xitighosh@example.org,Etawah,2025-10-13T01:12:28.047189
15437,Zashil Parsa,deovrishti@example.net,Serampore,2025-08-19T01:12:28.047189
12418,Bhavini Raj,chavvi41@example.com,Amritsar,2025-12-24T01:12:28.047189
14124,Idika Bera,poojaradhakrishnan@example.com,Avadi,2025-09-15T01:12:28.047189
16732,Shaurya Hayer,veda27@example.com,Khandwa,2025-09-04T01:12:28.047189
17682,Anmol Deol,akshay02@example.com,Nanded,2025-10-04T01:12:28.047189
15300,Varsha Prabhu,wtaneja@example.net,Katihar,2025-08-12T01:12:28.047189
13216,Umang Sahota,pallahemal@example.org,Bharatpur,2025-11-28T01:12:28.047189
13359,Jeremiah Natt,qarin15@example.com,Ranchi,2025-12-16T01:12:28.047189
12820,Chanakya Tata,nitara21@example.net,Unnao,2025-10-26T01:12:28.047189
14505,Dev Rana,janakibanik@example.net,Mehsana,2025-10-18T01:12:28.047189
15172,Zinal Mand,daraxalak@example.com,Bharatpur,2025-08-23T01:12:28.047189
16866,Jagrati Reddy,maxsem@example.com,Ambattur,2025-12-23T01:12:28.047189
17554,Balendra Maharaj,dev56@example.org,Alwar,2025-11-03T01:12:28.047189
13350,Lipika Sarma,aarnav05@example.org,Madanapalle,2025-07-30T01:12:28.047189
17673,Arin Ramakrishnan,elijah82@example.org,Vijayawada,2025-07-29T01:12:28.047189
15857,Darsh Dutta,naidubaghyawati@example.com,Latur,2025-08-03T01:12:28.047189
15860,Zaid Vasa,ranbir15@example.org,Raebareli,2025-12-02T01:12:28.047189
14907,Chasmum Banerjee,ekiya41@example.com,Latur,2025-11-15T01:12:28.047189
14276,Unni Kapadia,zlata@example.com,Darbhanga,2025-08-24T01:12:28.047189
12802,Gaurangi Zacharia,hemangini94@example.net,Dibrugarh,2025-09-10T01:12:28.047189
17691,Tanmayi Tiwari,yatan17@example.com,Berhampore,2025-09-27T01:12:28.047189
12963,Tanveer Master,krishnabail@example.net,Pune,2025-12-24T01:12:28.047189
13621,Bimala Bhatia,yatin68@example.net,Bhind,2025-11-17T01:12:28.047189
14020,Baghyawati Gill,tataeta@example.net,Hajipur,2025-10-27T01:12:28.047189
14538,Aadhya Rana,pyohannan@example.net,Berhampur,2025-09-02T01:12:28.047189
18194,Raagini Sunder,tgala@example.org,Aizawl,2025-10-14T01:12:28.047189
16884,Henry Koshy,sridharsamar@example.net,Malda,2025-08-22T01:12:28.047189
17926,Faras Nagarajan,maurora@example.com,Dharmavaram,2025-08-13T01:12:28.047189
13493,Libni Mukhopadhyay,waliomya@example.com,Cuttack,2025-09-06T01:12:28.047189
16759,Yashoda Kaul,jmistry@example.net,Hubli–Dharwad,2025-10-15T01:12:28.047189
15589,Mugdha Mani,lavanyanagarajan@example.net,Kulti,2025-11-14T01:12:28.047189
14407,Neelima Sachdev,wbhavsar@example.net,Ballia,2025-08-24T01:12:28.047189
16348,Upadhriti Varughese,chamandoctor@example.org,Jhansi,2025-09-10T01:12:28.047189
17289,Gayathri Chopra,etalalla@example.net,Mathura,2025-12-06T01:12:28.047189
15452,Advaith Jayaraman,ladgeorge@example.com,Panipat,2025-09-21T01:12:28.047189
17429,Darika Bains,iyerarunima@example.net,Amritsar,2025-11-17T01:12:28.047189
15330,Simon Sheth,ishani72@example.net,Nagercoil,2025-11-13T01:12:28.047189
17527,Riya Shenoy,psunder@example.net,Haridwar,2025-11-04T01:12:28.047189
16083,David Sehgal,satheucchal@example.org,Gorakhpur,2025-08-03T01:12:28.047189
16607,Jagrati Sharaf,saithakur@example.com,Ongole,2025-11-11T01:12:28.047189
17396,Ekanta Wason,teerth34@example.com,Nandyal,2025-10-23T01:12:28.047189
15443,Bhavika Sangha,netrabawa@example.net,Rajkot,2025-08-11T01:12:28.047189
12582,Janaki Arora,wishi96@example.org,Vijayawada,2025-11-01T01:12:28.047189
13853,Vamakshi Sama,ladpahal@example.net,Hosur,2025-08-28T01:12:28.047189
17027,Anthony Borde,ladlikapadia@example.com,Panchkula,2025-11-06T01:12:28.047189
16515,Irya Vasa,bzacharia@example.org,Bhagalpur,2025-09-04T01:12:28.047189
13213,Yochana Basu,cvenkataraman@example.net,Deoghar,2025-09-19T01:12:28.047189
17658,Oni Sura,jason24@example.org,Gwalior,2025-07-29T01:12:28.047189
16122,Suhani Sahota,bajajpeter@example.org,South Dumdum,2025-12-07T01:12:28.047189
14547,Aadhya Mody,ldhillon@example.org,Madurai,2025-11-27T01:12:28.047189
15568,Urvashi Bhargava,rajeshrimodi@example.com,Katihar,2025-10-18T01:12:28.047189
15327,Lakshmi Sharaf,nagardamini@example.com,Bhubaneswar,2025-10-05T01:12:28.047189
13993,Raghav Dhar,dharsamaksh@example.net,Rajpur Sonarpur,2025-09-02T01:12:28.047189
14794,Yashoda Narang,ddeshmukh@example.net,Ambarnath,2025-11-04T01:12:28.047189
15041,Jyoti Khalsa,bishakha63@example.net,Davanagere,2025-10-19T01:12:28.047189
17134,Diya Anand,groveryochana@example.com,Amravati,2025-11-23T01:12:28.047189
17920,Peter Wali,lsastry@example.com,Ozhukarai,2025-08-09T01:12:28.047189
12680,Qarin Dasgupta,ptak@example.com,Hospet,2025-10-20T01:12:28.047189
15958,Upkaar Sengupta,yaminigokhale@example.com,Tumkur,2025-11-12T01:12:28.047189
17786,Darika Vala,skumar@example.net,Ratlam,2025-11-26T01:12:28.047189
16765,Om Dada,comarwarjas@example.net,Chapra,2025-10-28T01:12:28.047189
12951,Manthan Nagar,xbains@example.org,Kharagpur,2025-12-24T01:12:28.047189
14023,Jhalak Wagle,dayamaisetty@example.net,Tiruchirappalli,2025-09-04T01:12:28.047189
13228,Alka Dada,nagarajanunnati@example.com,Gandhinagar,2025-12-10T01:12:28.047189
13487,Jacob Koshy,cdhingra@example.com,Nagercoil,2025-11-23T01:12:28.047189
14541,Ishanvi More,regegabriel@example.net,Ranchi,2025-10-04T01:12:28.047189
14377,Lajita Baria,qabil69@example.com,Bharatpur,2025-09-05T01:12:28.047189
13341,Jagat Varghese,handaavni@example.org,Haridwar,2025-11-15T01:12:28.047189
17298,Janaki Karnik,charfaqid@example.net,Panvel,2025-09-24T01:12:28.047189
14657,Balvan Shukla,yachana46@example.com,Erode,2025-08-24T01:12:28.047189
12552,Jagdish Shah,xmenon@example.com,Bidar,2025-08-05T01:12:28.047189
12409,Azad Bhasin,bbadami@example.com,Shimla,2025-09-07T01:12:28.047189
17405,Faris Balakrishnan,rkala@example.org,Malda,2025-11-14T01:12:28.047189
16351,Idika Prakash,vincentsampath@example.com,Tenali,2025-11-02T01:12:28.047189
15815,Sachi Kamdar,usachdeva@example.com,Yamunanagar,2025-11-26T01:12:28.047189
17387,Falan Suresh,chokshiliam@example.org,Secunderabad,2025-10-14T01:12:28.047189
14785,Samaksh Varty,ashukla@example.net,Lucknow,2025-08-26T01:12:28.047189
15592,Netra Raju,aadhya53@example.net,Tezpur,2025-09-08T01:12:28.047189
17152,Harita Dhaliwal,unarayan@example.org,Kurnool,2025-11-21T01:12:28.047189
12695,Agastya Madan,vinayatrivedi@example.com,Nizamabad,2025-11-25T01:12:28.047189
18203,Jeremiah De,bhavyakari@example.com,Mehsana,2025-12-21T01:12:28.047189
18075,Rushil Soni,vchaudhuri@example.org,Allahabad,2025-11-19T01:12:28.047189
14916,Sanya Sinha,guptatanmayi@example.com,Bhopal,2025-10-25T01:12:28.047189
14139,Anika Jha,meghana50@example.org,Indore,2025-08-16T01:12:28.047189
16086,Adweta Palla,bhanumatimishra@example.com,Darbhanga,2025-09-09T01:12:28.047189
14410,Bachittar Malhotra,hoommen@example.com,Sikar,2025-11-01T01:12:28.047189
14273,Adweta Tak,gangulyharita@example.org,Bongaigaon,2025-08-18T01:12:28.047189
14401,Rehaan Singh,rohan69@example.com,Yamunanagar,2025-07-29T01:12:28.047189
14514,Andrew Sur,mkuruvilla@example.net,Raebareli,2025-12-15T01:12:28.047189
17432,Onkar Puri,arya96@example.org,Pali,2025-10-25T01:12:28.047189
15577,Vasudha Hans,esachdev@example.org,Raebareli,2025-09-25T01:12:28.047189
17935,Jack Mannan,kamdaransh@example.net,Hindupur,2025-12-18T01:12:28.047189
15556,Balendra Iyengar,basakabeer@example.com,Mira-Bhayandar,2025-10-08T01:12:28.047189
17685,Nandini Gola,okala@example.org,Sangli-Miraj & Kupwad,2025-12-09T01:12:28.047189
16503,Vyanjana Shanker,kothariucchal@example.net,Thiruvananthapuram,2025-10-02T01:12:28.047189
13496,Arunima Patil,chandresh76@example.org,Pondicherry,2025-09-09T01:12:28.047189
16098,Aryan Sankar,rameshkala@example.net,Saharsa,2025-08-22T01:12:28.047189
16762,Jasmit Anand,nkade@example.net,Vadodara,2025-08-04T01:12:28.047189
15821,Faraj Bassi,lsen@example.net,Gwalior,2025-09-26T01:12:28.047189
12689,Krisha Rattan,farhan48@example.net,Guntakal,2025-08-17T01:12:28.047189
13091,Eesha Shanker,bhavnanagar@example.com,Meerut,2025-12-02T01:12:28.047189
14636,Vansha Hari,ahujaomkaar@example.net,Miryalaguda,2025-12-07T01:12:28.047189
17426,Yug Kata,kritikakade@example.com,Durg,2025-09-30T01:12:28.047189
17947,Harinakshi Mittal,rattanguneet@example.net,Jamnagar,2025-10-19T01:12:28.047189
14669,Ijaya Wadhwa,ikbal37@example.net,Gwalior,2025-11-02T01:12:28.047189
13630,Janani Pau,orajagopal@example.net,Erode,2025-12-23T01:12:28.047189
16116,Bishakha Pandit,falakbalan@example.net,Asansol,2025-10-09T01:12:28.047189
13874,Abeer Vala,saanvipalan@example.net,Ludhiana,2025-09-23T01:12:28.047189
15467,Janaki Agrawal,bhavikasahni@example.com,Agartala,2025-12-04T01:12:28.047189
14121,Parth Sahota,omajakarpe@example.com,Thane,2025-10-07T01:12:28.047189
14803,Xavier Natt,vedikaloke@example.com,South Dumdum,2025-10-31T01:12:28.047189
14666,Lohit Johal,dyalhemang@example.net,Mahbubnagar,2025-12-04T01:12:28.047189
16101,Liam More,ghosekrishna@example.net,Khandwa,2025-10-05T01:12:28.047189
15434,Anya Gala,gavin13@example.org,Nizamabad,2025-08-12T01:12:28.047189
12832,Onkar Dash,aaravchakrabarti@example.org,Ambattur,2025-09-13T01:12:28.047189
18215,Yachana Ramesh,hamsini95@example.net,Morena,2025-10-09T01:12:28.047189
15193,Wakeeta Lall,barkhamajumdar@example.com,Mangalore,2025-09-04T01:12:28.047189
12936,Ishani Dhillon,megha73@example.org,Udaipur,2025-08-23T01:12:28.047189
18072,Darsh Pingle,dpandit@example.org,Davanagere,2025-08-02T01:12:28.047189
15562,Chaaya Keer,daniel95@example.com,Deoghar,2025-12-15T01:12:28.047189
16107,Siya Bhasin,aadhya40@example.com,Gudivada,2025-09-04T01:12:28.047189
13192,Gaurangi Rajagopalan,benjaminthakur@example.com,Chapra,2025-08-09T01:12:28.047189
13466,Gopal Andra,jack78@example.com,Machilipatnam,2025-12-24T01:12:28.047189
12540,Samar Sandhu,jananichandra@example.net,Kochi,2025-08-17T01:12:28.047189
16229,Chavvi Gole,klata@example.net,Alappuzha,2025-09-08T01:12:28.047189
17414,Laksh Dass,fariqbala@example.net,Kollam,2025-12-20T01:12:28.047189
18069,Ranbir Mann,hagarwal@example.net,Darbhanga,2025-12-18T01:12:28.047189
13362,Frado Virk,eagarwal@example.com,Udaipur,2025-08-23T01:12:28.047189
14371,Ekani Nayak,schokshi@example.net,Aurangabad,2025-08-05T01:12:28.047189
16339,Yatan Modi,amolgoyal@example.net,Tinsukia,2025-11-05T01:12:28.047189
15449,Saanvi Joshi,chandran91@example.net,Kozhikode,2025-10-07T01:12:28.047189
16369,Vrishti Virk,naksh35@example.org,Panihati,2025-09-22T01:12:28.047189
12933,Ranbir Oak,yuvrajsodhi@example.com,Hosur,2025-11-24T01:12:28.047189
16756,Abhiram Baria,kaurladli@example.org,Patna,2025-07-30T01:12:28.047189
12844,Vrishti Zacharia,dhriti11@example.com,Gopalpur,2025-10-21T01:12:28.047189
16500,Vasatika Lala,bhavyasaini@example.net,Nizamabad,2025-11-15T01:12:28.047189
16750,Agastya Deshpande,virkyashvi@example.com,Vellore,2025-11-24T01:12:28.047189
14520,Ria Minhas,jaibarman@example.org,Vellore,2025-08-27T01:12:28.047189
13097,Tanveer Walia,chandraronith@example.net,Dharmavaram,2025-12-24T01:12:28.047189
16753,Samarth Sarin,ojas74@example.net,Navi Mumbai,2025-09-14T01:12:28.047189
16366,Rehaan Sawhney,balendrasant@example.com,Jamnagar,2025-11-16T01:12:28.047189
16384,Onveer Kanda,yshenoy@example.org,Guna,2025-11-02T01:12:28.047189
16119,Hemang Sinha,qnarayanan@example.org,Darbhanga,2025-12-26T01:12:28.047189
14764,Bhavya Chakrabarti,sneha53@example.com,Gorakhpur,2025-08-10T01:12:28.047189
13082,Yug Rout,shivani02@example.net,Hubli–Dharwad,2025-09-17T01:12:28.047189
15175,Gaurav Subramaniam,pooja01@example.com,Faridabad,2025-10-22T01:12:28.047189
13740,Harita Chanda,turviboase@example.com,Saharsa,2025-10-31T01:12:28.047189
13094,Darpan Sarkar,rastogiturvi@example.com,Ratlam,2025-10-16T01:12:28.047189
14782,Mitesh Agate,bsodhi@example.net,Loni,2025-10-07T01:12:28.047189
16643,Atharv Padmanabhan,harishbali@example.net,Aizawl,2025-11-21T01:12:28.047189
17131,Ladli Dara,jacobuppal@example.net,Faridabad,2025-09-06T01:12:28.047189
14895,Kabir Sachdeva,lwarrior@example.net,Uluberia,2025-10-11T01:12:28.047189
15306,Azad Garg,devpalla@example.com,Kolhapur,2025-11-27T01:12:28.047189
16601,Chandresh Palla,oakalka@example.com,Pune,2025-09-24T01:12:28.047189
14258,Onkar Desai,lkara@example.net,Tezpur,2025-09-19T01:12:28.047189
12558,Balveer Pillay,manyasankar@example.com,Anantapuram,2025-10-16T01:12:28.047189
18173,Ucchal Bobal,egara@example.org,Orai,2025-08-06T01:12:28.047189
17536,Advaith Sampath,wsibal@example.org,Deoghar,2025-12-04T01:12:28.047189
15708,Jeet Chahal,dubebahadurjit@example.net,Mirzapur,2025-09-18T01:12:28.047189
12704,Abha Parekh,ttalwar@example.org,Giridih,2025-10-03T01:12:28.047189
18042,Jagat Pillay,vinayayogi@example.com,Motihari,2025-08-14T01:12:28.047189
16506,Devika Dewan,skrishnan@example.org,Indore,2025-10-08T01:12:28.047189
12945,Libni Majumdar,gmurthy@example.com,Amritsar,2025-10-11T01:12:28.047189
14267,Samuel Sahota,saumyamalhotra@example.org,Hubli–Dharwad,2025-08-13T01:12:28.047189
15970,Tanmayi Pall,mittaleshana@example.org,Kakinada,2025-10-18T01:12:28.047189
15550,Ganga Wali,fnaik@example.net,Jehanabad,2025-10-22T01:12:28.047189
15955,Ekaraj Zachariah,shaluke@example.org,Mahbubnagar,2025-12-24T01:12:28.047189
17521,Vedhika Sawhney,rajuomya@example.net,Asansol,2025-11-01T01:12:28.047189
16354,Qasim Dhar,amaira01@example.com,Bijapur,2025-10-23T01:12:28.047189
12451,Neha Narula,doctorgaurang@example.net,Jehanabad,2025-09-12T01:12:28.047189
16774,Victor Agarwal,mannomya@example.net,Gorakhpur,2025-11-11T01:12:28.047189
15068,Yash Khanna,chandani95@example.org,Hospet,2025-10-01T01:12:28.047189
15705,Amaira Sidhu,leela75@example.com,Bettiah,2025-10-01T01:12:28.047189
15687,Panini Nori,isaiah60@example.com,Erode,2025-08-05T01:12:28.047189
14660,Pallavi Agate,oeshikhare@example.com,Nashik,2025-12-26T01:12:28.047189
17545,Vansha Kakar,jarora@example.net,Vasai-Virar,2025-08-23T01:12:28.047189
16214,Niharika Mani,vivaanbath@example.org,Varanasi,2025-12-09T01:12:28.047189
14148,Bishakha Kannan,hanand@example.com,Chapra,2025-08-11T01:12:28.047189
13862,Xalak Gupta,dharlohit@example.com,Mathura,2025-09-15T01:12:28.047189
17128,Wishi Kale,harinakshimani@example.org,Vasai-Virar,2025-11-10T01:12:28.047189
15074,Jagat Hari,semurvashi@example.org,Morena,2025-09-25T01:12:28.047189
18209,Madhavi Subramanian,ijayachaudhuri@example.org,Bhind,2025-08-04T01:12:28.047189
12674,Yachana Chanda,skar@example.net,Thanjavur,2025-11-10T01:12:28.047189
15723,Omisha Chander,gbhavsar@example.com,Madurai,2025-08-12T01:12:28.047189
12942,Ria Parmar,pdoshi@example.net,Guwahati,2025-08-13T01:12:28.047189
14910,Meera Chopra,maya40@example.org,Tumkur,2025-09-30T01:12:28.047189
16902,Janya Narain,msani@example.org,Davanagere,2025-11-18T01:12:28.047189
12841,Jairaj Kalita,aayushrau@example.com,Firozabad,2025-12-25T01:12:28.047189
15160,Dhriti Boase,ishanisawhney@example.org,Pudukkottai,2025-09-06T01:12:28.047189
14395,Aadi Dayal,fnagi@example.org,Durgapur,2025-11-16T01:12:28.047189
13722,Reyansh Gupta,guneetcomar@example.org,Ulhasnagar,2025-09-17T01:12:28.047189
13725,Indira Rana,zansi69@example.org,Hubli–Dharwad,2025-11-09T01:12:28.047189
16863,Saksham Balakrishnan,radhakrishnanayushman@example.net,Latur,2025-10-26T01:12:28.047189
14776,Chatura Bath,qrajagopal@example.com,Kumbakonam,2025-09-25T01:12:28.047189
16253,Brinda Gaba,ishaanpant@example.net,Ujjain,2025-12-09T01:12:28.047189
13758,Krishna Hegde,yoshita89@example.net,Kolhapur,2025-08-22T01:12:28.047189
17551,Odika Dora,harrison62@example.net,Thanjavur,2025-09-08T01:12:28.047189
16735,Kavya Narain,yasti24@example.net,Kolhapur,2025-09-09T01:12:28.047189
17929,Ayush Atwal,ekavir13@example.com,Guntur,2025-10-10T01:12:28.047189
12442,Harita Kannan,manyaboase@example.com,Thanjavur,2025-10-24T01:12:28.047189
15422,Shravya Sarraf,chamelithakkar@example.com,Latur,2025-08-16T01:12:28.047189
18048,Sarthak Agarwal,kdhingra@example.net,Kharagpur,2025-10-15T01:12:28.047189
14633,Akshay Dhar,niharika68@example.net,Sri Ganganagar,2025-11-01T01:12:28.047189
17950,Dominic Saha,fghose@example.net,Bareilly,2025-09-19T01:12:28.047189
14264,Charan Choudhury,arinarora@example.org,Danapur,2025-12-10T01:12:28.047189
13225,Zayyan Aggarwal,ekavirrout@example.com,Secunderabad,2025-10-08T01:12:28.047189
15988,Bachittar Toor,mohanganga@example.org,Aurangabad,2025-11-22T01:12:28.047189
12427,Jeet Bhatia,qpandya@example.org,Srikakulam,2025-09-25T01:12:28.047189
13079,Ekantika Bakshi,nkannan@example.com,Firozabad,2025-09-20T01:12:28.047189
17006,Tanvi Pathak,vbhasin@example.org,Srikakulam,2025-09-28T01:12:28.047189
16345,Harinakshi Soman,pautimothy@example.net,Sasaram,2025-09-17T01:12:28.047189
15035,Vasudha Chakrabarti,sanghawilliam@example.net,Davanagere,2025-09-30T01:12:28.047189
15303,Ishita Char,alkasura@example.net,Srikakulam,2025-11-23T01:12:28.047189
13990,Bahadurjit Khosla,nitara06@example.com,Mau,2025-11-10T01:12:28.047189
16378,Banjeet Ravel,anthonyradhakrishnan@example.net,Jamalpur,2025-08-29T01:12:28.047189
17679,Pavani Krishnan,baljiwanbadami@example.com,Bihar Sharif,2025-11-08T01:12:28.047189
12576,Barkha Edwin,aayush75@example.net,Baranagar,2025-09-19T01:12:28.047189
15845,Adweta Jani,waglealka@example.org,Danapur,2025-08-11T01:12:28.047189
13347,Chatresh Dua,egoyal@example.net,Kottayam,2025-11-22T01:12:28.047189
17286,Ijaya Krishna,chaman41@example.net,Vellore,2025-12-16T01:12:28.047189
12406,Lucky Bahl,thakkarprisha@example.net,Bulandshahr,2025-09-26T01:12:28.047189
14127,Xiti Bahri,rushilradhakrishnan@example.org,Anantapuram,2025-08-17T01:12:28.047189
13859,Anita Parikh,bahrixavier@example.net,Asansol,2025-12-06T01:12:28.047189
16625,Warhi Date,wahabkaran@example.net,Akola,2025-10-12T01:12:28.047189
14901,Nilima Ramesh,kumerikbal@example.net,Vadodara,2025-12-14T01:12:28.047189
12573,Dhruv Dugar,dhawanmitali@example.com,Morbi,2025-11-21T01:12:28.047189
13743,Vinaya Handa,chakrikamahajan@example.net,Bhiwandi,2025-10-15T01:12:28.047189
13618,Arin Khurana,chaayasawhney@example.org,Muzaffarnagar,2025-11-28T01:12:28.047189
15699,Chasmum Reddy,rmani@example.net,Guwahati,2025-12-20T01:12:28.047189
15053,Zilmil Mishra,kaibutala@example.org,Loni,2025-09-03T01:12:28.047189
16744,Rishi Bera,daksh61@example.org,Burhanpur,2025-09-24T01:12:28.047189
17408,Vasudha Patla,yashvi84@example.com,Vellore,2025-08-09T01:12:28.047189
13368,Kashish Mukhopadhyay,yoshita46@example.net,Amaravati,2025-09-12T01:12:28.047189
13877,Isaac Ghosh,dugalyashoda@example.org,Aurangabad,2025-11-20T01:12:28.047189
12546,Owen Butala,osha95@example.org,Nagpur,2025-10-17T01:12:28.047189
15458,Max Arya,widishalall@example.com,Patna,2025-12-01T01:12:28.047189
15985,Zaid Choudhury,hemang83@example.com,Farrukhabad,2025-11-20T01:12:28.047189
16232,Devansh Thaman,dparikh@example.com,Morena,2025-11-05T01:12:28.047189
15565,Chandresh Loyal,xparekh@example.org,Baranagar,2025-10-20T01:12:28.047189
17024,Lajita Mandal,salviowen@example.net,Vasai-Virar,2025-09-08T01:12:28.047189
14934,Aishani Garde,hegdegunbir@example.org,Kolkata,2025-12-11T01:12:28.047189
16235,Idika Krishna,pauyauvani@example.org,Darbhanga,2025-08-10T01:12:28.047189
16080,Krish Dara,chauhanisha@example.com,Amritsar,2025-09-04T01:12:28.047189
13338,Darsh Gopal,leenahora@example.net,Kurnool,2025-10-01T01:12:28.047189
12713,Samuel Doshi,om84@example.com,Haridwar,2025-07-29T01:12:28.047189
17158,Yahvi Gaba,saumyasanghvi@example.com,Kanpur,2025-12-17T01:12:28.047189
17932,Oeshi Dhar,chaudhuripraneel@example.org,Karimnagar,2025-12-12T01:12:28.047189
13106,Chatura Rai,ojasviprabhu@example.com,North Dumdum,2025-12-26T01:12:28.047189
17923,Chakradhar Kohli,gmammen@example.org,Sikar,2025-12-18T01:12:28.047189
15553,Laban Thaman,jagvivora@example.com,Arrah,2025-10-15T01:12:28.047189
15062,Lekha Vyas,svig@example.net,Sangli-Miraj & Kupwad,2025-10-23T01:12:28.047189
17542,Darika Memon,bray@example.net,Bhilai,2025-10-05T01:12:28.047189
15812,Ekantika Lad,chavvi86@example.com,Ghaziabad,2025-10-16T01:12:28.047189
16247,Ekta Shroff,arunimanagar@example.org,Kottayam,2025-08-01T01:12:28.047189
12838,Balhaar D’Alia,radhakrishnanwarda@example.net,Jehanabad,2025-09-20T01:12:28.047189
17530,Krish Basak,gagan18@example.com,Mirzapur,2025-10-05T01:12:28.047189
16470,Isaac Srinivas,warhi58@example.com,Ratlam,2025-12-24T01:12:28.047189
15440,Yasti Radhakrishnan,aahana33@example.com,Kalyan-Dombivli,2025-12-13T01:12:28.047189
18081,Chandani Srinivasan,ekani17@example.net,Tadepalligudem,2025-09-01T01:12:28.047189
15205,Darpan Ahluwalia,qmutti@example.org,Muzaffarnagar,2025-09-28T01:12:28.047189
18179,Tanish Dugal,ekavir44@example.com,Jalgaon,2025-11-25T01:12:28.047189
16881,Dominic Aggarwal,radha76@example.com,Surat,2025-12-14T01:12:28.047189
16887,Falguni Shetty,jnagarajan@example.org,Sirsa,2025-12-17T01:12:28.047189
16473,Ekavir Luthra,krish56@example.com,Naihati,2025-09-04T01:12:28.047189
16342,Indali Nigam,lopa85@example.com,Sagar,2025-09-02T01:12:28.047189
13323,Jalsa Sawhney,yadavikala@example.org,Bidhannagar,2025-09-28T01:12:28.047189
15288,Henry Tara,rachitdivan@example.org,Malegaon,2025-10-01T01:12:28.047189
14904,Ronith Nagar,galanicholas@example.net,Hapur,2025-10-15T01:12:28.047189
16479,Teerth Palla,sarrafeiravati@example.com,Hapur,2025-08-30T01:12:28.047189
12683,Gautami Dutt,draghavan@example.org,Ratlam,2025-08-08T01:12:28.047189
15163,Kai Kaul,paninichopra@example.net,Bharatpur,2025-11-03T01:12:28.047189
16899,Ekapad Dada,varmafinn@example.org,Ambattur,2025-10-23T01:12:28.047189
18185,Luke Bhargava,tdugal@example.com,Karaikudi,2025-09-16T01:12:28.047189
15976,Owen Thakur,peter99@example.org,Rourkela,2025-09-09T01:12:28.047189
14285,Shivani Shenoy,raksha07@example.net,Bharatpur,2025-11-05T01:12:28.047189
14014,Nicholas Subramaniam,ijha@example.com,Agra,2025-09-15T01:12:28.047189
17664,Jonathan Hans,ubika24@example.net,Darbhanga,2025-08-16T01:12:28.047189
17259,Jack Krishnamurthy,kabirmani@example.org,Akola,2025-09-21T01:12:28.047189
14270,Jairaj Narula,sampathbachittar@example.com,Madurai,2025-10-07T01:12:28.047189
15297,Shaurya Mani,pavani35@example.org,Nagercoil,2025-11-04T01:12:28.047189
17030,Yug Salvi,manigaurangi@example.net,Hubli–Dharwad,2025-07-29T01:12:28.047189
14413,Yahvi Swaminathan,ekansh07@example.net,Kishanganj,2025-11-23T01:12:28.047189
17295,Adweta Karan,falanswamy@example.org,Aurangabad,2025-11-19T01:12:28.047189
16872,Vivaan Ravel,loganray@example.net,Dhanbad,2025-10-31T01:12:28.047189
17917,Jason Sathe,michaelmanda@example.net,Anantapuram,2025-08-26T01:12:28.047189
16092,Mugdha Ramachandran,zashilgola@example.net,Silchar,2025-11-24T01:12:28.047189
16104,Ansh Soni,vratti@example.org,Thoothukudi,2025-08-24T01:12:28.047189
15059,Theodore Dewan,mitesh13@example.org,Shimla,2025-12-21T01:12:28.047189
18191,Ati Pathak,comarchandani@example.org,Rourkela,2025-11-26T01:12:28.047189
15973,Advay Pall,nbhatnagar@example.com,Erode,2025-08-29T01:12:28.047189
17524,Mahika Khalsa,wallaupkaar@example.com,Kalyan-Dombivli,2025-12-23T01:12:28.047189
15571,Chaitaly Panchal,jeremiahchokshi@example.net,Nanded,2025-11-11T01:12:28.047189
13984,Ekani Brar,smanda@example.org,Fatehpur,2025-09-18T01:12:28.047189
16893,Urvi Deo,vaishnaviguha@example.com,Machilipatnam,2025-11-23T01:12:28.047189
16598,Hamsini Khare,sgarde@example.net,Dibrugarh,2025-10-29T01:12:28.047189
12668,Finn Rao,suryoshita@example.net,Kozhikode,2025-09-02T01:12:28.047189
12829,Xalak Johal,aarnavkar@example.org,Jamnagar,2025-11-07T01:12:28.047189
16738,Isha Pandit,edhitha26@example.com,Kottayam,2025-12-21T01:12:28.047189
16494,Gaurang Chaudhary,wriddhish24@example.org,New Delhi,2025-11-05T01:12:28.047189
13880,Zarna Prashad,tde@example.com,Tezpur,2025-11-08T01:12:28.047189
17816,Aahana Madan,dalalekantika@example.org,Chandrapur,2025-10-14T01:12:28.047189
14112,Hritik Mahal,maxkumar@example.net,Amravati,2025-08-04T01:12:28.047189
13588,Libni Sahota,upalla@example.com,Alappuzha,2025-10-29T01:12:28.047189
13475,Eta Reddy,zachariahwyatt@example.com,Ghaziabad,2025-07-31T01:12:28.047189
16357,Deepa Narain,rachit62@example.com,Jalna,2025-11-01T01:12:28.047189
16634,Ekaja Mitter,warhivora@example.org,Akola,2025-11-13T01:12:28.047189
14806,Zaitra Pingle,rachita89@example.com,Jehanabad,2025-08-01T01:12:28.047189
14642,Chavvi Khosla,bsom@example.com,Raiganj,2025-09-13T01:12:28.047189
16619,Jagrati Nayak,kulkarnigautami@example.com,Gandhidham,2025-12-14T01:12:28.047189
13460,Abhiram Boase,isha39@example.net,Shimla,2025-08-15T01:12:28.047189
14508,Chakradhar Sidhu,bavasaanvi@example.org,Jamnagar,2025-09-21T01:12:28.047189
14005,Ishaan Raj,dchanda@example.org,Aurangabad,2025-09-27T01:12:28.047189
17649,Nathan Aurora,vartynaksh@example.org,Chapra,2025-08-22T01:12:28.047189
16250,Ishita Sharma,sanyavig@example.com,Kolkata,2025-10-12T01:12:28.047189
15047,Ubika Mishra,venkateshwatika@example.org,Raipur,2025-12-08T01:12:28.047189
12686,Omisha Dugal,brijesh75@example.com,Surendranagar Dudhrej,2025-08-12T01:12:28.047189
17789,Yug Sami,rgarg@example.com,Muzaffarpur,2025-11-27T01:12:28.047189
16628,Christopher Sankaran,gopalarjun@example.net,Dehri,2025-09-01T01:12:28.047189
13600,Zilmil Keer,jananirama@example.com,Eluru,2025-08-10T01:12:28.047189
17155,Harish Doctor,noahgupta@example.com,North Dumdum,2025-10-01T01:12:28.047189
12707,Isaiah Solanki,benjamin79@example.com,Rewa,2025-10-20T01:12:28.047189
14389,Aayush Shere,anamika63@example.com,Vadodara,2025-12-09T01:12:28.047189
15949,Triya Sachar,tborah@example.com,Bhatpara,2025-11-13T01:12:28.047189
16509,Raksha Munshi,bariasachi@example.org,Katni,2025-12-23T01:12:28.047189
16610,Yoshita Verma,bhavnaprasad@example.com,Hyderabad,2025-09-25T01:12:28.047189
13728,Vanya Hans,msoni@example.com,Sonipat,2025-10-30T01:12:28.047189
17262,Pallavi Master,lpandey@example.net,Mehsana,2025-10-27T01:12:28.047189
14145,Maanas Dasgupta,ekarajprashad@example.org,Chandrapur,2025-08-30T01:12:28.047189
16875,Mitali Bora,hardikdyal@example.net,Saharsa,2025-12-03T01:12:28.047189
15318,Vansha Shanker,manya85@example.net,Katihar,2025-12-14T01:12:28.047189
13344,Neelima Patla,abhiram60@example.com,Latur,2025-10-24T01:12:28.047189
13085,Odika Sanghvi,yparmar@example.com,Jaipur,2025-10-20T01:12:28.047189
13481,Veer Deol,viganmol@example.net,Ahmedabad,2025-11-08T01:12:28.047189
12564,Advay Rao,dinvictor@example.com,Cuttack,2025-09-26T01:12:28.047189
18087,Chameli Gandhi,sanaya98@example.net,Bidar,2025-10-04T01:12:28.047189
14246,Krish Dhillon,rachanasetty@example.com,Barasat,2025-09-07T01:12:28.047189
13070,Leela Singh,yatin19@example.org,Ambattur,2025-08-23T01:12:28.047189
18084,Yoshita Zacharia,aadipatel@example.net,Jodhpur,2025-08-24T01:12:28.047189
16768,Advay Buch,bhargavayadavi@example.net,Nandyal,2025-11-03T01:12:28.047189
15836,Dayamai Doshi,bainsayaan@example.net,Alappuzha,2025-12-17T01:12:28.047189
16372,Vasudha Kata,ria31@example.net,Dhanbad,2025-09-20T01:12:28.047189
12415,Anusha Rattan,raghav89@example.net,Saharanpur,2025-11-12T01:12:28.047189
15854,Mekhala Dayal,rchaudhari@example.net,Kakinada,2025-08-31T01:12:28.047189
13731,Darsh Sidhu,rattayamini@example.org,Kavali,2025-09-08T01:12:28.047189
18045,Chameli Talwar,imaranmandal@example.org,Aurangabad,2025-11-08T01:12:28.047189
18188,Vanya Sur,inair@example.org,Varanasi,2025-11-05T01:12:28.047189
17670,Mitali Rout,alexanderatwal@example.org,Bhiwandi,2025-12-08T01:12:28.047189
14779,Charita Mand,anusha45@example.org,Gopalpur,2025-09-06T01:12:28.047189
12561,Yauvani Borah,yohannanfalguni@example.com,Thanjavur,2025-08-10T01:12:28.047189
14142,Gaurav Pathak,wadhwaishita@example.org,Gandhidham,2025-12-06T01:12:28.047189
15044,Chandani Bhakta,deolisaiah@example.net,Satara,2025-09-20T01:12:28.047189
17676,Mitali Deep,ganeshazad@example.net,Visakhapatnam,2025-11-13T01:12:28.047189
12412,Fariq Chhabra,nanand@example.com,Ulhasnagar,2025-08-20T01:12:28.047189
15199,Anay Kakar,kaimajumdar@example.org,Bihar Sharif,2025-07-29T01:12:28.047189
15690,Madhavi Cheema,kauraarini@example.com,Nadiad,2025-08-13T01:12:28.047189
15184,Bachittar Oza,qadim99@example.net,Vijayanagaram,2025-09-25T01:12:28.047189
15574,Veer Mahajan,adyasankaran@example.org,Ramagundam,2025-12-22T01:12:28.047189
16869,Akshay Dugal,anay01@example.org,Mahbubnagar,2025-09-21T01:12:28.047189
16211,Harini Parmar,kauldhruv@example.com,Unnao,2025-09-21T01:12:28.047189
15321,Vivaan Lad,ikara@example.com,Sirsa,2025-11-20T01:12:28.047189
12424,Kabir Garg,manddarsh@example.net,Guwahati,2025-10-23T01:12:28.047189
18066,Gaurav Buch,lakshdeshpande@example.net,Burhanpur,2025-09-21T01:12:28.047189
15729,Radhika Brahmbhatt,victorpai@example.org,Sikar,2025-11-05T01:12:28.047189
13755,Vritti Chawla,krishaaurora@example.org,Bhavnagar,2025-10-25T01:12:28.047189
12436,Zarna Walia,luthradaksh@example.org,Jamshedpur,2025-12-05T01:12:28.047189
13978,Saksham Nagy,dakshapalla@example.com,Meerut,2025-11-18T01:12:28.047189
12421,Jeet Khare,baralanmol@example.org,Asansol,2025-12-20T01:12:28.047189
15714,Anirudh Vasa,abhadoshi@example.net,Hapur,2025-12-13T01:12:28.047189
15598,Gaurang Singh,guneetshenoy@example.com,Kolhapur,2025-09-01T01:12:28.047189
13198,Jairaj Badal,taraqarin@example.org,Saharanpur,2025-09-10T01:12:28.047189
13210,Ronith Kari,warinder69@example.net,Baranagar,2025-08-01T01:12:28.047189
17652,Niharika Morar,ria94@example.com,Kishanganj,2025-11-05T01:12:28.047189
16771,Faris Kumar,luthranilima@example.com,Panipat,2025-09-21T01:12:28.047189
17941,Siddharth Talwar,enatt@example.org,Erode,2025-09-27T01:12:28.047189
17795,Daniel Modi,brahmbhattganga@example.org,Barasat,2025-10-27T01:12:28.047189
14529,Ubika Suresh,halderbhavya@example.org,Anantapur,2025-10-25T01:12:28.047189
13484,Orinder Patla,rajeshri15@example.net,Bally,2025-09-18T01:12:28.047189
14240,Manya Sant,aahana98@example.net,Pimpri-Chinchwad,2025-11-27T01:12:28.047189
15178,Fariq Narayan,udyatiparekh@example.net,Sagar,2025-08-17T01:12:28.047189
13356,George Arora,lipika51@example.org,Kottayam,2025-08-10T01:12:28.047189
17033,Pooja Batra,sarkarijaya@example.com,Anantapur,2025-08-30T01:12:28.047189
15839,Neelima Mahajan,raagini69@example.net,Aligarh,2025-12-09T01:12:28.047189
15181,William Dasgupta,girish79@example.net,Bardhaman,2025-08-04T01:12:28.047189
14133,Nitesh Dua,nsane@example.net,Rourkela,2025-08-08T01:12:28.047189
16491,Vrishti Hayer,karmax@example.net,Raurkela Industrial Township,2025-09-21T01:12:28.047189
17164,Eta Bhat,farhan66@example.com,Guntur,2025-08-20T01:12:28.047189
13883,Gopal Padmanabhan,tganguly@example.org,Bhiwani,2025-10-18T01:12:28.047189
16777,Harsh Aggarwal,advaithkurian@example.com,Patna,2025-08-28T01:12:28.047189
16226,Jagrati Date,banjeetgokhale@example.com,Bokaro,2025-08-15T01:12:28.047189
12433,Patrick Kanda,adatta@example.com,Jorhat,2025-08-27T01:12:28.047189
13716,Azad Sarkar,pranavbal@example.net,Guntakal,2025-10-24T01:12:28.047189
12826,Shravya Korpal,gardeharita@example.org,Kakinada,2025-10-05T01:12:28.047189
13865,Anmol Banik,valagavin@example.org,Bangalore,2025-11-07T01:12:28.047189
16360,Faras Char,timothyiyengar@example.net,Sagar,2025-12-03T01:12:28.047189
16747,Bina Saha,roysara@example.org,Barasat,2025-12-17T01:12:28.047189
13067,Noah Divan,bariaalka@example.net,Ahmedabad,2025-12-15T01:12:28.047189
15333,Maanas Oommen,chaudhurireyansh@example.org,Ludhiana,2025-10-25T01:12:28.047189
14282,Lipika Deshmukh,rachita96@example.org,Medininagar,2025-11-25T01:12:28.047189
12939,Jackson Anne,wardapalla@example.com,Khammam,2025-10-18T01:12:28.047189
15050,Ira Koshy,toorryan@example.com,Rohtak,2025-10-19T01:12:28.047189
18218,Lohit Choudhry,danielshukla@example.org,Cuttack,2025-10-01T01:12:28.047189
15717,Falak Ahuja,nehakanda@example.com,Berhampore,2025-11-27T01:12:28.047189
13850,Ikshita Dayal,rgoyal@example.org,Erode,2025-09-12T01:12:28.047189
17274,Falguni Pillai,ansh24@example.org,Ahmedabad,2025-12-11T01:12:28.047189
15681,Luke Dhawan,wyattkhosla@example.org,Dewas,2025-09-17T01:12:28.047189
13615,Girish Mital,zayanbhatti@example.com,Eluru,2025-08-02T01:12:28.047189
17813,Sudiksha Dass,rajishita@example.com,Kanpur,2025-08-22T01:12:28.047189
12445,Dipta Rattan,anamikatalwar@example.com,Hapur,2025-09-25T01:12:28.047189
14532,Chasmum Ray,jayaramanparth@example.com,Bharatpur,2025-09-25T01:12:28.047189
14931,Upkaar Sood,jeevikaraval@example.org,Kochi,2025-08-23T01:12:28.047189
15026,Frado Mitter,cnadkarni@example.org,Khammam,2025-09-17T01:12:28.047189
15967,Rajeshri Toor,dominicsandhu@example.com,Parbhani,2025-12-20T01:12:28.047189
12957,Orinder Pant,hiral05@example.com,Bhagalpur,2025-10-20T01:12:28.047189
14243,Janaki Sangha,pratyush62@example.net,Panipat,2025-08-24T01:12:28.047189
14383,Ridhi Chander,jborah@example.com,Kharagpur,2025-10-10T01:12:28.047189
17548,Januja Sanghvi,gaurang35@example.org,Sasaram,2025-12-21T01:12:28.047189
15157,Jeevika Lala,sbrar@example.com,Kishanganj,2025-08-10T01:12:28.047189
12567,Dayita Kala,swaminathanrobert@example.org,Rajpur Sonarpur,2025-11-14T01:12:28.047189
13999,Om Murthy,vanyakari@example.org,Kamarhati,2025-10-31T01:12:28.047189
13892,Pranav Bumb,zgera@example.org,Ajmer,2025-10-09T01:12:28.047189
16217,Tristan Ray,vohrabrinda@example.org,Meerut,2025-08-02T01:12:28.047189
15419,Gautam Prabhakar,qasimsodhi@example.org,Navi Mumbai,2025-12-04T01:12:28.047189
14416,Nimrat Pau,zilmil94@example.net,Guntakal,2025-11-11T01:12:28.047189
13603,Yashica Bava,tellasamesh@example.org,Latur,2025-10-06T01:12:28.047189
12808,Chanchal Muni,amol55@example.net,Bhagalpur,2025-08-25T01:12:28.047189
16878,Ekiya Andra,agarwalnikita@example.com,Aligarh,2025-11-11T01:12:28.047189
13594,Kavya Mander,balakrishnanganga@example.com,Vijayanagaram,2025-11-23T01:12:28.047189
14511,Inaya Sahota,nayarteerth@example.net,Durgapur,2025-09-08T01:12:28.047189
12817,Veer Sunder,aachalgaba@example.net,Mirzapur,2025-12-07T01:12:28.047189
16613,Amrita Kumer,jasmit26@example.org,Proddatur,2025-07-29T01:12:28.047189
16244,Lopa Arya,kamyagandhi@example.com,Tinsukia,2025-12-15T01:12:28.047189
14261,Ethan Wable,oeshi41@example.net,Junagadh,2025-08-31T01:12:28.047189
12579,Balvan Doshi,gsetty@example.com,Begusarai,2025-09-18T01:12:28.047189
17301,Darpan Bakshi,ronith36@example.org,Patiala,2025-12-02T01:12:28.047189
14898,Qushi Chandra,pallavi79@example.org,Sri Ganganagar,2025-10-13T01:12:28.047189
17914,Nathaniel Bora,varugheserohan@example.net,Gudivada,2025-09-11T01:12:28.047189
13606,Priya Karpe,panini91@example.com,Korba,2025-08-13T01:12:28.047189
13329,Alexander Kuruvilla,triveni44@example.org,Kolkata,2025-08-28T01:12:28.047189
13103,Oscar Babu,rachanaanne@example.com,Hajipur,2025-08-28T01:12:28.047189
17015,Udant Shanker,kganguly@example.org,Mathura,2025-09-22T01:12:28.047189
13064,Lavanya Dutt,bosejack@example.org,Bihar Sharif,2025-11-29T01:12:28.047189
15952,Amara Rastogi,vrinda96@example.net,Kurnool,2025-09-02T01:12:28.047189
15032,Omkaar Bahri,chaudhryunni@example.net,Sirsa,2025-11-04T01:12:28.047189
13365,Lekha Sem,thomasbains@example.net,Gaya,2025-12-07T01:12:28.047189
16482,Idika Pandey,bahlurmi@example.net,Dhule,2025-09-01T01:12:28.047189
16363,Elijah Jha,gopalindrajit@example.org,Phusro,2025-11-16T01:12:28.047189
16905,Vrinda Memon,mandadaniel@example.com,Raiganj,2025-10-03T01:12:28.047189
16497,Vrishti Kannan,doctordiya@example.org,Bareilly,2025-11-23T01:12:28.047189
15315,Ekantika Guha,abhawalla@example.com,Purnia,2025-09-02T01:12:28.047189
14937,Owen Setty,yashicasem@example.com,Alappuzha,2025-12-15T01:12:28.047189
17423,Wahab Dyal,urvashi01@example.org,Madurai,2025-10-22T01:12:28.047189
14913,Veda Kari,barmannakul@example.net,Bilaspur,2025-08-29T01:12:28.047189
18212,Keya Maharaj,bhattiindrajit@example.net,Belgaum,2025-12-07T01:12:28.047189
14002,Warhi Raju,pallpavani@example.org,Udupi,2025-11-29T01:12:28.047189
17277,Kala Mandal,bhavanisingh@example.org,Chandigarh,2025-12-26T01:12:28.047189
13856,Ekalinga Narula,nrajan@example.net,Jabalpur,2025-08-10T01:12:28.047189
15428,Yauvani Oommen,aahanakala@example.com,Begusarai,2025-12-10T01:12:28.047189
13719,Nidra Morar,lohit77@example.com,Hajipur,2025-11-08T01:12:28.047189
12710,Jai Lal,harrison80@example.com,Bihar Sharif,2025-11-08T01:12:28.047189
12966,Devika Master,thakerrishi@example.org,Kavali,2025-11-30T01:12:28.047189
16997,Ucchal Dutt,gaurangi88@example.org,Rajpur Sonarpur,2025-08-29T01:12:28.047189
14800,Aadi Narayan,pranavsridhar@example.org,Nagaon,2025-09-10T01:12:28.047189
13207,Ayaan Kakar,dev77@example.com,Amritsar,2025-10-29T01:12:28.047189
16616,Finn Minhas,damyanti06@example.net,Maheshtala,2025-10-13T01:12:28.047189
16485,Yutika Dey,triveni75@example.net,Pune,2025-09-03T01:12:28.047189
16637,Omkaar Bobal,qyadav@example.com,Kochi,2025-08-07T01:12:28.047189
14523,Raksha Bir,chawlaharrison@example.net,Gopalpur,2025-08-11T01:12:28.047189
17146,Bahadurjit Muni,bailishita@example.net,Bhiwani,2025-12-19T01:12:28.047189
13591,Yashasvi Madan,pallavichad@example.org,Faridabad,2025-09-05T01:12:28.047189
17667,Tanvi Halder,gtaneja@example.com,Ajmer,2025-10-04T01:12:28.047189
13761,Zaitra Pradhan,gagan41@example.com,Loni,2025-09-03T01:12:28.047189
12814,Harish Ben,ganga81@example.org,Bahraich,2025-10-25T01:12:28.047189
14645,Rayaan Krishnan,tanveer97@example.com,Hosur,2025-09-27T01:12:28.047189
17819,Veda Dey,binaaurora@example.com,Udupi,2025-10-14T01:12:28.047189
18078,Chakrika Ghose,narayanekapad@example.org,Panihati,2025-09-20T01:12:28.047189
14154,Benjamin Padmanabhan,yug24@example.com,Allahabad,2025-10-24T01:12:28.047189
14517,Imaran Mallick,ravalharsh@example.com,Tiruchirappalli,2025-12-04T01:12:28.047189
17125,Chaitaly Mandal,vaidyasara@example.net,Latur,2025-08-05T01:12:28.047189
14404,Abhiram Wali,kadakiabrijesh@example.org,Alwar,2025-11-26T01:12:28.047189
17956,Aishani Tella,magararunima@example.com,Sagar,2025-10-28T01:12:28.047189
17694,Pavani Nagy,chackofarhan@example.net,Ghaziabad,2025-08-13T01:12:28.047189
12811,Arya Kunda,nidhibrahmbhatt@example.com,Ongole,2025-11-30T01:12:28.047189
17655,Hredhaan Merchant,ikade@example.net,Warangal,2025-12-03T01:12:28.047189
12430,Upasna Nigam,bchatterjee@example.org,Eluru,2025-09-20T01:12:28.047189
13737,Meera Sura,diptaagrawal@example.org,Firozabad,2025-10-21T01:12:28.047189
17557,Tarak Kumar,rsabharwal@example.org,Nagpur,2025-07-31T01:12:28.047189
15071,Niharika Sengupta,aurorajalsa@example.org,Arrah,2025-10-02T01:12:28.047189
12948,Ikbal Choudhury,mammenudant@example.org,Pune,2025-11-23T01:12:28.047189
13499,Brinda Narula,avikhatri@example.net,Dehradun,2025-11-04T01:12:28.047189
14639,Oviya Mangal,rajaridhi@example.com,Kalyan-Dombivli,2025-09-01T01:12:28.047189
17560,Harini Kapoor,dharpeter@example.net,Guwahati,2025-12-19T01:12:28.047189
14770,Aashi Sankaran,qgupta@example.org,Khandwa,2025-12-24T01:12:28.047189
12701,Qadim Peri,amairapadmanabhan@example.net,Hajipur,2025-10-10T01:12:28.047189
18200,Vrinda Bandi,jalsa04@example.org,North Dumdum,2025-11-24T01:12:28.047189
17414,Laksh Dass,fariqbala@example.net,Suryapet,2026-02-06T01:12:28.061450
17513,Nilima Sundaram,januja31@example.org,Kirari Suleman Nagar,2026-02-09T01:12:28.061450
15125,Daksh Gupta,gabrielvyas@example.org,Allahabad,2026-02-04T01:12:28.061450
14437,Aadi Sengupta,pmodi@example.com,Noida,2026-02-04T01:12:28.061450
14041,Owen Bhavsar,shroffdalbir@example.net,Rajkot,2026-02-13T01:12:28.061450
17768,Fariq Bahri,kiaandeshmukh@example.net,Kota,2026-02-09T01:12:28.061450
14419,Yasti Pathak,chandran99@example.com,Bhagalpur,2026-02-13T01:12:28.061450
17346,Daksha Mangat,megha21@example.org,Fatehpur,2026-02-12T01:12:28.061450
15748,Advika D’Alia,pushti68@example.org,Sirsa,2026-02-04T01:12:28.061450
13334,Darika Sehgal,gsura@example.com,Latur,2026-02-10T01:12:28.061450
13568,Samaksh Panchal,lipika45@example.com,Bahraich,2026-02-05T01:12:28.061450
15099,Balvan Ganesan,zilmil04@example.net,Moradabad,2026-02-04T01:12:28.061450
13899,Siddharth Dhar,frederickkapur@example.com,Raebareli,2026-02-06T01:12:28.061450
17757,Hemang Ram,chokshiparth@example.net,Narasaraopet,2026-02-06T01:12:28.061450
13895,Vritti Dara,bhavsargaurang@example.net,Madhyamgram,2026-02-12T01:12:28.061450
13632,Tejas Karnik,shanidika@example.net,Hyderabad,2026-02-07T01:12:28.061450
14534,Gunbir Jaggi,lsalvi@example.net,Khandwa,2026-02-06T01:12:28.061450
17448,Ekansh Gola,jedwin@example.com,Kozhikode,2026-02-11T01:12:28.061450
13520,Yoshita Agarwal,kmohan@example.net,Machilipatnam,2026-02-09T01:12:28.061450
12849,Ekanta Vohra,papte@example.net,Sonipat,2026-02-12T01:12:28.061450
15581,Michael Chokshi,rameshyadavi@example.com,Panihati,2026-02-12T01:12:28.061450
12402,Ayush Bora,kjohal@example.net,Sri Ganganagar,2026-02-08T01:12:28.061450
13868,Owen Rama,karpeekiya@example.com,Srikakulam,2026-02-04T01:12:28.061450
15462,Nihal Ravel,vihaanraval@example.org,New Delhi,2026-02-06T01:12:28.061450
15640,Frederick Barad,knadig@example.net,Tirupati,2026-02-11T01:12:28.061450
17935,Jack Mannan,kamdaransh@example.net,Jaunpur,2026-02-09T01:12:28.061450
13310,Vasatika Vasa,jasoncheema@example.com,Fatehpur,2026-02-07T01:12:28.061450
18209,Madhavi Subramanian,ijayachaudhuri@example.org,Ghaziabad,2026-02-05T01:12:28.061450
12913,Arya Morar,eshanabhasin@example.org,Jaipur,2026-02-07T01:12:28.061450
16431,Ijaya Ramanathan,sachdevkritika@example.com,Tenali,2026-02-09T01:12:28.061450
17860,Leena Divan,darikakaur@example.org,Kamarhati,2026-02-09T01:12:28.061450
17789,Yug Sami,rgarg@example.com,Ramagundam,2026-02-07T01:12:28.061450
14447,Wridesh Gulati,randhawajanuja@example.net,Tiruvottiyur,2026-02-07T01:12:28.061450
17696,Nikita Kumar,chakradevmohanty@example.com,Begusarai,2026-02-05T01:12:28.061450
16727,Charvi Mistry,kaurdipta@example.com,Patna,2026-02-10T01:12:28.061450
14875,Urvi Wable,utkarshsahni@example.org,Mangalore,2026-02-07T01:12:28.061450
16842,Aarna Kadakia,rayaan35@example.net,Siwan,2026-02-09T01:12:28.061450
17140,Osha Tak,baghyawatidalal@example.com,Thiruvananthapuram,2026-02-09T01:12:28.061450
16933,Yahvi Tata,rishi32@example.com,Guna,2026-02-05T01:12:28.061450
16961,Chatresh Agarwal,wdesai@example.org,Phusro,2026-02-05T01:12:28.061450
15298,Tristan Samra,lilakanda@example.net,Shimla,2026-02-07T01:12:28.061450
13880,Zarna Prashad,tde@example.com,Ichalkaranji,2026-02-07T01:12:28.061450
12938,Farhan Patil,asachar@example.org,Vijayanagaram,2026-02-05T01:12:28.061450
14382,Jatin Saxena,vihaankrish@example.net,Panvel,2026-02-06T01:12:28.061450
17678,Neha Rajagopal,girish60@example.org,Parbhani,2026-02-11T01:12:28.061450
15429,Nicholas Wason,jacobparikh@example.org,Munger,2026-02-06T01:12:28.061450
14583,Pavani Ghosh,drout@example.net,Panchkula,2026-02-12T01:12:28.061450
15341,Wriddhish Sagar,xsavant@example.net,Adoni,2026-02-04T01:12:28.061450
15225,Samaksh Gole,gaurav27@example.net,Moradabad,2026-02-11T01:12:28.061450
15831,Viraj Sahni,hmishra@example.org,Thanjavur,2026-02-06T01:12:28.061450
15790,Tanish Viswanathan,anitamody@example.com,Amritsar,2026-02-09T01:12:28.061450
13771,Aachal Gara,xitimallick@example.net,Tenali,2026-02-04T01:12:28.061450
16321,Balendra Chakrabarti,dharaarush@example.org,Visakhapatnam,2026-02-08T01:12:28.061450
15265,Hemani Konda,ramhredhaan@example.com,Tadepalligudem,2026-02-10T01:12:28.061450
17212,Kevin Sha,ladisaac@example.net,Gwalior,2026-02-07T01:12:28.061450
17337,Edhitha Sodhi,ladlimallick@example.org,Thoothukudi,2026-02-09T01:12:28.061450
16498,Balhaar Rajan,idhillon@example.net,Barasat,2026-02-10T01:12:28.061450
13348,Irya Hora,onibora@example.com,Patna,2026-02-09T01:12:28.061450
13751,Onveer Sood,lakshmisom@example.com,Bulandshahr,2026-02-06T01:12:28.061450
18043,Mekhala Badal,siddharth15@example.com,Bhusawal,2026-02-04T01:12:28.061450
12722,Jagat Tak,warriorxiti@example.net,Srikakulam,2026-02-10T01:12:28.061450
17454,Aadi Kibe,mohammedmitter@example.net,Bareilly,2026-02-06T01:12:28.061450
15211,Jackson Das,udant49@example.net,Khandwa,2026-02-08T01:12:28.061450
15118,Gautam Seth,naksh32@example.com,Warangal,2026-02-11T01:12:28.061450
16517,Indira Desai,chandrandeep@example.net,Gurgaon,2026-02-11T01:12:28.061450
17947,Harinakshi Mittal,rattanguneet@example.net,Dhule,2026-02-09T01:12:28.061450
14462,Pushti Walla,hredhaan96@example.com,Chandigarh,2026-02-05T01:12:28.061450
16669,Ranveer Nanda,mason63@example.com,Ambala,2026-02-11T01:12:28.061450
12513,Sanaya Sood,gloke@example.com,Naihati,2026-02-06T01:12:28.061450
13710,Advay Merchant,groverwridesh@example.com,Bhiwandi,2026-02-06T01:12:28.061450
18068,Nidra Brar,iraminhas@example.net,Sikar,2026-02-08T01:12:28.061450
17158,Yahvi Gaba,saumyasanghvi@example.com,Jorhat,2026-02-07T01:12:28.061450
13958,Aryan Ganesan,faraj21@example.org,Patna,2026-02-11T01:12:28.061450
17320,Mekhala Ganesh,meghamurty@example.org,Hosur,2026-02-11T01:12:28.061450
15866,George Pingle,acharyaomisha@example.org,Hajipur,2026-02-11T01:12:28.061450
17614,Gautami Barman,lratta@example.net,Chandrapur,2026-02-12T01:12:28.061450
12500,Manan Bera,haldertristan@example.net,Pallavaram,2026-02-08T01:12:28.061450
12604,Robert Shenoy,upadhritipalan@example.org,Kakinada,2026-02-10T01:12:28.061450
17507,Kashvi Ramachandran,forumoommen@example.com,Meerut,2026-02-07T01:12:28.061450
14326,Aachal Parmar,ishaanbala@example.com,Mehsana,2026-02-05T01:12:28.061450
14715,Kiaan Sarma,pratyushbarad@example.org,Amritsar,2026-02-08T01:12:28.061450
17850,Kevin Badami,ranaindira@example.org,Mathura,2026-02-04T01:12:28.061450
17338,Benjamin Ahluwalia,meghawalla@example.net,Jalandhar,2026-02-09T01:12:28.061450
17171,Barkha Bhagat,nihal94@example.com,Bettiah,2026-02-12T01:12:28.061450
16027,Chatresh Guha,wkapoor@example.com,Vijayanagaram,2026-02-05T01:12:28.061450
12970,Elijah Prasad,matthew41@example.org,Siliguri,2026-02-05T01:12:28.061450
13186,Vrishti Deo,jackgrover@example.net,Jammu,2026-02-06T01:12:28.061450
14747,Megha Raman,sabharwalvihaan@example.com,Dhule,2026-02-12T01:12:28.061450
13833,Gautami Reddy,sehgaltriveni@example.org,Khandwa,2026-02-09T01:12:28.061450
13278,Indrajit Chauhan,alka28@example.com,Kishanganj,2026-02-04T01:12:28.061450
12414,Amol Walla,modyazaan@example.com,Machilipatnam,2026-02-07T01:12:28.061450
15399,Bhavika Kakar,hbhasin@example.net,Tiruvottiyur,2026-02-05T01:12:28.061450
13132,Dayita Sekhon,kuruvillaowen@example.net,Tirupati,2026-02-12T01:12:28.061450
14292,Krishna Misra,vcontractor@example.com,Jaunpur,2026-02-13T01:12:28.061450
16076,Farhan Saha,ikulkarni@example.org,Gopalpur,2026-02-10T01:12:28.061450
15467,Janaki Agrawal,bhavikasahni@example.com,Bilaspur,2026-02-11T01:12:28.061450
15829,Anamika Dixit,libnitailor@example.net,Guna,2026-02-06T01:12:28.061450
17636,Daniel Thakkar,vamakshi57@example.com,Patiala,2026-02-12T01:12:28.061450
17878,Siddharth Tara,graju@example.com,Tirunelveli,2026-02-08T01:12:28.061450
13418,Chanakya Palla,mayanarasimhan@example.net,Siwan,2026-02-05T01:12:28.061450
16830,Oeshi Nadig,chavvibalan@example.net,Nagpur,2026-02-12T01:12:28.061450
15910,Gabriel Tak,ramavaishnavi@example.net,North Dumdum,2026-02-09T01:12:28.061450
16557,Indali Kade,adyamitter@example.org,Davanagere,2026-02-05T01:12:28.061450
17824,Shivani Brahmbhatt,parikhbhavna@example.org,Ambala,2026-02-12T01:12:28.061450
14952,Netra Mohan,goak@example.org,Thiruvananthapuram,2026-02-13T01:12:28.061450
18246,Tejas Solanki,kashishacharya@example.com,Darbhanga,2026-02-05T01:12:28.061450
16226,Jagrati Date,banjeetgokhale@example.com,Narasaraopet,2026-02-11T01:12:28.061450
17642,Tarak Thakur,gourmanthan@example.net,Bhiwandi,2026-02-09T01:12:28.061450
13321,Qasim Varma,sarthak71@example.org,Dibrugarh,2026-02-13T01:12:28.061997
14662,Zehaan Divan,bimalabanerjee@example.net,Tinsukia,2026-02-05T01:12:28.061997
18151,Akshay Kuruvilla,lavanyachar@example.org,Rampur,2026-02-05T01:12:28.061997
13992,Aahana Sha,chowdhuryansh@example.net,Cuttack,2026-02-11T01:12:28.061997
17065,Tanay Rana,bediadvay@example.net,Bettiah,2026-02-10T01:12:28.061997
14523,Raksha Bir,chawlaharrison@example.net,Kumbakonam,2026-02-08T01:12:28.061997
14212,Patrick Ghose,trivenikhatri@example.com,Warangal,2026-02-10T01:12:28.061997
12775,Daksha Iyer,surwatika@example.com,Mumbai,2026-02-05T01:12:28.061997
12920,Gaurang Dara,pallabarkha@example.org,Kirari Suleman Nagar,2026-02-07T01:12:28.061997
17871,Vinaya Handa,dayita20@example.com,Patna,2026-02-09T01:12:28.061997
12906,Janya Dass,kalasoni@example.com,Avadi,2026-02-10T01:12:28.061997
13187,Ubika Chopra,purialka@example.net,Narasaraopet,2026-02-13T01:12:28.061997
14373,Ekbal Guha,anusha20@example.org,Danapur,2026-02-10T01:12:28.061997
12532,Amrita Goda,fmani@example.com,Haldia,2026-02-06T01:12:28.061997
16796,Nikita Bhat,karanhayer@example.net,Ahmednagar,2026-02-06T01:12:28.061997
15867,Chaman Sundaram,osahota@example.org,Ambattur,2026-02-04T01:12:28.061997
14818,Shivansh Maharaj,lopa94@example.net,Varanasi,2026-02-06T01:12:28.061997
17676,Mitali Deep,ganeshazad@example.net,Phusro,2026-02-05T01:12:28.061997
17046,Udant Nagi,chaman83@example.net,Nagaon,2026-02-10T01:12:28.061997
17180,Tripti Merchant,chamanmammen@example.org,Agartala,2026-02-04T01:12:28.061997
18188,Vanya Sur,inair@example.org,Panchkula,2026-02-09T01:12:28.061997
17691,Tanmayi Tiwari,yatan17@example.com,Bareilly,2026-02-09T01:12:28.061997
15028,Lila Ramachandran,cdhingra@example.com,Khandwa,2026-02-04T01:12:28.061997
14963,Darsh Khosla,wramanathan@example.net,Bathinda,2026-02-13T01:12:28.061997
13856,Ekalinga Narula,nrajan@example.net,Shimoga,2026-02-12T01:12:28.061997
14657,Balvan Shukla,yachana46@example.com,Gulbarga,2026-02-12T01:12:28.061997
13136,Yochana Dugar,unnati80@example.com,Amritsar,2026-02-04T01:12:28.061997
12526,Ekani Vig,anika45@example.net,Guna,2026-02-05T01:12:28.061997
15416,Gautami Yadav,jyoti81@example.org,Jorhat,2026-02-08T01:12:28.061997
13658,Kashvi Mahal,agoda@example.org,Pallavaram,2026-02-04T01:12:28.061997
13482,Chandran Mukhopadhyay,igera@example.com,Nangloi Jat,2026-02-06T01:12:28.061997
17464,Hemang Baria,upma29@example.org,Ozhukarai,2026-02-12T01:12:28.061997
18265,Tristan Ram,ekaja22@example.com,Chinsurah,2026-02-12T01:12:28.061997
13897,Avni Goel,osoman@example.com,Ambala,2026-02-11T01:12:28.061997
14150,Gunbir Muni,vedant67@example.net,Rewa,2026-02-11T01:12:28.061997
16765,Om Dada,comarwarjas@example.net,Rampur,2026-02-07T01:12:28.061997
14482,Eta Apte,devikapathak@example.org,Arrah,2026-02-06T01:12:28.061997
16180,Laksh Bhakta,jonathandada@example.com,Gaya,2026-02-04T01:12:28.061997
13593,Meera Mall,koshymadhavi@example.com,Kumbakonam,2026-02-08T01:12:28.061997
15820,Pranav Din,theodore77@example.net,Ozhukarai,2026-02-08T01:12:28.061997
16048,Warinder Saini,darafitan@example.net,Bhilwara,2026-02-08T01:12:28.061997
12784,Eta Dass,nyohannan@example.org,Tadepalligudem,2026-02-11T01:12:28.061997
12398,Reva Dar,libnidara@example.net,Chittoor,2026-02-10T01:12:28.061997
12449,Chasmum Bhatt,madhavinarayan@example.org,Madurai,2026-02-11T01:12:28.061997
16658,Charan Shah,sunderaarini@example.com,Hindupur,2026-02-07T01:12:28.061997
13355,Zehaan Narasimhan,falak46@example.com,Khammam,2026-02-05T01:12:28.061997
13590,Hemal Mital,handaqabil@example.com,Pondicherry,2026-02-11T01:12:28.061997
17946,Aarush Kalla,mitali77@example.org,Gaya,2026-02-13T01:12:28.061997
17881,Lavanya Bhandari,nakshsharma@example.org,Visakhapatnam,2026-02-05T01:12:28.061997
17820,Isha Chhabra,aptekamya@example.com,Tezpur,2026-02-11T01:12:28.061997
14946,Januja Sharma,rzachariah@example.org,Maheshtala,2026-02-04T01:12:28.061997
18142,Vedhika Parsa,singhkavya@example.net,Muzaffarnagar,2026-02-10T01:12:28.061997
14432,Odika Mittal,faqid58@example.net,Kanpur,2026-02-04T01:12:28.061997
13139,Ekta Rajagopal,butalanandini@example.com,Maheshtala,2026-02-12T01:12:28.061997
13777,Andrew Ramesh,nagyqadim@example.org,Gopalpur,2026-02-05T01:12:28.061997
16469,Zashil Sodhi,qloke@example.net,Bihar Sharif,2026-02-08T01:12:28.061997
18080,Yoshita Nadig,nkumer@example.org,Tinsukia,2026-02-06T01:12:28.061997
16240,Divya Parekh,yashodachanda@example.net,Rohtak,2026-02-12T01:12:28.061997
17376,Jyoti Sehgal,bathcharita@example.org,Siwan,2026-02-08T01:12:28.061997
17671,Pranit Sidhu,dayamai27@example.net,Sonipat,2026-02-13T01:12:28.061997
13117,Vihaan Luthra,yadavnachiket@example.net,Alwar,2026-02-07T01:12:28.061997
15807,Oviya Talwar,udarshdhaliwal@example.com,Raichur,2026-02-07T01:12:28.061997
16243,Yutika Dash,charitamangat@example.org,Srinagar,2026-02-09T01:12:28.061997
13160,Aayush Sood,owenmittal@example.org,Pondicherry,2026-02-12T01:12:28.061997
13095,Eshana Parmar,sanayachoudhury@example.net,Ambarnath,2026-02-05T01:12:28.061997
16085,Tripti Iyer,yaminivala@example.net,Chandigarh,2026-02-10T01:12:28.061997
17732,Chatresh Cheema,dominic58@example.com,Chandrapur,2026-02-10T01:12:28.061997
18161,Odika Mishra,esura@example.org,Warangal,2026-02-11T01:12:28.061997
16072,Pushti Bahl,bbora@example.org,Machilipatnam,2026-02-06T01:12:28.061997
13650,Osha Vyas,widisha47@example.com,Bhalswa Jahangir Pur,2026-02-10T01:12:28.061997
15537,Rudra Dube,berawilliam@example.net,Tiruppur,2026-02-11T01:12:28.061997
14179,Alexander Mandal,ladlimohanty@example.net,Indore,2026-02-10T01:12:28.061997
15367,Udant Vaidya,bray@example.net,Bongaigaon,2026-02-11T01:12:28.061997
14632,Onveer Batta,rattahenry@example.com,Buxar,2026-02-11T01:12:28.061997
15105,Falan Jaggi,grovergirindra@example.com,Phagwara,2026-02-07T01:12:28.061997
14820,Tamanna Thakkar,onveernarula@example.org,Deoghar,2026-02-05T01:12:28.061997
17616,Neha Saran,victor29@example.net,Bhusawal,2026-02-10T01:12:28.061997
13029,Gautami Kapur,tara94@example.org,Nanded,2026-02-08T01:12:28.061997
16545,Kashvi More,borraudarsh@example.net,Belgaum,2026-02-13T01:12:28.061997
14642,Chavvi Khosla,bsom@example.com,Ambattur,2026-02-13T01:12:28.061997
15502,Michael Padmanabhan,amrutamenon@example.com,Bulandshahr,2026-02-09T01:12:28.061997
16730,Aarna Mander,xkari@example.com,Nagaon,2026-02-10T01:12:28.061997
16409,Aradhana Deshpande,ekantikabatta@example.com,Karawal Nagar,2026-02-12T01:12:28.061997
16624,Odika Sandhu,umangravel@example.org,Jabalpur,2026-02-05T01:12:28.061997
17491,Wakeeta Bali,omyahari@example.org,Korba,2026-02-09T01:12:28.061997
13784,Imaran Sahota,naiduamruta@example.net,Pudukkottai,2026-02-11T01:12:28.061997
17360,Ridhi Dugar,haritabarad@example.com,Danapur,2026-02-13T01:12:28.061997
13972,Ojasvi Palla,yadavi93@example.org,Bettiah,2026-02-04T01:12:28.061997
18129,Ikshita Nagarajan,yashasvinayar@example.net,Bangalore,2026-02-08T01:12:28.061997
14379,Warda Mukherjee,sbehl@example.net,Hyderabad,2026-02-07T01:12:28.061997
12962,Hitesh Baral,omahajan@example.net,Sikar,2026-02-04T01:12:28.061997
17418,Ubika Palla,anamika14@example.com,Guna,2026-02-10T01:12:28.061997
13740,Harita Chanda,turviboase@example.com,Jamalpur,2026-02-06T01:12:28.061997
13372,Hemang Dua,sinhaforum@example.org,Khandwa,2026-02-10T01:12:28.061997
14555,Watika Krishna,uparmer@example.org,Guntakal,2026-02-05T01:12:28.061997
15945,Omisha Comar,prisha41@example.com,Proddatur,2026-02-04T01:12:28.061997
16318,Anika Sachdev,riya59@example.net,Dhanbad,2026-02-05T01:12:28.061997
16510,Om Rana,usaran@example.com,Gandhidham,2026-02-11T01:12:28.061997
14947,Ikbal Bhandari,hgrewal@example.org,Raurkela Industrial Township,2026-02-06T01:12:28.061997
15067,Dev Kumar,pray@example.net,Ranchi,2026-02-10T01:12:28.061997
15148,Arjun Sharaf,ikbalnatt@example.net,Raipur,2026-02-05T01:12:28.061997
16125,Amrita Kale,jgokhale@example.com,Indore,2026-02-09T01:12:28.061997
16594,Nihal Palla,geetikamalhotra@example.org,Vijayawada,2026-02-13T01:12:28.061997
15998,Meghana Lalla,fdhingra@example.net,Dehradun,2026-02-11T01:12:28.061997
15103,Akshay Munshi,gulatijalsa@example.com,Hosur,2026-02-09T01:12:28.061997
15100,Tanish Mander,ssagar@example.net,Ratlam,2026-02-08T01:12:28.061997
16353,Advay Chada,pranitpai@example.net,Suryapet,2026-02-08T01:12:28.061997
15854,Mekhala Dayal,rchaudhari@example.net,Gulbarga,2026-02-11T01:12:28.061997
13831,Arin Issac,yuvraj90@example.org,Bharatpur,2026-02-06T01:12:28.061997
15355,Yatan Agate,arya20@example.org,Guntur,2026-02-08T01:12:28.061997
