product_id,description,base_price,category,supplier_id
22614,PACK OF 12 SPACEBOY TISSUES,0.29,Home & Garden,SUP_416
20755,BLUE PAISLEY POCKET BOOK,0.85,Apparel,SUP_900
22411,JUMBO SHOPPER VINTAGE RED PAISLEY,1.95,Groceries,SUP_585
17084J,LOVE POTION MASALA INCENSE,0.21,Apparel,SUP_177
90157,RIVIERA NECKLACE,4.95,Toys,SUP_570
22386,JUMBO BAG PINK POLKADOT,1.95,Groceries,SUP_818
23251,VINTAGE RED ENAMEL TRIM MUG ,1.25,Apparel,SUP_724
22788,BROCANTE COAT RACK,8.5,Groceries,SUP_134
22137,BATHROOM SET LOVE HEART DESIGN,2.95,Groceries,SUP_653
22142,CHRISTMAS CRAFT WHITE FAIRY ,1.45,Electronics,SUP_154
90040C,MURANO STYLE GLASS BRACELET GOLD,3.5,Groceries,SUP_838
16162L,THE KING GIFT BAG,0.65,Groceries,SUP_386
22458,CAST IRON HOOK GARDEN FORK,2.55,Groceries,SUP_295
84509G,SET OF 4 FAIRY CAKE PLACEMATS ,3.75,Toys,SUP_935
35957,SMALLFOLKART BAUBLE CHRISTMAS DEC,0.42,Electronics,SUP_120
85040B,SET/4 BLUE FLOWER CANDLES IN BOWL,1.65,Apparel,SUP_726
23025,DRAWER KNOB VINTAGE GLASS BALL,2.08,Toys,SUP_131
21319,GLASS CHALICE GREEN  SMALL ,1.45,Groceries,SUP_506
20759,CHRYSANTHEMUM POCKET BOOK ,0.85,Logistics,SUP_331
21811,CHRISTMAS HANGING HEART WITH BELL,1.25,Logistics,SUP_881
35961,FOLKART ZINC HEART CHRISTMAS DEC,0.85,Toys,SUP_522
22274,FELTCRAFT DOLL EMILY,2.95,Logistics,SUP_449
81953B,ROUND BLUE CLOCK WITH SUCKER,0.19,Logistics,SUP_300
21846,PINK DIAMANTE PEN IN GIFT BOX,4.95,Apparel,SUP_660
22915,ASSORTED BOTTLE TOP  MAGNETS ,0.42,Logistics,SUP_907
23238,SET OF 4 KNICK KNACK TINS LONDON ,4.15,Groceries,SUP_660
20892,SET/3 TALL GLASS CANDLE HOLDER PINK,12.75,Home & Garden,SUP_729
21528,DAIRY MAID TRADITIONAL TEAPOT ,6.95,Home & Garden,SUP_600
23522,DOG AND BALL WALL ART,1.63,Apparel,SUP_724
90060D,FIRE POLISHED GLASS NECKL BRONZE,5.95,Electronics,SUP_533
90144,SILVER DROP EARRINGS WITH FLOWER,3.75,Toys,SUP_874
21808,"CHRISTMAS GARLAND STARS,TREES",3.75,Groceries,SUP_695
84859C,PINK DISCO HANDBAG,5.95,Apparel,SUP_844
18097C,WHITE TALL PORCELAIN T-LIGHT HOLDER,2.55,Electronics,SUP_851
22673,FRENCH GARDEN SIGN BLUE METAL,1.25,Groceries,SUP_845
22356,CHARLOTTE BAG PINK POLKADOT,0.85,Logistics,SUP_401
22119,PEACE WOODEN BLOCK LETTERS,6.95,Electronics,SUP_472
35964,FOLKART CLIP ON STARS,0.39,Logistics,SUP_255
90194,SILVER LARIAT BLACK STONE EARRINGS,4.25,Apparel,SUP_279
20618,QUEEN OF THE SKIES PASSPORT COVER ,2.1,Electronics,SUP_634
22860,EASTER TIN CHICKS PINK DAISY,1.65,Toys,SUP_948
23446,BLUE BUNNY EASTER EGG BASKET,1.65,Groceries,SUP_831
90123B,TURQUOISE HEART OF GLASS BRACELET,5.95,Home & Garden,SUP_677
17001,HEAVENS SCENT FRAGRANCE OILS ASSTD,0.29,Groceries,SUP_826
22698,PINK REGENCY TEACUP AND SAUCER,2.95,Apparel,SUP_683
22842,BISCUIT TIN VINTAGE RED,6.75,Groceries,SUP_736
21476,STEEL SWEETHEART ROUND TABLE CREAM,14.95,Apparel,SUP_770
21777,RECIPE BOX WITH METAL HEART,7.95,Electronics,SUP_881
21865,PINK UNION JACK  PASSPORT COVER ,2.1,Home & Garden,SUP_476
20848,ZINC HEART LATTICE CHARGER SMALL,2.95,Home & Garden,SUP_184
21742,LARGE ROUND WICKER PLATTER ,5.95,Home & Garden,SUP_623
84802A,WHITE ANEMONE ARTIFICIAL FLOWER,1.69,Toys,SUP_386
23460,SWEETHEART WALL TIDY ,9.95,Logistics,SUP_402
84773,RED ROSE AND LACE C/COVER,2.95,Groceries,SUP_339
22498,WOODEN REGATTA BUNTING,5.95,Apparel,SUP_890
17028J,INCENSE BAZAAR PEACH,0.42,Home & Garden,SUP_813
23310,BUBBLEGUM RING ASSORTED,0.42,Home & Garden,SUP_688
23034,DRAWER KNOB CERAMIC BLACK,1.45,Toys,SUP_547
84884A,ANT WHITE WIRE HEART SPIRAL,3.95,Apparel,SUP_813
22885,NUMBER TILE VINTAGE FONT 6 ,0.42,Electronics,SUP_611
22371,AIRLINE BAG VINTAGE TOKYO 78,4.25,Apparel,SUP_650
23426,METAL SIGN DROP YOUR PANTS,2.89,Toys,SUP_139
90168,2 DAISIES HAIR COMB,2.95,Toys,SUP_834
21027,NINJA RABBIT PINK,1.25,Electronics,SUP_313
21967,PACK OF 12 SKULL TISSUES,0.29,Electronics,SUP_932
22815,CARD PSYCHEDELIC APPLES,0.42,Groceries,SUP_320
17012F,ORIGAMI SANDLEWOOD INCENSE/CAND SET,2.55,Home & Garden,SUP_643
90162A,ANT SILVER TURQUOISE BOUDICCA RING,2.95,Toys,SUP_653
22338,STAR DECORATION PAINTED ZINC ,0.65,Apparel,SUP_604
22249,DECORATION WHITE CHICK MAGIC GARDEN,0.85,Home & Garden,SUP_394
90163A,PINK ROSEBUD & PEARL NECKLACE,7.5,Home & Garden,SUP_715
85146,JARDIN ETCHED GLASS SMALL BELL JAR,4.95,Toys,SUP_669
90059F,DIAMANTE HAIR GRIP PACK/2 LT ROSE,1.65,Groceries,SUP_406
90086,CRYSTAL FROG PHONE CHARM,0.85,Groceries,SUP_493
79071B,ENGLISH ROSE METAL WASTE BIN,2.95,Electronics,SUP_590
90011B,BLACK CRYSTAL DROP EARRINGS,2.95,Home & Garden,SUP_317
21110,LARGE CAKE TOWEL PINK SPOTS,6.75,Groceries,SUP_236
21912,VINTAGE SNAKES & LADDERS,3.75,Home & Garden,SUP_829
48185,DOORMAT FAIRY CAKE,7.95,Home & Garden,SUP_469
17012E,ORIGAMI OPIUM INCENSE/CANDLE SET ,2.55,Electronics,SUP_943
90014B,GOLD M PEARL  ORBIT NECKLACE,9.95,Home & Garden,SUP_622
85204,HANGING WOOD AND FELT FLOWER,0.42,Toys,SUP_343
71495A,CD WALL TIDY BLUE OFFICE,0.36,Home & Garden,SUP_356
21195,PINK  HONEYCOMB PAPER BALL ,2.1,Logistics,SUP_952
85132B,CHARLIE AND LOLA TABLE TINS,9.95,Groceries,SUP_265
22315,200 RED + WHITE BENDY STRAWS,1.25,Home & Garden,SUP_841
90214Z,"LETTER ""Z"" BLING KEY RING",0.29,Groceries,SUP_665
23150,IVORY SWEETHEART SOAP DISH,2.49,Toys,SUP_656
22493,PAINT YOUR OWN CANVAS SET,1.65,Home & Garden,SUP_650
21262,WHITE GOOSE FEATHER CHRISTMAS TREE ,2.95,Apparel,SUP_627
84804B,BLUE DELPHINIUM ARTIFICIAL FLOWER,2.95,Electronics,SUP_214
20935,ROUND CACTUS CANDLE,2.95,Electronics,SUP_371
90123A,PINK HEART OF GLASS BRACELET,5.95,Groceries,SUP_711
22130,PARTY CONE CHRISTMAS DECORATION ,0.85,Toys,SUP_761
84251G,"GREETING CARD, OVERCROWDED POOL.",0.19,Groceries,SUP_470
23515,EMBROIDERED RIBBON REEL DAISY ,2.08,Logistics,SUP_715
84562A,PINK/WHITE RIBBED MELAMINE JUG,7.95,Toys,SUP_382
22651,GENTLEMAN SHIRT REPAIR KIT ,0.85,Apparel,SUP_404
20617,FIRST CLASS PASSPORT COVER ,2.1,Toys,SUP_819
22635,CHILDS BREAKFAST SET DOLLY GIRL ,9.95,Logistics,SUP_618
23474,WOODLAND SMALL BLUE FELT HEART,0.83,Electronics,SUP_777
84879,ASSORTED COLOUR BIRD ORNAMENT,1.69,Apparel,SUP_584
17007B,S/3 POT POURI CUSHIONS BLUE COLOURS,2.1,Toys,SUP_745
84247K,"FOLK ART GREETING CARD,pack/12",2.95,Home & Garden,SUP_945
21000,ROSE DU SUD COSMETICS BAG,4.25,Electronics,SUP_288
23554,LANDMARK FRAME OXFORD STREET,10.95,Groceries,SUP_200
21650,ASSORTED TUTTI FRUTTI BRACELET,0.65,Home & Garden,SUP_607
90190A,SILVER/CRYSTAL DROP EARRINGS W LEAF,2.95,Logistics,SUP_577
22319,HAIRCLIPS FORTIES FABRIC ASSORTED,0.65,Groceries,SUP_304
84569B,PACK 3 FIRE ENGINE/CAR PATCHES,1.25,Toys,SUP_283
23549,WRAP BIRD GARDEN ,0.42,Electronics,SUP_274
21833,CAMOUFLAGE LED TORCH,1.69,Home & Garden,SUP_606
84847,FLORAL BATHROOM SET,3.75,Toys,SUP_159
90050,CRACKED GLAZE NECKLACE IVORY,6.95,Apparel,SUP_348
22807,SET OF 6 T-LIGHTS TOADSTOOLS,2.95,Toys,SUP_791
20765,CHRYSANTHEMUM SKETCHBOOK ,3.75,Apparel,SUP_933
85131B,BEADED CRYSTAL HEART GREEN ON STICK,1.25,Toys,SUP_973
90055,CRACKED GLAZE EARRINGS BROWN,2.55,Apparel,SUP_842
21277,FRENCH STYLE EMBOSSED HEART CABINET,21.95,Groceries,SUP_483
22112,CHOCOLATE HOT WATER BOTTLE,4.95,Toys,SUP_534
90200D,PINK SWEETHEART BRACELET,4.25,Apparel,SUP_816
21307,SET/4 BUTTERFLY MIRROR MAGNETS,2.1,Apparel,SUP_344
84993B,75 BLACK PETIT FOUR CASES,0.42,Toys,SUP_894
23302,KNEELING MAT HOUSEWORK  DESIGN,1.65,Home & Garden,SUP_375
37491D,PURPLE/BLUE CERAMIC CANDLE HOLDER,1.65,Electronics,SUP_557
20794,BLUE  TILE HOOK,2.55,Logistics,SUP_410
22956,36 FOIL HEART CAKE CASES,2.1,Apparel,SUP_778
23475,WOODLAND SMALL PINK FELT HEART,0.83,Groceries,SUP_696
22107,PIZZA PLATE IN BOX,3.75,Home & Garden,SUP_732
22944,CHRISTMAS METAL POSTCARD WITH BELLS,1.25,Electronics,SUP_567
16202A,PASTEL PINK PHOTO ALBUM ,0.5,Toys,SUP_197
21724,PANDA AND BUNNIES STICKER SHEET,0.85,Groceries,SUP_318
22584,PACK OF 6 PANNETONE GIFT BOXES,2.55,Electronics,SUP_392
23122,PARTY CHARMS 50 PIECES,0.83,Home & Garden,SUP_103
10135,COLOURING PENCILS BROWN TUBE,1.25,Apparel,SUP_159
90072,RUBY DROP CHANDELIER EARRINGS,3.75,Apparel,SUP_658
90067A,PINK VINTAGE VICTORIAN EARRINGS,2.95,Electronics,SUP_693
37500,TEA TIME TEAPOT IN GIFT BOX,9.95,Apparel,SUP_726
90175C,BLUE GLASS CHUNKY CHARM BRACELET,8.95,Toys,SUP_881
51020A,SUMMER FUN DESIGN SHOWER CAP,1.25,Groceries,SUP_909
21558,SKULL LUNCH BOX WITH CUTLERY ,2.55,Logistics,SUP_766
22329,ROUND CONTAINER SET OF 5 RETROSPOT,1.65,Electronics,SUP_766
79063C,"RETRO PILL BOX KEY CHAIN,THE KING",0.19,Toys,SUP_998
90130A,WHITE STONE/CRYSTAL EARRINGS,2.95,Logistics,SUP_295
72134,COLUMBIAN  CUBE CANDLE ,0.85,Groceries,SUP_117
23551,PACK OF 12 PAISLEY PARK TISSUES ,0.39,Home & Garden,SUP_883
23070,EDWARDIAN HEART PHOTO FRAME,4.15,Apparel,SUP_476
22106,MIRROR MOSAIC HURRICANE LAMP ,6.75,Groceries,SUP_755
84597C,RETRO PINK BALL ASHTRAY ,1.25,Electronics,SUP_821
90214L,"LETTER ""L"" BLING KEY RING",1.25,Home & Garden,SUP_724
23416,CHAMBRE HOOK,1.65,Home & Garden,SUP_693
23115,RED APPLES CHOPPING BOARD   ,4.95,Logistics,SUP_843
22105,MIRROR MOSAIC GOBLET CANDLE HOLDER,4.25,Toys,SUP_708
23027,DRAWER KNOB VINTAGE GLASS HEXAGON,2.08,Electronics,SUP_681
85104,SILVER GLASS T-LIGHT SET,2.95,Home & Garden,SUP_519
22571,ROCKING HORSE RED CHRISTMAS ,0.72,Logistics,SUP_587
77101A,UNION FLAG WINDSOCK,1.25,Home & Garden,SUP_649
21192,WHITE BELL HONEYCOMB PAPER ,1.65,Groceries,SUP_409
84596J,MIXED NUTS LIGHT GREEN BOWL,1.25,Apparel,SUP_426
15030,FAN BLACK FRAME ,0.29,Electronics,SUP_173
81952V,ROUND PURPLE CLOCK WITH SUCKER,0.19,Groceries,SUP_915
22746,POPPY'S PLAYHOUSE LIVINGROOM ,2.1,Toys,SUP_915
23528,SPACEBOY WALL ART,2.66,Apparel,SUP_605
22751,FELTCRAFT PRINCESS OLIVIA DOLL,3.75,Home & Garden,SUP_770
22907,PACK OF 20 NAPKINS PANTRY DESIGN,0.85,Electronics,SUP_783
84206A,3 BLACK CATS W HEARTS BLANK CARD,0.19,Groceries,SUP_856
79406,FROSTED WHITE BASE ,0.22,Apparel,SUP_634
23500,KEY RING BASEBALL BOOT ASSORTED ,1.04,Toys,SUP_188
21457,2 PICTURE BOOK EGGS EASTER DUCKS,1.25,Toys,SUP_867
21187,WHITE BELL HONEYCOMB PAPER GARLAND ,1.65,Home & Garden,SUP_609
82011C,BATHROOM SCALES FOOTPRINTS IN SAND,3.75,Electronics,SUP_370
47567B,TEA TIME KITCHEN APRON,5.95,Groceries,SUP_967
21360,JOY LARGE WOOD LETTERS,9.95,Logistics,SUP_653
84356,POMPOM CURTAIN,6.95,Apparel,SUP_663
20854,BLUE PATCH PURSE PINK HEART,1.65,Home & Garden,SUP_553
90125C,TURQUOISE BERTIE GLASS BEAD CHARM,0.85,Groceries,SUP_674
90123C,GREEN HEART OF GLASS BRACELET,5.95,Toys,SUP_866
84199,GLOW IN DARK DOLPHINS,0.21,Toys,SUP_626
23697,A PRETTY THANK YOU CARD,0.42,Toys,SUP_627
22572,ROCKING HORSE GREEN CHRISTMAS ,0.85,Electronics,SUP_968
79321,CHILLI LIGHTS,3.82,Electronics,SUP_549
90180B,PURPLE AMETHYST NECKLACE W TASSEL,9.95,Toys,SUP_486
23269,SET OF 2 CERAMIC CHRISTMAS TREES,1.45,Logistics,SUP_756
22865,HAND WARMER OWL DESIGN,1.85,Apparel,SUP_496
84795B,SUNSET CHECK HAMMOCK,7.95,Apparel,SUP_511
21917,SET 12 KIDS  WHITE CHALK STICKS,0.42,Groceries,SUP_535
82616B,FRAPPUCINO SCARF KNITTING KIT,2.95,Apparel,SUP_792
23188,VINTAGE  2 METER FOLDING RULER,1.65,Groceries,SUP_172
22845,VINTAGE CREAM CAT FOOD CONTAINER,6.35,Home & Garden,SUP_973
20986,BLUE CALCULATOR RULER,1.25,Groceries,SUP_218
22826,LOVE SEAT ANTIQUE WHITE METAL,175.0,Electronics,SUP_727
84789,ENCHANTED BIRD PLANT CAGE,3.75,Apparel,SUP_724
84744,S/6 SEW ON CROCHET FLOWERS,1.25,Apparel,SUP_735
16151A,FLOWERS HANDBAG blue and orange,1.25,Toys,SUP_257
84931A,PINK SCOTTIE DOG W FLOWER PATTERN,2.55,Groceries,SUP_568
84659A,WHITE TRAVEL ALARM CLOCK,2.55,Electronics,SUP_508
21750,LARGE SKULL WINDMILL,2.1,Toys,SUP_744
21442,GREEN BIRDHOUSE DECORATION,0.72,Toys,SUP_233
90201B,BLACK ENAMEL FLOWER RING,2.95,Toys,SUP_320
23132,SMALL IVORY HEART WALL ORGANISER,5.75,Electronics,SUP_765
84989A,75 GREEN FAIRY CAKE CASES,0.55,Groceries,SUP_320
85169C,EAU DE NIL LOVE BIRD CANDLE,1.25,Logistics,SUP_310
23221,REINDEER HEART DECORATION SILVER,0.83,Apparel,SUP_407
22780,LIGHT GARLAND BUTTERFILES PINK,3.37,Apparel,SUP_362
85227,SET OF 6 3D KIT CARDS FOR KIDS,0.85,Home & Garden,SUP_426
79067,CORONA MEXICAN TRAY,3.75,Groceries,SUP_982
37468,HARDMAN MUG 3 ASSORTED,0.39,Home & Garden,SUP_953
37446,MINI CAKE STAND WITH HANGING CAKES,1.45,Groceries,SUP_446
21984,PACK OF 12 PINK PAISLEY TISSUES ,0.29,Logistics,SUP_177
90204,PAIR OF ENAMEL BUTTERFLY HAIRCLIP,3.35,Toys,SUP_276
22951,60 CAKE CASES DOLLY GIRL DESIGN,0.55,Apparel,SUP_243
21581,SKULLS  DESIGN  COTTON TOTE BAG,2.25,Groceries,SUP_734
37489D,PINK/GREEN FLOWER DESIGN BIG MUG,1.95,Toys,SUP_986
21774,DECORATIVE CATS BATHROOM BOTTLE,1.25,Logistics,SUP_176
23234,BISCUIT TIN VINTAGE CHRISTMAS,2.89,Groceries,SUP_948
21888,BINGO SET,3.75,Toys,SUP_559
21361,LOVE LARGE WOOD LETTERS ,12.75,Home & Garden,SUP_336
21400,RED PUDDING SPOON,0.42,Electronics,SUP_840
22340,NOEL GARLAND PAINTED ZINC ,1.65,Toys,SUP_699
90166,PINK & WHITE ROSEBUD RING,4.25,Electronics,SUP_510
21918,SET 12 KIDS COLOUR  CHALK STICKS,0.42,Home & Garden,SUP_781
22995,TRAVEL CARD WALLET SUKI,0.36,Logistics,SUP_712
22567,20 DOLLY PEGS RETROSPOT,1.25,Electronics,SUP_341
21466,RED FLOWER CROCHET FOOD COVER,3.75,Electronics,SUP_769
22289,HANGING METAL CHICKEN DECORATION,1.25,Apparel,SUP_157
22224,WHITE LOVEBIRD LANTERN,2.95,Groceries,SUP_192
21982,PACK OF 12 SUKI TISSUES ,0.29,Apparel,SUP_288
18097A,PINK TALL PORCELAIN T-LIGHT HOLDER ,2.55,Electronics,SUP_634
23451,SQUARE MINI PORTRAIT FRAME,1.95,Electronics,SUP_883
35966,FOLKART CHRISTMAS TREE T-LIGHT HOLD,0.38,Toys,SUP_344
90163B,WHITE ROSEBUD & PEARL NECKLACE,7.5,Apparel,SUP_160
85099F,JUMBO BAG STRAWBERRY,1.95,Groceries,SUP_959
23181,BULL DOG BOTTLE TOP WALL CLOCK,8.25,Home & Garden,SUP_291
22771,CLEAR DRAWER KNOB ACRYLIC EDWARDIAN,1.25,Home & Garden,SUP_471
20901,VINTAGE KEEPSAKE BOX PINK FLOWER,6.35,Home & Garden,SUP_183
23289,DOLLY GIRL CHILDRENS BOWL,1.25,Groceries,SUP_965
22897,OVEN MITT APPLES DESIGN,1.45,Toys,SUP_497
21872,GLAMOROUS  MUG,1.25,Apparel,SUP_392
23574,PACKING CHARGE,7.5,Logistics,SUP_889
22632,HAND WARMER RED POLKA DOT,1.85,Logistics,SUP_495
84313B,BLUE TV TRAY TABLE ,4.25,Apparel,SUP_861
22524,CHILDRENS GARDEN GLOVES BLUE,1.25,Electronics,SUP_430
84849B,FAIRY SOAP SOAP HOLDER,1.69,Toys,SUP_757
21279,VINTAGE KITCHEN PRINT FRUITS,2.55,Electronics,SUP_109
90124A,PINK MURANO TWIST NECKLACE,9.95,Electronics,SUP_353
16043,POP ART PUSH DOWN RUBBER ,0.12,Groceries,SUP_436
84929,ASSTD FRUIT+FLOWERS FRIDGE MAGNETS,0.55,Home & Garden,SUP_733
22640,SET OF 4 NAPKIN CHARMS 3 KEYS ,2.55,Apparel,SUP_623
16161M,WRAP  PINK FLOCK,0.42,Apparel,SUP_192
79030D,"TUMBLER, BAROQUE",1.65,Apparel,SUP_182
90165B,WHITE ROSEBUD  PEARL EARRINGS,2.55,Electronics,SUP_920
22917,HERB MARKER ROSEMARY,0.65,Groceries,SUP_508
23079,TOADSTOOL BEDSIDE LIGHT ,8.95,Toys,SUP_845
23046,PAPER LANTERN 9 POINT DELUXE STAR,6.65,Toys,SUP_702
22284,HEN HOUSE DECORATION,1.65,Logistics,SUP_757
22754,SMALL RED BABUSHKA NOTEBOOK ,0.85,Toys,SUP_398
85039A,SET/4 RED MINI ROSE CANDLE IN BOWL,1.65,Apparel,SUP_663
44092C,PURPLE/COPPER HANGING LAMPSHADE,0.85,Electronics,SUP_295
21111,"SWISS ROLL TOWEL, CHOCOLATE  SPOTS",2.95,Electronics,SUP_720
22835,HOT WATER BOTTLE I AM SO POORLY,4.65,Toys,SUP_580
22564,ALPHABET STENCIL CRAFT,1.25,Groceries,SUP_700
35598D,PINK/WHITE CHRISTMAS TREE 60CM,0.65,Logistics,SUP_183
21500,PINK POLKADOT WRAP ,0.42,Apparel,SUP_641
16216,LETTER SHAPE PENCIL SHARPENER,0.16,Logistics,SUP_297
84510E,SET OF 4 GREEN CAROUSEL COASTERS,1.25,Apparel,SUP_606
90155,RESIN NECKLACE W PASTEL BEADS,7.5,Home & Garden,SUP_858
22813,PACK 3 BOXES BIRD PANNETONE ,1.95,Logistics,SUP_408
22875,NUMBER TILE COTTAGE GARDEN 7,1.95,Apparel,SUP_831
21461,BLUE EASTER EGG HUNT START POST,1.95,Electronics,SUP_380
21344,MOROCCAN BEATEN METAL DISH,9.95,Electronics,SUP_364
20902,VINTAGE KEEPSAKE BOX PARIS DAYS,6.35,Apparel,SUP_801
90186B,CRYSTAL HOOP EARRING FLORAL LEAF,2.95,Apparel,SUP_428
20856,DENIM PATCH PURSE PINK BUTTERFLY,1.65,Home & Garden,SUP_503
47471,RAINBOW PEGS PHOTO CLIP STRING,0.65,Logistics,SUP_184
46776F,WOVEN ROSE GARDEN CUSHION COVER ,4.95,Apparel,SUP_383
22819,"BIRTHDAY CARD, RETRO SPOT",0.42,Groceries,SUP_854
23423,PANTRY 3 HOOK ROLLING PIN HANGER,3.75,Toys,SUP_362
22620,4 TRADITIONAL SPINNING TOPS,1.25,Toys,SUP_880
21922,UNION STRIPE WITH FRINGE  HAMMOCK,7.95,Electronics,SUP_951
22784,LANTERN CREAM GAZEBO ,4.95,Groceries,SUP_345
21708,FOLDING UMBRELLA CREAM POLKADOT,4.95,Logistics,SUP_998
35933,PINK STOCKING CHRISTMAS DECORATION,0.38,Logistics,SUP_127
21890,S/6 WOODEN SKITTLES IN COTTON BAG,2.95,Toys,SUP_474
23421,PANTRY HOOK SPATULA,2.08,Apparel,SUP_455
22385,JUMBO BAG SPACEBOY DESIGN,1.95,Electronics,SUP_489
23516,EMBROIDERED RIBBON REEL SOPHIE  ,3.75,Logistics,SUP_295
84821,DANISH ROSE DELUXE COASTER,0.85,Electronics,SUP_553
84629,WHITE 3 FRAME BIRDS AND TREE ,21.95,Apparel,SUP_157
90177E,DROP DIAMANTE EARRINGS GREEN,2.95,Apparel,SUP_772
21533,RETROSPOT LARGE MILK JUG,4.95,Electronics,SUP_126
22353,LUNCH BOX WITH CUTLERY FAIRY CAKES ,2.55,Groceries,SUP_153
22276,WASH BAG VINTAGE ROSE PAISLEY,2.55,Logistics,SUP_776
21158,MOODY GIRL DOOR HANGER ,1.45,Groceries,SUP_809
22219,LOVEBIRD HANGING DECORATION WHITE ,0.85,Toys,SUP_487
22874,NUMBER TILE COTTAGE GARDEN 6,1.95,Apparel,SUP_268
23359,SET OF 12 T-LIGHTS VINTAGE DOILEY,1.95,Groceries,SUP_355
CRUK,CRUK Commission,1.6,Electronics,SUP_937
17164B,ASS COL SMALL SAND GECKO P'WEIGHT,0.42,Groceries,SUP_382
84531A,PINK KNITTED EGG COSY,1.95,Logistics,SUP_444
37491B,BLUE/YELLOW CERAMIC CANDLE HOLDER,1.65,Groceries,SUP_580
21828,EIGHT PIECE SNAKE  SET,1.25,Toys,SUP_208
90199A,5 STRAND GLASS NECKLACE BLACK,6.35,Apparel,SUP_726
22696,WICKER WREATH LARGE,1.95,Logistics,SUP_607
23045,PAPER LANTERN 5 POINT STAR MOON 30,4.15,Electronics,SUP_484
21902,"KEY FOB , FRONT  DOOR ",0.65,Groceries,SUP_197
22930,BAKING MOULD HEART MILK CHOCOLATE,2.55,Home & Garden,SUP_876
23048,SET OF 10 LANTERNS FAIRY LIGHT STAR,4.15,Electronics,SUP_897
84804A,CREAM DELPHINIUM ARTIFICIAL FLOWER,2.95,Electronics,SUP_275
22729,ALARM CLOCK BAKELIKE ORANGE,3.75,Apparel,SUP_753
22950,36 DOILIES VINTAGE CHRISTMAS,1.45,Groceries,SUP_542
23314,VINTAGE CHRISTMAS TABLECLOTH,12.5,Toys,SUP_795
85180A,RED HEARTS LIGHT CHAIN ,1.25,Logistics,SUP_593
90074,BLACK DIAMOND CLUSTER NECKLACE,8.95,Home & Garden,SUP_454
23583,LUNCH BAG PAISLEY PARK  ,1.65,Home & Garden,SUP_745
22167, OVAL WALL MIRROR DIAMANTE ,9.95,Apparel,SUP_164
21669,BLUE STRIPE CERAMIC DRAWER KNOB,1.25,Home & Garden,SUP_254
22755,SMALL PURPLE BABUSHKA NOTEBOOK ,0.85,Home & Garden,SUP_340
22794,SWEETHEART WIRE MAGAZINE RACK,7.95,Toys,SUP_185
85203,HANGING WOOD AND FELT BUTTERFLY ,0.42,Logistics,SUP_928
23293,SET OF 12 FAIRY CAKE BAKING CASES,0.72,Toys,SUP_156
79191D,RETRO PLASTIC DAISY TRAY,0.85,Toys,SUP_756
21411,GINGHAM HEART  DOORSTOP RED,4.25,Home & Garden,SUP_451
85049G,CHOCOLATE BOX RIBBONS ,1.25,Toys,SUP_286
22877,NUMBER TILE COTTAGE GARDEN 9,1.95,Home & Garden,SUP_174
84032B,CHARLIE + LOLA RED HOT WATER BOTTLE,2.95,Groceries,SUP_383
90177D,DROP DIAMANTE EARRINGS PURPLE,2.95,Toys,SUP_951
22707,WRAP MONSTER FUN ,0.42,Home & Garden,SUP_480
22516,CHILDS GARDEN RAKE BLUE,2.1,Groceries,SUP_622
90181A,AMBER GLASS/SHELL/PEARL NECKLACE,8.95,Home & Garden,SUP_155
22029,SPACEBOY BIRTHDAY CARD,0.42,Logistics,SUP_995
21725,SWEETIES  STICKERS,0.85,Electronics,SUP_748
23081,GREEN METAL BOX ARMY SUPPLIES,8.25,Logistics,SUP_572
22447,PIN CUSHION BABUSHKA BLUE,3.35,Groceries,SUP_714
22625,RED KITCHEN SCALES,8.5,Apparel,SUP_485
22862,LOVE HEART NAPKIN BOX ,4.25,Groceries,SUP_220
90057,DIAMANTE RING ASSORTED IN BOX.,1.25,Toys,SUP_672
23303,SET 4 PICNIC CUTLERY FONDANT,1.95,Apparel,SUP_465
85063,CREAM SWEETHEART MAGAZINE RACK,14.95,Logistics,SUP_807
22275,WEEKEND BAG VINTAGE ROSE PAISLEY,7.65,Electronics,SUP_850
22736,RIBBON REEL MAKING SNOWMEN ,1.65,Electronics,SUP_737
84592,CROCHET ROSE PURSE WITH SUEDE BACK,2.95,Toys,SUP_636
84206C,CHAMPAGNE TRAY BLANK CARD,0.19,Toys,SUP_630
85185B,PINK HORSE SOCK PUPPET,2.95,Groceries,SUP_908
22453,MEASURING TAPE BABUSHKA BLUE,2.95,Electronics,SUP_969
22509,SEWING BOX RETROSPOT DESIGN ,16.95,Toys,SUP_846
84924A,WAKE UP COCKEREL CALENDAR SIGN ,3.75,Apparel,SUP_931
21034,REX CASH+CARRY JUMBO SHOPPER,0.95,Apparel,SUP_168
20957,PORCELAIN HANGING BELL SMALL,1.45,Groceries,SUP_168
22926,IVORY GIANT GARDEN THERMOMETER,5.95,Logistics,SUP_776
22457,NATURAL SLATE HEART CHALKBOARD ,2.95,Home & Garden,SUP_970
22083,PAPER CHAIN KIT RETROSPOT,2.95,Groceries,SUP_596
23318,BOX OF 6 MINI VINTAGE CRACKERS,2.49,Electronics,SUP_934
21430,SET/3 RED GINGHAM ROSE STORAGE BOX,3.75,Toys,SUP_485
21544,SKULLS  WATER TRANSFER TATTOOS ,0.85,Apparel,SUP_400
90214R,"LETTER ""R"" BLING KEY RING",1.25,Groceries,SUP_328
23422,PANTRY HOOK BALLOON WHISK ,2.08,Electronics,SUP_501
84510A,SET OF 4 ENGLISH ROSE COASTERS,1.25,Toys,SUP_483
21100,CHARLIE AND LOLA CHARLOTTE BAG,1.65,Home & Garden,SUP_398
85045,GREEN CHRISTMAS TREE STRING 20LIGHT,4.95,Home & Garden,SUP_760
21730,GLASS STAR FROSTED T-LIGHT HOLDER,4.25,Apparel,SUP_373
22706,WRAP COWBOYS  ,0.42,Groceries,SUP_256
72803A,ROSE SCENT CANDLE JEWELLED DRAWER,4.25,Apparel,SUP_382
21743,STAR PORTABLE TABLE LIGHT ,2.95,Logistics,SUP_654
35265,COLOURFUL FLOWER FRUIT BOWL,6.95,Home & Garden,SUP_417
90200A,PURPLE SWEETHEART BRACELET,4.25,Toys,SUP_831
20866,BLUE ROSE FABRIC MIRROR,1.25,Toys,SUP_560
21690,SILVER  CANDLEPOT JARDIN ,3.75,Groceries,SUP_813
21820,GLITTER HEART GARLAND WITH BELLS ,3.75,Home & Garden,SUP_357
90138,WHITE/PINK MINI CRYSTALS NECKLACE,4.95,Apparel,SUP_946
20661,BLUE POLKADOT PURSE ,2.95,Toys,SUP_185
22381,TOY TIDY PINK POLKADOT,1.85,Groceries,SUP_311
22700,BLACK AND WHITE DOG BOWL,2.95,Logistics,SUP_135
90030B,RED KUKUI COCONUT SEED NECKLACE,5.95,Toys,SUP_387
22774,RED DRAWER KNOB ACRYLIC EDWARDIAN,1.25,Groceries,SUP_525
23292,SPACE BOY CHILDRENS CUP,1.25,Logistics,SUP_479
23486,ANTIQUE HEART SHELF UNIT,16.65,Groceries,SUP_551
15058A,BLUE POLKADOT GARDEN PARASOL,7.95,Toys,SUP_174
23201,JUMBO BAG ALPHABET,2.08,Electronics,SUP_553
20731,POSY CANDY BAG,1.25,Electronics,SUP_418
84748,FOLK FELT HANGING MULTICOL GARLAND,3.75,Home & Garden,SUP_887
22341,LOVE GARLAND PAINTED ZINC ,1.65,Electronics,SUP_245
20768,GREEN FERN JOURNAL ,2.55,Groceries,SUP_901
20964,POLYESTER FILLER PAD 60x40cm,2.55,Apparel,SUP_639
23499,SET 12 VINTAGE DOILY CHALK ,0.42,Logistics,SUP_753
84905,PINK BUTTERFLY CUSHION COVER ,4.95,Home & Garden,SUP_514
90214D,"LETTER ""D"" BLING KEY RING",1.25,Toys,SUP_401
85130C,BEADED CRYSTAL HEART BLUE  LARGE,1.65,Home & Garden,SUP_875
20982,12 PENCILS TALL TUBE SKULLS,0.85,Electronics,SUP_556
37342,POLKADOT COFFEE CUP & SAUCER PINK,0.85,Logistics,SUP_696
20700,GREEN CAT FLORAL CUSHION COVER ,3.75,Groceries,SUP_885
35924,HANGING FAIRY CAKE DECORATION,2.1,Groceries,SUP_149
22832,BROCANTE SHELF WITH HOOKS,10.75,Toys,SUP_385
21464,DISCO BALL ROTATOR BATTERY OPERATED,4.25,Home & Garden,SUP_350
21931,JUMBO STORAGE BAG SUKI,1.95,Electronics,SUP_260
85230F,JASMINE VOTIVE CANDLE,0.29,Groceries,SUP_926
47013C,WINE BOTTLE DRESSING DARK BLUE,0.29,Toys,SUP_516
22366,DOORMAT AIRMAIL ,6.75,Apparel,SUP_328
21426,WOODLAND STORAGE BOX SMALL,2.1,Electronics,SUP_685
23579,SNACK TRAY I LOVE LONDON,1.95,Logistics,SUP_378
84881,BLUE WIRE SPIRAL CANDLE HOLDER,6.35,Home & Garden,SUP_903
84946,ANTIQUE SILVER TEA GLASS ETCHED,1.25,Toys,SUP_746
23369,SET 36 COLOUR PENCILS LOVE LONDON,1.25,Toys,SUP_256
21756,BATH BUILDING BLOCK WORD,5.95,Home & Garden,SUP_353
22637,PIGGY BANK RETROSPOT ,2.55,Logistics,SUP_767
21935,SUKI  SHOULDER BAG,1.65,Logistics,SUP_674
22072,RED RETROSPOT TEA CUP AND SAUCER ,3.75,Toys,SUP_937
22905,CALENDAR IN SEASON DESIGN,2.95,Electronics,SUP_314
21715,GIRLS VINTAGE TIN SEASIDE BUCKET,2.55,Electronics,SUP_916
20767,BLUE PAISLEY JOURNAL ,2.55,Electronics,SUP_798
22099,CARAVAN SQUARE TISSUE BOX,1.25,Home & Garden,SUP_358
44235,ASS COL CIRCLE MOBILE ,0.42,Apparel,SUP_117
16236,KITTY PENCIL ERASERS,0.21,Electronics,SUP_409
90214G,"LETTER ""G"" BLING KEY RING",1.25,Logistics,SUP_887
90036D,"FLOWER GLASS GARLAND NECKL.36""BLACK",7.95,Electronics,SUP_862
84877D,BLUE ROUND COMPACT MIRROR,3.75,Logistics,SUP_839
22852,DOG BOWL VINTAGE CREAM,4.25,Toys,SUP_573
21413,PERIWINKLE T-LIGHT HOLDER,1.25,Toys,SUP_345
85177,BASKET OF FLOWERS SEWING KIT,0.85,Electronics,SUP_214
21112,"SWISS ROLL TOWEL, PINK  SPOTS",2.95,Electronics,SUP_401
22595,CHRISTMAS GINGHAM HEART,0.85,Groceries,SUP_417
23328,SET 6 SCHOOL MILK BOTTLES IN CRATE,3.75,Electronics,SUP_830
90210C,RED   ACRYLIC FACETED BANGLE,1.25,Groceries,SUP_912
21087,SET/6 POSIES PAPER CUPS,0.65,Apparel,SUP_528
21385,IVORY HANGING DECORATION  HEART,0.85,Logistics,SUP_130
23509,MINI PLAYING CARDS FUN FAIR ,0.42,Home & Garden,SUP_363
22320,BIRDS MOBILE VINTAGE DESIGN,5.95,Electronics,SUP_203
16169N,WRAP BLUE RUSSIAN FOLKART,0.42,Home & Garden,SUP_438
20835,FRENCH LATTICE CUSHION COVER ,0.83,Groceries,SUP_633
84917,WHITE HAND TOWEL WITH BUTTERFLY,1.25,Apparel,SUP_244
84378,SET OF 3 HEART COOKIE CUTTERS,1.25,Toys,SUP_965
22233,JIGSAW RABBIT AND BIRDHOUSE,1.65,Home & Garden,SUP_345
84600,NEW BAROQUE JEWELLERY BOX ,7.95,Logistics,SUP_866
21441,BLUE BIRDHOUSE DECORATION,0.85,Toys,SUP_892
22730,ALARM CLOCK BAKELIKE IVORY,3.75,Toys,SUP_131
62074B,ELEPHANT CLIP W SUCTION CUP,0.42,Logistics,SUP_223
23005,TRAVEL CARD WALLET I LOVE LONDON,0.42,Logistics,SUP_962
20977,36 PENCILS TUBE WOODLAND,1.25,Groceries,SUP_285
90032,IVORY SHELL HEART NECKLACE,6.25,Toys,SUP_114
21672,WHITE SPOT RED CERAMIC DRAWER KNOB,1.25,Electronics,SUP_387
23351,ROLL WRAP 50'S CHRISTMAS,1.25,Home & Garden,SUP_389
20830,SILVER PHOTO FRAME,2.1,Logistics,SUP_477
22139,RETROSPOT TEA SET CERAMIC 11 PC ,4.25,Groceries,SUP_468
85017B,ENVELOPE 50 BLOSSOM IMAGES,0.85,Electronics,SUP_511
21445,12 PINK ROSE PEG PLACE SETTINGS,1.25,Electronics,SUP_755
22152,PLACE SETTING WHITE STAR,0.42,Electronics,SUP_963
23483,HANGING  BUTTERFLY T-LIGHT HOLDER,1.25,Home & Garden,SUP_713
22920,HERB MARKER BASIL,0.65,Toys,SUP_683
90185C,BLACK DIAMANTE EXPANDABLE RING,4.25,Toys,SUP_168
47504H,ENGLISH ROSE SPIRIT LEVEL ,1.95,Home & Garden,SUP_916
22489,PACK OF 12 TRADITIONAL CRAYONS,0.42,Logistics,SUP_168
21331,MOROCCAN BEATEN METAL DISH LARGE,12.75,Apparel,SUP_650
47518F,ICON PLACEMAT POP ART ELVIS,0.42,Apparel,SUP_105
21249,WOODLAND  HEIGHT CHART STICKERS ,2.95,Logistics,SUP_708
90018C,SILVER BLACK ORBIT DROP EARRINGS,4.25,Home & Garden,SUP_857
21365,MIRRORED WALL ART STARS,2.95,Groceries,SUP_771
22645,CERAMIC HEART FAIRY CAKE MONEY BANK,1.45,Logistics,SUP_176
22030,SWALLOWS GREETING CARD,0.42,Electronics,SUP_297
21892,TRADITIONAL WOODEN CATCH CUP GAME ,1.25,Apparel,SUP_819
21914,BLUE HARMONICA IN BOX ,1.25,Electronics,SUP_750
47574B,ENGLISH ROSE SCENTED HANGING HEART,4.25,Home & Garden,SUP_667
20663,QUEEN OF THE SKIES HOLIDAY PURSE ,2.95,Toys,SUP_655
84663A,GRASS HOPPER WOODEN WALL CLOCK ,5.95,Logistics,SUP_517
21268,VINTAGE BLUE TINSEL REEL,0.42,Home & Garden,SUP_314
47341B,BLUE TABLE RUN FLOWER,1.25,Toys,SUP_465
22245,"HOOK, 1 HANGER ,MAGIC GARDEN",0.85,Logistics,SUP_811
22681,FRENCH BLUE METAL DOOR SIGN 6,1.25,Groceries,SUP_711
21651,HANGING GLASS ETCHED TEALIGHT,1.65,Logistics,SUP_359
22477,WATERING CAN GARDEN MARKER,1.25,Toys,SUP_108
22538,MINI JIGSAW GO TO THE FAIR,0.42,Toys,SUP_610
23489,"GARLAND, VINTAGE BELLS",2.89,Groceries,SUP_554
10124A,SPOTS ON RED BOOKCOVER TAPE,0.42,Apparel,SUP_393
71270,PHOTO CLIP LINE,1.25,Logistics,SUP_801
35400,WOODEN BOX ADVENT CALENDAR ,8.95,Electronics,SUP_264
35610C,WHITE CHRISTMAS FLOCK DROPLET ,1.25,Toys,SUP_748
15060B,FAIRY CAKE DESIGN UMBRELLA,3.75,Electronics,SUP_368
22969,HOMEMADE JAM SCENTED CANDLES,1.45,Logistics,SUP_867
22261,FELT EGG COSY WHITE RABBIT ,0.85,Home & Garden,SUP_322
22150,3 STRIPEY MICE FELTCRAFT,1.95,Groceries,SUP_562
84576,BLUE CAT BISCUIT BARREL PINK HEART,1.95,Apparel,SUP_285
90209A,PURPLE ENAMEL+GLASS HAIR COMB,2.1,Groceries,SUP_897
22360,GLASS JAR ENGLISH CONFECTIONERY,2.95,Apparel,SUP_332
22618,COOKING SET RETROSPOT,9.95,Toys,SUP_354
90013C,GREEN VINTAGE EARRINGS ,3.75,Groceries,SUP_921
17109D,FLOWER FAIRY INCENSE BOUQUET,1.69,Logistics,SUP_401
21580,RABBIT  DESIGN  COTTON TOTE BAG,2.25,Groceries,SUP_654
90214H,"LETTER ""H"" BLING KEY RING",1.25,Electronics,SUP_741
22335,HEART DECORATION PAINTED ZINC ,0.65,Toys,SUP_192
84347,ROTATING SILVER ANGELS T-LIGHT HLDR,2.55,Electronics,SUP_733
84915,HAND TOWEL PINK FLOWER AND DAISY,5.95,Electronics,SUP_929
21242,RED RETROSPOT PLATE ,1.69,Logistics,SUP_837
22599,CHRISTMAS MUSICAL ZINC STAR,0.85,Electronics,SUP_883
21741,COSY SLIPPER SHOES LARGE GREEN,2.95,Toys,SUP_898
23298,SPOTTY BUNTING,4.95,Home & Garden,SUP_286
84029E,RED WOOLLY HOTTIE WHITE HEART.,3.39,Apparel,SUP_861
22534,MAGIC DRAWING SLATE SPACEBOY ,0.42,Home & Garden,SUP_134
21726,MULTI HEARTS  STICKERS,0.85,Groceries,SUP_433
23505,PLAYING CARDS I LOVE LONDON ,1.25,Logistics,SUP_657
20751,FUNKY WASHING UP GLOVES ASSORTED,2.1,Groceries,SUP_230
23080,RED METAL BOX TOP SECRET,8.25,Electronics,SUP_634
84661A,WHITE SQUARE TABLE CLOCK,2.55,Home & Garden,SUP_412
22161,HEART DECORATION RUSTIC HANGING ,0.65,Electronics,SUP_743
21463,MIRRORED DISCO BALL ,5.95,Electronics,SUP_125
22964,3 PIECE SPACEBOY COOKIE CUTTER SET,2.1,Logistics,SUP_971
90060B,FIRE POLISHED GLASS NECKL GOLD,5.95,Apparel,SUP_378
23210,WHITE ROCKING HORSE HAND PAINTED,1.25,Toys,SUP_209
21721,CANDY SHOP  STICKER SHEET,0.85,Toys,SUP_972
23341,PINK DINER WALL CLOCK,8.5,Electronics,SUP_217
21628,TRIANGULAR POUFFE VINTAGE ,14.95,Home & Garden,SUP_927
23273,HEART T-LIGHT HOLDER WILLIE WINKIE,1.65,Electronics,SUP_190
23198,PANTRY MAGNETIC  SHOPPING LIST,1.45,Toys,SUP_339
22973,CHILDREN'S CIRCUS PARADE MUG,1.65,Home & Garden,SUP_750
22068,BLACK PIRATE TREASURE CHEST,1.65,Electronics,SUP_944
90209C,PINK ENAMEL+GLASS HAIR COMB,2.1,Electronics,SUP_177
21896,POTTING SHED TWINE,2.1,Toys,SUP_253
21311,SET/4 BIRD MIRROR MAGNETS ,2.1,Apparel,SUP_828
21499,BLUE POLKADOT WRAP,0.34,Electronics,SUP_458
21366,MIRRORED WALL ART PHOTO FRAMES,4.25,Logistics,SUP_159
90129C,GREEN GLASS TASSLE BAG CHARM,2.95,Groceries,SUP_461
90147,CHUNKY SILVER NECKLACE PASTEL FLOWE,9.95,Apparel,SUP_392
22992,REVOLVER WOODEN RULER ,1.95,Electronics,SUP_135
20735,BLACK MINI TAPE MEASURE ,0.85,Electronics,SUP_565
22866,HAND WARMER SCOTTY DOG DESIGN,1.85,Logistics,SUP_400
22396,MAGNETS PACK OF 4 RETRO PHOTO,1.25,Groceries,SUP_756
22518,CHILDS GARDEN BRUSH BLUE,2.1,Groceries,SUP_835
16207A,PINK STRAWBERRY HANDBAG ,2.95,Apparel,SUP_139
21696,SMALL SILVER TRELLIS CANDLEPOT,2.95,Toys,SUP_717
23189,SET OF 12 FORK CANDLES,2.49,Groceries,SUP_902
21819,GLITTER CHRISTMAS STAR ,0.85,Toys,SUP_637
84016,FLAG OF ST GEORGE CAR FLAG,0.42,Toys,SUP_828
23041,PAPER LANTERN 9 POINT SNOW STAR,4.15,Logistics,SUP_893
21739,COSY SLIPPER SHOES SMALL GREEN,2.95,Apparel,SUP_273
85025C,PINK HEART SHAPE PHOTO FRAME,1.65,Electronics,SUP_623
16162M,THE KING GIFT BAG 25x24x12cm,0.42,Toys,SUP_572
90039D,FIRE POLISHED GLASS BRACELET GREEN,3.75,Home & Garden,SUP_490
20956,PORCELAIN T-LIGHT HOLDERS ASSORTED,1.25,Apparel,SUP_890
20667,CHERRY BLOSSOM PURSE,2.95,Groceries,SUP_218
21469,POLKA DOT RAFFIA FOOD COVER,3.75,Home & Garden,SUP_514
23358,HOT STUFF HOT WATER BOTTLE,3.75,Logistics,SUP_616
21041,RED RETROSPOT OVEN GLOVE DOUBLE,2.95,Apparel,SUP_169
20910,VINTAGE PHOTO ALBUM PARIS DAYS,6.35,Home & Garden,SUP_172
20793,BLUE TILED TRAY,6.75,Home & Garden,SUP_834
22800,ANTIQUE TALL SWIRLGLASS TRINKET POT,3.75,Logistics,SUP_370
23514,EMBROIDERED RIBBON REEL SALLY ,2.08,Electronics,SUP_484
84826,ASSTD DESIGN 3D PAPER STICKERS,0.85,Apparel,SUP_370
84536B,FAIRY CAKES NOTEBOOK A7 SIZE,0.42,Electronics,SUP_928
22694,WICKER STAR ,2.1,Logistics,SUP_684
22811,SET OF 6 T-LIGHTS CACTI ,2.95,Electronics,SUP_164
23264,SET OF 3 WOODEN SLEIGH DECORATIONS,1.25,Apparel,SUP_870
21217,RED RETROSPOT ROUND CAKE TINS,9.95,Toys,SUP_986
23220,REINDEER HEART DECORATION GOLD,0.83,Groceries,SUP_145
20728,LUNCH BAG CARS BLUE,1.65,Toys,SUP_975
22195,LARGE HEART MEASURING SPOONS,1.65,Toys,SUP_515
16052,TEATIME PUSH DOWN RUBBER,0.42,Electronics,SUP_840
21813,GARLAND WITH STARS AND BELLS,4.95,Electronics,SUP_780
84510C,SET OF 4 POLKADOT COASTERS,1.25,Electronics,SUP_722
23087,ZINC  HEART T-LIGHT HOLDER,1.25,Home & Garden,SUP_292
22779,WOODEN OWLS LIGHT GARLAND ,3.37,Home & Garden,SUP_951
23051,RECYCLED ACAPULCO MAT BLUE,8.25,Logistics,SUP_276
17091J,VANILLA INCENSE IN TIN,0.85,Apparel,SUP_964
22949,36 DOILIES DOLLY GIRL,1.45,Groceries,SUP_232
22526,WHEELBARROW FOR CHILDREN ,12.75,Apparel,SUP_236
21694,SMALL REGAL  SILVER CANDLEPOT ,2.95,Home & Garden,SUP_410
23404,HOME SWEET HOME BLACKBOARD,4.95,Electronics,SUP_760
84613A,PINK NEW BAROQUE FLOCK CANDLESTICK,4.65,Toys,SUP_149
22287,"DECORATION , WOBBLY CHICKEN, METAL ",1.65,Home & Garden,SUP_697
21333,CLASSIC WHITE FRAME,2.95,Toys,SUP_992
22952,60 CAKE CASES VINTAGE CHRISTMAS,0.55,Home & Garden,SUP_439
85034C,3 ROSE MORRIS BOXED CANDLES,4.25,Groceries,SUP_176
90078,PINK/WHITE GLASS DEMI CHOKER,7.5,Groceries,SUP_709
23429,RED RETRO KITCHEN WALL CLOCK,8.15,Toys,SUP_319
84836,ZINC METAL HEART DECORATION,1.25,Home & Garden,SUP_569
21849,SILVER DIAMANTE PEN IN GIFT BOX,4.95,Electronics,SUP_790
84849A,HELLO SAILOR BLUE SOAP HOLDER,1.69,Apparel,SUP_463
21874,GIN AND TONIC MUG,1.25,Toys,SUP_430
84952C,MIRROR LOVE BIRD T-LIGHT HOLDER,1.25,Home & Garden,SUP_871
35911A,MULTICOLOUR RABBIT EGG WARMER,2.1,Logistics,SUP_926
85028S,FRENCH CHATEAU SMALL FRUITBOWL,1.95,Electronics,SUP_843
37489A,YELLOW/PINK FLOWER DESIGN BIG MUG,1.95,Apparel,SUP_430
71038,WHITE HANGING BEADS CANDLE HOLDER,5.45,Apparel,SUP_843
22089,PAPER BUNTING VINTAGE PAISLEY,2.95,Logistics,SUP_859
21351,CINAMMON & ORANGE WREATH,6.75,Toys,SUP_317
84341B,SMALL PINK MAGIC CHRISTMAS TREE,0.85,Electronics,SUP_714
84795C,OCEAN STRIPE HAMMOCK ,7.95,Home & Garden,SUP_140
84522,PINK PARTY SUNGLASSES,1.95,Home & Garden,SUP_806
23065,LARGE DECO JEWELLERY STAND,12.5,Apparel,SUP_251
84625A,PINK NEW BAROQUECANDLESTICK CANDLE,2.95,Groceries,SUP_117
23037,CANDLE HOLDER SILVER MADELINE,1.65,Home & Garden,SUP_475
22367,CHILDRENS APRON SPACEBOY DESIGN,1.95,Logistics,SUP_160
22824,3 TIER SWEETHEART GARDEN SHELF,35.95,Apparel,SUP_148
21207,SKULL AND CROSSBONES  GARLAND ,1.65,Toys,SUP_522
21181,PLEASE ONE PERSON METAL SIGN,2.1,Logistics,SUP_367
22999,TRAVEL CARD WALLET RETRO PETALS,0.36,Home & Garden,SUP_369
85178,VICTORIAN SEWING KIT,1.25,Groceries,SUP_556
22908,PACK OF 20 NAPKINS RED APPLES,0.85,Home & Garden,SUP_193
85055,FRENCH ENAMEL UTENSIL HOLDER,3.75,Logistics,SUP_981
21368,MIRRORED WALL ART LADIES,2.55,Toys,SUP_134
23168,CLASSIC SUGAR DISPENSER,1.25,Logistics,SUP_534
84380,SET OF 3 BUTTERFLY COOKIE CUTTERS,1.25,Logistics,SUP_441
84279B,CHERRY BLOSSOM DECORATIVE FLASK,3.75,Electronics,SUP_407
47599B,BLUE PARTY BAGS ,2.1,Home & Garden,SUP_415
84798A,PINK FOXGLOVE ARTIIFCIAL FLOWER,2.55,Groceries,SUP_979
85172,HYACINTH BULB T-LIGHT CANDLES,0.42,Groceries,SUP_971
22414,DOORMAT NEIGHBOURHOOD WITCH ,7.95,Logistics,SUP_108
22228,BUNNY WOODEN PAINTED WITH BIRD ,0.85,Logistics,SUP_869
84984D,ORIENTAL RED CUSHION COVER ,4.65,Groceries,SUP_361
84870C,GREEN GEISHA GIRL ,3.75,Logistics,SUP_788
23126,DOLLCRAFT GIRL AMELIE KIT,4.95,Apparel,SUP_908
85019A,ROMANTIC IMAGES NOTEBOOK SET,4.25,Toys,SUP_877
22561,WOODEN SCHOOL COLOURING SET,1.65,Logistics,SUP_567
16011,ANIMAL STICKERS,0.21,Home & Garden,SUP_487
22390,PAPERWEIGHT CHILDHOOD MEMORIES,2.55,Apparel,SUP_381
21446,12 RED ROSE PEG PLACE SETTINGS,1.25,Apparel,SUP_312
84078A,SET/4 WHITE RETRO STORAGE CUBES ,34.95,Home & Garden,SUP_507
35607A,PINK FLUFFY CHRISTMAS DECORATION,0.19,Logistics,SUP_770
22731,3D CHRISTMAS STAMPS STICKERS ,1.25,Logistics,SUP_436
84926F,PSYCHEDELIC TILE COASTER,0.42,Toys,SUP_280
21460,GREEN EASTER EGG HUNT START POST,1.95,Groceries,SUP_497
84921,CREAM AND PINK FLOWERS PONY ,3.75,Logistics,SUP_297
22680,FRENCH BLUE METAL DOOR SIGN 5,1.25,Toys,SUP_267
22454,MEASURING TAPE BABUSHKA RED,2.95,Electronics,SUP_336
21288,STRIPEY CHOCOLATE NESTING BOXES,2.95,Logistics,SUP_669
21001,ROSE DU SUD WASHBAG ,5.95,Apparel,SUP_745
22593,CHRISTMAS GINGHAM STAR,0.85,Groceries,SUP_359
22203,MILK PAN RED RETROSPOT,3.75,Logistics,SUP_879
90018A,SILVER M.O.P ORBIT DROP EARRINGS,4.25,Logistics,SUP_187
90038A,GLASS AND PAINTED BEADS BRACELET TO,3.75,Toys,SUP_708
90201D,GREEN ENAMEL FLOWER RING,2.95,Home & Garden,SUP_930
23205,CHARLOTTE BAG VINTAGE ALPHABET ,0.85,Electronics,SUP_380
72741,GRAND CHOCOLATECANDLE,1.45,Electronics,SUP_807
22327,ROUND SNACK BOXES SET OF 4 SKULLS,2.95,Home & Garden,SUP_601
46776D,WOVEN SUNSET CUSHION COVER ,4.95,Home & Garden,SUP_815
21640,ASSORTED TUTTI FRUTTI  FOB NOTEBOOK,0.85,Electronics,SUP_689
20961,STRAWBERRY BATH SPONGE ,1.25,Apparel,SUP_277
90176E,DIAMANTE NECKLACE GREEN,7.5,Electronics,SUP_363
20664,TROPICAL HOLIDAY PURSE ,2.95,Electronics,SUP_680
22482,BLUE TEA TOWEL CLASSIC DESIGN,1.25,Home & Garden,SUP_645
72780,BLACK SILOUETTE CANDLE PLATE,0.85,Toys,SUP_201
85188A,GREEN METAL SWINGING BUNNY,0.85,Apparel,SUP_542
22747,POPPY'S PLAYHOUSE BATHROOM,2.1,Groceries,SUP_322
23180,MUM'S KITCHEN CLOCK,4.95,Electronics,SUP_664
84906,PINK B'FLY C/COVER W BOBBLES,5.95,Home & Garden,SUP_279
72131,COLUMBIAN CANDLE RECTANGLE,1.95,Home & Garden,SUP_984
22624,IVORY KITCHEN SCALES,8.5,Apparel,SUP_396
23077,DOUGHNUT LIP GLOSS ,1.25,Logistics,SUP_587
85188B,PINK METAL SWINGING BUNNY,0.85,Groceries,SUP_205
23141,TRIPLE WIRE HOOK PINK HEART,4.15,Logistics,SUP_444
84969,BOX OF 6 ASSORTED COLOUR TEASPOONS,4.25,Home & Garden,SUP_587
21755,LOVE BUILDING BLOCK WORD,5.95,Electronics,SUP_194
22451,SILK PURSE BABUSHKA RED,3.35,Electronics,SUP_589
20733,GOLD MINI TAPE MEASURE ,0.85,Apparel,SUP_832
71403,"PINK/WHITE ""KEEP CLEAN"" BULLET BIN",2.95,Logistics,SUP_944
37444A,YELLOW BREAKFAST CUP AND SAUCER,2.95,Groceries,SUP_655
21136,PAINTED METAL PEARS ASSORTED,1.69,Toys,SUP_128
22035,VINTAGE CARAVAN GREETING CARD ,0.42,Logistics,SUP_517
90131,PINK/AMETHYST/GOLD NECKLACE,6.95,Logistics,SUP_672
21014,SWISS CHALET TREE DECORATION ,0.85,Apparel,SUP_640
22435,SET OF 9 HEART SHAPED BALLOONS,1.25,Logistics,SUP_699
90025F,BAROQUE BUTTERFLY EARRINGS CRYSTAL,3.75,Electronics,SUP_883
84466,TOP SECRET PEN SET,1.25,Toys,SUP_592
22114,HOT WATER BOTTLE TEA AND SYMPATHY,3.45,Home & Garden,SUP_520
23019,SMALL APOTHECARY MEASURING JAR ,8.25,Logistics,SUP_140
20774,GREEN FERN NOTEBOOK,1.65,Home & Garden,SUP_130
22046,TEA PARTY  WRAPPING PAPER ,0.42,Toys,SUP_277
21636,MADRAS NOTEBOOK MEDIUM,2.55,Home & Garden,SUP_722
21793,CLASSIC FRENCH STYLE BASKET BROWN,6.75,Electronics,SUP_339
22491,PACK OF 12 COLOURED PENCILS,0.85,Home & Garden,SUP_192
90214M,"LETTER ""M"" BLING KEY RING",1.25,Toys,SUP_797
47420,ASSORTED COLOUR SUCTION CUP HOOK,0.19,Logistics,SUP_393
23412,HEART MIRROR ANTIQUE WHITE,7.5,Logistics,SUP_354
22768,FAMILY PHOTO FRAME CORNICE,9.95,Groceries,SUP_234
22379,RECYCLING BAG RETROSPOT ,2.1,Electronics,SUP_665
22924,FRIDGE MAGNETS LA VIE EN ROSE,0.85,Toys,SUP_876
85125,SMALL ROUND CUT GLASS CANDLESTICK,4.95,Logistics,SUP_712
22522,CHILDS GARDEN FORK BLUE ,0.85,Toys,SUP_276
20712,JUMBO BAG WOODLAND ANIMALS,1.95,Electronics,SUP_289
79062D,"RETRO TIN ASHTRAY,REVOLUTIONARY",0.65,Toys,SUP_840
23449,SET OF 6 EASTER RAINBOW CHICKS,1.25,Electronics,SUP_663
47503H,ASS FLORAL PRINT SPIRIT LEVEL ,1.95,Apparel,SUP_514
21655,HANGING RIDGE GLASS T-LIGHT HOLDER,1.69,Groceries,SUP_296
90096,NECKLACE+BRACELET SET BLUE BLOSSOM,2.55,Home & Garden,SUP_836
23538,WALL ART VINTAGE HEART,3.58,Groceries,SUP_605
23047,PAPER LANTERN 5 POINT SEQUIN STAR,5.75,Electronics,SUP_904
23537,I LOVE LONDON WALL ART,4.95,Home & Garden,SUP_100
20772,GARDEN PATH JOURNAL,2.55,Apparel,SUP_432
21790,VINTAGE SNAP CARDS,0.85,Logistics,SUP_716
22471,TV DINNER TRAY AIR HOSTESS ,4.95,Toys,SUP_292
47580,TEA TIME DES TEA COSY,2.55,Electronics,SUP_354
21773,DECORATIVE ROSE BATHROOM BOTTLE,1.25,Electronics,SUP_561
23396,BUTTERFLY CUSHION COVER,3.75,Electronics,SUP_286
90176B,DIAMANTE NECKLACE BLACK ,7.5,Groceries,SUP_212
85031C,CURIOUS IMAGES SCRAP BOOK SET,4.95,Apparel,SUP_670
22650,CERAMIC PIRATE CHEST MONEY BANK,1.45,Electronics,SUP_368
35591T,TURQUOISE CHRISTMAS TREE ,1.25,Electronics,SUP_734
22910,PAPER CHAIN KIT VINTAGE CHRISTMAS,2.55,Apparel,SUP_352
22158,3 HEARTS HANGING DECORATION RUSTIC,2.95,Home & Garden,SUP_959
21257,VICTORIAN SEWING BOX MEDIUM,7.95,Groceries,SUP_121
22583,PACK OF 6 HANDBAG GIFT BOXES,2.55,Groceries,SUP_429
84548,CROCHET BEAR RED/BLUE  KEYRING,1.65,Logistics,SUP_386
85048,15CM CHRISTMAS GLASS BALL 20 LIGHTS,7.95,Apparel,SUP_612
90124B,BLUE MURANO TWIST NECKLACE,9.95,Apparel,SUP_511
20903,VINTAGE KEEPSAKE BOX TRAVELOGUE,6.35,Home & Garden,SUP_610
23492,VINTAGE JINGLE BELLS WREATH,8.25,Groceries,SUP_803
22711,WRAP CIRCUS PARADE,0.42,Groceries,SUP_771
23510,MINI PLAYING CARDS GYMKHANA,0.42,Groceries,SUP_696
85035B,CHOCOLATE 3 WICK MORRIS BOX CANDLE,4.25,Apparel,SUP_940
22322,BIRD DECORATION GREEN POLKADOT,0.85,Logistics,SUP_694
22991,GIRAFFE WOODEN RULER,1.95,Electronics,SUP_481
22859,EASTER TIN BUNNY BOUQUET,1.65,Toys,SUP_295
21555,CERAMIC STRAWBERRY TRINKET TRAY,2.55,Logistics,SUP_952
21716,BOYS VINTAGE TIN SEASIDE BUCKET,2.55,Electronics,SUP_604
16169K,WRAP FOLK ART,0.42,Electronics,SUP_883
85189,HANGING BUTTERFLY  EGG,0.85,Groceries,SUP_103
90039B,FIRE POLISHED GLASS BRACELET MONTAN,3.75,Toys,SUP_661
21900,"KEY FOB , SHED",0.65,Home & Garden,SUP_962
84880,WHITE WIRE EGG HOLDER,4.95,Electronics,SUP_331
46000P,POLYESTER FILLER PAD 65CMx65CM,4.25,Apparel,SUP_806
23317,BLUE REFECTORY CLOCK ,9.95,Electronics,SUP_312
90027D,GLASS BEAD HOOP EARRINGS AMETHYST,2.95,Apparel,SUP_653
21980,PACK OF 12 RED RETROSPOT TISSUES ,0.29,Apparel,SUP_331
22430,ENAMEL WATERING CAN CREAM,4.95,Toys,SUP_119
72127,COLUMBIAN CANDLE ROUND ,1.25,Apparel,SUP_906
23002,TRAVEL CARD WALLET SKULLS,0.42,Home & Garden,SUP_140
85224,ASSORTED COLOUR SILK GLASSES CASE,2.1,Toys,SUP_644
23304,SET 4 PICNIC CUTLERY CHERRY ,1.95,Logistics,SUP_985
90001D,ANTIQUE OLIVE GREEN FLOWER EARRINGS,4.25,Toys,SUP_207
84951A,SET OF 4 PISTACHIO LOVEBIRD COASTER,2.55,Electronics,SUP_149
23224,CHERUB HEART DECORATION GOLD,0.83,Logistics,SUP_855
23325,RUSTIC STRAWBERRY JAMPOT SMALL,1.65,Apparel,SUP_298
90214O,"LETTER ""O"" BLING KEY RING",0.29,Apparel,SUP_547
20694,FLORAL PINK MONSTER,3.75,Apparel,SUP_282
90103,PURPLE FRANGIPANI NECKLACE,2.55,Toys,SUP_735
21098,CHRISTMAS TOILET ROLL,1.25,Logistics,SUP_441
22497,SET OF 2 TINS VINTAGE BATHROOM ,4.25,Home & Garden,SUP_396
21167,WHITE SAGE INCENSE,0.21,Groceries,SUP_263
23033,DRAWER KNOB CERAMIC RED,1.45,Toys,SUP_682
48116,DOORMAT MULTICOLOUR STRIPE,7.95,Home & Garden,SUP_868
22348,TEA BAG PLATE RED RETROSPOT,0.85,Groceries,SUP_812
22615,PACK OF 12 CIRCUS PARADE TISSUES ,0.29,Apparel,SUP_664
20684,STRAWBERRY DREAM CHILDS UMBRELLA,3.25,Apparel,SUP_973
23397,FOOT STOOL HOME SWEET HOME ,9.95,Groceries,SUP_595
21095,SET/6 POSIES PAPER PLATES,0.85,Toys,SUP_128
84683,CLASSICAL ROSE CANDLESTAND,1.25,Logistics,SUP_418
21317,GLASS SPHERE CANDLE STAND MEDIUM,5.45,Toys,SUP_873
90205A,LARGE MINT DIAMANTE HAIRSLIDE,1.65,Electronics,SUP_496
22423,REGENCY CAKESTAND 3 TIER,10.95,Groceries,SUP_856
90196B,BLACK GEMSTONE NECKLACE 45CM,12.75,Logistics,SUP_586
20796,SMALL BLUE PROVENCAL CERAMIC BALL,1.65,Apparel,SUP_315
22795,SWEETHEART RECIPE BOOK STAND,6.75,Logistics,SUP_560
84859A,SILVER DISCO HANDBAG,5.95,Electronics,SUP_109
16033,MINI HIGHLIGHTER PENS,0.12,Logistics,SUP_888
85036A,GARDENIA 1 WICK MORRIS BOXED CANDLE,4.25,Groceries,SUP_325
72140E,BEST DAD CANDLE LETTERS,0.85,Electronics,SUP_139
84766,SILVER ROCOCO CANDLE STICK,1.95,Apparel,SUP_308
20713,JUMBO BAG OWLS,1.95,Groceries,SUP_180
21381,MINI WOODEN HAPPY BIRTHDAY GARLAND,1.69,Home & Garden,SUP_584
23481,PEARLISED IVORY HEART SMALL ,1.25,Groceries,SUP_255
22652,TRAVEL SEWING KIT,1.65,Logistics,SUP_686
23253,16 PIECE CUTLERY SET PANTRY DESIGN,15.95,Toys,SUP_776
85152,HAND OVER THE CHOCOLATE   SIGN ,2.1,Groceries,SUP_665
84457,SET/3 RABBITS FLOWER SKIPPPING ROPE,0.85,Toys,SUP_525
21421,PORCELAIN ROSE LARGE ,1.25,Home & Garden,SUP_435
21955,DOORMAT UNION JACK GUNS AND ROSES,7.95,Toys,SUP_884
21243,PINK  POLKADOT PLATE ,1.69,Logistics,SUP_683
23463,VINTAGE ZINC WATERING CAN,9.95,Logistics,SUP_524
23459,DOLLY CABINET 2 DRAWERS ,12.5,Home & Garden,SUP_483
85199L,LARGE HANGING IVORY & RED WOOD BIRD,0.65,Toys,SUP_655
21832,CHOCOLATE CALCULATOR,1.65,Groceries,SUP_648
21352,EUCALYPTUS & PINECONE  WREATH,6.75,Logistics,SUP_349
23255,CHILDRENS CUTLERY CIRCUS PARADE,4.15,Apparel,SUP_632
23282,FOLDING BUTTERFLY MIRROR IVORY ,0.83,Groceries,SUP_942
85205B,PINK FELT EASTER RABBIT GARLAND,2.55,Toys,SUP_468
20707,CRAZY DAISY HEART DECORATION,1.25,Logistics,SUP_481
21043,APRON MODERN VINTAGE COTTON,5.95,Apparel,SUP_283
47586A,PINK FAIRY CAKE CUSHION COVER,2.55,Logistics,SUP_340
46776B,WOVEN BERRIES CUSHION COVER ,4.95,Home & Garden,SUP_774
21692,SILVER LATTICE VANILLA CANDLE POT,3.75,Groceries,SUP_283
22955,36 FOIL STAR CAKE CASES ,2.1,Apparel,SUP_619
85064,CREAM SWEETHEART LETTER RACK,5.45,Home & Garden,SUP_774
21275,ZINC TOP  2 DOOR WOODEN SHELF ,14.95,Apparel,SUP_265
23365,SET 12 COLOUR PENCILS LOVE LONDON,0.65,Home & Garden,SUP_315
22661,CHARLOTTE BAG DOLLY GIRL DESIGN,0.85,Home & Garden,SUP_304
22135,LADLE LOVE HEART PINK,0.42,Electronics,SUP_498
20983,12 PENCILS TALL TUBE RED RETROSPOT,0.85,Home & Garden,SUP_153
23049,RECYCLED ACAPULCO MAT RED,8.25,Electronics,SUP_652
23121,PACK OF 6 COCKTAIL PARASOL STRAWS,0.42,Groceries,SUP_105
22989,SET 2 PANTRY DESIGN TEA TOWELS,2.95,Home & Garden,SUP_548
21710,FOLDING UMBRELLA PINKWHITE POLKADOT,4.95,Apparel,SUP_904
20756,GREEN FERN POCKET BOOK,0.85,Logistics,SUP_660
23106,ZINC HEARTS PLANT POT HOLDER,2.89,Electronics,SUP_473
21470,FLOWER VINE RAFFIA FOOD COVER,3.75,Home & Garden,SUP_978
23337,EGG FRYING PAN MINT ,2.08,Electronics,SUP_119
79000,MOROCCAN TEA GLASS,0.85,Groceries,SUP_869
23312,VINTAGE CHRISTMAS GIFT SACK,4.15,Apparel,SUP_815
48111,DOORMAT 3 SMILEY CATS,6.75,Toys,SUP_172
22629,SPACEBOY LUNCH BOX ,1.95,Logistics,SUP_778
22285,"DECORATION HEN ON NEST, HANGING",1.65,Electronics,SUP_851
23523,TREASURE AHOY WALL ART,2.66,Groceries,SUP_885
22145,CHRISTMAS CRAFT HEART STOCKING ,2.1,Toys,SUP_285
22467,GUMBALL COAT RACK,2.55,Groceries,SUP_198
22587,FELTCRAFT HAIRBAND RED AND BLUE,0.85,Home & Garden,SUP_389
22303,COFFEE MUG APPLES DESIGN,2.55,Toys,SUP_497
21340,CLASSIC METAL BIRDCAGE PLANT HOLDER,12.75,Apparel,SUP_314
16020C,CLEAR STATIONERY BOX SET ,0.85,Logistics,SUP_777
22408,MONEY BOX CONFECTIONERY DESIGN,1.25,Toys,SUP_338
23498,CLASSIC BICYCLE CLIPS ,1.45,Toys,SUP_712
22399,MAGNETS PACK OF 4 CHILDHOOD MEMORY,1.25,Home & Garden,SUP_557
21454,PAINTED PINK RABBIT ,0.85,Groceries,SUP_642
90129E,PURPLE GLASS TASSLE BAG CHARM,2.95,Toys,SUP_398
21429,RED GINGHAM ROSE JEWELLERY BOX,1.65,Electronics,SUP_360
22456,NATURAL SLATE CHALKBOARD LARGE ,4.95,Groceries,SUP_817
22259,FELT FARM ANIMAL HEN,0.42,Electronics,SUP_270
22053,EMPIRE DESIGN ROSETTE,1.25,Toys,SUP_470
23389,SPACEBOY MINI BACKPACK,4.15,Toys,SUP_244
22277,COSMETIC BAG VINTAGE ROSE PAISLEY,2.1,Apparel,SUP_275
23664,FLOWER SHOP DESIGN MUG,1.65,Logistics,SUP_276
23393,HOME SWEET HOME CUSHION COVER ,3.75,Electronics,SUP_884
23179,CLOCK MAGNET MUM'S KITCHEN,2.89,Logistics,SUP_827
21373,MIRRORED WALL ART SNOWFLAKES,0.75,Electronics,SUP_244
90214W,"LETTER ""W"" BLING KEY RING",0.29,Apparel,SUP_517
84596L,BISCUITS SMALL BOWL LIGHT BLUE,1.25,Groceries,SUP_320
20760,GARDEN PATH POCKET BOOK,0.85,Toys,SUP_777
23271,CHRISTMAS TABLE CANDLE SILVER SPIKE,0.83,Toys,SUP_270
15056P,EDWARDIAN PARASOL PINK,4.6,Electronics,SUP_447
21791,VINTAGE HEADS AND TAILS CARD GAME ,1.25,Home & Garden,SUP_521
90081C,LILY BROOCH OLIVE COLOUR,4.95,Groceries,SUP_252
90065B,BLACK VINT ART DEC CRYSTAL BRACELET,6.75,Logistics,SUP_204
23028,DRAWER KNOB CRACKLE GLAZE BLUE,1.65,Apparel,SUP_636
23039,T-LIGHT HOLDER SILVER HEART HANDLE,1.95,Apparel,SUP_840
82605,OLD DOC RUSSEL METAL SIGN,2.1,Logistics,SUP_902
21399,BLUE POLKADOT COFFEE MUG,2.1,Apparel,SUP_153
22601,CHRISTMAS RETROSPOT ANGEL WOOD,0.85,Groceries,SUP_204
23202,JUMBO BAG VINTAGE LEAF,2.08,Groceries,SUP_175
21332,MOROCCAN BEATEN METAL MIRROR,12.75,Apparel,SUP_790
22778,GLASS CLOCHE SMALL,3.95,Logistics,SUP_409
84375,SET OF 20 KIDS COOKIE CUTTERS,2.1,Toys,SUP_280
21987,PACK OF 6 SKULL PAPER CUPS,0.65,Logistics,SUP_341
90160C,TURQ+RED BOUDICCA LARGE BRACELET,6.95,Home & Garden,SUP_848
23135,SMALL ZINC HEART WALL ORGANISER,5.75,Apparel,SUP_931
22133,PINK LOVE HEART SHAPE CUP,0.85,Electronics,SUP_838
90082A,DIAMANTE BOW BROOCH GREEN COLOUR,6.35,Toys,SUP_773
22260,FELT EGG COSY BLUE RABBIT ,0.85,Toys,SUP_959
90120D,WHITE MURANO TWIST BRACELET,4.25,Groceries,SUP_280
79063D,"RETRO PILL BOX , REVOLUTIONARY",0.18,Apparel,SUP_807
22418,10 COLOUR SPACEBOY PEN,0.85,Toys,SUP_618
22752,SET 7 BABUSHKA NESTING BOXES,7.65,Electronics,SUP_197
20616,CHERRY BLOSSOM PASSPORT COVER,2.1,Electronics,SUP_884
21260,FIRST AID TIN,3.25,Logistics,SUP_759
22741,FUNKY DIVA PEN,0.85,Home & Garden,SUP_355
22300,COFFEE MUG DOG + BALL DESIGN,2.55,Home & Garden,SUP_245
21667,GLASS CAKE COVER AND PLATE,14.95,Electronics,SUP_666
22302,COFFEE MUG PEARS  DESIGN,2.55,Toys,SUP_974
85145,JARDIN ETCHED GLASS LARGE BELL JAR,12.75,Logistics,SUP_579
35598C,WHITE CHRISTMAS TREE 60CM,2.95,Home & Garden,SUP_569
85018D,YULETIDE IMAGES S/6 PAPER BOXES,2.55,Toys,SUP_470
35607B,BLACK FEATHER CHRISTMAS DECORATION,0.19,Apparel,SUP_756
16258A,SWIRLY CIRCULAR RUBBERS IN BAG,0.42,Electronics,SUP_396
82567,"AIRLINE LOUNGE,METAL SIGN",2.1,Home & Garden,SUP_153
84459A,PINK METAL CHICKEN HEART ,1.25,Apparel,SUP_758
23209,LUNCH BAG DOILEY PATTERN ,1.65,Groceries,SUP_281
84971S,SMALL HEART FLOWERS HOOK ,0.85,Electronics,SUP_709
84461,12 PINK HEN+CHICKS IN BASKET,2.55,Toys,SUP_869
90038C,GLASS AND BEADS BRACELET IVORY,3.75,Electronics,SUP_370
23004,TRAVEL CARD WALLET PANTRY,0.42,Electronics,SUP_819
85116,BLACK CANDELABRA T-LIGHT HOLDER,2.1,Apparel,SUP_612
23576,SNACK TRAY RED VINTAGE DOILY,1.95,Groceries,SUP_250
21520,BOOZE & WOMEN GREETING CARD ,0.42,Groceries,SUP_214
21851,LILAC DIAMANTE PEN IN GIFT BOX,4.95,Logistics,SUP_764
21408,SPOTTY PINK DUCK DOORSTOP,4.25,Home & Garden,SUP_462
23136,IVORY WIRE SWEETHEART LETTER TRAY,3.75,Apparel,SUP_380
21379,CAMPHOR WOOD PORTOBELLO MUSHROOM,1.25,Apparel,SUP_277
22781,GUMBALL MAGAZINE RACK,7.65,Apparel,SUP_914
16161U,WRAP SUKI AND FRIENDS,0.42,Logistics,SUP_479
22962,JAM JAR WITH PINK LID,0.72,Groceries,SUP_111
90161C,ANT COPPER LIME BOUDICCA BRACELET,4.95,Home & Garden,SUP_553
22693,GROW A FLYTRAP OR SUNFLOWER IN TIN,1.25,Electronics,SUP_239
22996,TRAVEL CARD WALLET VINTAGE TICKET,0.36,Home & Garden,SUP_269
21224,SET/4 SKULL BADGES,1.25,Logistics,SUP_900
20936,FORKED CACTUS CANDLE,2.95,Groceries,SUP_629
85131C,BEADED CRYSTAL HEART BLUE ON STICK,1.25,Logistics,SUP_859
90019C,SILVER BLACK ORBIT BRACELET,4.95,Apparel,SUP_336
16169M,WRAP DAISY CARPET ,0.42,Electronics,SUP_732
21934,SKULL SHOULDER BAG,1.65,Logistics,SUP_896
85136C,RED SHARK HELICOPTER,7.95,Apparel,SUP_525
85071B,RED CHARLIE+LOLA PERSONAL DOORSIGN,0.38,Logistics,SUP_631
90179C,BLACK FINE BEAD NECKLACE W TASSEL,5.95,Home & Garden,SUP_903
22216,T-LIGHT HOLDER WHITE LACE,0.85,Logistics,SUP_107
20966,SANDWICH BATH SPONGE,1.25,Toys,SUP_997
23058,CHRISTMAS HANGING SNOWFLAKE,2.49,Logistics,SUP_138
21561,DINOSAUR LUNCH BOX WITH CUTLERY,2.55,Electronics,SUP_474
23250,VINTAGE RED TRIM ENAMEL BOWL ,1.25,Home & Garden,SUP_680
35819P,"ACRYLIC HANGING JEWEL,PINK",1.25,Apparel,SUP_680
21498,RED RETROSPOT WRAP ,0.42,Home & Garden,SUP_369
22861,EASTER TIN CHICKS IN GARDEN,1.65,Groceries,SUP_612
22441,GROW YOUR OWN BASIL IN ENAMEL MUG,2.1,Home & Garden,SUP_247
23334,IVORY WICKER HEART SMALL,0.55,Groceries,SUP_194
21216,"SET 3 RETROSPOT TEA,COFFEE,SUGAR",4.95,Toys,SUP_420
71495B,CD WALL TIDY RED FLOWERS,0.42,Electronics,SUP_456
22128,PARTY CONES CANDY ASSORTED,1.25,Electronics,SUP_693
22986,GINGHAM ROSE WRAP,0.42,Home & Garden,SUP_292
22508,DOORSTOP RETROSPOT HEART,3.75,Toys,SUP_865
90038B,GLASS AND PAINTED BEADS BRACELET OL,3.75,Logistics,SUP_601
22786,CUSHION COVER PINK UNION JACK,5.95,Apparel,SUP_835
23569,TRADTIONAL ALPHABET STAMP SET,4.95,Electronics,SUP_717
22633,HAND WARMER UNION JACK,1.85,Home & Garden,SUP_639
85099B,JUMBO BAG RED RETROSPOT,1.65,Logistics,SUP_245
84725,FREESTYLE CANVAS ART PICTURE,4.25,Apparel,SUP_307
23008,DOLLY GIRL BABY GIFT SET,14.95,Electronics,SUP_587
85078,SCANDINAVIAN 3 HEARTS NAPKIN RING,0.65,Home & Garden,SUP_774
23326,HANGING MINI COLOURED BOTTLES,0.63,Logistics,SUP_969
21670,BLUE SPOT CERAMIC DRAWER KNOB,1.25,Apparel,SUP_797
21054,NURSE'S BAG SOFT TOY,8.95,Apparel,SUP_762
37479B,CUBIC MUG FLOCK BLUE ON BROWN,2.55,Logistics,SUP_339
20766,GARDEN PATH SKETCHBOOK,3.75,Apparel,SUP_148
84227,HEN HOUSE W CHICK IN NEST,0.42,Apparel,SUP_579
21720,CAKE SHOP  STICKER SHEET,0.85,Apparel,SUP_797
22222,CAKE PLATE LOVEBIRD WHITE,4.95,Toys,SUP_415
72122,COFFEE SCENT PILLAR CANDLE,0.95,Home & Garden,SUP_533
21576,LETS GO SHOPPING COTTON TOTE BAG,2.25,Home & Garden,SUP_538
20828,GLITTER BUTTERFLY CLIPS,2.55,Apparel,SUP_110
37351,ORANGE FLOWER MUG ,0.39,Apparel,SUP_801
90214K,"LETTER ""K"" BLING KEY RING",1.25,Apparel,SUP_513
23578,SNACK TRAY RED GINGHAM,1.95,Groceries,SUP_414
22782,SET 3 WICKER STORAGE BASKETS ,9.95,Apparel,SUP_543
22248,DECORATION  PINK CHICK MAGIC GARDEN,0.72,Home & Garden,SUP_763
23239,SET OF 4 KNICK KNACK TINS POPPIES,4.15,Logistics,SUP_612
21618,4 WILDFLOWER BOTANICAL CANDLES,3.75,Electronics,SUP_955
20820,SILVER LOOKING MIRROR,4.95,Logistics,SUP_937
21281,VINTAGE KITCHEN PRINT SEAFOOD,2.55,Logistics,SUP_394
23543,KEEP CALM WALL ART ,7.45,Logistics,SUP_998
90167,BEADED LOVE HEART JEWELLERY SET,0.85,Groceries,SUP_240
90071,RUBY GLASS CLUSTER EARRINGS,1.25,Toys,SUP_306
21709,FOLDING UMBRELLA CHOCOLATE POLKADOT,4.95,Electronics,SUP_111
23157,SET OF 6 NATIVITY MAGNETS ,2.08,Logistics,SUP_220
85049F,BABY BOOM RIBBONS ,1.25,Logistics,SUP_923
84974,S/2 ZINC HEART DESIGN PLANTERS,9.95,Electronics,SUP_777
22432,WATERING CAN PINK BUNNY,1.95,Groceries,SUP_389
23490,T-LIGHT HOLDER HANGING LOVE BIRD,3.75,Toys,SUP_154
21786,POLKADOT RAIN HAT ,0.32,Logistics,SUP_286
22990,COTTON APRON PANTRY DESIGN,4.95,Logistics,SUP_138
22796,PHOTO FRAME 3 CLASSIC HANGING,9.95,Groceries,SUP_316
21627,ELEPHANT CARNIVAL POUFFE,14.95,Electronics,SUP_402
20777,CHRYSANTHEMUM NOTEBOOK,1.65,Logistics,SUP_757
23506,MINI PLAYING CARDS SPACEBOY ,0.42,Logistics,SUP_217
84247N,PACK/12 BLUE FOLKART CARDS,2.95,Apparel,SUP_376
21032,SPACE CADET WHITE,1.25,Toys,SUP_831
22984,CARD GINGHAM ROSE ,0.42,Home & Garden,SUP_508
84968A,SET OF 16 VINTAGE ROSE CUTLERY,12.75,Electronics,SUP_775
90202B,WHITE ENAMEL FLOWER HAIR TIE,2.95,Toys,SUP_604
20652,BLUE POLKADOT LUGGAGE TAG ,1.25,Electronics,SUP_558
22117,METAL SIGN HER DINNER IS SERVED ,2.95,Electronics,SUP_890
90188,DROP EARRINGS W FLOWER & LEAF,2.55,Apparel,SUP_720
21619,4 VANILLA BOTANICAL CANDLES,3.75,Home & Garden,SUP_576
15044B,BLUE PAPER PARASOL ,2.95,Electronics,SUP_322
85130D,BEADED CRYSTAL HEART PINK LARGE,1.65,Logistics,SUP_294
22024,RAINY LADIES BIRTHDAY CARD,0.42,Logistics,SUP_782
23071,MARIE ANTOIENETT TRINKET BOX GOLD,12.5,Apparel,SUP_427
90200E,GREEN SWEETHEART BRACELET,4.25,Apparel,SUP_479
84673B,BLUE FLY SWAT,0.65,Toys,SUP_156
20898,VINTAGE NOTEBOOK TRAVELOGUE,2.95,Apparel,SUP_160
22847,BREAD BIN DINER STYLE IVORY,14.95,Apparel,SUP_175
22066,LOVE HEART TRINKET POT,1.45,Home & Garden,SUP_202
90000A,RASPBERRY ANT COPPER FLOWER NECKLAC,5.95,Home & Garden,SUP_725
23160,REGENCY TEA SPOON,1.04,Apparel,SUP_790
21621,VINTAGE UNION JACK BUNTING,8.5,Electronics,SUP_705
22440,BALLOON WATER BOMB PACK OF 35,0.42,Groceries,SUP_913
21894,POTTING SHED SEED ENVELOPES,1.25,Electronics,SUP_977
22911,PAPER CHAIN KIT LONDON,2.95,Apparel,SUP_955
22407,MONEY BOX FIRST ADE DESIGN,1.25,Electronics,SUP_165
90059A,DIAMANTE HAIR GRIP PACK/2 CRYSTAL,1.65,Groceries,SUP_990
16219,HOUSE SHAPE PENCIL SHARPENER,0.21,Logistics,SUP_734
84927D,LA PALMIERA TILE HOOK,2.1,Logistics,SUP_158
51014A,"FEATHER PEN,HOT PINK",0.85,Groceries,SUP_223
22858,EASTER TIN KEEPSAKE,1.65,Electronics,SUP_644
85036C,ROSE 1 WICK MORRIS BOXED CANDLE,4.25,Electronics,SUP_541
85194L,HANGING SPRING FLOWER EGG LARGE,0.85,Toys,SUP_880
22125,UNION JACK HOT WATER BOTTLE ,5.95,Electronics,SUP_742
21736,GOLD SCROLL GLASS T-LIGHT HOLDER,2.1,Electronics,SUP_365
21218,RED SPOTTY BISCUIT TIN,3.75,Groceries,SUP_912
85131D,BEADED CRYSTAL HEART PINK ON STICK,1.25,Apparel,SUP_936
22810,SET OF 6 T-LIGHTS SNOWMEN,2.95,Electronics,SUP_527
22452,MEASURING TAPE BABUSHKA PINK,2.55,Logistics,SUP_335
75011,BLUE DAISY MOBILE,0.85,Toys,SUP_506
35810A,ENAMEL PINK COFFEE CONTAINER,2.1,Electronics,SUP_131
35911B,PINK/FLOWER RABBIT EGG WARMER ,2.1,Apparel,SUP_363
84984B,RED PEONY CUSHION COVER ,4.65,Home & Garden,SUP_784
22204,MILK PAN BLUE POLKADOT,3.75,Logistics,SUP_509
79051A,SMOKEY GREY COLOUR D.O.F. GLASS,0.65,Electronics,SUP_242
90019A,SILVER M.O.P ORBIT BRACELET,4.95,Electronics,SUP_706
22082,RIBBON REEL STRIPES DESIGN ,1.65,Home & Garden,SUP_938
23067,HANGING ENGRAVED METAL HEART,4.15,Apparel,SUP_204
22059,CERAMIC STRAWBERRY DESIGN MUG,1.25,Electronics,SUP_340
85159A,"BLACK TEA,COFFEE,SUGAR JARS",6.35,Electronics,SUP_206
22084,PAPER CHAIN KIT EMPIRE,2.95,Apparel,SUP_813
23009,I LOVE LONDON BABY GIFT SET,14.95,Home & Garden,SUP_512
20697,LITTLE GREEN MONSTER SOFT TOY,2.55,Groceries,SUP_188
21847,GREEN  DIAMANTE PEN IN GIFT BOX,4.95,Toys,SUP_444
22610,PENS ASSORTED FUNNY FACE,0.85,Electronics,SUP_199
35598B,BLACK CHRISTMAS TREE 60CM,0.65,Toys,SUP_484
22028,PENNY FARTHING BIRTHDAY CARD,0.42,Logistics,SUP_747
72807B,SET/3 OCEAN SCENT CANDLE JEWEL BOX,4.25,Home & Garden,SUP_536
46000U,POLYESTER FILLER PAD 30CMx30CM,1.25,Logistics,SUP_566
84963A,PINK PAINTED KASHMIRI CHAIR,42.95,Groceries,SUP_870
22961,JAM MAKING SET PRINTED,1.45,Home & Garden,SUP_865
23532,WALL ART WORK REST AND PLAY  ,4.15,Groceries,SUP_646
84226,HEN HOUSE W FAMILY IN BARN & NEST,0.85,Toys,SUP_117
23382,BOX OF 6 CHRISTMAS CAKE DECORATIONS,3.75,Electronics,SUP_496
22470,HEART OF WICKER LARGE,2.55,Home & Garden,SUP_407
22659,LUNCH BOX I LOVE LONDON,1.95,Logistics,SUP_423
21688,SILVER PLATE CANDLE BOWL SMALL,2.95,Logistics,SUP_545
47343A,FUSCHIA FLOWER PURSE WITH BEADS,1.49,Toys,SUP_647
21983,PACK OF 12 BLUE PAISLEY TISSUES ,0.29,Electronics,SUP_158
85047,WHITE BEADED GARLAND STRING 20LIGHT,6.35,Toys,SUP_147
22857,ASSORTED EASTER GIFT TAGS,0.85,Groceries,SUP_871
23042,PAPER LANTERN 7 POINT SNOW STAR,6.65,Logistics,SUP_920
23344,JUMBO BAG 50'S CHRISTMAS ,2.08,Groceries,SUP_998
35647,VINTAGE BEAD PINK SHADE ,1.25,Toys,SUP_485
20676,RED RETROSPOT BOWL,1.25,Home & Garden,SUP_654
23436,GIFT BAG LARGE VINTAGE CHRISTMAS,1.25,Apparel,SUP_864
90076,MONTANA DIAMOND CLUSTER EARRINGS,2.55,Toys,SUP_703
22604,SET OF 4 NAPKIN CHARMS CUTLERY,2.55,Toys,SUP_101
23275,SET OF 3 HANGING OWLS OLLIE BEAK,1.25,Apparel,SUP_762
22312,OFFICE MUG WARMER POLKADOT,2.95,Groceries,SUP_685
85170A,SET/6 IVORY BIRD T-LIGHT CANDLES,2.1,Apparel,SUP_865
21424,WOODLAND STORAGE BOX LARGE ,2.95,Toys,SUP_320
17084A,TRANQUILITY MASALA INCENSE,0.21,Home & Garden,SUP_855
23434,3 RAFFIA RIBBONS 50'S CHRISTMAS ,2.08,Electronics,SUP_793
90035A,"PEARL & SHELL 42""NECKL. GREEN",10.75,Electronics,SUP_551
23477,WOODLAND LARGE BLUE FELT HEART,1.25,Groceries,SUP_170
23323,WHITE WICKER STAR ,2.1,Home & Garden,SUP_703
21717,EASTER TIN BUCKET,2.1,Toys,SUP_517
22402,MAGNETS PACK OF 4 VINTAGE COLLAGE,1.25,Apparel,SUP_908
10002,INFLATABLE POLITICAL GLOBE ,0.85,Groceries,SUP_403
37340,MULTICOLOUR SPRING FLOWER MUG,0.85,Apparel,SUP_876
21389,IVORY HANGING DECORATION  BIRD,0.85,Toys,SUP_259
22511,RETROSPOT BABUSHKA DOORSTOP,3.75,Groceries,SUP_121
22132,RED LOVE HEART SHAPE CUP,0.85,Groceries,SUP_160
47578A,ENGLISH ROSE SMALL SCENTED FLOWER,0.85,Toys,SUP_116
37503,TEA TIME CAKE STAND IN GIFT BOX,10.75,Apparel,SUP_638
84459B,YELLOW METAL CHICKEN HEART ,1.49,Groceries,SUP_828
90049,IVORY GOLD METAL BAG CHARM,4.95,Toys,SUP_298
84613C,BLUE NEW BAROQUE FLOCK CANDLESTICK,4.65,Apparel,SUP_240
23357,HOT WATER BOTTLE SEX BOMB,4.95,Electronics,SUP_310
22664,TOY TIDY DOLLY GIRL DESIGN,2.1,Electronics,SUP_708
23536,VILLAGE SHOW WALL ART,5.95,Home & Garden,SUP_701
85169D,PINK LOVE BIRD CANDLE,0.42,Apparel,SUP_330
22609,PENS ASSORTED SPACEBALL,0.21,Apparel,SUP_306
84732B,CUTE BIRD CEATURE SCREEN,0.39,Toys,SUP_537
84616,SILVER ROCCOCO CHANDELIER,29.95,Electronics,SUP_527
85024C,PINK SMALL JEWELLED PHOTOFRAME,1.65,Logistics,SUP_254
21088,SET/6 FRUIT SALAD PAPER CUPS,0.65,Groceries,SUP_387
22487,WHITE WOOD GARDEN PLANT LADDER,9.95,Logistics,SUP_915
21055,TOOL BOX SOFT TOY ,8.95,Home & Garden,SUP_424
21137,BLACK RECORD COVER FRAME,3.39,Logistics,SUP_679
21616,4 PEAR BOTANICAL DINNER CANDLES,3.75,Electronics,SUP_391
72800E,4 IVORY DINNER CANDLES SILVER FLOCK,2.55,Toys,SUP_921
21930,JUMBO STORAGE BAG SKULLS,1.95,Logistics,SUP_226
22532,MAGIC DRAWING SLATE LEAP FROG ,0.42,Apparel,SUP_654
84818,DANISH ROSE PHOTO FRAME,2.55,Toys,SUP_916
23016,GLASS TWIST BON BON JAR,6.65,Apparel,SUP_260
84913A,SOFT PINK ROSE TOWEL ,4.65,Toys,SUP_203
23466,TUSCAN VILLA DOVECOTE,8.25,Groceries,SUP_905
22481,BLACK TEA TOWEL CLASSIC DESIGN,1.25,Home & Garden,SUP_619
90145,SILVER HOOP EARRINGS WITH FLOWER,5.95,Toys,SUP_323
21875,KINGS CHOICE MUG,1.25,Toys,SUP_111
90101,WHITE FRANGIPANI NECKLACE,2.55,Toys,SUP_896
21746,SMALL RED RETROSPOT WINDMILL,1.25,Groceries,SUP_538
22364,GLASS JAR DIGESTIVE BISCUITS,2.95,Logistics,SUP_856
21467,CHERRY CROCHET FOOD COVER,3.75,Logistics,SUP_526
22495,SET OF 2 ROUND TINS CAMEMBERT ,2.95,Home & Garden,SUP_261
22336,DOVE DECORATION PAINTED ZINC ,0.65,Home & Garden,SUP_883
84731,3 BIRDS CANVAS SCREEN,1.65,Home & Garden,SUP_371
23562,SET OF 6 RIBBONS PERFECTLY PRETTY  ,2.89,Home & Garden,SUP_244
84595E,LARGE TORTILLA DESIGN RED BOWL,3.75,Apparel,SUP_340
20827,GOLD APERITIF GLASS,0.39,Logistics,SUP_928
22358,KINGS CHOICE TEA CADDY ,2.95,Groceries,SUP_878
90199B,5 STRAND GLASS NECKLACE AMETHYST,6.35,Toys,SUP_266
21845,DAIRY MAID STRIPE MUG,2.95,Groceries,SUP_969
20769,DAISY JOURNAL ,2.55,Toys,SUP_144
23496,PANTRY KITCHEN THERMOMETER ,1.25,Groceries,SUP_901
90039C,FIRE POLISHED GLASS BRACELET BLACK,3.75,Toys,SUP_302
22185,SLATE TILE NATURAL HANGING,1.65,Electronics,SUP_515
22945,CHRISTMAS METAL TAGS ASSORTED ,0.85,Toys,SUP_846
21680,WOODLAND  STICKERS,0.85,Electronics,SUP_696
21758,VINTAGE SHELLS PRINT,6.45,Apparel,SUP_812
90129B,TURQUOISE GLASS TASSLE BAG CHARM ,2.95,Home & Garden,SUP_475
22928,YELLOW GIANT GARDEN THERMOMETER,5.95,Groceries,SUP_728
22878,NUMBER TILE COTTAGE GARDEN No,2.1,Logistics,SUP_847
22654,DELUXE SEWING KIT ,4.95,Groceries,SUP_918
22937,BAKING MOULD CHOCOLATE CUPCAKES,2.55,Electronics,SUP_794
90206A,GOLD DIAMANTE STAR BROOCH,4.95,Groceries,SUP_283
23379,PACK OF 12 RED APPLE TISSUES,0.39,Logistics,SUP_585
84689,S/2 BEACH HUT TREASURE CHESTS,5.95,Apparel,SUP_296
85194S,HANGING SPRING FLOWER EGG SMALL,0.65,Groceries,SUP_101
22085,PAPER CHAIN KIT SKULLS ,2.95,Groceries,SUP_661
21613,S/12 VANILLA  BOTANICAL T-LIGHTS,2.95,Apparel,SUP_948
85096,HILDA CANDY SPOT RABBIT,3.75,Electronics,SUP_137
35912B,WHITE/PINK CHICK DECORATION,1.25,Groceries,SUP_888
22855,FINE WICKER HEART ,1.25,Home & Garden,SUP_100
22918,HERB MARKER PARSLEY,0.65,Toys,SUP_687
21452,TOADSTOOL MONEY BOX,2.95,Groceries,SUP_233
22043,CHRISTMAS CARD SCREEN PRINT ,0.42,Electronics,SUP_514
20836,FRENCH PAISLEY CUSHION COVER,0.83,Apparel,SUP_574
47591D,PINK FAIRY CAKE CHILDRENS APRON,1.95,Home & Garden,SUP_296
90054,CRACKED GLAZE EARRINGS RED,2.55,Groceries,SUP_802
16206B,RED PURSE WITH PINK HEART,1.25,Toys,SUP_529
22767,TRIPLE PHOTO FRAME CORNICE ,9.95,Toys,SUP_365
21905,MORE BUTTER METAL SIGN ,2.1,Electronics,SUP_146
22026,BANQUET BIRTHDAY  CARD  ,0.42,Logistics,SUP_349
21063,PARTY INVITES JAZZ HEARTS,0.85,Electronics,SUP_896
22157,ANGEL DECORATION WITH LACE PADDED,0.85,Electronics,SUP_958
23441,HAND PAINTED HANGING EASTER EGG,0.42,Apparel,SUP_492
22042,CHRISTMAS CARD SINGING ANGEL,0.42,Apparel,SUP_958
21401,BLUE PUDDING SPOON,0.42,Groceries,SUP_355
23478,WOODLAND LARGE PINK FELT HEART,1.25,Toys,SUP_595
85095,THREE CANVAS LUGGAGE TAGS,1.95,Apparel,SUP_520
22663,JUMBO BAG DOLLY GIRL DESIGN,1.95,Toys,SUP_723
84212,"ASSORTED FLOWER COLOUR ""LEIS""",0.65,Home & Garden,SUP_507
72225C,LAVENDER SCENT CAKE CANDLE,0.29,Groceries,SUP_114
20655,QUEEN OF SKIES LUGGAGE TAG,1.25,Groceries,SUP_581
23092,LARGE ANTIQUE WHITE PHOTO FRAME,7.9,Home & Garden,SUP_950
21124,SET/10 BLUE POLKADOT PARTY CANDLES,1.25,Toys,SUP_919
46776C,WOVEN FROST CUSHION COVER,4.95,Toys,SUP_700
84692,BOX OF 24 COCKTAIL PARASOLS,0.42,Home & Garden,SUP_503
79190D,RETRO PLASTIC DAISY TRAY,0.42,Apparel,SUP_386
21245,GREEN POLKADOT PLATE ,1.69,Home & Garden,SUP_126
21803,CHRISTMAS TREE STAR DECORATION,0.42,Home & Garden,SUP_882
37330,BIG POLKADOT MUG,0.39,Home & Garden,SUP_684
23109,LED TEA LIGHTS,2.49,Groceries,SUP_660
84685,BEACH HUT KEY CABINET,3.75,Electronics,SUP_469
21415,CLAM SHELL SMALL ,2.1,Groceries,SUP_381
22837,HOT WATER BOTTLE BABUSHKA ,4.25,Home & Garden,SUP_242
23029,DRAWER KNOB CRACKLE GLAZE GREEN,1.65,Groceries,SUP_185
84251C,"GREETING CARD, TWO SISTERS.",0.19,Logistics,SUP_817
17084R,ASSORTED INCENSE PACK,0.16,Groceries,SUP_708
20703,BLUE PADDED SOFT MOBILE,4.25,Electronics,SUP_624
21707,FOLDING UMBRELLA BLACKBLUE POLKADOT,4.95,Toys,SUP_916
75049L,LARGE CIRCULAR MIRROR MOBILE,1.25,Logistics,SUP_110
85039B,S/4 IVORY MINI ROSE CANDLE IN BOWL,1.65,Apparel,SUP_641
22438,BALLOON ART MAKE YOUR OWN FLOWERS,1.95,Toys,SUP_386
37461,FUNKY MONKEY MUG,1.25,Electronics,SUP_485
90186A,AMETHYST HOOP EARRING FLORAL LEAF,2.95,Logistics,SUP_230
22551,PLASTERS IN TIN SPACEBOY,1.65,Home & Garden,SUP_394
84945,MULTI COLOUR SILVER T-LIGHT HOLDER,0.85,Electronics,SUP_255
72232,FENG SHUI PILLAR CANDLE,0.19,Apparel,SUP_454
22716,CARD CIRCUS PARADE,0.42,Groceries,SUP_677
22485,SET OF 2 WOODEN MARKET CRATES,12.75,Toys,SUP_760
21164,HOME SWEET HOME METAL SIGN ,2.95,Logistics,SUP_106
21524,DOORMAT SPOTTY HOME SWEET HOME,7.95,Apparel,SUP_723
22831,WHITE BROCANTE SOAP DISH,2.95,Toys,SUP_192
23476,WOODLAND LARGE RED FELT HEART,1.25,Logistics,SUP_170
22186,RED STAR CARD HOLDER,2.95,Toys,SUP_831
90124C,GREEN MURANO TWIST NECKLACE,9.95,Electronics,SUP_830
20984,12 PENCILS TALL TUBE POSY,0.85,Logistics,SUP_663
22591,CARDHOLDER GINGHAM CHRISTMAS TREE,2.55,Home & Garden,SUP_471
22156,HEART DECORATION WITH PEARLS ,0.85,Apparel,SUP_544
90119,METALIC LEAVES BAG CHARMS,2.46,Electronics,SUP_418
90214T,"LETTER ""T"" BLING KEY RING",0.29,Groceries,SUP_131
90196A,PURPLE GEMSTONE NECKLACE 45CM,12.75,Electronics,SUP_306
22916,HERB MARKER THYME,0.65,Home & Garden,SUP_199
90169,DAISY HAIR COMB,2.55,Logistics,SUP_451
22398,MAGNETS PACK OF 4 SWALLOWS,1.25,Toys,SUP_420
20622,VIPPASSPORT COVER ,2.1,Electronics,SUP_523
90063B,BLACK VINT ART DEC CRYSTAL NECKLACE,8.5,Home & Garden,SUP_986
46000R,POLYESTER FILLER PAD 45x30cm,1.45,Electronics,SUP_270
22321,BIRD DECORATION RED RETROSPOT,0.85,Home & Garden,SUP_256
23695,DOILY THANK YOU CARD,0.42,Home & Garden,SUP_653
22220,CAKE STAND LOVEBIRD 2 TIER WHITE,9.95,Groceries,SUP_637
90185A,AMBER DIAMANTE EXPANDABLE RING,4.25,Groceries,SUP_167
22709,WRAP WEDDING DAY,0.42,Logistics,SUP_307
22344,PARTY PIZZA DISH PINK POLKADOT,0.85,Logistics,SUP_117
20803,SMALL PINK GLASS SUNDAE DISH,0.42,Groceries,SUP_369
90156,RESIN BRACELET W PASTEL BEADS,4.95,Logistics,SUP_940
84201C,HAPPY BIRTHDAY CARD TEDDY/CAKE,0.19,Apparel,SUP_628
20780,BLACK EAR MUFF HEADPHONES,5.49,Toys,SUP_647
22934,BAKING MOULD EASTER EGG WHITE CHOC,2.95,Toys,SUP_452
90023,FILIGREE DIAMANTE EARRINGS,4.25,Home & Garden,SUP_169
23321,SMALL WHITE HEART OF WICKER,1.69,Apparel,SUP_950
85179C,PINK BITTY LIGHT CHAIN,4.65,Home & Garden,SUP_993
85014B,RED RETROSPOT UMBRELLA,5.95,Toys,SUP_683
85131A,BEADED PEARL HEART WHITE ON STICK,1.25,Home & Garden,SUP_267
35001G,HAND OPEN SHAPE GOLD,3.39,Logistics,SUP_543
17012D,ORIGAMI ROSE INCENSE/CANDLE SET ,2.55,Toys,SUP_827
90199C,5 STRAND GLASS NECKLACE CRYSTAL,6.35,Groceries,SUP_662
20941,FROG CANDLE,1.25,Electronics,SUP_815
23491,VINTAGE JINGLE BELLS HEART,8.25,Apparel,SUP_838
47579,TEA TIME BREAKFAST BASKET,2.1,Electronics,SUP_449
23504,PLAYING CARDS JUBILEE UNION JACK,1.25,Groceries,SUP_518
21620,SET OF 4 ROSE BOTANICAL CANDLES,3.75,Toys,SUP_830
20867,PINK ROSE FABRIC MIRROR,1.25,Apparel,SUP_610
22254,FELT TOADSTOOL LARGE,1.25,Groceries,SUP_770
22757,LARGE RED BABUSHKA NOTEBOOK ,1.25,Home & Garden,SUP_833
23207,LUNCH BAG ALPHABET DESIGN,1.65,Groceries,SUP_950
22988,SOLDIERS EGG CUP ,1.25,Home & Garden,SUP_471
22488,NATURAL SLATE RECTANGLE CHALKBOARD,1.65,Groceries,SUP_479
21907,I'M ON HOLIDAY METAL SIGN,2.1,Apparel,SUP_788
85065,CREAM SWEETHEART TRAYS,12.75,Toys,SUP_540
22062,CERAMIC BOWL WITH LOVE HEART DESIGN,2.95,Home & Garden,SUP_623
85026B,EAU DE NILE JEWELLED T-LIGHT HOLDER,0.85,Toys,SUP_201
90048,GREEN WITH METAL BAG CHARM,4.95,Logistics,SUP_421
79157B,UBO-LIGHT TRIOBASE BLUE,0.85,Home & Garden,SUP_494
23228,FILIGREE HEART BIRD WHITE ,1.25,Apparel,SUP_223
22938,CUPCAKE LACE PAPER SET 6,1.95,Home & Garden,SUP_825
23468,TUSCAN VILLA BIRD TABLE ,8.25,Electronics,SUP_751
22703,PINK CAT BOWL,2.1,Logistics,SUP_496
85084,HOLLY TOP CHRISTMAS STOCKING,0.85,Logistics,SUP_884
84509E,SET OF 4 CAROUSEL PLACEMATS ,1.25,Groceries,SUP_248
20770,ABSTRACT CIRCLE JOURNAL ,2.55,Groceries,SUP_358
21591,COSY HOUR CIGAR BOX MATCHES ,1.25,Logistics,SUP_707
21991,BOHEMIAN COLLAGE STATIONERY SET,2.95,Logistics,SUP_545
21310,CAPIZ CHANDELIER,29.95,Toys,SUP_564
22900, SET 2 TEA TOWELS I LOVE LONDON ,2.95,Toys,SUP_815
79403,FROSTED WHITE BASE ,0.85,Toys,SUP_865
85092,CANDY SPOT TEA COSY,3.35,Electronics,SUP_390
21989,PACK OF 20 SKULL PAPER NAPKINS,0.85,Toys,SUP_815
85006,SET 4 NURSERY DES ROUND BOXES,2.95,Apparel,SUP_267
84665,SQUARE CHERRY BLOSSOM CABINET,5.95,Logistics,SUP_746
22217,T-LIGHT HOLDER HANGING LACE,1.25,Apparel,SUP_578
22092,BLUE PAISLEY TISSUE BOX,1.25,Toys,SUP_798
22021,BLUE FELT EASTER EGG BASKET,1.65,Home & Garden,SUP_495
22207,FRYING PAN UNION FLAG,3.75,Home & Garden,SUP_627
22134,LADLE LOVE HEART RED ,0.42,Toys,SUP_841
79191B,RETRO PLASTIC POLKA TRAY,0.85,Apparel,SUP_303
82616C,MIDNIGHT GLAMOUR SCARF KNITTING KIT,2.95,Home & Garden,SUP_672
23299,FOOD COVER WITH BEADS SET 2 ,3.75,Groceries,SUP_900
21744,SNOWFLAKE PORTABLE TABLE LIGHT ,2.95,Apparel,SUP_843
22667,RECIPE BOX RETROSPOT ,2.95,Toys,SUP_425
23057,GEMSTONE CHANDELIER T-LIGHT HOLDER,4.15,Apparel,SUP_138
23265,SET OF 3 WOODEN TREE DECORATIONS,1.25,Apparel,SUP_525
23427,STOOL HOME SWEET HOME ,12.5,Apparel,SUP_906
23409,PHOTO FRAME LINEN AND LACE LARGE,3.75,Logistics,SUP_689
85175,CACTI T-LIGHT CANDLES,0.42,Apparel,SUP_755
82582,AREA PATROLLED METAL SIGN,2.1,Electronics,SUP_405
22352,LUNCH BOX WITH CUTLERY RETROSPOT ,2.55,Home & Garden,SUP_280
21974,SET OF 36 PAISLEY FLOWER DOILIES,1.45,Logistics,SUP_252
35832,WOOLLY HAT SOCK GLOVE ADVENT STRING,2.95,Home & Garden,SUP_447
22849,BREAD BIN DINER STYLE MINT,16.95,Apparel,SUP_897
79163,BLACK CHAMPAGNE GLASS,1.65,Logistics,SUP_941
40005B,BLUE ORGANDY ROUND LAMPSHADE W BEA,0.85,Apparel,SUP_911
84580,MOUSE TOY WITH PINK T-SHIRT,3.75,Toys,SUP_650
21286,RETROSPOT CANDLE  LARGE,2.55,Home & Garden,SUP_154
22766,PHOTO FRAME CORNICE,2.95,Electronics,SUP_206
84927F,PSYCHEDELIC TILE HOOK,2.1,Groceries,SUP_717
23525,BUFFALO BILL WALL ART ,3.29,Electronics,SUP_301
16048,TEATIME ROUND PENCIL SHARPENER ,0.42,Electronics,SUP_722
22578,WOODEN STAR CHRISTMAS SCANDINAVIAN,0.85,Toys,SUP_926
22829,SWEETHEART WIRE WALL TIDY,9.95,Home & Garden,SUP_918
22953,BIRTHDAY PARTY CORDON BARRIER TAPE,1.25,Logistics,SUP_997
84596F,SMALL MARSHMALLOWS PINK BOWL,1.25,Groceries,SUP_175
71215,METAL BASE FOR CANDLES,0.42,Home & Garden,SUP_877
22416,SET OF 36 DOILIES SPACEBOY DESIGN ,1.45,Toys,SUP_569
16156L,"WRAP, CAROUSEL",0.42,Electronics,SUP_512
23022,SMALL BONNE JAM JAR  T-LIGHT HOLDER,1.79,Home & Garden,SUP_352
23247,BISCUIT TIN 50'S CHRISTMAS,2.89,Electronics,SUP_216
90024D,NEW BAROQUE B'FLY NECKLACE PINK,8.5,Toys,SUP_485
22209,WOOD STAMP SET HAPPY BIRTHDAY,1.65,Home & Garden,SUP_855
23681,LUNCH BAG RED VINTAGE DOILY,1.65,Toys,SUP_969
23339,EGG FRYING PAN BLUE ,2.08,Groceries,SUP_477
22031,BOTANICAL LAVENDER BIRTHDAY CARD,0.42,Toys,SUP_950
21948,SET OF 6 CAKE CHOPSTICKS,1.25,Home & Garden,SUP_780
20773,BLUE PAISLEY NOTEBOOK,1.65,Toys,SUP_599
35598A,DUSTY PINK CHRISTMAS TREE 60CM,2.95,Logistics,SUP_699
22242,5 HOOK HANGER MAGIC TOADSTOOL,1.65,Toys,SUP_994
84842,HELLO SAILOR BATHROOM SET,3.75,Toys,SUP_587
23548,WRAP MAGIC FOREST ,0.42,Groceries,SUP_455
40003,WHITE BAMBOO RIBS LAMPSHADE,1.25,Home & Garden,SUP_350
84031A,CHARLIE+LOLA RED HOT WATER BOTTLE ,4.65,Toys,SUP_297
84750B,BLACK SMALL GLASS CAKE STAND,1.95,Electronics,SUP_249
84920,PINK FLOWER FABRIC PONY,3.75,Groceries,SUP_433
23185,FRENCH STYLE STORAGE JAR JAM,1.25,Groceries,SUP_359
21657,MILK BOTTLE WITH GLASS STOPPER ,6.95,Apparel,SUP_201
71053,WHITE METAL LANTERN,3.39,Apparel,SUP_540
23414,ZINC BOX SIGN HOME,9.95,Toys,SUP_969
23301,GARDENERS KNEELING PAD KEEP CALM ,1.65,Electronics,SUP_162
90058B,CRYSTAL STUD EARRINGS ASSORTED COL ,0.38,Logistics,SUP_424
22643,SET OF 4 NAPKIN CHARMS LEAVES   ,2.55,Toys,SUP_488
90141A,GREEN PENDANT TRIPLE SHELL NECKLACE,4.95,Groceries,SUP_263
15039,SANDALWOOD FAN,0.85,Groceries,SUP_975
85031A,ROMANTIC IMAGES SCRAP BOOK SET,4.95,Logistics,SUP_557
22262,FELT EGG COSY CHICKEN,0.85,Toys,SUP_442
20933,YELLOW POT PLANT CANDLE,3.75,Electronics,SUP_694
21448,12 DAISY PEGS IN WOOD BOX,1.65,Toys,SUP_321
22510,GINGHAM BABUSHKA DOORSTOP,3.75,Home & Garden,SUP_289
23023,RIDGED BONNE JAM JAR T-LIGHT HOLDER,1.65,Logistics,SUP_245
85169A,IVORY LOVE BIRD CANDLE,1.25,Electronics,SUP_194
85232B,SET OF 3 BABUSHKA STACKING TINS,4.95,Logistics,SUP_683
16010,FOLDING CAMPING SCISSOR W/KNIF & S,0.12,Toys,SUP_356
22307,GOLD MUG BONE CHINA TREE OF LIFE,1.95,Toys,SUP_166
23406,HOME SWEET HOME KEY HOLDER,6.25,Groceries,SUP_983
21899,"KEY FOB , GARAGE DESIGN",0.65,Groceries,SUP_916
85019C,CURIOUS  IMAGES NOTEBOOK SET,4.25,Electronics,SUP_504
84874B,BLUE TRAVEL FIRST AID KIT,1.65,Electronics,SUP_219
23371,SET 36 COLOUR PENCILS SPACEBOY ,1.25,Toys,SUP_486
21427,SKULLS STORAGE BOX SMALL,2.1,Logistics,SUP_998
23566,EGG CUP MILKMAID HEIDI,1.25,Toys,SUP_396
85214,TUB 24 PINK FLOWER PEGS,1.65,Electronics,SUP_356
21210,SET OF 72 RETROSPOT PAPER  DOILIES,1.45,Toys,SUP_659
21348,PINK SPOTS CHOCOLATE NESTING BOXES ,2.55,Electronics,SUP_268
23124,18PC WOODEN CUTLERY SET DISPOSABLE,1.25,Groceries,SUP_604
23425,STORAGE TIN HOME SWEET HOME,2.49,Apparel,SUP_539
22075,6 RIBBONS ELEGANT CHRISTMAS ,1.65,Electronics,SUP_680
21375,LARGE CAMPHOR WOOD FIELD MUSHROOM ,5.45,Apparel,SUP_753
20831,GOLD PHOTO FRAME,2.1,Logistics,SUP_985
22721,SET OF 3 CAKE TINS SKETCHBOOK,4.95,Toys,SUP_589
23267,SET OF 4 SANTA PLACE SETTINGS,1.25,Electronics,SUP_936
22838,3 TIER CAKE TIN RED AND CREAM,14.95,Toys,SUP_598
46000M,POLYESTER FILLER PAD 45x45cm,1.55,Home & Garden,SUP_836
85049A,TRADITIONAL CHRISTMAS RIBBONS,1.25,Groceries,SUP_337
47593B,SCOTTIE DOGS BABY BIB,1.25,Groceries,SUP_492
21131,GOLD STANDING GNOME,3.75,Logistics,SUP_225
90180A,BLACK+WHITE NECKLACE W TASSEL,9.95,Logistics,SUP_642
47563A,RETRO LONGBOARD IRONING BOARD COVER,3.75,Toys,SUP_307
84978,HANGING HEART JAR T-LIGHT HOLDER,1.25,Apparel,SUP_165
21985,PACK OF 12 HEARTS DESIGN TISSUES ,0.29,Groceries,SUP_604
84809B,PINK CHRYSANTHEMUMS ART FLOWER,2.1,Groceries,SUP_257
23134,LARGE ZINC HEART WALL ORGANISER,7.05,Electronics,SUP_171
22725,ALARM CLOCK BAKELIKE CHOCOLATE,3.75,Home & Garden,SUP_137
22547,MINI JIGSAW DINOSAUR ,0.42,Toys,SUP_331
22351,DOTCOMGIFTSHOP TEA TOWEL,1.65,Apparel,SUP_220
21911,GARDEN METAL SIGN ,1.65,Electronics,SUP_816
20696,FLORAL SOFT CAR TOY,3.75,Groceries,SUP_302
22153,ANGEL DECORATION STARS ON DRESS,0.42,Apparel,SUP_685
75178,ASSTD COL BUTTERFLY/CRYSTAL W/CHIME,0.42,Toys,SUP_742
23127,DOLLCRAFT GIRL NICOLE,4.95,Logistics,SUP_270
22268,EASTER DECORATION SITTING BUNNY,0.85,Home & Garden,SUP_253
23447,PINK BUNNY EASTER EGG BASKET,1.65,Toys,SUP_803
23531,WALL ART BIG LOVE ,4.77,Toys,SUP_800
22574,HEART WOODEN CHRISTMAS DECORATION,0.85,Home & Garden,SUP_178
22316,200 BENDY SKULL STRAWS,1.25,Home & Garden,SUP_468
20894,HANGING BAUBLE T-LIGHT HOLDER LARGE,2.95,Logistics,SUP_909
84968F,SET OF 16 VINTAGE SKY BLUE CUTLERY,12.75,Home & Garden,SUP_868
84800L,LARGE WHITE/PINK ROSE ART FLOWER,2.12,Toys,SUP_578
51020B,STRIPY DESIGN SHOWER CAP,1.25,Groceries,SUP_376
35910A,MULTICOLOUR EASTER RABBIT ,1.95,Groceries,SUP_666
37487B,YELLOW/ORANGE FLOWER DESIGN PLATE,0.29,Logistics,SUP_906
77079,DOLPHIN WINDMILL,2.12,Electronics,SUP_715
90195B,BLACK GEMSTONE BRACELET,8.95,Electronics,SUP_320
47556B,TEA TIME TEA TOWELS ,2.55,Electronics,SUP_530
72369A,PINK CLEAR GLASS CANDLE PLATE,1.25,Apparel,SUP_118
17090A,LAVENDER INCENSE 40 CONES IN TIN,1.25,Toys,SUP_766
23559,WOODLAND BUNNIES LOLLY MAKERS,2.08,Electronics,SUP_190
84763,ZINC FINISH 15CM PLANTER POTS,1.25,Toys,SUP_710
90018B,GOLD M.O.P ORBIT DROP EARRINGS,4.25,Home & Garden,SUP_864
90201A,PURPLE ENAMEL FLOWER RING,2.95,Apparel,SUP_288
22346,PARTY PIZZA DISH GREEN POLKADOT,0.85,Electronics,SUP_683
21975,PACK OF 60 DINOSAUR CAKE CASES,0.55,Electronics,SUP_985
90082B,DIAMANTE BOW BROOCH RED COLOUR,6.35,Logistics,SUP_499
84745A,PINK HANGING GINGHAM EASTER HEN,0.42,Groceries,SUP_542
22077,6 RIBBONS RUSTIC CHARM,1.65,Groceries,SUP_786
84802B,PURPLE ANEMONE ARTIFICIAL FLOWER,1.69,Logistics,SUP_500
21336,GOLD WASHBAG,2.95,Groceries,SUP_297
21328,BALLOONS  WRITING SET ,1.65,Apparel,SUP_179
22817,CARD SUKI BIRTHDAY,0.42,Logistics,SUP_588
23291,DOLLY GIRL CHILDRENS CUP,1.25,Apparel,SUP_221
22393,PAPERWEIGHT VINTAGE COLLAGE,2.55,Home & Garden,SUP_113
22025,RING OF ROSES BIRTHDAY CARD,0.42,Toys,SUP_835
20685,DOORMAT RED RETROSPOT,7.95,Logistics,SUP_999
22037,ROBOT BIRTHDAY CARD,0.42,Toys,SUP_383
84508C,BLUE CIRCLES DESIGN TEDDY,2.55,Home & Garden,SUP_453
22606,WOODEN SKITTLES GARDEN SET,15.95,Toys,SUP_528
22515,CHILDS GARDEN SPADE PINK,2.1,Toys,SUP_598
22309,TEA COSY RED  STRIPE,2.55,Toys,SUP_444
21314,SMALL GLASS HEART TRINKET POT,2.1,Electronics,SUP_229
84823,DANISH ROSE FOLDING CHAIR,7.95,Apparel,SUP_817
85180B,PINK HEARTS LIGHT CHAIN ,1.25,Apparel,SUP_730
22108,PING! MICROWAVE PLATE,3.75,Groceries,SUP_204
23076,ICE CREAM SUNDAE LIP GLOSS,1.25,Logistics,SUP_886
21272,SALLE DE BAIN HOOK,1.25,Logistics,SUP_441
20681,PINK POLKADOT CHILDRENS UMBRELLA,3.25,Toys,SUP_819
90036A,FLOWER GARLAND NECKLACE RED,7.95,Toys,SUP_532
22936,BAKING MOULD ROSE WHITE CHOCOLATE,3.25,Electronics,SUP_877
15044C,PURPLE PAPER PARASOL,2.95,Groceries,SUP_476
22662,LUNCH BAG DOLLY GIRL DESIGN,1.65,Toys,SUP_236
22494,EMERGENCY FIRST AID TIN ,1.25,Toys,SUP_968
84563B,BLUE & WHITE BREAKFAST TRAY,5.95,Toys,SUP_946
20963,APPLE BATH SPONGE,1.25,Toys,SUP_237
84813,SET OF 4 DIAMOND NAPKIN RINGS,12.75,Apparel,SUP_813
22895,SET OF 2 TEA TOWELS APPLE AND PEARS,2.95,Logistics,SUP_999
22437,SET OF 9 BLACK SKULL BALLOONS,0.85,Toys,SUP_244
16054,POPART RECT PENCIL SHARPENER ASST,0.42,Electronics,SUP_282
22144,CHRISTMAS CRAFT LITTLE FRIENDS,2.1,Toys,SUP_501
22103,MIRROR MOSAIC T-LIGHT HOLDER ROUND,1.65,Toys,SUP_711
90178A,AMBER CHUNKY GLASS+BEAD NECKLACE,11.95,Home & Garden,SUP_848
22500,SET OF 2 TINS JARDIN DE PROVENCE,4.95,Toys,SUP_715
85230B,CINNAMON SCENTED VOTIVE CANDLE,0.29,Home & Garden,SUP_473
16012,FOOD/DRINK SPONGE STICKERS,0.21,Home & Garden,SUP_876
20893,HANGING BAUBLE T-LIGHT HOLDER SMALL,2.1,Electronics,SUP_869
18098C,PORCELAIN BUTTERFLY OIL BURNER,2.95,Apparel,SUP_433
84926D,LA PALMIERA TILE COASTER,1.25,Home & Garden,SUP_208
23112,PARISIENNE CURIO CABINET,7.5,Toys,SUP_534
84824,DANISH ROSE UMBRELLA STAND,15.95,Logistics,SUP_834
23313,VINTAGE CHRISTMAS BUNTING,4.95,Electronics,SUP_875
20782,CAMOUFLAGE EAR MUFF HEADPHONES,5.49,Groceries,SUP_256
16161G,WRAP BAD HAIR DAY,0.1,Home & Garden,SUP_771
10133,COLOURING PENCILS BROWN TUBE,0.85,Apparel,SUP_495
84549,CROCHET WHITE RABBIT KEYRING ,1.65,Home & Garden,SUP_554
35923,CANDY HEART HANGING DECORATION,1.25,Groceries,SUP_700
22412,METAL SIGN NEIGHBOURHOOD WITCH ,2.1,Groceries,SUP_472
37489C,GREEN/BLUE FLOWER DESIGN BIG MUG,1.95,Home & Garden,SUP_890
22582,PACK OF 6 SWEETIE GIFT BOXES,2.55,Logistics,SUP_878
22579,WOODEN TREE CHRISTMAS SCANDINAVIAN,0.85,Toys,SUP_678
85161,ACRYLIC GEOMETRIC LAMP,18.95,Groceries,SUP_231
84247E,PACK/12 XMAS FUN CARD,2.95,Logistics,SUP_875
23036,T-LIGHT HOLDER SILVER PETIT FOUR ,1.25,Toys,SUP_144
22932,BAKING MOULD TOFFEE CUP CHOCOLATE,2.55,Electronics,SUP_484
37423,WHITE WITH BLACK CATS PLATE,0.85,Logistics,SUP_219
21395,BLUE POLKADOT BEAKER ,0.39,Apparel,SUP_924
22577,WOODEN HEART CHRISTMAS SCANDINAVIAN,0.85,Electronics,SUP_924
84876B,GREEN HEART COMPACT MIRROR,1.25,Electronics,SUP_590
22267,EASTER DECORATION EGG BUNNY ,1.25,Home & Garden,SUP_767
71477,COLOUR GLASS. STAR T-LIGHT HOLDER,3.25,Electronics,SUP_279
84854,GIRLY PINK TOOL SET,4.95,Toys,SUP_655
90016A,SILVER/M.O.P PENDANT ORBIT NECKLACE,8.5,Home & Garden,SUP_199
85179A,GREEN BITTY LIGHT CHAIN,4.65,Groceries,SUP_331
21284,RETROSPOT CANDLE  SMALL,1.69,Groceries,SUP_448
21617,4 LILY  BOTANICAL DINNER CANDLES,3.75,Groceries,SUP_457
47348A,FUSCHIA VOILE POINTY SHOE DEC,1.95,Apparel,SUP_696
35610B,BLACK CHRISTMAS FLOCK DROPLET ,1.25,Logistics,SUP_403
20868,SILVER FABRIC MIRROR,1.25,Electronics,SUP_764
22431,WATERING CAN BLUE ELEPHANT,1.95,Electronics,SUP_361
21788,KIDS RAIN MAC BLUE,0.85,Groceries,SUP_139
22670,FRENCH WC SIGN BLUE METAL,1.25,Electronics,SUP_285
22023,EMPIRE BIRTHDAY CARD,0.42,Apparel,SUP_183
22576,SWALLOW WOODEN CHRISTMAS DECORATION,0.85,Home & Garden,SUP_331
84050,PINK HEART SHAPE EGG FRYING PAN,1.25,Home & Garden,SUP_284
22328,ROUND SNACK BOXES SET OF 4 FRUITS ,2.95,Groceries,SUP_867
23178,JAM CLOCK MAGNET,2.89,Electronics,SUP_320
85216,ASSORTED CAKES FRIDGE MAGNETS,0.65,Toys,SUP_907
21769,VINTAGE POST OFFICE CABINET,79.95,Apparel,SUP_806
90202A,PURPLE ENAMEL FLOWER HAIR TIE,2.95,Electronics,SUP_599
47480,HANGING PHOTO CLIP ROPE LADDER,1.65,Groceries,SUP_154
22163,HEART STRING MEMO HOLDER HANGING,2.95,Electronics,SUP_480
21003,ROSE DU SUD CUSHION COVER,6.35,Groceries,SUP_258
90002D,FLOWER BURST SILVER RING CRYSTAL,3.75,Toys,SUP_691
84519A,TOMATO CHARLIE+LOLA COASTER SET,2.95,Toys,SUP_974
21472,LADYBIRD + BEE RAFFIA FOOD COVER,3.75,Toys,SUP_860
22474,SPACEBOY TV DINNER TRAY,4.95,Home & Garden,SUP_895
48188,DOORMAT WELCOME PUPPIES,7.95,Toys,SUP_743
79190B,RETRO PLASTIC POLKA TRAY,0.42,Electronics,SUP_576
16008,SMALL FOLDING SCISSOR(POINTED EDGE),0.25,Electronics,SUP_677
84723,CHERRY BLOSSOM CANVAS ART PICTURE,7.95,Apparel,SUP_861
23296,SET OF 6 TEA TIME BAKING CASES,1.04,Home & Garden,SUP_427
22372,AIRLINE BAG VINTAGE WORLD CHAMPION ,4.25,Logistics,SUP_642
23309,SET OF 60 I LOVE LONDON CAKE CASES ,0.55,Groceries,SUP_611
22608,PENS ASSORTED FUNKY JEWELED ,0.21,Toys,SUP_932
35004B,SET OF 3 BLACK FLYING DUCKS,4.65,Groceries,SUP_960
22354,RETROSPOT PADDED SEAT CUSHION,3.75,Apparel,SUP_781
85049C,ROMANTIC PINKS RIBBONS ,1.25,Home & Garden,SUP_279
22689,DOORMAT MERRY CHRISTMAS RED ,6.75,Logistics,SUP_451
22308,TEA COSY BLUE STRIPE,2.55,Electronics,SUP_279
23017,APOTHECARY MEASURING JAR,12.5,Logistics,SUP_815
21700,BIG DOUGHNUT FRIDGE MAGNETS,0.85,Groceries,SUP_961
90065A,WHITE VINTAGE CRYSTAL BRACELET,6.75,Apparel,SUP_780
23241,TREASURE TIN GYMKHANA DESIGN,2.08,Logistics,SUP_419
22980,PANTRY SCRUBBING BRUSH,1.65,Toys,SUP_604
23015,CORDIAL GLASS JUG,8.25,Logistics,SUP_406
21706,FOLDING UMBRELLA RED/WHITE POLKADOT,4.95,Groceries,SUP_121
22884,NUMBER TILE VINTAGE FONT 5,1.95,Toys,SUP_931
22553,PLASTERS IN TIN SKULLS,1.65,Electronics,SUP_191
23026,DRAWER KNOB VINTAGE GLASS STAR,1.79,Electronics,SUP_640
37491C,GREEN/BLUE CERAMIC CANDLE HOLDER,1.65,Electronics,SUP_871
22682,FRENCH BLUE METAL DOOR SIGN 7,1.25,Toys,SUP_395
21068,VINTAGE BILLBOARD LOVE/HATE MUG,1.06,Apparel,SUP_755
22496,SET OF 2 ROUND TINS DUTCH CHEESE,2.95,Toys,SUP_188
22669,RED BABY BUNTING ,2.95,Apparel,SUP_504
22061,LARGE CAKE STAND  HANGING STRAWBERY,9.95,Logistics,SUP_279
22266,EASTER DECORATION HANGING BUNNY,0.65,Toys,SUP_763
22271,FELTCRAFT DOLL ROSIE,2.95,Electronics,SUP_160
22906,12 MESSAGE CARDS WITH ENVELOPES,1.65,Home & Garden,SUP_610
23524,HORSE & PONY WALL ART,3.75,Apparel,SUP_623
72800D,4 BLUE DINNER CANDLES SILVER FLOCK,2.55,Apparel,SUP_159
21320,GLASS CHALICE GREEN  LARGE ,2.55,Home & Garden,SUP_670
47590B,PINK HAPPY BIRTHDAY BUNTING,5.45,Home & Garden,SUP_441
22221,CAKE STAND LOVEBIRD 2 TIER PINK,9.95,Groceries,SUP_342
23010,CIRCUS PARADE BABY GIFT SET,14.95,Groceries,SUP_672
21355,TOAST ITS - I LOVE YOU ,1.25,Home & Garden,SUP_251
20798,CLEAR MILKSHAKE GLASS,2.1,Logistics,SUP_375
23101,SILVER STARS TABLE DECORATION,0.83,Apparel,SUP_500
90011A,MIDNIGHT BLUE CRYSTAL DROP EARRINGS,2.95,Apparel,SUP_791
23469,CARD HOLDER LOVE BIRD SMALL,4.15,Electronics,SUP_151
23254,CHILDRENS CUTLERY DOLLY GIRL ,4.15,Logistics,SUP_740
84919,BLUE CUSHION COVER WITH FLOWER,6.95,Electronics,SUP_848
23661,MILK MAIDS MUG ,1.65,Groceries,SUP_273
47422,ASSORTED MONKEY SUCTION CUP HOOK,0.42,Logistics,SUP_568
23099,FRENCH CARRIAGE LANTERN,6.65,Home & Garden,SUP_877
10120,DOGGY RUBBER,0.21,Toys,SUP_566
21372,MIRRORED WALL ART TABLE LAMP,2.95,Electronics,SUP_725
22155,STAR DECORATION RUSTIC,0.42,Groceries,SUP_816
22791,T-LIGHT GLASS FLUTED ANTIQUE,1.25,Apparel,SUP_296
72816,SET/3 CHRISTMAS DECOUPAGE CANDLES,1.25,Electronics,SUP_462
22362,GLASS JAR PEACOCK BATH SALTS,2.95,Groceries,SUP_915
23533,WALL ART GARDEN HAVEN ,3.88,Apparel,SUP_167
22465,HANGING METAL STAR LANTERN,1.65,Groceries,SUP_492
21527,RED RETROSPOT TRADITIONAL TEAPOT ,7.95,Electronics,SUP_984
21880,RED RETROSPOT TAPE,0.65,Home & Garden,SUP_159
21943,CAKES AND RABBITS DESIGN FLANNEL ,0.85,Groceries,SUP_728
21761,WOOD AND GLASS MEDICINE CABINET,29.95,Toys,SUP_167
23107,WHITE WIRE PLANT POT HOLDER,2.89,Electronics,SUP_938
37489B,BLUE/YELLOW FLOWER DESIGN BIG MUG,1.95,Groceries,SUP_446
21754,HOME BUILDING BLOCK WORD,5.95,Electronics,SUP_650
21629,SQUARE FLOOR CUSHION VINTAGE RED,7.95,Logistics,SUP_640
17096,ASSORTED LAQUERED INCENSE HOLDERS,0.17,Logistics,SUP_308
84509A,SET OF 4 ENGLISH ROSE PLACEMATS,3.75,Toys,SUP_490
21259,VICTORIAN SEWING BOX SMALL ,5.95,Home & Garden,SUP_527
84086B,YELLOW/BLUE RETRO RADIO,2.95,Home & Garden,SUP_706
20750,RED RETROSPOT MINI CASES,7.95,Logistics,SUP_760
84925F,PSYCHEDELIC WALL THERMOMETER,2.55,Home & Garden,SUP_663
20840,FRENCH FLORAL CUSHION COVER ,0.85,Logistics,SUP_868
22436,12 COLOURED PARTY BALLOONS,0.65,Apparel,SUP_866
84596B,SMALL DOLLY MIX DESIGN ORANGE BOWL,1.25,Toys,SUP_559
22738,RIBBON REEL SNOWY VILLAGE,1.65,Toys,SUP_188
84535B,FAIRY CAKES NOTEBOOK A6 SIZE,0.65,Apparel,SUP_440
20775,DAISY NOTEBOOK ,1.65,Toys,SUP_976
21723,ALPHABET HEARTS STICKER SHEET,0.85,Home & Garden,SUP_954
22310,IVORY KNITTED MUG COSY ,1.65,Toys,SUP_648
21035,SET/2 RED RETROSPOT TEA TOWELS ,2.95,Apparel,SUP_543
21631,HIPPY CHIC DECORATIVE PARASOL,3.95,Apparel,SUP_160
22091,EMPIRE TISSUE BOX,1.25,Toys,SUP_682
21051,RIBBONS PURSE ,2.1,Apparel,SUP_950
84872A,TEATIME FUNKY FLOWER BACKPACK FOR 2,16.95,Apparel,SUP_571
21818,GLITTER CHRISTMAS HEART ,0.85,Home & Garden,SUP_326
35638A,PINK AND BLACK STRING CURTAIN,5.95,Groceries,SUP_722
22883,NUMBER TILE VINTAGE FONT 4,0.42,Logistics,SUP_546
21367,MIRRORED WALL ART GENTS,2.55,Groceries,SUP_667
21191,LARGE WHITE HONEYCOMB PAPER BELL  ,2.1,Groceries,SUP_915
84968E,SET OF 16 VINTAGE BLACK CUTLERY,12.75,Apparel,SUP_581
90160A,PURPLE BOUDICCA LARGE BRACELET,6.95,Logistics,SUP_971
22382,LUNCH BAG SPACEBOY DESIGN ,1.65,Home & Garden,SUP_685
22687,DOORMAT CHRISTMAS VILLAGE,7.95,Toys,SUP_735
84877B,GREEN ROUND COMPACT MIRROR,1.25,Groceries,SUP_968
21198,WHITE HEART CONFETTI IN TUBE,0.42,Apparel,SUP_300
22403,MAGNETS PACK OF 4 VINTAGE LABELS ,1.25,Apparel,SUP_800
90161D,ANT COPPER PINK BOUDICCA BRACELET,4.95,Groceries,SUP_493
M,Manual,1.25,Apparel,SUP_149
22199,FRYING PAN RED RETROSPOT,4.25,Apparel,SUP_280
84792,ENCHANTED BIRD COATHANGER 5 HOOK,4.65,Electronics,SUP_561
84279P,CHERRY BLOSSOM  DECORATIVE FLASK,3.75,Groceries,SUP_721
22333,RETROSPOT PARTY BAG + STICKER SET,1.65,Electronics,SUP_499
85086A,CANDY SPOT HEART DECORATION,0.85,Home & Garden,SUP_318
21096,SET/6 FRUIT SALAD  PAPER PLATES,0.85,Logistics,SUP_285
72351A,SET/6 TURQUOISE BUTTERFLY T-LIGHTS,2.1,Groceries,SUP_469
85232A,SET/3 POLKADOT STACKING TINS,4.95,Home & Garden,SUP_871
85141,JARDIN ETCHED GLASS FRUITBOWL,10.75,Toys,SUP_557
90058A,CRYSTAL STUD EARRINGS CLEAR DISPLAY,0.38,Home & Garden,SUP_927
21814,HEART T-LIGHT HOLDER ,1.45,Electronics,SUP_127
22946,WOODEN ADVENT CALENDAR CREAM,16.95,Logistics,SUP_606
22090,PAPER BUNTING RETROSPOT,2.95,Apparel,SUP_597
22339,CHRISTMAS TREE PAINTED ZINC ,0.65,Apparel,SUP_129
23256,CHILDRENS CUTLERY SPACEBOY ,4.15,Toys,SUP_117
22049,WRAP CHRISTMAS SCREEN PRINT,0.42,Apparel,SUP_547
23171,REGENCY TEA PLATE GREEN ,1.65,Electronics,SUP_508
72709,IVORY SCULPTED RND CANDLE ,0.85,Electronics,SUP_830
22886,NUMBER TILE VINTAGE FONT 7,0.42,Electronics,SUP_120
23410,CURIO CABINET LINEN AND LACE ,8.15,Groceries,SUP_719
22141,CHRISTMAS CRAFT TREE TOP ANGEL,2.1,Home & Garden,SUP_238
22421,LIPSTICK PEN FUSCHIA,0.42,Home & Garden,SUP_895
21468,BUTTERFLY CROCHET FOOD COVER,3.75,Logistics,SUP_899
22113,GREY HEART HOT WATER BOTTLE,3.75,Logistics,SUP_152
23456,MEDIUM PARLOUR PICTURE FRAME ,4.15,Logistics,SUP_351
90208,PAIR OF PINK FLOWER CLUSTER SLIDE,2.55,Groceries,SUP_284
16014,SMALL CHINESE STYLE SCISSOR,0.42,Electronics,SUP_493
37343,POLKADOT MUG PINK ,1.65,Toys,SUP_957
23380,PACK OF 12 VINTAGE DOILY TISSUES,0.39,Apparel,SUP_573
90214V,"LETTER ""V"" BLING KEY RING",1.25,Home & Garden,SUP_500
90198A,VINTAGE ROSE BEAD BRACELET RASPBERR,4.25,Toys,SUP_445
37450,CERAMIC CAKE BOWL + HANGING CAKES,2.95,Toys,SUP_837
90093,CLEAR CRYSTAL STAR PHONE CHARM,0.85,Apparel,SUP_183
22041,"RECORD FRAME 7"" SINGLE SIZE ",2.1,Groceries,SUP_177
85038,6 CHOCOLATE LOVE HEART T-LIGHTS,1.69,Electronics,SUP_583
84675,FROG KING WATERING CAN,2.95,Apparel,SUP_790
21678,PAISLEY PATTERN  STICKERS,0.85,Electronics,SUP_237
22375,AIRLINE BAG VINTAGE JET SET BROWN,4.25,Groceries,SUP_514
21025,SPACE FROG,1.25,Electronics,SUP_639
22653,BUTTON BOX ,1.95,Logistics,SUP_804
20932,PINK POT PLANT CANDLE,3.75,Home & Garden,SUP_918
90214A,"LETTER ""A"" BLING KEY RING",1.25,Home & Garden,SUP_454
23843,"PAPER CRAFT , LITTLE BIRDIE",2.08,Electronics,SUP_601
85212,MINI PAINTED GARDEN DECORATION ,0.21,Toys,SUP_146
21622,VINTAGE UNION JACK CUSHION COVER,4.95,Apparel,SUP_231
21199,PINK  HEART CONFETTI IN TUBE,1.65,Home & Garden,SUP_356
23133,LARGE IVORY HEART WALL ORGANISER,7.05,Home & Garden,SUP_113
90024B,NEW BAROQUE B'FLY NECKLACE RED,8.5,Apparel,SUP_533
22718,CARD CAT AND TREE ,0.42,Apparel,SUP_485
84507C,BLUE CIRCLES DESIGN MONKEY DOLL,2.55,Home & Garden,SUP_507
72801D,4 SKY BLUE DINNER CANDLES,1.25,Logistics,SUP_456
21386,IVORY HANGING DECORATION  EGG,0.85,Electronics,SUP_867
23151,ZINC SWEETHEART SOAP DISH,2.49,Electronics,SUP_411
23373,VINTAGE CHRISTMAS PAPER GIFT BAG,0.82,Electronics,SUP_767
84563A,PINK & WHITE BREAKFAST TRAY,5.95,Home & Garden,SUP_784
22429,ENAMEL MEASURING JUG CREAM,4.25,Toys,SUP_775
20668,DISCO BALL CHRISTMAS DECORATION,0.1,Groceries,SUP_554
20837,FRENCH FLORAL CUSHION COVER ,2.95,Toys,SUP_618
22098,BOUDOIR SQUARE TISSUE BOX,1.25,Groceries,SUP_193
17038,PORCELAIN BUDAH INCENSE HOLDER,0.07,Apparel,SUP_907
35651,VINTAGE BEAD PINK SCARF ,1.65,Toys,SUP_191
16045,POPART WOODEN PENCILS ASST,0.12,Logistics,SUP_472
23217,LAUREL HEART ANTIQUE SILVER,1.04,Electronics,SUP_331
23084,RABBIT NIGHT LIGHT,2.08,Apparel,SUP_452
23494,VINTAGE DOILY DELUXE SEWING KIT ,5.95,Toys,SUP_148
22173,METAL 4 HOOK HANGER FRENCH CHATEAU,2.95,Toys,SUP_226
23159,SET OF 5 PANCAKE DAY MAGNETS,2.08,Toys,SUP_130
22686,FRENCH BLUE METAL DOOR SIGN No,1.25,Apparel,SUP_738
22210,WOOD STAMP SET BEST WISHES,1.65,Electronics,SUP_844
85032B,BLOSSOM IMAGES GIFT WRAP SET,2.1,Apparel,SUP_313
90192,JADE DROP EARRINGS W FILIGREE,4.95,Logistics,SUP_989
22839,3 TIER CAKE TIN GREEN AND CREAM,14.95,Apparel,SUP_248
22676,FRENCH BLUE METAL DOOR SIGN 1,1.25,Groceries,SUP_300
22169,FAMILY ALBUM WHITE PICTURE FRAME,8.5,Apparel,SUP_343
22314,OFFICE MUG WARMER CHOC+BLUE,2.95,Toys,SUP_397
22215,CAKE STAND WHITE TWO TIER LACE,8.5,Groceries,SUP_887
84406B,CREAM CUPID HEARTS COAT HANGER,2.75,Electronics,SUP_627
84575A,PINK DOG CANNISTER,5.95,Groceries,SUP_804
90125B,AQUA BERTIE GLASS BEAD BAG CHARM,0.85,Apparel,SUP_427
22671,FRENCH LAUNDRY SIGN BLUE METAL,1.65,Electronics,SUP_478
23529,DOLLY GIRL WALL ART,3.75,Groceries,SUP_585
20934,SET/3 POT PLANT CANDLES,5.45,Apparel,SUP_214
22891,TEA FOR ONE POLKADOT,4.25,Apparel,SUP_457
90014A,SILVER/MOP ORBIT NECKLACE,9.95,Electronics,SUP_539
22998,TRAVEL CARD WALLET KEEP CALM,0.42,Apparel,SUP_390
22194,BLACK DINER WALL CLOCK,8.5,Toys,SUP_636
44089C,LILAC GAUZE BUTTERFLY LAMPSHADE,0.42,Logistics,SUP_895
21239,PINK  POLKADOT CUP,0.85,Apparel,SUP_685
23526,DOG LICENCE WALL ART,3.88,Toys,SUP_438
22176,BLUE OWL SOFT TOY,2.95,Electronics,SUP_566
21830,ASSORTED CREEPY CRAWLIES,0.42,Groceries,SUP_103
21844,RED RETROSPOT MUG,2.95,Electronics,SUP_229
22760,"TRAY, BREAKFAST IN BED",12.75,Home & Garden,SUP_384
90197B,BLACK GLASS BRACELET W HEART CHARMS,4.95,Electronics,SUP_425
23508,MINI PLAYING CARDS DOLLY GIRL ,0.42,Home & Garden,SUP_920
22602,CHRISTMAS RETROSPOT HEART WOOD,0.85,Electronics,SUP_619
37467,PIG MUG IN TWO COLOUR DESIGNS,0.85,Toys,SUP_258
90146,FINE SILVER NECKLACE W PASTEL FLOWE,7.5,Apparel,SUP_426
79323P,PINK CHERRY LIGHTS,6.75,Electronics,SUP_496
21578,WOODLAND DESIGN  COTTON TOTE BAG,2.25,Home & Garden,SUP_864
21829,DINOSAUR KEYRINGS ASSORTED,0.21,Apparel,SUP_796
22270,HAPPY EASTER HANGING DECORATION,3.75,Logistics,SUP_697
84660C,PINK STITCHED WALL CLOCK,1.25,Apparel,SUP_319
37471,MULTICOLOUR POLKADOT PLATE,0.85,Groceries,SUP_585
84661B,BLACK SQUARE TABLE CLOCK,2.55,Apparel,SUP_636
90200C,BLUE SWEETHEART BRACELET,4.25,Groceries,SUP_134
90164B,WHITE  ROSEBUD PEARL BRACELET,7.5,Home & Garden,SUP_692
84877A,PINK ROUND COMPACT MIRROR,1.25,Apparel,SUP_678
23123,COCKTAIL SWORDS 50 PIECES,0.83,Logistics,SUP_574
85174,S/4 CACTI CANDLES,4.25,Groceries,SUP_928
22739,RIBBON REEL CHRISTMAS SOCK BAUBLE,1.65,Logistics,SUP_816
22806,SET OF 6 T-LIGHTS WEDDING CAKE ,2.95,Toys,SUP_245
21518,BANK ACCOUNT  GREETING  CARD ,0.42,Home & Garden,SUP_845
22079,RIBBON REEL HEARTS DESIGN ,1.65,Electronics,SUP_439
85027L,FRENCH CHATEAU LARGE PLATTER ,7.95,Groceries,SUP_955
22982,PANTRY PASTRY BRUSH,1.25,Electronics,SUP_338
23545,WRAP RED DOILEY,0.42,Electronics,SUP_477
85017C,ENVELOPE 50 CURIOUS IMAGES,0.85,Logistics,SUP_949
22111,SCOTTIE DOG HOT WATER BOTTLE,4.95,Home & Garden,SUP_335
84876D,BLUE HEART COMPACT MIRROR,3.75,Home & Garden,SUP_410
21391,FRENCH LAVENDER SCENT HEART,2.1,Groceries,SUP_945
85094,CANDY SPOT EGG WARMER RABBIT,1.25,Logistics,SUP_664
90214U,"LETTER ""U"" BLING KEY RING",0.29,Electronics,SUP_321
22722,SET OF 6 SPICE TINS PANTRY DESIGN,3.95,Electronics,SUP_119
21316,SMALL CHUNKY GLASS ROMAN  BOWL,2.95,Apparel,SUP_658
22621,TRADITIONAL KNITTING NANCY,1.45,Groceries,SUP_761
85183B,CHARLIE & LOLA WASTEPAPER BIN FLORA,1.25,Toys,SUP_308
22291,HANGING CHICK CREAM DECORATION,1.45,Toys,SUP_103
22507,MEMO BOARD RETROSPOT  DESIGN,4.95,Toys,SUP_560
20761,BLUE PAISLEY SKETCHBOOK,3.75,Home & Garden,SUP_366
23272,TREE T-LIGHT HOLDER WILLIE WINKIE,1.65,Toys,SUP_934
21169,YOU'RE CONFUSING ME METAL SIGN ,1.69,Toys,SUP_497
21065,BOOM BOX SPEAKER GIRLS,5.95,Groceries,SUP_249
90190B,GOLD/AMBER DROP EARRINGS W LEAF,2.95,Home & Garden,SUP_700
21200,MULTICOLOUR HONEYCOMB PAPER GARLAND,1.65,Electronics,SUP_467
84509C,SET OF 4 POLKADOT PLACEMATS ,3.75,Toys,SUP_450
84551,CROCHET DOG KEYRING,1.65,Logistics,SUP_419
37444B,BLUE BREAKFAST CUP AND SAUCER ,2.95,Apparel,SUP_736
22127,PARTY CONES CARNIVAL ASSORTED,1.25,Apparel,SUP_563
21222,SET/4 BADGES BEETLES,1.25,Electronics,SUP_445
22720,SET OF 3 CAKE TINS PANTRY DESIGN ,4.95,Electronics,SUP_775
84012,MAGIC SHEEP WOOL GROWING FROM PAPER,2.55,Toys,SUP_897
23197,SKETCHBOOK MAGNETIC SHOPPING LIST,1.45,Apparel,SUP_260
23332,IVORY WICKER HEART LARGE,1.65,Toys,SUP_920
90133,TEAL/FUSCHIA COL BEAD NECKLACE,4.95,Groceries,SUP_843
85087,CANDY SPOT CUSHION COVER,2.95,Apparel,SUP_860
17091A,LAVENDER INCENSE IN TIN,1.25,Logistics,SUP_693
20699,MOUSEY LONG LEGS SOFT TOY,2.55,Logistics,SUP_278
35004G,SET OF 3 GOLD FLYING DUCKS,6.35,Electronics,SUP_843
21115,ROSE CARAVAN DOORSTOP,6.75,Groceries,SUP_951
82599,FANNY'S REST STOPMETAL SIGN,2.1,Logistics,SUP_504
21929,JUMBO BAG PINK VINTAGE PAISLEY,1.95,Groceries,SUP_877
C2,CARRIAGE,50.0,Electronics,SUP_109
84508B,STRIPES DESIGN TEDDY,2.55,Apparel,SUP_258
84840,SWEETHEART CARRY-ALL BASKET,8.5,Groceries,SUP_461
85136B,BLUE SHARK HELICOPTER,7.95,Apparel,SUP_955
35001W,HAND OPEN SHAPE DECO.WHITE,3.49,Apparel,SUP_932
21698,MOCK LOBSTER FRIDGE MAGNET,0.85,Groceries,SUP_807
44242B,PINK FEATHERS CURTAIN,1.25,Apparel,SUP_933
85124C,GREEN JUICY FRUIT PHOTO FRAME,2.55,Home & Garden,SUP_611
23074,EMBOSSED HEART TRINKET BOX,2.08,Toys,SUP_400
20997,ROSE DU SUD CUSHION COVER ,4.95,Apparel,SUP_407
21038,SET/4 MODERN VINTAGE COTTON NAPKINS,2.95,Logistics,SUP_439
23183,MOTHER'S KITCHEN SPOON REST ,3.75,Apparel,SUP_831
21898,POTTING SHED ROSE CANDLE,2.95,Logistics,SUP_392
90039A,FIRE POLISHED GLASS BRACELET RED,3.75,Toys,SUP_495
22954,HEN PARTY CORDON BARRIER TAPE,1.25,Electronics,SUP_788
21630,FLOOR CUSHION ELEPHANT CARNIVAL,8.95,Home & Garden,SUP_615
90160D,PINK BOUDICCA LARGE BRACELET,6.95,Groceries,SUP_113
22179,SET 10 LIGHTS NIGHT OWL,6.75,Home & Garden,SUP_891
22406,MONEY BOX KINGS CHOICE DESIGN,1.25,Electronics,SUP_257
21313,GLASS HEART T-LIGHT HOLDER ,0.85,Home & Garden,SUP_320
85135C,RED DRAGONFLY HELICOPTER,7.95,Groceries,SUP_238
79336,LIGHT PINK FLOCK GLASS CANDLEHOLDER,0.38,Logistics,SUP_681
90177B,DROP DIAMANTE EARRINGS BLACK DIAMON,2.95,Home & Garden,SUP_268
84206B,CAT WITH SUNGLASSES BLANK CARD,0.19,Apparel,SUP_548
22272,FELTCRAFT DOLL MARIA,2.95,Groceries,SUP_926
22619,SET OF 6 SOLDIER SKITTLES,3.75,Logistics,SUP_934
21504,SKULLS GREETING CARD,0.42,Electronics,SUP_634
35971,ROSE FOLKART HEART DECORATIONS,1.25,Logistics,SUP_284
23199,JUMBO BAG APPLES,2.08,Logistics,SUP_234
23544,WALL ART MID CENTURY MODERN ,8.25,Electronics,SUP_260
35637C,PINK STRING CURTAIN WITH POLE,5.95,Groceries,SUP_952
84760S,SMALL HANGING GLASS+ZINC LANTERN,1.45,Apparel,SUP_441
35638B,PINK/BLUE STRING CURTAIN ,1.95,Apparel,SUP_516
84006,MAGIC TREE -PAPER FLOWERS,0.85,Home & Garden,SUP_709
84754,S/15 SILVER GLASS BAUBLES IN BAG,1.25,Toys,SUP_864
22665,RECIPE BOX BLUE SKETCHBOOK DESIGN,2.95,Groceries,SUP_773
21215,IVORY PAPER CUP CAKE CASES ,0.42,Toys,SUP_208
22763,KEY CABINET MA CAMPAGNE,9.95,Toys,SUP_838
15058C,ICE CREAM DESIGN GARDEN PARASOL,7.95,Electronics,SUP_684
22979,PANTRY WASHING UP BRUSH,1.45,Logistics,SUP_456
22983,CARD BILLBOARD FONT,0.42,Groceries,SUP_404
23479,WIRE EGG BASKET ,7.85,Apparel,SUP_679
85062,PEARL CRYSTAL PUMPKIN T-LIGHT HLDR,1.65,Home & Garden,SUP_321
23187,FRENCH STYLE STORAGE JAR BONBONS,1.25,Logistics,SUP_221
90089,PINK CRYSTAL SKULL PHONE CHARM,0.19,Apparel,SUP_759
22449,SILK PURSE BABUSHKA PINK,3.35,Groceries,SUP_503
37476,CONDIMENT TRAY 4 BOWLS AND 4 SPOONS,9.95,Home & Garden,SUP_118
21535,RED RETROSPOT SMALL MILK JUG,2.55,Groceries,SUP_430
22994,TRAVEL CARD WALLET RETROSPOT,0.42,Logistics,SUP_673
21212,PACK OF 72 RETROSPOT CAKE CASES,0.42,Electronics,SUP_665
22175,PINK OWL SOFT TOY,2.95,Home & Garden,SUP_633
44092B,BLUE WHITE PLASTIC RINGS LAMPSHADE,0.85,Electronics,SUP_600
21509,COWBOYS AND INDIANS BIRTHDAY CARD ,0.42,Toys,SUP_318
85176,SEWING SUSAN 21 NEEDLE SET,0.85,Electronics,SUP_742
23073,GEORGIAN TRINKET BOX,12.5,Groceries,SUP_822
22592,CARDHOLDER HOLLY WREATH METAL,3.75,Electronics,SUP_988
23186,FRENCH STYLE STORAGE JAR CAFE ,1.25,Groceries,SUP_783
22545,MINI JIGSAW BUNNIES,0.36,Electronics,SUP_946
46775D,SUNSET COLOUR CHUNKY KNITTED THROW,16.95,Electronics,SUP_706
23288,GREEN VINTAGE SPOT BEAKER,0.85,Apparel,SUP_125
23172,REGENCY TEA PLATE PINK,1.65,Home & Garden,SUP_581
85020,ROUND PINK HEART MIRROR,2.1,Groceries,SUP_423
22374,AIRLINE BAG VINTAGE JET SET RED,4.25,Toys,SUP_222
20754,RETROSPOT RED WASHING UP GLOVES,2.1,Apparel,SUP_220
47341A,FUSCHIA TABLE RUN FLOWER ,3.75,Groceries,SUP_768
82011B,BATHROOM SCALES RUBBER DUCKS,3.75,Logistics,SUP_669
21794,CLASSIC FRENCH STYLE BASKET NATURAL,6.75,Electronics,SUP_791
22306,SILVER MUG BONE CHINA TREE OF LIFE,1.95,Groceries,SUP_675
23555,LANDMARK FRAME NOTTING HILL ,12.5,Home & Garden,SUP_636
90026C,GLASS BEAD HOOP NECKLACE GREEN,8.5,Apparel,SUP_847
90033,IVORY SHELL HEART EARRINGS,2.55,Home & Garden,SUP_164
23307,SET OF 60 PANTRY DESIGN CAKE CASES ,0.55,Home & Garden,SUP_162
35913B,WHITE/PINK CHICK EASTER DECORATION,0.85,Logistics,SUP_121
90120C,GREEN MURANO TWIST BRACELET,4.25,Home & Garden,SUP_239
22337,ANGEL DECORATION PAINTED ZINC ,0.65,Groceries,SUP_845
23226,FILIGREE HEART DAISY WHITE,1.25,Electronics,SUP_912
21587,COSY HOUR GIANT TUBE MATCHES,2.55,Apparel,SUP_157
20974,12 PENCILS SMALL TUBE SKULL,0.65,Logistics,SUP_216
21884,CAKES AND BOWS GIFT  TAPE,0.65,Apparel,SUP_353
22853,CAT BOWL VINTAGE CREAM,3.25,Electronics,SUP_464
22283,6 EGG HOUSE PAINTED WOOD,7.95,Logistics,SUP_627
37501,TEA TIME TEA SET IN GIFT BOX,6.95,Electronics,SUP_783
35443,RASTA IN BATH W SPLIFF ASHTRAY,0.85,Electronics,SUP_944
84963B,BLUE PAINTED KASHMIRI CHAIR,49.95,Groceries,SUP_491
23493,VINTAGE DOILY TRAVEL SEWING KIT,1.95,Toys,SUP_986
22843,BISCUIT TIN VINTAGE GREEN,6.75,Toys,SUP_245
90040B,MURANO STYLE GLASS BRACELET BLACK,3.5,Apparel,SUP_965
85089,CANDY SPOT BUNNY,2.95,Logistics,SUP_768
90178B,PURPLE CHUNKY GLASS+BEAD NECKLACE,11.95,Home & Garden,SUP_121
21488,RED WHITE SCARF  HOT WATER BOTTLE,3.95,Toys,SUP_910
21784,SHOE SHINE BOX ,9.95,Apparel,SUP_822
23235,STORAGE TIN VINTAGE LEAF,2.89,Home & Garden,SUP_426
23290,SPACEBOY CHILDRENS BOWL,1.25,Home & Garden,SUP_628
71496B,A4 WALL TIDY RED FLOWERS,0.65,Electronics,SUP_335
22459,CAST IRON HOOK GARDEN TROWEL,2.55,Groceries,SUP_694
22825,DECORATIVE PLANT POT WITH FRIEZE,7.95,Toys,SUP_223
22101,MIRROR MOSAIC VOTIVE HOLDER,2.1,Apparel,SUP_758
23108,SET OF 10 LED DOLLY LIGHTS,6.25,Apparel,SUP_188
47593A,CAROUSEL PONIES BABY BIB,1.25,Toys,SUP_379
90195A,PURPLE GEMSTONE BRACELET,8.95,Groceries,SUP_179
62018,SOMBRERO ,1.95,Home & Garden,SUP_826
90214S,"LETTER ""S"" BLING KEY RING",1.25,Groceries,SUP_678
23218,LAUREL STAR ANTIQUE GOLD,1.25,Electronics,SUP_333
22622,BOX OF VINTAGE ALPHABET BLOCKS,9.95,Apparel,SUP_392
84402B,PURPLE DRESS JEWELLERY STAND,0.79,Apparel,SUP_488
21868,POTTING SHED TEA MUG,1.25,Home & Garden,SUP_509
21787,RAIN PONCHO RETROSPOT,0.85,Apparel,SUP_786
22323,PINK POLKADOT KIDS BAG,1.95,Electronics,SUP_274
23388,WOODLAND MINI BACKPACK,4.15,Toys,SUP_743
90200B,BLACK SWEETHEART BRACELET,4.25,Apparel,SUP_730
21428,SET3 BOOK BOX GREEN GINGHAM FLOWER ,4.25,Logistics,SUP_365
23527,ANIMALS AND NATURE WALL ART,3.75,Groceries,SUP_505
21121,SET/10 RED POLKADOT PARTY CANDLES,1.25,Apparel,SUP_582
21066,VINTAGE RED MUG,1.25,Toys,SUP_371
22728,ALARM CLOCK BAKELIKE PINK,3.75,Toys,SUP_657
21815,STAR  T-LIGHT HOLDER ,1.45,Home & Garden,SUP_998
21196,ROUND WHITE CONFETTI IN TUBE,1.65,Home & Garden,SUP_674
22623,BOX OF VINTAGE JIGSAW BLOCKS ,4.95,Apparel,SUP_815
22305,COFFEE MUG PINK PAISLEY DESIGN,2.55,Toys,SUP_192
21824,PAINTED METAL STAR WITH HOLLY BELLS,1.45,Electronics,SUP_565
22598,CHRISTMAS MUSICAL ZINC TREE,0.85,Apparel,SUP_721
21382,SET/4 SPRING FLOWER DECORATION,2.95,Electronics,SUP_302
21189,WHITE HONEYCOMB PAPER GARLAND ,1.65,Toys,SUP_794
16016,LARGE CHINESE STYLE SCISSOR,0.85,Apparel,SUP_884
62086A,PINK RETRO BIG FLOWER BAG,1.95,Groceries,SUP_974
84856S,SMALL TAHITI BEACH BAG,3.81,Groceries,SUP_221
47566,PARTY BUNTING,4.65,Home & Garden,SUP_467
85034B,3 WHITE CHOC MORRIS BOXED CANDLES,4.25,Groceries,SUP_829
21634,ASSORTED MINI MADRAS NOTEBOOK,1.25,Apparel,SUP_657
15056N,EDWARDIAN PARASOL NATURAL,5.95,Home & Garden,SUP_891
85170B,SET/6 BLACK BIRD T-LIGHT CANDLES,2.1,Logistics,SUP_389
22789,T-LIGHT HOLDER SWEETHEART HANGING,1.95,Electronics,SUP_234
21810,CHRISTMAS HANGING STAR WITH BELL,1.25,Toys,SUP_744
20757,RED DAISY POCKET BOOK ,0.85,Home & Garden,SUP_841
84597B,RETRO BROWN BALL ASHTRAY ,1.25,Logistics,SUP_928
85023B,EAU DE NILE JEWELLED PHOTOFRAME,2.55,Home & Garden,SUP_851
44089A,PINK GAUZE BUTTERFLY LAMPSHADE,0.42,Apparel,SUP_728
22168,ORGANISER WOOD ANTIQUE WHITE ,8.5,Groceries,SUP_975
84452,METAL RABBIT LADDER EASTER ,0.85,Electronics,SUP_684
22256,FELT FARM ANIMAL CHICKEN,1.25,Electronics,SUP_231
84985A,SET OF 72 GREEN PAPER DOILIES,1.45,Logistics,SUP_619
22713,CARD I LOVE LONDON ,0.42,Logistics,SUP_717
20839,FRENCH PAISLEY CUSHION COVER ,2.95,Logistics,SUP_634
85068,CREAM SWEETHEART SHELF + HOOKS,7.95,Apparel,SUP_336
90183C,BLACK DROP EARRINGS W LONG BEADS,2.95,Apparel,SUP_815
22060,LARGE CAKE STAND HANGING HEARTS,9.95,Toys,SUP_534
22165,"DIAMANTE HEART SHAPED WALL MIRROR, ",12.75,Home & Garden,SUP_154
21291,SMALL POLKADOT CHOCOLATE GIFT BAG ,0.85,Electronics,SUP_622
23395,BELLE JARDINIERE CUSHION COVER,3.75,Groceries,SUP_411
23346,SPACEBOY BEAKER,1.25,Groceries,SUP_839
90205C,LARGE CRYSTAL DIAMANTE HAIRSLIDE,1.65,Apparel,SUP_828
84709B,PINK OVAL JEWELLED MIRROR,5.95,Apparel,SUP_542
85199S,SMALL HANGING IVORY/RED WOOD BIRD,0.42,Apparel,SUP_173
21904,HOUSE WRECKING METAL SIGN ,2.1,Home & Garden,SUP_809
23355,HOT WATER BOTTLE KEEP CALM,4.95,Apparel,SUP_179
84711B,PINK OVAL SHAPE TRINKET BOX,9.95,Apparel,SUP_605
90182C,BLACK 3 BEAD DROP EARRINGS,2.95,Home & Garden,SUP_504
21508,VINTAGE KID DOLLY CARD ,0.36,Apparel,SUP_483
10080,GROOVY CACTUS INFLATABLE,0.85,Toys,SUP_131
22539,MINI JIGSAW DOLLY GIRL,0.42,Apparel,SUP_811
22978,PANTRY ROLLING PIN,3.75,Electronics,SUP_233
48173C,DOORMAT BLACK FLOCK ,7.95,Groceries,SUP_652
23155,KNICKERBOCKERGLORY MAGNET ASSORTED ,0.83,Toys,SUP_683
85031B,BLOSSOM IMAGES SCRAP BOOK SET,4.95,Electronics,SUP_694
22749,FELTCRAFT PRINCESS CHARLOTTE DOLL,3.75,Home & Garden,SUP_114
21654,RIDGED GLASS FINGER BOWL,1.45,Logistics,SUP_626
84997A,GREEN 3 PIECE POLKADOT CUTLERY SET,3.75,Groceries,SUP_345
22909,SET OF 20 VINTAGE CHRISTMAS NAPKINS,0.85,Electronics,SUP_146
22644,CERAMIC CHERRY CAKE MONEY BANK,1.45,Apparel,SUP_942
84706F,RED PEONY TABLE CLOCK,2.95,Toys,SUP_498
35637A,IVORY STRING CURTAIN WITH POLE ,5.95,Logistics,SUP_952
90013A,MIDNIGHT BLUE VINTAGE EARRINGS,3.75,Electronics,SUP_212
22814,CARD PARTY GAMES ,0.42,Apparel,SUP_800
21407,BROWN CHECK CAT DOORSTOP ,4.25,Electronics,SUP_166
90212B,JET BLACK LAS VEGAS BRACELET ROUND,3.75,Groceries,SUP_281
22919,HERB MARKER MINT,0.65,Logistics,SUP_651
23270,SET OF 2 CERAMIC PAINTED HEARTS ,1.45,Apparel,SUP_931
90176A,CLASSIC DIAMANTE NECKLACE JET,7.5,Groceries,SUP_690
22566,FELTCRAFT HAIRBAND PINK AND PURPLE,0.85,Home & Garden,SUP_390
90123D,WHITE HEART OF GLASS BRACELET,5.95,Electronics,SUP_322
22480,RED TEA TOWEL CLASSIC DESIGN,1.25,Home & Garden,SUP_984
21662,VINTAGE GLASS COFFEE CADDY,5.95,Logistics,SUP_700
35818P,"ACRYLIC JEWEL ICICLE, PINK",0.38,Toys,SUP_288
20826,SILVER APERITIF GLASS,2.12,Groceries,SUP_784
22889,NUMBER TILE VINTAGE FONT No ,0.75,Groceries,SUP_914
90141B,IVORY PENDANT TRIPLE SHELL NECKLACE,4.95,Home & Garden,SUP_484
23249,VINTAGE RED ENAMEL TRIM PLATE,1.65,Groceries,SUP_114
21371,MIRRORED WALL ART POPPIES,2.55,Home & Garden,SUP_190
23156,SET OF 5 MINI GROCERY MAGNETS,2.08,Apparel,SUP_376
23315,IVORY REFECTORY CLOCK,9.95,Apparel,SUP_175
84907,PINK YELLOW PATCH CUSHION COVER,7.65,Toys,SUP_190
16237,SLEEPING CAT ERASERS,0.21,Home & Garden,SUP_662
85071D,CHARLIE+LOLA MY ROOM DOOR SIGN,2.55,Groceries,SUP_968
22536,MAGIC DRAWING SLATE PURDEY,0.42,Home & Garden,SUP_782
20717,STRAWBERRY SHOPPER BAG,1.25,Groceries,SUP_777
22798,ANTIQUE GLASS DRESSING TABLE POT,2.95,Electronics,SUP_147
22201,FRYING PAN BLUE POLKADOT,4.25,Groceries,SUP_440
23360,SET 8 CANDLES VINTAGE DOILEY,1.95,Logistics,SUP_693
21486,PINK HEART DOTS HOT WATER BOTTLE,3.75,Groceries,SUP_489
20985,HEART CALCULATOR,1.25,Groceries,SUP_369
22359,GLASS JAR KINGS CHOICE,2.95,Logistics,SUP_318
90024F,NEW BAROQUE B'FLY NECKLACE CRYSTAL,8.5,Home & Garden,SUP_234
21175,GIN + TONIC DIET METAL SIGN,2.1,Electronics,SUP_514
35817P,"ACRYLIC JEWEL SNOWFLAKE,PINK",2.55,Logistics,SUP_939
21125,SET 6 FOOTBALL CELEBRATION CANDLES,1.25,Toys,SUP_510
22822,CREAM WALL PLANTER HEART SHAPED,5.95,Electronics,SUP_489
47013A,WINE BOTTLE DRESSING LT.BLUE,0.29,Groceries,SUP_913
22808,SET OF 6 T-LIGHTS EASTER CHICKS,2.95,Logistics,SUP_255
23006,TRAVEL CARD WALLET FLOWER MEADOW,0.42,Logistics,SUP_938
35471D,SET OF 3 BIRD LIGHT PINK FEATHER ,1.25,Apparel,SUP_437
84465,15 PINK FLUFFY CHICKS IN BOX,2.95,Apparel,SUP_769
23177,TREASURE ISLAND BOOK BOX,2.25,Logistics,SUP_258
35646,VINTAGE BEAD PINK EVENING BAG,4.25,Toys,SUP_203
20653,CHERRY BLOSSOM LUGGAGE TAG,1.25,Home & Garden,SUP_858
22660,DOORMAT I LOVE LONDON,7.95,Logistics,SUP_238
20674,GREEN POLKADOT BOWL,1.25,Groceries,SUP_187
22448,PIN CUSHION BABUSHKA RED,3.35,Logistics,SUP_532
84800M,MEDIUM WHITE/PINK ROSE ART FLOWER,1.69,Toys,SUP_982
22146,EASTER CRAFT IVY WREATH WITH CHICK,1.95,Toys,SUP_865
23552,BICYCLE PUNCTURE REPAIR KIT ,2.08,Groceries,SUP_332
16244B,MAXWELL 2 TONE BLUE 60 PAGE PHOTO A,0.5,Apparel,SUP_147
23245,SET OF 3 REGENCY CAKE TINS,4.95,Home & Garden,SUP_246
84632,DECORATIVE HANGING SHELVING UNIT,59.95,Home & Garden,SUP_703
22688,DOORMAT PEACE ON EARTH BLUE,7.95,Logistics,SUP_381
22479,DAISY GARDEN MARKER,1.25,Home & Garden,SUP_606
20931,BLUE POT PLANT CANDLE ,3.75,Apparel,SUP_973
22244,3 HOOK HANGER MAGIC GARDEN,1.95,Logistics,SUP_699
84559B,3D SHEET OF CAT STICKERS,0.85,Electronics,SUP_619
21370,MIRRORED WALL ART FOXY,6.35,Apparel,SUP_985
20979,36 PENCILS TUBE RED RETROSPOT,1.25,Toys,SUP_796
17084N,FAIRY DREAMS INCENSE ,0.21,Toys,SUP_446
23487,SWEET HEART CAKE CARRIER,9.95,Groceries,SUP_362
20669,RED HEART LUGGAGE TAG,1.25,Electronics,SUP_191
90206C,CRYSTAL DIAMANTE STAR BROOCH,4.95,Electronics,SUP_250
22472,TV DINNER TRAY DOLLY GIRL,4.95,Groceries,SUP_178
21547,CERAMIC BIRDHOUSE CRESTED TIT SMALL,2.95,Apparel,SUP_501
22965,3 TRADITIONAL COOKIE CUTTERS  SET,2.1,Logistics,SUP_346
21392,RED POLKADOT PUDDING BOWL,2.1,Toys,SUP_335
20829,GLITTER HANGING BUTTERFLY STRING,2.1,Electronics,SUP_654
20861,GOLD COSMETIC BAG PINK STAR,2.1,Toys,SUP_688
21839,MUMMY MOUSE RED GINGHAM RIBBON,5.45,Toys,SUP_510
22666,RECIPE BOX PANTRY YELLOW DESIGN,2.95,Apparel,SUP_180
84531B,BLUE KNITTED EGG COSY,1.95,Toys,SUP_697
21666,RIDGED GLASS T-LIGHT HOLDER,0.65,Home & Garden,SUP_841
35815P,"ACRYLIC JEWEL SNOWFLAKE, PINK",2.1,Electronics,SUP_406
23069,EDWARDIAN PHOTO FRAME,6.25,Electronics,SUP_199
23580,SNACK TRAY HAPPY FOREST  ,1.95,Logistics,SUP_578
22880,NUMBER TILE VINTAGE FONT 1,0.42,Toys,SUP_680
90214C,"LETTER ""C"" BLING KEY RING",1.25,Groceries,SUP_701
21817,GLITTER CHRISTMAS TREE,0.85,Home & Garden,SUP_778
21928,JUMBO BAG SCANDINAVIAN PAISLEY,1.95,Apparel,SUP_958
22070,SMALL RED RETROSPOT MUG IN BOX ,3.75,Groceries,SUP_297
22854,CREAM SWEETHEART EGG HOLDER,4.95,Apparel,SUP_975
22596,CHRISTMAS STAR WISH LIST CHALKBOARD,0.72,Home & Garden,SUP_473
85032C,CURIOUS IMAGES GIFT WRAP SET,2.1,Toys,SUP_250
23541,WALL ART CLASSIC PUDDINGS ,8.25,Logistics,SUP_878
35648,VINTAGE BEAD PINK PURSE ,2.95,Groceries,SUP_280
22292,HANGING CHICK  YELLOW DECORATION,1.45,Apparel,SUP_860
21147,JINGLE BELLS TREE DECORATION,2.1,Groceries,SUP_486
90142D,MOP PENDANT SHELL NECKLACE,4.95,Groceries,SUP_705
22120,WELCOME  WOODEN BLOCK LETTERS,9.95,Toys,SUP_987
84625C,BLUE NEW BAROQUE CANDLESTICK CANDLE,2.95,Electronics,SUP_185
72819,CUPID DESIGN SCENTED CANDLES,2.55,Toys,SUP_882
85160B,BLACK BIRD GARDEN DESIGN MUG,1.25,Logistics,SUP_662
21556,CERAMIC STRAWBERRY MONEY BOX,2.55,Apparel,SUP_463
23149,ANTIQUE IVORY WIRE BOWL SMALL,2.49,Electronics,SUP_846
90211A,DIAMOND LAS VEGAS NECKLACE 45CM,5.95,Home & Garden,SUP_433
90210A,GREY ACRYLIC FACETED BANGLE,1.25,Toys,SUP_193
62094B,TURQ ICE CREAM BUM BAG ,2.55,Groceries,SUP_820
22503,CABIN BAG VINTAGE PAISLEY,29.95,Toys,SUP_661
21403,BLUE EGG  SPOON,0.42,Apparel,SUP_657
85049E,SCANDINAVIAN REDS RIBBONS,1.25,Home & Garden,SUP_879
22123,PING MICROWAVE APRON,5.95,Apparel,SUP_532
22888,NUMBER TILE VINTAGE FONT 9 ,0.42,Home & Garden,SUP_325
22816,CARD MOTORBIKE SANTA,0.42,Toys,SUP_581
23398,HANGING HEART BONHEUR,0.85,Electronics,SUP_538
85061W,WHITE JEWELLED HEART DECORATION,0.85,Toys,SUP_944
90164A,PINK ROSEBUD PEARL BRACELET,7.5,Toys,SUP_589
22929,SCHOOL DESK AND CHAIR ,65.0,Apparel,SUP_283
22045,SPACEBOY GIFT WRAP,0.42,Home & Garden,SUP_540
22129,PARTY CONES CANDY TREE DECORATION,0.85,Logistics,SUP_957
20801,LARGE PINK GLASS SUNDAE DISH,0.75,Groceries,SUP_572
22419,LIPSTICK PEN RED,0.42,Electronics,SUP_629
90036F,"FLOWER GLASS GARLD NECKL36""TURQUOIS",7.95,Electronics,SUP_511
22067,CHOC TRUFFLE GOLD TRINKET POT ,1.65,Toys,SUP_816
21287,SCENTED VELVET LOUNGE CANDLE ,1.25,Apparel,SUP_540
21459,YELLOW EASTER EGG HUNT START POST,1.95,Toys,SUP_456
23517,EMBROIDERED RIBBON REEL REBECCA ,2.89,Toys,SUP_584
47310M,"SMALL POP BOX,FUNKY MONKEY",1.25,Groceries,SUP_375
22365,DOORMAT RESPECTABLE HOUSE,7.95,Groceries,SUP_633
84539,KNITTED RABBIT DOLL ,1.65,Electronics,SUP_360
23519,EMBROIDERED RIBBON REEL CLAIRE,3.75,Toys,SUP_415
21206,STRAWBERRY HONEYCOMB  GARLAND ,1.65,Toys,SUP_932
22963,JAM JAR WITH GREEN LID,0.72,Home & Garden,SUP_560
21422,PORCELAIN ROSE SMALL,0.85,Toys,SUP_360
23281,FOLDING BUTTERFLY MIRROR RED  ,0.83,Toys,SUP_787
84875D,BLUE SQUARE COMPACT MIRROR,1.25,Home & Garden,SUP_994
21977,PACK OF 60 PINK PAISLEY CAKE CASES,0.55,Toys,SUP_508
21143,ANTIQUE GLASS HEART DECORATION ,1.95,Toys,SUP_898
84306,S/3 PINK SQUARE PLANTERS ROSES,10.95,Apparel,SUP_556
20752,BLUE POLKADOT WASHING UP GLOVES,2.1,Electronics,SUP_356
85039C,S/4 BLACK MINI ROSE CANDLE IN BOWL,1.65,Groceries,SUP_733
22391,PAPERWEIGHT HOME SWEET HOME,2.55,Logistics,SUP_690
90003C,MIDNIGHT BLUE PAIR HEART HAIR SLIDE,3.75,Logistics,SUP_907
22740,POLKADOT PEN,0.85,Logistics,SUP_445
84832,ZINC WILLIE WINKIE  CANDLE STICK,0.85,Home & Garden,SUP_634
22935,BAKING MOULD ROSE MILK CHOCOLATE,3.25,Groceries,SUP_174
22575,METAL MERRY CHRISTMAS WREATH,1.95,Home & Garden,SUP_374
22634,CHILDS BREAKFAST SET SPACEBOY ,9.95,Groceries,SUP_235
22280,POCKET BAG PINK PAISELY BROWN SPOT,1.25,Logistics,SUP_453
79337,BLUE FLOCK GLASS CANDLEHOLDER,1.65,Toys,SUP_279
90083,CRYSTAL CZECH CROSS PHONE CHARM,1.63,Apparel,SUP_557
20762,GREEN FERN SKETCHBOOK ,3.75,Home & Garden,SUP_965
22218,CAKE STAND LACE WHITE,4.25,Groceries,SUP_289
21455,PAINTED YELLOW WOODEN DAISY,0.85,Logistics,SUP_778
90161A,ANT COPPER RED BOUDICCA BRACELET,4.95,Groceries,SUP_982
46126A,ELVIS WALLHANGING / CURTAIN,1.25,Home & Garden,SUP_622
90102,WHITE FRANGIPANI HAIR CLIP,0.85,Electronics,SUP_149
37462E,"PET MUG, GOLDFISH",0.42,Toys,SUP_631
23227,FILIGREE HEART BUTTERFLY WHITE ,1.25,Electronics,SUP_654
90202D,PINK ENAMEL FLOWER HAIR TIE,2.95,Home & Garden,SUP_407
22383,LUNCH BAG SUKI  DESIGN ,1.65,Electronics,SUP_346
23140,TRIPLE WIRE HOOK IVORY HEART,4.15,Home & Garden,SUP_898
23138,SINGLE WIRE HOOK IVORY HEART,1.45,Groceries,SUP_666
90210B,CLEAR ACRYLIC FACETED BANGLE,2.95,Home & Garden,SUP_174
48138,DOORMAT UNION FLAG,7.95,Logistics,SUP_420
21201,TROPICAL  HONEYCOMB PAPER GARLAND ,2.55,Toys,SUP_415
22492,MINI PAINT SET VINTAGE ,0.65,Home & Garden,SUP_430
22941,CHRISTMAS LIGHTS 10 REINDEER,8.5,Toys,SUP_587
84686,BEACH HUT MIRROR,4.25,Apparel,SUP_923
23335,EGG FRYING PAN IVORY ,2.08,Toys,SUP_417
82581,TOILET METAL SIGN,0.55,Logistics,SUP_832
90211B,JET BLACK LAS VEGAS NECKLACE 45CM,5.95,Home & Garden,SUP_130
20785,FUSCHIA RETRO BAR STOOL,39.95,Logistics,SUP_584
20615,BLUE POLKADOT PASSPORT COVER,2.1,Apparel,SUP_373
22775,PURPLE DRAWERKNOB ACRYLIC EDWARDIAN,1.25,Home & Garden,SUP_114
21949,SET OF 6 STRAWBERRY CHOPSTICKS,1.25,Groceries,SUP_742
20718,RED RETROSPOT SHOPPER BAG,1.25,Logistics,SUP_418
37333,"RETRO ""TEA FOR ONE"" ",4.95,Apparel,SUP_932
20886,BOX OF 9 PEBBLE CANDLES,1.95,Groceries,SUP_233
84846A,SCENTED CANDLE IN DIGITALIS TIN,2.1,Electronics,SUP_219
22876,NUMBER TILE COTTAGE GARDEN 8,1.95,Groceries,SUP_796
21908,CHOCOLATE THIS WAY METAL SIGN,2.1,Toys,SUP_758
84358,FLOOR LAMP SHADE WOOD BASE,9.95,Logistics,SUP_892
21248,DOOR HANGER  MUM + DADS ROOM,1.45,Logistics,SUP_391
78034B,BLUE NETTING STORAGE HANGER,1.95,Home & Garden,SUP_470
90154,LAZER CUT NECKLACE W PASTEL BEADS,8.95,Apparel,SUP_323
21418,STARFISH SOAP DISH,2.55,Apparel,SUP_594
23454,SET OF 3 MINI HANGING PORTRAITS,4.15,Groceries,SUP_457
84708B,PINK JEWELLED PHOTO FRAME ,4.95,Apparel,SUP_435
17014A,ORIGAMI VANILLA INCENSE CONES,0.5,Electronics,SUP_240
22971,QUEENS GUARD COFFEE MUG,2.55,Home & Garden,SUP_718
22038,BOTANICAL LAVENDER GIFT WRAP ,0.42,Toys,SUP_487
90025A,BAROQUE BUTTERFLY EARRINGS BLACK,3.75,Home & Garden,SUP_446
21197,MULTICOLOUR  CONFETTI IN TUBE,1.65,Electronics,SUP_614
84912B,GREEN ROSE WASHBAG,3.75,Apparel,SUP_716
84968B,SET OF 16 VINTAGE IVORY CUTLERY,12.75,Apparel,SUP_242
23480,MINI LIGHTS WOODLAND MUSHROOMS,3.29,Groceries,SUP_856
90158,ST TROPEZ NECKLACE,4.95,Electronics,SUP_432
23342,MINT DINER WALL CLOCK,8.5,Logistics,SUP_468
35597D,PINK/WHITE CHRISTMAS TREE 30CM,0.38,Groceries,SUP_332
22727,ALARM CLOCK BAKELIKE RED ,3.75,Groceries,SUP_919
22647,CERAMIC LOVE HEART MONEY BANK,0.42,Electronics,SUP_109
21644,ASSORTED TUTTI FRUTTI HEART BOX,1.25,Home & Garden,SUP_500
23128,FELTCRAFT BOY JEAN-PAUL KIT,4.95,Toys,SUP_300
22977,DOLLY GIRL CHILDRENS EGG CUP,1.25,Groceries,SUP_820
23031,DRAWER KNOB CRACKLE GLAZE PINK,1.65,Electronics,SUP_402
84558A,3D DOG PICTURE PLAYING CARDS,2.95,Apparel,SUP_175
16168M,FUNKY MONKEY GIFT BAG MEDIUM,0.42,Electronics,SUP_448
47594B,SCOTTIES DESIGN WASHBAG,1.95,Groceries,SUP_116
90212C,PURPLE LAS VEGAS BRACELET ROUND,3.75,Toys,SUP_859
22345,PARTY PIZZA DISH BLUE POLKADOT,0.85,Groceries,SUP_982
21638,ASSORTED TUTTI FRUTTI NOTEBOOK,2.1,Apparel,SUP_334
90059D,DIAMANTE HAIR GRIP PACK/2 PERIDOT,1.65,Home & Garden,SUP_318
84949,SILVER HANGING T-LIGHT HOLDER,1.65,Home & Garden,SUP_232
21228,"POCKET MIRROR ""GLAMOROUS""",1.25,Apparel,SUP_689
90024C,NEW BAROQUE B'FLY NECKLACE GREEN,8.5,Logistics,SUP_831
23550,WRAP ALPHABET POSTER  ,0.42,Logistics,SUP_557
22913,RED COAT RACK PARIS FASHION,4.95,Apparel,SUP_438
20682,RED RETROSPOT CHILDRENS UMBRELLA,3.25,Toys,SUP_299
84550,CROCHET LILAC/RED BEAR KEYRING,1.65,Apparel,SUP_949
23068,ALUMINIUM STAMPED HEART,2.49,Apparel,SUP_491
35095A,BLUE VICTORIAN FABRIC OVAL BOX,0.42,Electronics,SUP_812
90185D,CRYSTAL DIAMANTE EXPANDABLE RING,4.25,Toys,SUP_937
23223,CHRISTMAS TREE HANGING SILVER ,0.83,Electronics,SUP_823
84569A,PACK 3 IRON ON DOG PATCHES,1.25,Groceries,SUP_657
21671,RED SPOT CERAMIC DRAWER KNOB,1.25,Toys,SUP_329
21681,GIANT MEDINA STAMPED METAL BOWL ,9.95,Electronics,SUP_603
90143,SILVER BRACELET W PASTEL FLOWER,7.5,Toys,SUP_314
23190,BUNDLE OF 3 SCHOOL EXERCISE BOOKS  ,1.65,Logistics,SUP_957
10124G,ARMY CAMO BOOKCOVER TAPE,0.42,Home & Garden,SUP_777
85169B,BLACK LOVE BIRD CANDLE,1.25,Groceries,SUP_219
23000,TRAVEL CARD WALLET TRANSPORT,0.42,Logistics,SUP_496
72807A,SET/3 ROSE CANDLE IN JEWELLED BOX,4.25,Apparel,SUP_800
22251,BIRDHOUSE DECORATION MAGIC GARDEN,1.25,Home & Garden,SUP_603
21209,MULTICOLOUR HONEYCOMB FAN,1.65,Electronics,SUP_445
23243,SET OF TEA COFFEE SUGAR TINS PANTRY,4.15,Groceries,SUP_543
10125,MINI FUNKY DESIGN TAPES,0.85,Toys,SUP_129
84799,SPRIG LAVENDER ARTIFICIAL FLOWER,0.42,Electronics,SUP_258
90214B,"LETTER ""B"" BLING KEY RING",1.25,Home & Garden,SUP_866
84997B,RED 3 PIECE RETROSPOT CUTLERY SET,3.75,Toys,SUP_740
22296,HEART IVORY TRELLIS LARGE,1.65,Groceries,SUP_954
21481,FAWN BLUE HOT WATER BOTTLE,2.95,Logistics,SUP_130
21412,VINTAGE GOLD TINSEL REEL,0.42,Electronics,SUP_411
85186A,EASTER BUNNY GARLAND OF FLOWERS,0.42,Home & Garden,SUP_112
16049,TEATIME GEL PENS ASST,0.42,Home & Garden,SUP_591
22844,VINTAGE CREAM DOG FOOD CONTAINER,8.5,Apparel,SUP_138
22697,GREEN REGENCY TEACUP AND SAUCER,2.95,Apparel,SUP_692
71510,SQUARE METAL CANDLEHOLDER BASE,0.85,Groceries,SUP_106
21901,"KEY FOB , BACK DOOR ",0.65,Groceries,SUP_250
84678,CLASSICAL ROSE SMALL VASE,1.25,Toys,SUP_715
85150,LADIES & GENTLEMEN METAL SIGN,2.55,Apparel,SUP_819
23445,ICE CREAM BUBBLES,0.83,Apparel,SUP_875
90016B,GOLD/M.O.P PENDANT ORBIT NECKLACE,8.5,Electronics,SUP_742
21123,SET/10 IVORY POLKADOT PARTY CANDLES,1.25,Electronics,SUP_897
20818,GOLD TEDDY BEAR,3.75,Electronics,SUP_357
84926E,FLOWERS TILE COASTER,0.42,Apparel,SUP_586
23173,REGENCY TEAPOT ROSES ,8.15,Apparel,SUP_312
22695,WICKER WREATH SMALL,1.45,Toys,SUP_391
21947,SET OF 6 HEART CHOPSTICKS,1.25,Apparel,SUP_867
90141D,ROSE PENDANT TRIPLE SHELL NECKLACE,4.95,Home & Garden,SUP_837
23116,VEGETABLE GARDEN CHOPPING BOARD,4.95,Toys,SUP_395
90003E,GREEN PAIR HEART HAIR SLIDES,3.75,Toys,SUP_330
23512,EMBROIDERED RIBBON REEL ROSIE,2.08,Toys,SUP_154
79323W,WHITE CHERRY LIGHTS,6.75,Home & Garden,SUP_113
21238,RED RETROSPOT CUP,0.85,Electronics,SUP_641
20802,SMALL GLASS SUNDAE DISH CLEAR,1.65,Toys,SUP_723
21456,2 PICTURE BOOK EGGS EASTER CHICKS,1.25,Home & Garden,SUP_166
16218,CARTOON  PENCIL SHARPENERS,0.16,Apparel,SUP_310
21128,GOLD FISHING GNOME,6.95,Home & Garden,SUP_707
85144,JARDIN ETCHED GLASS BUTTER DISH,7.25,Home & Garden,SUP_522
23702,High Resolution Image,3.0,Groceries,SUP_479
22756,LARGE YELLOW BABUSHKA NOTEBOOK ,1.25,Logistics,SUP_554
22546,MINI JIGSAW PURDEY,0.42,Groceries,SUP_420
79030G,"TUMBLER, NEW ENGLAND",1.65,Logistics,SUP_301
22715,CARD WEDDING DAY,0.42,Home & Garden,SUP_657
23232,WRAP VINTAGE PETALS  DESIGN,0.42,Groceries,SUP_429
21915,RED  HARMONICA IN BOX ,1.25,Apparel,SUP_484
21205,MULTICOLOUR 3D BALLS GARLAND,2.55,Apparel,SUP_172
35916B,BLUE FELT HANGING HEART WITH FLOWER,0.85,Apparel,SUP_692
22555,PLASTERS IN TIN STRONGMAN,1.65,Electronics,SUP_599
22638,SET OF 4 NAPKIN CHARMS CROWNS ,2.55,Logistics,SUP_225
84251B,"GREETING CARD, STICKY GORDON",0.19,Electronics,SUP_524
23158,SET OF 5 LUCKY CAT MAGNETS ,1.85,Apparel,SUP_763
22846,BREAD BIN DINER STYLE RED ,14.95,Apparel,SUP_229
35597B,BLACKCHRISTMAS TREE 30CM,1.25,Home & Garden,SUP_983
23170,REGENCY TEA PLATE ROSES ,1.65,Toys,SUP_900
90036B,"FLOWER GLASS GARLAND NECKL.36""GREEN",7.95,Home & Garden,SUP_892
21094,SET/6 RED SPOTTY PAPER PLATES,0.85,Groceries,SUP_443
23032,DRAWER KNOB CRACKLE GLAZE IVORY,1.65,Home & Garden,SUP_735
84707A,SILVER JEWELLED MIRROR TRINKET TRAY,9.95,Groceries,SUP_806
21244,BLUE POLKADOT PLATE ,1.69,Apparel,SUP_345
23565,EGG CUP MILKMAID HELGA ,1.25,Apparel,SUP_939
22081,RIBBON REEL FLORA + FAUNA ,1.65,Home & Garden,SUP_132
84352,SILVER CHRISTMAS TREE BAUBLE STAND ,16.95,Electronics,SUP_434
84507B,STRIPES DESIGN MONKEY DOLL,2.55,Apparel,SUP_104
90184A,AMBER CHUNKY BEAD BRACELET W STRAP,8.95,Home & Garden,SUP_856
22434,BALLOON PUMP WITH 10 BALLOONS,1.95,Groceries,SUP_700
15056BL,EDWARDIAN PARASOL BLACK,5.95,Home & Garden,SUP_909
21465,PINK FLOWER CROCHET FOOD COVER,3.75,Home & Garden,SUP_900
90190C,SILVER/AMETHYST DROP EARRINGS LEAF,2.95,Logistics,SUP_870
37327,ASSTD MULTICOLOUR CIRCLES MUG,1.69,Apparel,SUP_690
35968,FOLK ART METAL HEART T-LIGHT HOLDER,0.38,Apparel,SUP_106
90030C,BROWN KUKUI COCONUT SEED NECKLACE,1.0,Electronics,SUP_968
35599B,BLACK CHRISTMAS TREE 120CM,8.49,Home & Garden,SUP_886
22987,WRAP SUMMER ROSE DESIGN,0.42,Home & Garden,SUP_832
23539,WALL ART LOVES' SECRET ,3.88,Groceries,SUP_952
21588,RETROSPOT GIANT TUBE MATCHES,2.55,Logistics,SUP_854
22279,POCKET BAG BLUE PAISLEY RED SPOT,1.25,Logistics,SUP_372
22672,FRENCH BATHROOM SIGN BLUE METAL,1.65,Logistics,SUP_568
37495,FAIRY CAKE BIRTHDAY CANDLE SET,3.75,Groceries,SUP_927
72818,CHRISTMAS DECOUPAGE CANDLE,0.85,Groceries,SUP_109
22550,HOLIDAY FUN LUDO,3.75,Electronics,SUP_435
23530,WALL ART ONLY ONE PERSON ,3.58,Toys,SUP_926
72051S,BAG OF SILVER STONES,0.42,Groceries,SUP_595
90175D,TIGRIS EYE CHUNKY CHARM BRACELET,8.95,Apparel,SUP_660
22541,MINI JIGSAW LEAP FROG,0.42,Home & Garden,SUP_407
84732D,CUTE RABBIT CEATURE SCREEN ,0.39,Logistics,SUP_215
84705C,PINK FLOCK PHOTO FRAME ,1.25,Groceries,SUP_804
22947,WOODEN ADVENT CALENDAR RED,16.95,Logistics,SUP_507
22097,SWALLOW SQUARE TISSUE BOX,1.25,Groceries,SUP_777
90209B,GREEN ENAMEL+GLASS HAIR COMB,1.75,Logistics,SUP_111
23411, TRELLIS COAT RACK,4.95,Logistics,SUP_217
21251,DINOSAUR HEIGHT CHART STICKER SET,2.95,Apparel,SUP_509
17191A,ROSE FLOWER CANDLE+INCENSE 16X16CM,3.75,Toys,SUP_978
22032,BOTANICAL LILY GREETING CARD,0.42,Logistics,SUP_223
72807C,SET/3 VANILLA SCENTED CANDLE IN BOX,4.25,Apparel,SUP_270
22294,HEART FILIGREE DOVE  SMALL,1.25,Apparel,SUP_969
23558,LANDMARK FRAME LONDON BRIDGE ,10.95,Logistics,SUP_529
84596E,SMALL LICORICE DES PINK BOWL,1.25,Apparel,SUP_257
22273,FELTCRAFT DOLL MOLLY,2.95,Apparel,SUP_268
23431,NATURAL HANGING QUILTED HEARTS ,0.72,Apparel,SUP_787
22428,ENAMEL FIRE BUCKET CREAM,6.95,Home & Garden,SUP_615
21836,GINGHAM OVEN GLOVE RED HEART ,3.75,Groceries,SUP_869
22565,FELTCRAFT HAIRBANDS PINK AND WHITE ,0.85,Logistics,SUP_413
22250,DECORATION  BUTTERFLY  MAGIC GARDEN,0.72,Logistics,SUP_112
23287,RED VINTAGE SPOT BEAKER,0.85,Home & Garden,SUP_430
90026B,GLASS BEAD HOOP NECKLACE MONTANA,8.5,Groceries,SUP_987
23368,SET 12 COLOUR PENCILS DOLLY GIRL ,0.65,Electronics,SUP_916
47570B,TEA TIME TABLE CLOTH,10.65,Toys,SUP_317
90098,NECKLACE+BRACELET PINK BUTTERFLY,2.55,Apparel,SUP_364
23274,STAR T-LIGHT HOLDER WILLIE WINKIE,1.65,Electronics,SUP_361
90214F,"LETTER ""F"" BLING KEY RING",0.29,Logistics,SUP_600
22460,EMBOSSED GLASS TEALIGHT HOLDER,1.25,Apparel,SUP_228
22121,NOEL WOODEN BLOCK LETTERS ,5.95,Electronics,SUP_639
85098B,BLUE FLYING SINGING CANARY,3.75,Apparel,SUP_464
21689,SILVER VANILLA  FLOWER CANDLE POT,3.75,Electronics,SUP_742
82613B,"METAL SIGN,CUPCAKE SINGLE HOOK",1.25,Logistics,SUP_850
21349,IVY HEART WREATH,6.75,Apparel,SUP_876
85185D,FROG SOCK PUPPET,2.95,Home & Garden,SUP_559
84673A,PINK FLY SWAT,0.65,Toys,SUP_374
22501,PICNIC BASKET WICKER LARGE,9.95,Toys,SUP_256
84800S,SMALL WHITE/PINK ROSE ART FLOWER,1.25,Electronics,SUP_485
84947,ANTIQUE SILVER TEA GLASS ENGRAVED,1.06,Electronics,SUP_313
21609,SET 12 LAVENDER  BOTANICAL T-LIGHTS,2.95,Toys,SUP_791
20702,PINK PADDED MOBILE,4.25,Apparel,SUP_646
90125D,PURPLE BERTIE GLASS BEAD BAG CHARM,2.1,Home & Garden,SUP_805
15036,ASSORTED COLOURS SILK FAN,0.75,Home & Garden,SUP_719
23464,VINTAGE ZINC WATERING CAN SMALL,4.95,Logistics,SUP_106
90036C,"FLOWER GLASS GARLAND NECKL.36""BLUE",7.95,Groceries,SUP_179
22520,CHILDS GARDEN TROWEL BLUE ,0.85,Logistics,SUP_591
23561,SET OF 6 RIBBONS PARTY,2.89,Logistics,SUP_194
84925D,LA PALMIERA WALL THERMOMETER,2.55,Logistics,SUP_247
47344B,BLUE FLOWER DES PURSE,1.25,Logistics,SUP_716
23330,DECORATIVE WICKER HEART MEDIUM,1.25,Electronics,SUP_831
21749,LARGE RED RETROSPOT WINDMILL,2.1,Toys,SUP_474
90151,SILVER/NATURAL SHELL NECKLACE,8.5,Toys,SUP_836
85198,ASSORTED FARMYARD ANIMALS IN BUCKET,0.85,Toys,SUP_271
20972,PINK CREAM FELT CRAFT TRINKET BOX ,1.25,Logistics,SUP_630
21976,PACK OF 60 MUSHROOM CAKE CASES,0.55,Electronics,SUP_172
22311,OFFICE MUG WARMER BLACK+SILVER ,2.95,Groceries,SUP_481
22828,REGENCY MIRROR WITH SHUTTERS,165.0,Toys,SUP_504
35909A,RABBIT EASTER DECORATION,2.95,Home & Garden,SUP_331
90012A,MIDNIGHT BLUE DROP CRYSTAL NECKLACE,2.95,Logistics,SUP_482
23100,SILVER BELLS TABLE DECORATION,1.25,Home & Garden,SUP_356
90012B,BLACK DROP CRYSTAL NECKLACE,2.95,Logistics,SUP_807
20778,GARDEN PATH NOTEBOOK ,1.65,Logistics,SUP_972
90173,PAIR BUTTERFLY HAIR CLIPS,3.75,Electronics,SUP_773
21208,PASTEL COLOUR HONEYCOMB FAN,1.65,Toys,SUP_151
22792,FLUTED ANTIQUE CANDLE HOLDER,0.85,Groceries,SUP_535
23300,GARDENERS KNEELING PAD CUP OF TEA ,1.45,Home & Garden,SUP_859
21503,TOYBOX  WRAP ,0.42,Groceries,SUP_387
85230E,STRAWBRY SCENTED VOTIVE CANDLE,0.29,Apparel,SUP_727
22212,FOUR HOOK  WHITE LOVEBIRDS,2.1,Logistics,SUP_450
44091A,BLUE CRUSOE CHECK LAMPSHADE,0.42,Home & Garden,SUP_708
22417,PACK OF 60 SPACEBOY CAKE CASES,0.55,Toys,SUP_294
84218,BOX/12 CHICK & EGG IN BASKET,1.95,Apparel,SUP_626
23556,LANDMARK FRAME COVENT GARDEN ,10.95,Toys,SUP_695
22573,STAR WOODEN CHRISTMAS DECORATION,0.85,Home & Garden,SUP_567
20981,12 PENCILS TALL TUBE WOODLAND,0.85,Home & Garden,SUP_824
16248B,BLUE HOLE PUNCH,1.25,Home & Garden,SUP_499
23014,GLASS APOTHECARY BOTTLE ELIXIR,3.95,Toys,SUP_486
47369B,BLUE GREEN EMBROIDERY COSMETIC BAG,2.95,Electronics,SUP_540
71459,HANGING JAM JAR T-LIGHT HOLDER,0.72,Groceries,SUP_354
21157,RED RETROSPOT WASHBAG,2.1,Groceries,SUP_510
23237,SET OF 4 KNICK KNACK TINS LEAVES ,4.15,Toys,SUP_196
21033,JUMBO BAG CHARLIE AND LOLA TOYS,2.95,Electronics,SUP_569
22735,RIBBON REEL SOCKS AND MITTENS,1.65,Home & Garden,SUP_238
90214Y,"LETTER ""Y"" BLING KEY RING",1.25,Logistics,SUP_626
20679,EDWARDIAN PARASOL RED,4.95,Electronics,SUP_394
85206A,CREAM FELT EASTER EGG BASKET,1.65,Logistics,SUP_111
22804,CANDLEHOLDER PINK HANGING HEART,2.95,Apparel,SUP_616
79331,PINK FLOCK GLASS CANDLEHOLDER,1.65,Toys,SUP_749
84819,DANISH ROSE ROUND SEWING BOX,4.25,Logistics,SUP_900
20821,GOLDIE LOOKING MIRROR,4.95,Electronics,SUP_422
35004C,SET OF 3 COLOURED  FLYING DUCKS,4.65,Electronics,SUP_591
20619,TROPICAL PASSPORT COVER ,0.75,Logistics,SUP_922
23557,LANDMARK FRAME BAKER STREET ,12.5,Groceries,SUP_552
72801C,4 ROSE PINK DINNER CANDLES,1.25,Logistics,SUP_587
82613C,"METAL SIGN,CUPCAKE SINGLE HOOK",0.42,Toys,SUP_255
22400,MAGNETS PACK OF 4 HOME SWEET HOME,1.25,Toys,SUP_535
85230A,OPIUM SCENTED VOTIVE CANDLE,0.21,Logistics,SUP_212
22923,FRIDGE MAGNETS LES ENFANTS ASSORTED,0.85,Electronics,SUP_143
17021,NAMASTE SWAGAT INCENSE,0.24,Groceries,SUP_684
90175A,WHITE GLASS CHUNKY CHARM BRACELET,8.95,Electronics,SUP_813
22064,PINK DOUGHNUT TRINKET POT ,1.65,Electronics,SUP_395
22668,PINK BABY BUNTING,2.95,Logistics,SUP_750
84931B,BLUE SCOTTIE DOG W FLOWER PATTERN,2.55,Electronics,SUP_385
23162,REGENCY TEA STRAINER,3.75,Toys,SUP_967
72821,CUPID SCENTED CANDLE IN GLASS,1.65,Groceries,SUP_257
23094,LE GRAND TRAY CHIC SET,12.5,Logistics,SUP_944
21161,KEEP OUT BOYS DOOR HANGER ,1.45,Logistics,SUP_653
22151,PLACE SETTING WHITE HEART,0.42,Home & Garden,SUP_376
21704,BAG 250g SWIRLY MARBLES,0.85,Groceries,SUP_290
21219,SET/4 BADGES BALLOON GIRL,1.25,Logistics,SUP_240
15044A,PINK PAPER PARASOL ,2.95,Logistics,SUP_382
22863,SOAP DISH BROCANTE,2.95,Electronics,SUP_467
85126,LARGE ROUND CUTGLASS CANDLESTICK,6.75,Groceries,SUP_104
21318,GLASS CHALICE BLUE SMALL ,1.65,Apparel,SUP_814
21763,VINTAGE WOODEN BAR STOOL,29.95,Logistics,SUP_713
21537,RED RETROSPOT PUDDING BOWL,4.25,Logistics,SUP_687
22039,BOTANICAL LILY GIFT WRAP,0.42,Home & Garden,SUP_673
21061,PARTY INVITES FOOTBALL,0.85,Apparel,SUP_431
84660B,BLACK STITCHED WALL CLOCK,1.25,Apparel,SUP_989
22051,BLUE SCANDINAVIAN PAISLEY WRAP,0.42,Toys,SUP_620
23038,T-LIGHT HOLDER SILVER SAUCER,0.83,Apparel,SUP_149
84755,COLOUR GLASS T-LIGHT HOLDER HANGING,0.65,Logistics,SUP_790
22762,CUPBOARD 3 DRAWER MA CAMPAGNE,12.75,Groceries,SUP_216
23283,DOORMAT VINTAGE LEAVES DESIGN ,7.95,Toys,SUP_283
90130B,TURQ STONE/CRYSTAL EARRINGS,2.95,Toys,SUP_511
21232,STRAWBERRY CERAMIC TRINKET BOX,1.25,Groceries,SUP_696
84827,ASS DES PHONE SPONGE CRAFT STICKER,0.65,Apparel,SUP_382
85067,CREAM SWEETHEART WALL CABINET,18.95,Home & Garden,SUP_590
22896,PEG BAG APPLES DESIGN,2.55,Toys,SUP_165
22461,SAVOY ART DECO CLOCK,12.75,Logistics,SUP_293
20897,VINTAGE NOTEBOOK PARIS DAYS,2.95,Logistics,SUP_733
90177A,CLASSIC DIAMANTE EARRINGS JET,2.95,Toys,SUP_680
22486,PLASMATRONIC LAMP,12.75,Home & Garden,SUP_273
35271S,GOLD PRINT PAPER BAG,0.19,Logistics,SUP_163
37488A,YELLOW PINK FLOWER DESIGN BIG BOWL,0.39,Logistics,SUP_625
90189A,SILVER 2 STRAND NECKLACE-LEAF CHARM,7.5,Groceries,SUP_928
POST,POSTAGE,18.0,Toys,SUP_493
22705,WRAP GREEN PEARS ,0.42,Logistics,SUP_614
20670,VIP HOLIDAY PURSE,2.95,Electronics,SUP_928
79320,FLAMINGO LIGHTS,4.95,Home & Garden,SUP_758
21866,UNION JACK FLAG LUGGAGE TAG,1.25,Home & Garden,SUP_895
21289,LARGE STRIPES CHOCOLATE GIFT BAG,1.25,Groceries,SUP_223
79149B,SILICON STAR BULB  BLUE,0.42,Apparel,SUP_557
21144,PINK POODLE HANGING DECORATION ,0.38,Home & Garden,SUP_773
22184,CAKE STAND VICTORIAN FILIGREE LARGE,8.5,Home & Garden,SUP_501
84691,PACK 20 DOLLY PEGS,0.72,Toys,SUP_841
23327,HANGING CLEAR MINI BOTTLE,0.63,Logistics,SUP_920
21358,TOAST ITS - HAPPY BIRTHDAY,1.25,Groceries,SUP_844
20666,ECONOMY HOLIDAY PURSE,2.95,Electronics,SUP_901
90161B,ANT COPPER TURQ BOUDICCA BRACELET,4.95,Apparel,SUP_822
23472, NINE DRAWER OFFICE TIDY,14.95,Home & Garden,SUP_935
21577,SAVE THE PLANET COTTON TOTE BAG,2.25,Apparel,SUP_177
84828,JUNGLE POPSICLES ICE LOLLY HOLDERS,1.25,Electronics,SUP_129
21126,SET OF 6 GIRLS CELEBRATION CANDLES,1.25,Home & Garden,SUP_487
23564,EGG CUP MILKMAID INGRID,1.25,Home & Garden,SUP_501
22349,DOG BOWL CHASING BALL DESIGN,3.75,Home & Garden,SUP_752
21757,LIGHTHOUSE PRINTED METAL SIGN,4.95,Apparel,SUP_424
17013D,ORIGAMI ROSE INCENSE IN TUBE,1.65,Electronics,SUP_318
21632,VINTAGE PINK DECORATIVE PARASOL,3.95,Electronics,SUP_581
21804,WHITE CHRISTMAS GARLAND STARS TREES,3.75,Logistics,SUP_766
23502,PLAYING CARDS VINTAGE DOILEY ,1.25,Toys,SUP_897
21705,BAG 500g SWIRLY MARBLES,1.65,Logistics,SUP_623
47591B,SCOTTIES CHILDRENS APRON,1.65,Apparel,SUP_895
37413,ICON MUG REVOLUTIONARY,1.25,Apparel,SUP_249
23266,SET OF 3 WOODEN STOCKING DECORATION,1.25,Groceries,SUP_390
23452,HEART MINI PORTRAIT FRAME,1.95,Toys,SUP_725
90185B,AMETHYST DIAMANTE EXPANDABLE RING,4.25,Home & Garden,SUP_795
22395,PAPERWEIGHT VINTAGE PAISLEY,0.85,Groceries,SUP_967
21867,PINK UNION JACK  LUGGAGE TAG,1.25,Toys,SUP_434
22288,HANGING METAL RABBIT DECORATION,1.25,Logistics,SUP_869
22699,ROSES REGENCY TEACUP AND SAUCER ,2.95,Home & Garden,SUP_658
37464,ROBOT MUG IN DISPLAY BOX,1.25,Logistics,SUP_890
20975,12 PENCILS SMALL TUBE RED RETROSPOT,0.65,Apparel,SUP_258
22605,WOODEN CROQUET GARDEN SET,14.95,Electronics,SUP_227
21973,SET OF 36 MUSHROOM PAPER DOILIES,1.45,Electronics,SUP_467
22426,ENAMEL WASH BOWL CREAM,3.75,Toys,SUP_931
22190,LOCAL CAFE MUG,2.1,Home & Garden,SUP_972
90159,COTE D'AZURE NECKLACE,4.95,Apparel,SUP_440
85071C,"CHARLIE+LOLA""EXTREMELY BUSY"" SIGN",2.55,Toys,SUP_322
21864,UNION JACK FLAG PASSPORT COVER ,1.69,Toys,SUP_100
22317,FIVE CATS HANGING DECORATION,2.55,Apparel,SUP_663
35650,VINTAGE BEAD PINK JEWEL STAND,4.95,Toys,SUP_392
21226,POCKET MIRROR WOODLAND,1.25,Electronics,SUP_933
22870,NUMBER TILE COTTAGE GARDEN 2,1.95,Electronics,SUP_398
90187B,GREEN DROP EARRINGS W BEAD CLUSTER,3.35,Toys,SUP_985
23333,IVORY WICKER HEART MEDIUM,1.04,Toys,SUP_903
17012C,ORIGAMI LAVENDER INCENSE/CANDL SET ,2.55,Toys,SUP_994
22231,JIGSAW TREE WITH BIRDHOUSE,1.45,Toys,SUP_280
21891,TRADITIONAL WOODEN SKIPPING ROPE,1.25,Logistics,SUP_632
84859B,BLUE DISCO HANDBAG,1.95,Electronics,SUP_655
21563,RED HEART SHAPE LOVE BUCKET ,2.95,Logistics,SUP_950
22269,EGG CUP NATURAL CHICKEN,1.25,Groceries,SUP_966
51014C,"FEATHER PEN,COAL BLACK",0.85,Logistics,SUP_542
23102,SILVER HEARTS TABLE DECORATION,0.83,Apparel,SUP_708
21882,SKULLS TAPE,0.65,Toys,SUP_639
20967,GREY FLORAL FELTCRAFT SHOULDER BAG,3.75,Groceries,SUP_250
84706D,CHERRY BLOSSOM TABLE CLOCK ,8.95,Toys,SUP_318
21188,3D HEARTS  HONEYCOMB PAPER GARLAND,2.95,Toys,SUP_226
22607,WOODEN ROUNDERS GARDEN SET ,9.95,Logistics,SUP_126
90064A,WHITE VINTAGE CRYSTAL EARRINGS,3.75,Electronics,SUP_247
21369,MIRRORED WALL ART SPLODGES,3.75,Home & Garden,SUP_463
22821,GIFT BAG PSYCHEDELIC APPLES,0.65,Apparel,SUP_312
22180,RETROSPOT LAMP,9.95,Logistics,SUP_529
84849D,HOT BATHS SOAP HOLDER,1.69,Toys,SUP_653
23294,SET OF 6 SNACK LOAF BAKING CASES,0.72,Electronics,SUP_635
21326,AGED GLASS SILVER T-LIGHT HOLDER,0.65,Toys,SUP_660
84796A,PINK HAWAIIAN PICNIC HAMPER FOR 2,12.75,Toys,SUP_157
82615,PINK MARSHMALLOW SCARF KNITTING KIT,2.55,Home & Garden,SUP_348
85195,HANGING HEART BASKET,2.1,Home & Garden,SUP_208
23192,BUNDLE OF 3 ALPHABET EXERCISE BOOKS,1.65,Apparel,SUP_107
22589,CARDHOLDER GINGHAM STAR,2.55,Electronics,SUP_926
22257,FELT FARM ANIMAL SHEEP,0.42,Electronics,SUP_803
23142,IVORY WIRE KITCHEN ORGANISER,10.4,Electronics,SUP_112
79192A,RETRO PLASTIC 70'S TRAY,1.25,Home & Garden,SUP_412
22505,MEMO BOARD COTTAGE DESIGN,4.95,Home & Garden,SUP_493
35922,EASTER BUNNY WREATH,4.95,Home & Garden,SUP_786
22202,MILK PAN PINK POLKADOT,3.75,Toys,SUP_783
22189,CREAM HEART CARD HOLDER,3.95,Logistics,SUP_393
23462,ROCOCO WALL MIRROR WHITE,19.95,Groceries,SUP_862
35653,VINTAGE BEAD NOTEBOOK,2.95,Home & Garden,SUP_565
90021,LASER CUT MULTI STRAND NECKLACE,11.95,Electronics,SUP_681
21462,"NURSERY A,B,C PAINTED LETTERS",6.75,Home & Garden,SUP_142
21292,SMALL STRIPES CHOCOLATE GIFT BAG ,0.85,Logistics,SUP_381
22636,CHILDS BREAKFAST SET CIRCUS PARADE,8.5,Groceries,SUP_775
23311,VINTAGE CHRISTMAS STOCKING ,2.55,Electronics,SUP_651
21926,RED/CREAM STRIPE CUSHION COVER ,1.25,Home & Garden,SUP_862
21745,GAOLERS KEYS DECORATIVE GARDEN ,3.75,Home & Garden,SUP_226
48194,DOORMAT HEARTS,7.95,Logistics,SUP_678
21108,FAIRY CAKE FLANNEL ASSORTED COLOUR,2.55,Electronics,SUP_944
23375,50'S CHRISTMAS PAPER GIFT BAG,0.82,Groceries,SUP_181
85032A,ROMANTIC IMAGES GIFT WRAP SET,2.1,Logistics,SUP_891
85042,ANTIQUE LILY FAIRY LIGHTS,4.95,Electronics,SUP_238
22378,WALL TIDY RETROSPOT ,2.1,Electronics,SUP_374
23329,DECORATIVE WICKER HEART LARGE,1.65,Logistics,SUP_166
22188,BLACK HEART CARD HOLDER,3.95,Groceries,SUP_714
90176D,DIAMANTE NECKLACE PURPLE,7.5,Toys,SUP_677
20857,BLUE ROSE PATCH PURSE PINK BUTTERFL,1.65,Toys,SUP_896
21913,VINTAGE SEASIDE JIGSAW PUZZLES,3.75,Electronics,SUP_318
21062,PARTY INVITES SPACEMAN,0.85,Electronics,SUP_742
84247L,FAWN AND MUSHROOM GREETING CARD,0.42,Home & Garden,SUP_479
23215,JINGLE BELL HEART ANTIQUE SILVER,2.08,Electronics,SUP_638
84029G,KNITTED UNION FLAG HOT WATER BOTTLE,3.39,Apparel,SUP_216
21327,SKULLS WRITING SET ,1.65,Home & Garden,SUP_475
47367B,PAIR PADDED HANGERS PINK CHECK,3.75,Electronics,SUP_985
35810B,ENAMEL BLUE RIM COFFEE CONTAINER,2.1,Toys,SUP_858
84228,HEN HOUSE W CHICK STANDING,0.42,Logistics,SUP_131
21067,VINTAGE RED TEATIME MUG,1.25,Logistics,SUP_868
21090,SET/6 COLLAGE PAPER PLATES,0.85,Home & Garden,SUP_396
21841,BABY MOUSE RED GINGHAM DRESS,4.25,Electronics,SUP_497
82011A,"BATHROOM SCALES, TROPICAL BEACH",3.75,Home & Garden,SUP_826
21264,WHITE GOOSE FEATHER TREE 60CM ,1.95,Logistics,SUP_572
22959,WRAP CHRISTMAS VILLAGE,0.34,Home & Garden,SUP_696
21012,ANTIQUE ALL GLASS CANDLESTICK,2.1,Apparel,SUP_368
20838,FRENCH LATTICE CUSHION COVER ,0.85,Toys,SUP_440
21211,SET OF 72 SKULL PAPER  DOILIES,1.45,Apparel,SUP_919
81952B,ROUND BLUE CLOCK WITH SUCKER,0.19,Apparel,SUP_702
20711,JUMBO BAG TOYS ,1.95,Apparel,SUP_743
84033,FLAG OF ST GEORGE ,1.65,Home & Garden,SUP_752
90027A,GLASS BEAD HOOP EARRINGS BLACK,2.95,Toys,SUP_678
21397,BLUE POLKADOT EGG CUP ,1.25,Groceries,SUP_867
22914,BLUE COAT RACK PARIS FASHION,4.95,Electronics,SUP_128
85049H,URBAN BLACK RIBBONS ,1.25,Logistics,SUP_393
21064,BOOM BOX SPEAKER BOYS,5.95,Home & Garden,SUP_381
85049B,LUSH GREENS RIBBONS,1.25,Logistics,SUP_869
21011,GLITTER SNOW PEAR TREE DECORATION,1.45,Groceries,SUP_614
23535,BICYCLE SAFTEY WALL ART,5.95,Apparel,SUP_277
21162,TOXIC AREA  DOOR HANGER ,1.45,Electronics,SUP_947
84976,RECTANGULAR SHAPED MIRROR,1.69,Apparel,SUP_899
21390,FILIGRIS HEART WITH BUTTERFLY,1.25,Toys,SUP_789
23204,CHARLOTTE BAG APPLES DESIGN,0.85,Electronics,SUP_847
21822,GLITTER CHRISTMAS TREE WITH BELLS,1.95,Toys,SUP_171
22223,CAKE PLATE LOVEBIRD PINK,1.95,Logistics,SUP_229
90210D,PURPLE ACRYLIC FACETED BANGLE,1.25,Electronics,SUP_753
46138B,BLUE CHENILLE SHAGGY CUSHION COVER ,1.95,Groceries,SUP_764
23044,PAPER LANTERN 9 POINT HOLLY STAR S,4.15,Groceries,SUP_546
22326,ROUND SNACK BOXES SET OF4 WOODLAND ,2.95,Toys,SUP_951
22993,SET OF 4 PANTRY JELLY MOULDS,1.25,Apparel,SUP_855
16254,TRANSPARENT ACRYLIC TAPE DISPENSER,0.85,Apparel,SUP_782
84997C,BLUE 3 PIECE POLKADOT CUTLERY SET,3.75,Electronics,SUP_150
85231G,ORANGE SCENTED SET/9 T-LIGHTS,0.85,Groceries,SUP_192
22678,FRENCH BLUE METAL DOOR SIGN 3,1.25,Home & Garden,SUP_543
22639,SET OF 4 NAPKIN CHARMS HEARTS,2.55,Toys,SUP_621
17107D,"FLOWER FAIRY,5 SUMMER B'DRAW LINERS",2.55,Toys,SUP_304
48187,DOORMAT NEW ENGLAND,7.95,Toys,SUP_657
21117,BLOND DOLL DOORSTOP,6.75,Electronics,SUP_340
21936,RED RETROSPOT PICNIC BAG,2.95,Groceries,SUP_405
23405,HOME SWEET HOME 2 DRAWER CABINET,4.95,Electronics,SUP_864
16235,RECYCLED PENCIL WITH RABBIT ERASER,0.21,Logistics,SUP_359
22278,OVERNIGHT BAG VINTAGE ROSE PAISLEY,4.95,Groceries,SUP_320
21194,PINK  HONEYCOMB PAPER FAN,2.1,Toys,SUP_509
22613,PACK OF 20 SPACEBOY NAPKINS,0.85,Groceries,SUP_528
82095,HEART BUTTONS JEWELLERY BOX,7.65,Toys,SUP_276
22095,LADS ONLY TISSUE BOX,1.25,Logistics,SUP_904
21719,LOVELY BONBON STICKER SHEET,0.85,Logistics,SUP_919
21850,BLUE  DIAMANTE PEN IN GIFT BOX,4.95,Electronics,SUP_880
35645,VINTAGE BEAD PINK JEWEL BOX,4.25,Toys,SUP_717
90214N,"LETTER ""N"" BLING KEY RING",1.25,Logistics,SUP_576
82600,NO SINGING METAL SIGN,2.1,Home & Garden,SUP_966
22646,CERAMIC STRAWBERRY CAKE MONEY BANK,1.45,Toys,SUP_409
22093,MOTORING TISSUE BOX,1.25,Home & Garden,SUP_300
85017A,ENVELOPE 50 ROMANTIC IMAGES,0.85,Electronics,SUP_686
21625,VINTAGE UNION JACK APRON,6.95,Home & Garden,SUP_503
79151B,"SILICON CUBE 25W, BLUE",0.42,Apparel,SUP_249
85132C,CHARLIE AND LOLA FIGURES TINS,9.95,Apparel,SUP_880
22942,CHRISTMAS LIGHTS 10 SANTAS ,8.5,Apparel,SUP_984
23553,LANDMARK FRAME CAMDEN TOWN ,12.5,Home & Garden,SUP_195
21647,ASSORTED TUTTI FRUTTI LARGE PURSE,2.1,Toys,SUP_692
85206B,PINK FELT EASTER EGG BASKET,1.65,Toys,SUP_648
20878,SET/9 CHRISTMAS T-LIGHTS SCENTED ,1.25,Apparel,SUP_292
21172,PARTY METAL SIGN ,1.45,Toys,SUP_753
22968,ROSE COTTAGE KEEPSAKE BOX ,8.5,Logistics,SUP_670
23093,SMALL PARISIENNE HEART PHOTO FRAME ,2.49,Toys,SUP_240
21265,PINK GOOSE FEATHER TREE 60CM,1.95,Toys,SUP_892
84875B,GREEN SQUARE COMPACT MIRROR,3.75,Groceries,SUP_456
22427,ENAMEL FLOWER JUG CREAM,5.95,Apparel,SUP_702
21420,OYSTER TRINKET BOX,3.25,Electronics,SUP_936
85170C,SET/6 EAU DE NIL BIRD T-LIGHTS,2.1,Home & Garden,SUP_131
90010E,AMBER GLASS/SILVER BRACELET,8.95,Electronics,SUP_430
20851,ZINC HEART LATTICE TRAY OVAL ,5.95,Apparel,SUP_511
23143,ZINC WIRE KITCHEN ORGANISER,10.4,Toys,SUP_898
21030,SPACE CADET RED,1.25,Groceries,SUP_783
85130B,BEADED CRYSTAL HEART GREEN LARGE,1.65,Logistics,SUP_412
84568,GIRLS ALPHABET IRON ON PATCHES ,0.21,Electronics,SUP_356
21156,RETROSPOT CHILDRENS APRON,1.95,Toys,SUP_330
22380,TOY TIDY SPACEBOY  ,2.1,Apparel,SUP_928
21801,CHRISTMAS TREE DECORATION WITH BELL,0.42,Logistics,SUP_178
85129D,BEADED CRYSTAL HEART PINK SMALL,1.25,Home & Garden,SUP_997
79144B,PAINTED LIGHTBULB STAR+ MOON,0.42,Toys,SUP_728
16169P,WRAP GREEN RUSSIAN FOLKART ,0.42,Toys,SUP_673
16046,TEATIME PEN CASE & PENS,0.85,Groceries,SUP_311
85159B,"WHITE TEA,COFFEE,SUGAR JARS",1.25,Home & Garden,SUP_173
22531,MAGIC DRAWING SLATE CIRCUS PARADE  ,0.42,Toys,SUP_599
21070,VINTAGE BILLBOARD MUG ,1.25,Apparel,SUP_628
85054,FRENCH ENAMEL POT W LID,2.95,Electronics,SUP_270
21398,RED POLKADOT COFFEE  MUG,2.1,Apparel,SUP_814
82551,LAUNDRY 15C METAL SIGN,1.45,Electronics,SUP_722
82578,KITCHEN METAL SIGN,0.55,Toys,SUP_407
85035A,GARDENIA 3 WICK MORRIS BOXED CANDLE,4.25,Groceries,SUP_803
22258,FELT FARM ANIMAL RABBIT,0.42,Home & Garden,SUP_491
22830,UTILTY CABINET WITH HOOKS,26.95,Toys,SUP_847
22710,WRAP I LOVE LONDON ,0.42,Toys,SUP_747
17084P,DRAGONS BLOOD INCENSE,0.21,Electronics,SUP_586
79160,HEART SHAPE WIRELESS DOORBELL,2.1,Apparel,SUP_550
84569C,PACK 4 FLOWER/BUTTERFLY PATCHES,1.25,Groceries,SUP_806
DOT,DOTCOM POSTAGE,11.17,Logistics,SUP_325
22759,SET OF 3 NOTEBOOKS IN PARCEL,1.65,Home & Garden,SUP_756
90179A,AMBER FINE BEAD NECKLACE W TASSEL,5.95,Toys,SUP_850
84743C,ORANGE FELT VASE + FLOWERS,1.25,Electronics,SUP_478
21416,CLAM SHELL LARGE,3.75,Apparel,SUP_454
21329,DINOSAURS  WRITING SET ,1.65,Logistics,SUP_459
72817,SET OF 2 CHRISTMAS DECOUPAGE CANDLE,1.25,Home & Garden,SUP_784
22974,CHILDRENS DOLLY GIRL MUG,1.65,Groceries,SUP_543
21626,VINTAGE UNION JACK PENNANT,1.95,Electronics,SUP_983
22063,CERAMIC BOWL WITH STRAWBERRY DESIGN,2.95,Logistics,SUP_663
84388,WISE MAN STAR SHAPE EGG PAN,1.65,Apparel,SUP_964
72133,COLUMBIAN CANDLE RECTANGLE,1.25,Toys,SUP_652
22281,EASTER TREE YELLOW BIRDS,5.95,Logistics,SUP_704
47469,ASSORTED SHAPES PHOTO CLIP SILVER ,0.65,Logistics,SUP_484
23418,LAVENDER TOILETTE BOTTLE,2.08,Toys,SUP_752
22325,MOBILE VINTAGE HEARTS ,4.95,Toys,SUP_785
22818,CARD CHRISTMAS VILLAGE,0.42,Apparel,SUP_921
84968C,SET OF 16 VINTAGE PISTACHIO CUTLERY,12.75,Groceries,SUP_540
22264,FELT FARM ANIMAL WHITE BUNNY ,0.85,Toys,SUP_646
23546,WRAP PAISLEY PARK ,0.42,Apparel,SUP_717
17136A,BLUE STONES ON WIRE FOR CANDLE,0.21,Groceries,SUP_653
23191,BUNDLE OF 3 RETRO NOTE BOOKS,1.65,Electronics,SUP_837
85167B,BLACK GRAND BAROQUE PHOTO FRAME,4.25,Logistics,SUP_333
20969,RED FLORAL FELTCRAFT SHOULDER BAG,3.75,Electronics,SUP_128
90001A,ANTIQUE RASPBERRY FLOWER EARRINGS,4.25,Electronics,SUP_250
21821,GLITTER STAR GARLAND WITH BELLS ,3.75,Electronics,SUP_863
22948,METAL DECORATION NAUGHTY CHILDREN ,0.85,Home & Garden,SUP_311
21018,BIRD BOX CHRISTMAS TREE DECORATION,0.85,Home & Garden,SUP_109
21394,RED POLKADOT BEAKER ,1.95,Toys,SUP_806
47481,50CM METAL STRING WITH  7 CLIPS,0.85,Apparel,SUP_470
23090,VINTAGE GLASS T-LIGHT HOLDER,0.83,Toys,SUP_899
84462,3 PINK HEN+CHICKS IN BASKET,1.25,Home & Garden,SUP_911
22131,FOOD CONTAINER SET 3 LOVE HEART ,1.95,Toys,SUP_712
37444C,PINK BREAKFAST CUP AND SAUCER ,2.95,Apparel,SUP_189
20686,DOLLY MIXTURE CHILDREN'S UMBRELLA,3.25,Groceries,SUP_197
21645,ASSORTED TUTTI FRUTTI ROUND BOX,1.65,Groceries,SUP_433
21703,BAG 125g SWIRLY MARBLES,0.42,Apparel,SUP_113
22148,EASTER CRAFT 4 CHICKS ,1.95,Apparel,SUP_570
85114C,RED ENCHANTED FOREST PLACEMAT,1.65,Logistics,SUP_771
22748,POPPY'S PLAYHOUSE KITCHEN,2.1,Home & Garden,SUP_385
84817,DANISH ROSE DECORATIVE PLATE,0.42,Apparel,SUP_581
84806A,PINK CANDYSTUFT ARTIFICIAL FLOWER,1.45,Home & Garden,SUP_417
23240,SET OF 4 KNICK KNACK TINS DOILEY ,4.15,Logistics,SUP_929
21031,SPACE CADET BLACK,1.25,Toys,SUP_615
23345, DOLLY GIRL BEAKER,1.25,Toys,SUP_897
22136,LOVE HEART SOCK HANGER,1.65,Home & Garden,SUP_160
23153,ZINC SWEETHEART WIRE LETTER RACK,3.75,Logistics,SUP_197
22193,RED DINER WALL CLOCK,8.5,Toys,SUP_122
90041,PEARL AND CHERRY QUARTZ BRACLET,3.5,Home & Garden,SUP_912
35909B,PINK FLOWERS RABBIT EASTER,2.95,Toys,SUP_956
21202,DOLLY HONEYCOMB GARLAND,1.65,Home & Garden,SUP_130
BANK CHARGES,Bank Charges,15.0,Logistics,SUP_271
22071,SMALL WHITE RETROSPOT MUG IN BOX ,3.75,Toys,SUP_391
23167,SMALL CERAMIC TOP STORAGE JAR ,0.69,Electronics,SUP_394
90079,VINTAGE ENAMEL & CRYSTAL NECKLACE,4.95,Logistics,SUP_880
84927E,FLOWERS TILE HOOK,2.1,Toys,SUP_383
23184,BULL DOG BOTTLE OPENER,4.95,Groceries,SUP_776
85135B,BLUE DRAGONFLY HELICOPTER,7.95,Apparel,SUP_701
22361,GLASS JAR DAISY FRESH COTTON WOOL,2.95,Groceries,SUP_656
22723,SET OF 6 HERB TINS SKETCHBOOK,3.95,Groceries,SUP_844
84857C,PINK MONTE CARLO HANDBAG,8.5,Groceries,SUP_170
23200,JUMBO BAG PEARS,2.08,Groceries,SUP_446
21781,MA CAMPAGNE CUTLERY BOX,14.95,Apparel,SUP_454
23066,SMALL DECO JEWELLERY STAND,8.25,Electronics,SUP_877
23285,PINK VINTAGE SPOT BEAKER,0.85,Toys,SUP_438
22588,CARD HOLDER GINGHAM HEART,2.55,Home & Garden,SUP_213
22827,RUSTIC  SEVENTEEN DRAWER SIDEBOARD,165.0,Home & Garden,SUP_270
21439,BASKET OF TOADSTOOLS,1.25,Apparel,SUP_732
90010B,BLACK/WHITE GLASS/SILVER BRACELET,8.95,Groceries,SUP_606
22702,BLACK AND WHITE CAT BOWL,2.1,Groceries,SUP_950
20906,VINTAGE NOTEBOOK BEAUTY GIRL,2.95,Apparel,SUP_732
71143,SILVER BOOK MARK WITH BEADS,0.85,Electronics,SUP_927
21809,CHRISTMAS HANGING TREE WITH BELL,1.25,Home & Garden,SUP_159
90070,RUBY GLASS CLUSTER BRACELET,5.95,Apparel,SUP_927
21816,CHRISTMAS TREE T-LIGHT HOLDER,1.45,Toys,SUP_503
84970S,HANGING HEART ZINC T-LIGHT HOLDER,0.64,Home & Garden,SUP_912
23120,PACK OF 6 SMALL FRUIT STRAWS,0.42,Electronics,SUP_638
23145,ZINC T-LIGHT HOLDER STAR LARGE,0.95,Home & Garden,SUP_919
23144,ZINC T-LIGHT HOLDER STARS SMALL,0.72,Logistics,SUP_624
21402,RED  EGG  SPOON,0.12,Home & Garden,SUP_631
21523,DOORMAT FANCY FONT HOME SWEET HOME,6.75,Logistics,SUP_336
90099,NECKLACE+BRACELET SET BLUE HIBISCUS,2.55,Logistics,SUP_703
37509,NEW ENGLAND MUG W GIFT BOX,2.55,Home & Garden,SUP_287
22229,BUNNY WOODEN PAINTED WITH FLOWER ,0.85,Logistics,SUP_295
23352,ROLL WRAP 50'S RED CHRISTMAS ,1.25,Logistics,SUP_290
23415,HOME SWEET HOME HOOK,1.65,Groceries,SUP_464
21579,LOLITA  DESIGN  COTTON TOTE BAG,2.25,Toys,SUP_278
47566B,TEA TIME PARTY BUNTING,4.65,Home & Garden,SUP_671
46115B,GREEN POP ART MAO CUSHION COVER ,0.19,Home & Garden,SUP_692
22548,HEADS AND TAILS SPORTING FUN,1.25,Groceries,SUP_499
85197,SET OF 12 MINI BUNNIES IN A BUCKET,2.1,Home & Garden,SUP_442
22770,MIRROR CORNICE,14.95,Toys,SUP_337
22734,SET OF 6 RIBBONS VINTAGE CHRISTMAS,2.55,Logistics,SUP_753
21078,SET/20 STRAWBERRY PAPER NAPKINS ,0.85,Electronics,SUP_861
84581,DOG TOY WITH PINK CROCHET SKIRT,3.75,Logistics,SUP_635
22483,RED GINGHAM TEDDY BEAR ,2.95,Groceries,SUP_225
90129A,PINK GLASS TASSLE BAG CHARM ,2.95,Logistics,SUP_385
84870B,BLUE GEISHA GIRL ,3.75,Logistics,SUP_224
23020,GLASS  SONGBIRD STORAGE JAR,12.5,Home & Garden,SUP_410
72801G,4 BURGUNDY WINE DINNER CANDLES,1.25,Home & Garden,SUP_324
21039,RED RETROSPOT SHOPPING BAG,2.55,Toys,SUP_860
22424,ENAMEL BREAD BIN CREAM,10.95,Groceries,SUP_745
84638,SMALL KITCHEN FLOWER POTS PLAQUE,6.95,Groceries,SUP_917
22050,PINK PAISLEY ROSE GIFT WRAP,0.42,Electronics,SUP_103
84968D,SET OF 16 VINTAGE RED CUTLERY,12.75,Groceries,SUP_623
22034,ROBIN CHRISTMAS CARD,0.42,Electronics,SUP_741
62096B,PURPLE/TURQ FLOWERS HANDBAG,1.25,Groceries,SUP_807
21357,TOAST ITS - DINOSAUR,1.25,Apparel,SUP_911
23194,GYMKHANNA TREASURE BOOK BOX,2.25,Groceries,SUP_697
23581,JUMBO BAG PAISLEY PARK,1.79,Home & Garden,SUP_559
71279,PINK GLASS CANDLEHOLDER,2.95,Home & Garden,SUP_156
84865,NEW BAROQUE BLACK PHOTO ALBUM,8.5,Groceries,SUP_787
90162C,ANT SILVER FUSCHIA BOUDICCA RING,2.95,Logistics,SUP_231
21059,PARTY INVITES DINOSAURS,0.85,Home & Garden,SUP_421
21718,RED METAL BEACH SPADE ,1.25,Home & Garden,SUP_583
85071A,BLUE CHARLIE+LOLA PERSONAL DOORSIGN,2.95,Electronics,SUP_764
84497,BUTTONS AND STRIPES NOTEBOOK ,3.75,Electronics,SUP_112
47503A,ASS FLORAL PRINT MULTI SCREWDRIVER,0.42,Groceries,SUP_314
84584,PINK GINGHAM CAT WITH SCARF,2.55,Home & Garden,SUP_628
22499,WOODEN UNION JACK BUNTING,5.95,Home & Garden,SUP_461
23146,TRIPLE HOOK ANTIQUE IVORY ROSE,3.29,Apparel,SUP_482
22073,RED RETROSPOT STORAGE JAR,3.39,Apparel,SUP_602
47559B,TEA TIME OVEN GLOVE,1.25,Toys,SUP_623
82583,HOT BATHS METAL SIGN,2.1,Toys,SUP_621
22921,HERB MARKER CHIVES ,0.65,Home & Garden,SUP_364
21643,ASSORTED TUTTI FRUTTI MIRROR,1.25,Electronics,SUP_371
23401,RUSTIC MIRROR WITH LACE HEART,6.25,Toys,SUP_483
23236,DOILEY STORAGE TIN,2.89,Home & Garden,SUP_193
22116,METAL SIGN HIS DINNER IS SERVED,2.95,Logistics,SUP_509
23050,RECYCLED ACAPULCO MAT GREEN,8.25,Home & Garden,SUP_982
84614A,PINK BAROQUE FLOCK CANDLE HOLDER,5.95,Apparel,SUP_378
21559,STRAWBERRY LUNCH BOX WITH CUTLERY,2.55,Toys,SUP_962
22468,BABUSHKA LIGHTS STRING OF 10,6.75,Toys,SUP_631
21937,STRAWBERRY   PICNIC BAG,2.95,Home & Garden,SUP_378
17011F,ORIGAMI SANDLEWOOD INCENSE+FLOWER,2.1,Electronics,SUP_768
23448,CREAM BUNNY EASTER EGG BASKET,1.65,Home & Garden,SUP_554
85019B,BLOSSOM  IMAGES NOTEBOOK SET,4.25,Logistics,SUP_360
21693,SMALL HAMMERED SILVER CANDLEPOT ,2.95,Electronics,SUP_853
84992,72 SWEETHEART FAIRY CAKE CASES,0.55,Home & Garden,SUP_400
90003B,ROSE COLOUR PAIR HEART HAIR SLIDES,3.75,Groceries,SUP_351
20677,PINK POLKADOT BOWL,1.25,Groceries,SUP_990
90176C,DIAMANTE NECKLACE,7.5,Logistics,SUP_636
21269,ANTIQUE CREAM CUTLERY SHELF ,8.5,Electronics,SUP_693
22048,BIRTHDAY BANQUET GIFT WRAP,0.42,Apparel,SUP_556
85008,SET OF 3 CONEY ISLAND OVAL BOXES,4.95,Toys,SUP_752
17129F,BLUE GLASS GEMS IN BAG,0.64,Apparel,SUP_857
21231,SWEETHEART CERAMIC TRINKET BOX,1.25,Apparel,SUP_243
90129F,RED GLASS TASSLE BAG CHARM,2.95,Toys,SUP_729
23129,HEART SHAPED HOLLY WREATH,4.15,Groceries,SUP_800
82482,WOODEN PICTURE FRAME WHITE FINISH,2.1,Logistics,SUP_843
84031B,CHARLIE LOLA BLUE HOT WATER BOTTLE ,4.65,Apparel,SUP_205
35953,FOLKART STAR CHRISTMAS DECORATIONS,1.25,Groceries,SUP_420
20654,FIRST CLASS LUGGAGE TAG ,1.25,Logistics,SUP_365
23660,HENRIETTA HEN MUG ,1.65,Toys,SUP_525
21883,STARS GIFT TAPE ,0.65,Groceries,SUP_947
21927,BLUE/CREAM STRIPE CUSHION COVER ,1.25,Apparel,SUP_673
85059,FRENCH ENAMEL WATER BASIN,3.75,Home & Garden,SUP_763
21897,POTTING SHED CANDLE CITRONELLA,3.21,Home & Garden,SUP_491
90108,BLUE BLOSSOM HAIR CLIP,1.05,Toys,SUP_759
90128B,BLUE LEAVES AND BEADS PHONE CHARM,1.25,Toys,SUP_606
22252,BIRDCAGE DECORATION TEALIGHT HOLDER,1.25,Logistics,SUP_779
79144C,PAINTED LIGHTBULB RAINBOW DESIGN,0.42,Logistics,SUP_279
21393,BLUE POLKADOT PUDDING BOWL,2.1,Home & Garden,SUP_382
21990,MODERN FLORAL STATIONERY SET,2.95,Groceries,SUP_443
22211,WOOD STAMP SET FLOWERS,1.65,Electronics,SUP_825
90125A,PINK BERTIE GLASS BEAD BAG CHARM,0.85,Groceries,SUP_285
90030A,SPOTTED WHITE NATURAL SEED NECKLACE,1.0,Apparel,SUP_242
21624,VINTAGE UNION JACK DOORSTOP,5.95,Home & Garden,SUP_390
90094,NECKLACE+BRACELET SET FRUIT SALAD ,2.55,Groceries,SUP_468
84201B,HAPPY BIRTHDAY CARD STRIPEY TEDDY,0.19,Electronics,SUP_673
16015,MEDIUM CHINESE STYLE SCISSOR,0.5,Toys,SUP_112
22585,PACK OF 6 BIRDY GIFT TAGS,1.25,Logistics,SUP_863
21713,CITRONELLA CANDLE FLOWERPOT,2.1,Electronics,SUP_762
22871,NUMBER TILE COTTAGE GARDEN 3 ,1.95,Electronics,SUP_638
21494,ROTATING LEAVES T-LIGHT HOLDER,1.25,Toys,SUP_161
20978,36 PENCILS TUBE SKULLS,1.25,Apparel,SUP_491
21722,SWEET PUDDING STICKER SHEET,0.85,Electronics,SUP_909
22171,3 HOOK PHOTO SHELF ANTIQUE WHITE,8.5,Toys,SUP_245
22332,SKULLS PARTY BAG + STICKER SET,1.65,Electronics,SUP_552
47351B,BLUE  VOILE LAMPSHADE,2.95,Groceries,SUP_402
22301,COFFEE MUG CAT + BIRD DESIGN,2.55,Logistics,SUP_549
35816P,"ACRYLIC JEWEL ANGEL,PINK",0.38,Electronics,SUP_880
47369A,PINK GREEN EMBROIDERY COSMETIC BAG,2.95,Toys,SUP_867
79157V,UBO-LIGHT TRIOBASE PURPLE,0.85,Home & Garden,SUP_381
84970L,SINGLE HEART ZINC T-LIGHT HOLDER,0.95,Toys,SUP_815
22785,SQUARECUSHION COVER PINK UNION FLAG,6.75,Electronics,SUP_572
22162,HEART GARLAND RUSTIC PADDED,2.95,Apparel,SUP_173
22939,APRON APPLE DELIGHT,4.95,Electronics,SUP_731
84086C,PINK/PURPLE RETRO RADIO,2.95,Toys,SUP_306
23169,CLASSIC GLASS SWEET JAR,4.15,Logistics,SUP_546
85163A,WHITE BAROQUE WALL CLOCK ,12.75,Toys,SUP_520
23370,SET 36 COLOUR PENCILS DOILEY,1.25,Electronics,SUP_464
90035C,"PEARL & SHELL 42""NECKL. IVORY",10.75,Electronics,SUP_115
22094,RED RETROSPOT TISSUE BOX,1.25,Groceries,SUP_951
17165D,ASS COL LARGE SAND FROG P'WEIGHT,1.05,Home & Garden,SUP_355
18094C,WHITE AND BLUE CERAMIC OIL BURNER,1.25,Home & Garden,SUP_488
22777,GLASS BELL JAR LARGE,8.5,Electronics,SUP_657
20671,BLUE TEATIME PRINT BOWL ,1.25,Groceries,SUP_506
23420,PANTRY HOOK TEA STRAINER ,2.08,Groceries,SUP_180
22405,MONEY BOX POCKET MONEY DESIGN,1.25,Logistics,SUP_267
23394,POSTE FRANCE CUSHION COVER,3.75,Groceries,SUP_767
20678,LARGE BLACK DIAMANTE HAIRSLIDE,1.65,Toys,SUP_248
22560,TRADITIONAL MODELLING CLAY,1.25,Electronics,SUP_339
90036E,"FLOWER GLASS GARLD NECKL36""AMETHYST",7.95,Groceries,SUP_971
23400,SHELF WITH 4 HOOKS HOME SWEET HOME,6.25,Toys,SUP_511
90198B,VINTAGE ROSE BEAD BRACELET BLACK,4.25,Logistics,SUP_448
23174,REGENCY SUGAR BOWL GREEN,4.15,Apparel,SUP_367
72351B,SET/6 PINK  BUTTERFLY T-LIGHTS,2.1,Apparel,SUP_814
84249A,"GREETING CARD,SQUARE, DOUGHNUTS",0.42,Home & Garden,SUP_863
23372,SET 36 COLOUR PENCILS DOLLY GIRL,1.25,Electronics,SUP_888
84750A,PINK SMALL GLASS CAKE STAND,1.95,Groceries,SUP_274
21179,NO JUNK MAIL METAL SIGN,1.25,Groceries,SUP_909
21873,IF YOU CAN'T STAND THE HEAT MUG,1.25,Groceries,SUP_540
22540,MINI JIGSAW CIRCUS PARADE ,0.42,Logistics,SUP_112
21562,HAWAIIAN GRASS SKIRT ,1.25,Home & Garden,SUP_281
22422,TOOTHPASTE TUBE PEN,0.65,Groceries,SUP_472
21071,VINTAGE BILLBOARD DRINK ME MUG,1.06,Groceries,SUP_118
22879,NUMBER TILE VINTAGE FONT 0,0.42,Electronics,SUP_793
20971,PINK BLUE FELT CRAFT TRINKET BOX,1.06,Logistics,SUP_286
84631,FRUIT TREE AND BIRDS WALL PLAQUE,7.95,Logistics,SUP_589
23340,VINTAGE CHRISTMAS CAKE FRILL,1.65,Logistics,SUP_518
22960,JAM MAKING SET WITH JARS,4.25,Logistics,SUP_834
23367,SET 12 COLOUR PENCILS SPACEBOY ,0.65,Electronics,SUP_809
85040A,S/4 PINK FLOWER CANDLES IN BOWL,1.65,Electronics,SUP_172
22543,MINI JIGSAW BAKE A CAKE ,0.42,Apparel,SUP_594
23374,RED SPOT PAPER GIFT BAG,0.82,Apparel,SUP_936
90010A,MIDNIGHT BLUE GLASS/SILVER BRACELET,8.95,Logistics,SUP_655
23465,TUSCAN VILLA FEEDING STATION,8.25,Toys,SUP_488
75013B,"STRING OF 8 BUTTERFLIES,PINK",1.65,Home & Garden,SUP_644
47594A,CAROUSEL DESIGN WASHBAG,1.95,Apparel,SUP_463
21261,GREEN GOOSE FEATHER CHRISTMAS TREE ,16.95,Apparel,SUP_627
23453,OVAL  MINI PORTRAIT FRAME,1.95,Home & Garden,SUP_165
20695,FLORAL BLUE MONSTER,4.25,Apparel,SUP_792
70006,LOVE HEART POCKET WARMER,1.65,Electronics,SUP_595
21695,SMALL SILVER FLOWER CANDLE POT,2.95,Electronics,SUP_862
85225,BLING KEY RING STAND,1.25,Toys,SUP_331
21473,SWEETHEART CREAM STEEL TABLE RECT,19.95,Home & Garden,SUP_626
22594,CHRISTMAS GINGHAM TREE,0.85,Electronics,SUP_778
15034,PAPER POCKET TRAVELING FAN ,0.14,Logistics,SUP_442
23130,MISTLETOE HEART WREATH GREEN,4.15,Groceries,SUP_922
22627,MINT KITCHEN SCALES,8.5,Toys,SUP_728
21089,SET/6 GREEN SPRING PAPER CUPS,0.65,Logistics,SUP_732
78124,MAGAZINE RACK GEBRA ASSORTED ,2.75,Home & Garden,SUP_707
23320,GIANT 50'S CHRISTMAS CRACKER,2.89,Logistics,SUP_517
22967,SET 3 SONG BIRD PAPER EGGS ASSORTED,2.55,Groceries,SUP_717
20781,GOLD EAR MUFF HEADPHONES,5.49,Electronics,SUP_627
84820,DANISH ROSE TRINKET TRAYS,5.95,Toys,SUP_145
23306,SET OF 36 DOILIES PANTRY DESIGN,1.45,Toys,SUP_760
21253,SET OF PICTURE FRAME  STICKERS,2.95,Toys,SUP_700
84912A,PINK ROSE WASHBAG,3.75,Groceries,SUP_357
84030E,ENGLISH ROSE HOT WATER BOTTLE,3.75,Toys,SUP_592
21278,VINTAGE KITCHEN PRINT PUDDINGS,2.55,Groceries,SUP_292
22745,POPPY'S PLAYHOUSE BEDROOM ,2.1,Home & Garden,SUP_700
21792,CLASSIC FRENCH STYLE BASKET GREEN ,6.75,Home & Garden,SUP_715
84247G,"DECOUPAGE,GREETING CARD,",0.42,Home & Garden,SUP_918
22701,PINK DOG BOWL,2.95,Apparel,SUP_602
22102,MIRROR MOSAIC T-LIGHT HOLDER ,1.65,Logistics,SUP_435
85130A,BEADED PEARL HEART WHITE LARGE,1.65,Home & Garden,SUP_142
90040A,MURANO STYLE GLASS BRACELET RED,3.5,Apparel,SUP_982
15044D,RED PAPER PARASOL,2.95,Home & Garden,SUP_281
21122,SET/10 PINK POLKADOT PARTY CANDLES,1.25,Toys,SUP_396
22442,GROW YOUR OWN FLOWERS SET OF 3,7.95,Apparel,SUP_162
23297,SET 40 HEART SHAPE PETIT FOUR CASES,1.45,Toys,SUP_156
23518,EMBROIDERED RIBBON REEL RACHEL ,2.89,Electronics,SUP_114
48184,DOORMAT ENGLISH ROSE ,7.95,Logistics,SUP_990
21945,STRAWBERRIES  DESIGN FLANNEL ,0.85,Home & Garden,SUP_438
90031,BILI NUT AND WOOD NECKLACE,1.0,Home & Garden,SUP_801
23085,ANTIQUE SILVER BAUBLE LAMP  ,10.4,Apparel,SUP_257
21664,RIDGED GLASS STORAGE JAR CREAM LID,3.75,Toys,SUP_209
22413,METAL SIGN TAKE IT OR LEAVE IT ,2.95,Toys,SUP_361
22530,MAGIC DRAWING SLATE DOLLY GIRL ,0.42,Groceries,SUP_739
22087,PAPER BUNTING WHITE LACE,2.95,Home & Garden,SUP_638
22603,CHRISTMAS RETROSPOT TREE WOOD,0.85,Logistics,SUP_920
23439,HAND WARMER RED LOVE HEART,2.1,Toys,SUP_983
84809A,WHITE CHRYSANTHEMUMS ART FLOWER,2.1,Groceries,SUP_588
22052,VINTAGE CARAVAN GIFT WRAP,0.42,Home & Garden,SUP_556
37379A,PINK CHERRY BLOSSOM CUP & SAUCER,1.25,Apparel,SUP_791
35915C,PEACH KNITTED HEN ,1.65,Toys,SUP_930
21221,SET/4 BADGES CUTE CREATURES,1.25,Apparel,SUP_682
21531,RED RETROSPOT SUGAR JAM BOWL,2.55,Home & Garden,SUP_645
85183A,CHARLIE & LOLA WASTEPAPER BIN BLUE,3.75,Toys,SUP_527
22478,BIRDHOUSE GARDEN MARKER ,1.25,Apparel,SUP_187
23096,PETIT TRAY CHIC,1.65,Groceries,SUP_529
21932,SCANDINAVIAN PAISLEY PICNIC BAG,2.95,Toys,SUP_435
90026A,GLASS BEAD HOOP NECKLACE BLACK,8.5,Toys,SUP_599
21614,SET OF 12 ROSE BOTANICAL T-LIGHTS,2.95,Electronics,SUP_207
23349,ROLL WRAP VINTAGE CHRISTMAS,1.25,Home & Garden,SUP_163
23377,PACK OF 12 DOLLY GIRL TISSUES,0.39,Home & Garden,SUP_589
21584,RETROSPOT SMALL TUBE MATCHES,1.65,Toys,SUP_543
22893,MINI CAKE STAND T-LIGHT HOLDER,0.42,Electronics,SUP_908
35965,FOLKART HEART NAPKIN RINGS,2.95,Apparel,SUP_915
85186C,BUNNY EGG GARLAND,0.42,Electronics,SUP_472
21414,SCALLOP SHELL SOAP DISH,2.1,Toys,SUP_568
84687,BEACH HUT SHELF W 3 DRAWERS,5.95,Home & Garden,SUP_894
90051,CRACKED GLAZE NECKLACE RED,6.95,Logistics,SUP_754
22544,MINI JIGSAW SPACEBOY,0.42,Logistics,SUP_253
20832,RED FLOCK LOVE HEART PHOTO FRAME,0.85,Apparel,SUP_989
23231,WRAP DOILEY DESIGN,0.42,Toys,SUP_896
22799,SWEETHEART WIRE FRUIT BOWL,8.5,Home & Garden,SUP_942
21383,PACK OF 12 STICKY BUNNIES,0.65,Home & Garden,SUP_232
84993A,75 GREEN PETIT FOUR CASES,0.42,Toys,SUP_824
23113,PANTRY CHOPPING BOARD,4.95,Logistics,SUP_910
21306,SET/4 DAISY MIRROR MAGNETS,2.1,Electronics,SUP_153
23428,IVORY RETRO KITCHEN WALL CLOCK,8.15,Groceries,SUP_615
90214E,"LETTER ""E"" BLING KEY RING",1.25,Apparel,SUP_485
22894,TABLECLOTH RED APPLES DESIGN ,8.5,Toys,SUP_837
40001,WHITE BAMBOO RIBS LAMPSHADE,0.85,Apparel,SUP_588
21733,RED HANGING HEART T-LIGHT HOLDER,2.55,Home & Garden,SUP_583
21683,MEDIUM MEDINA STAMPED METAL BOWL ,2.95,Toys,SUP_663
21827,EIGHT PIECE CREEPY CRAWLIE SET,1.25,Home & Garden,SUP_983
72132,COLUMBIAN CUBE CANDLE,1.95,Groceries,SUP_690
22656,VINTAGE BLUE KITCHEN CABINET,125.0,Electronics,SUP_391
17003,BROCADE RING PURSE ,0.21,Toys,SUP_462
21735,TWO DOOR CURIO CABINET,12.75,Toys,SUP_179
21129,SILVER FISHING GNOME ,6.95,Groceries,SUP_236
23176,ABC TREASURE BOOK BOX ,2.25,Toys,SUP_443
21263,GREEN GOOSE FEATHER TREE 60CM,1.95,Apparel,SUP_750
72598,SET/12 TAPER CANDLES,0.85,Home & Garden,SUP_351
17012A,ORIGAMI VANILLA INCENSE/CANDLE SET ,0.5,Logistics,SUP_491
22384,LUNCH BAG PINK POLKADOT,1.65,Toys,SUP_104
90183A,AMBER DROP EARRINGS W LONG BEADS,2.95,Groceries,SUP_403
22851,SET 20 NAPKINS FAIRY CAKES DESIGN ,0.85,Electronics,SUP_252
22164,STRING OF STARS CARD HOLDER,2.95,Apparel,SUP_357
23419,HOME SWEET HOME BOTTLE ,2.08,Home & Garden,SUP_528
82580,BATHROOM METAL SIGN,0.55,Home & Garden,SUP_700
84913B,MINT GREEN ROSE TOWEL,4.65,Logistics,SUP_126
47589,CONGRATULATIONS BUNTING,5.45,Groceries,SUP_362
21870,I CAN ONLY PLEASE ONE PERSON MUG,1.25,Home & Garden,SUP_213
22299,PIG KEYRING WITH LIGHT & SOUND ,1.25,Apparel,SUP_381
84805B,BLUE CLIMBING HYDRANGA ART FLOWER,3.75,Groceries,SUP_562
22881,NUMBER TILE VINTAGE FONT 2,0.42,Apparel,SUP_473
90120B,BLUE MURANO TWIST BRACELET,4.25,Electronics,SUP_709
21204,DAISIES  HONEYCOMB GARLAND ,1.65,Groceries,SUP_142
21988,PACK OF 6 SKULL PAPER PLATES,0.85,Logistics,SUP_754
16202E,BLACK PHOTO ALBUM ,5.55,Groceries,SUP_740
23242,TREASURE TIN BUFFALO BILL ,2.08,Groceries,SUP_292
23338,EGG FRYING PAN RED ,2.08,Apparel,SUP_215
23442,12 HANGING EGGS HAND PAINTED,2.08,Apparel,SUP_601
35095B,RED VICTORIAN FABRIC OVAL BOX,0.42,Logistics,SUP_605
20845,ZINC HEART LATTICE 2 WALL PLANTER,6.35,Apparel,SUP_154
90174,BUTTERFLY HAIR BAND,2.55,Groceries,SUP_256
90000D,COPPER/OLIVE GREEN FLOWER NECKLACE,5.95,Toys,SUP_662
23165,LARGE CERAMIC TOP STORAGE JAR,1.45,Electronics,SUP_303
22972,CHILDREN'S SPACEBOY MUG,1.65,Home & Garden,SUP_612
84751B,BLACK MEDIUM GLASS CAKE STAND,3.75,Toys,SUP_254
23219,LAUREL STAR ANTIQUE SILVER ,1.25,Logistics,SUP_576
23021,GLASS BONNE JAM JAR,4.15,Electronics,SUP_276
22641,SET OF 4 NAPKIN CHARMS INSTRUMENT,2.55,Toys,SUP_859
23043,PAPER LANTERN 9 POINT HOLLY STAR 40,6.25,Home & Garden,SUP_889
22350,ILLUSTRATED CAT BOWL ,2.55,Apparel,SUP_919
72811,SMALL ZINC/GLASS CANDLEHOLDER,1.25,Toys,SUP_287
20748,KENSINGTON COFFEE SET,12.75,Apparel,SUP_661
21506,"FANCY FONT BIRTHDAY CARD, ",0.42,Home & Garden,SUP_704
90085,CRYSTAL STILETTO PHONE CHARM,0.85,Electronics,SUP_821
22214,CANDLE PLATE LACE WHITE,2.55,Apparel,SUP_334
90177C,DROP DIAMANTE EARRINGS CRYSTAL,2.95,Logistics,SUP_746
21060,PARTY INVITES BALLOON GIRL,0.85,Groceries,SUP_911
20726,LUNCH BAG WOODLAND,1.65,Groceries,SUP_225
21944,KITTENS DESIGN FLANNEL,0.85,Electronics,SUP_316
22557,PLASTERS IN TIN VINTAGE PAISLEY ,1.65,Electronics,SUP_262
21633,SUNFLOWER DECORATIVE PARASOL,3.95,Logistics,SUP_265
21881,CUTE CATS TAPE,0.65,Electronics,SUP_863
21159,MOODY BOY  DOOR HANGER ,1.45,Logistics,SUP_487
22742,MAKE YOUR OWN PLAYTIME CARD KIT,2.95,Groceries,SUP_395
22433,WATERING CAN GREEN DINOSAUR,1.95,Groceries,SUP_783
72024U,LILAC VOTIVE CANDLE,0.21,Toys,SUP_912
23055,IVORY CHANDELIER T-LIGHT HOLDER,6.25,Home & Garden,SUP_766
20970,PINK FLORAL FELTCRAFT SHOULDER BAG,3.75,Logistics,SUP_674
22970,LONDON BUS COFFEE MUG,2.55,Electronics,SUP_168
37448,CERAMIC CAKE DESIGN SPOTTED MUG,1.49,Home & Garden,SUP_516
21675,BUTTERFLIES STICKERS,0.85,Home & Garden,SUP_871
21479,WHITE SKULL HOT WATER BOTTLE ,3.75,Electronics,SUP_169
84032A,CHARLIE+LOLA PINK HOT WATER BOTTLE,2.95,Apparel,SUP_217
20657,TROPICAL LUGGAGE TAG,1.25,Home & Garden,SUP_860
20749,ASSORTED COLOUR MINI CASES,7.95,Electronics,SUP_651
23139,SINGLE WIRE HOOK PINK HEART,1.45,Toys,SUP_945
37449,CERAMIC CAKE STAND + HANGING CAKES,9.95,Logistics,SUP_983
90135,ORANGE/WHT/FUSCHIA STONES NECKLACE,4.95,Home & Garden,SUP_288
21086,SET/6 RED SPOTTY PAPER CUPS,0.65,Logistics,SUP_515
45013,FOLDING SHOE TIDY,2.95,Electronics,SUP_266
84637,KITCHEN FLOWER POTS WALL PLAQUE,5.95,Toys,SUP_385
22263,FELT EGG COSY LADYBIRD ,0.19,Home & Garden,SUP_641
35597A,DUSTY PINK CHRISTMAS TREE 30CM,1.25,Toys,SUP_892
21213,PACK OF 72 SKULL CAKE CASES,0.55,Toys,SUP_374
84429A,MEDIUM PINK BUDDHA HEAD ,2.95,Home & Garden,SUP_166
23444,Next Day Carriage,15.0,Logistics,SUP_714
21417,COCKLE SHELL DISH,2.1,Logistics,SUP_786
90160B,RED BOUDICCA LARGE BRACELET,6.95,Home & Garden,SUP_477
23391, I LOVE LONDON MINI BACKPACK,4.15,Electronics,SUP_717
84569D,PACK 6 HEART/ICE-CREAM PATCHES,1.25,Groceries,SUP_256
21946,PARTY TIME DESIGN FLANNEL,0.85,Home & Garden,SUP_689
22809,SET OF 6 T-LIGHTS SANTA,2.95,Electronics,SUP_105
22342,HOME GARLAND PAINTED ZINC ,0.85,Toys,SUP_507
22147,FELTCRAFT BUTTERFLY HEARTS,1.45,Electronics,SUP_932
D,Discount,27.5,Toys,SUP_145
22243,5 HOOK HANGER RED MAGIC TOADSTOOL,1.65,Electronics,SUP_447
23570,TRADITIONAL PICK UP STICKS GAME ,1.25,Home & Garden,SUP_542
84415B,BLUE FLOCK CUSHION COVER ,3.75,Logistics,SUP_602
23353,6 GIFT TAGS VINTAGE CHRISTMAS ,0.83,Logistics,SUP_928
21592,RETROSPOT CIGAR BOX MATCHES ,1.25,Logistics,SUP_923
47574A,ENGLISH ROSE SCENTED HANGING FLOWER,4.25,Electronics,SUP_120
22975,SPACEBOY CHILDRENS EGG CUP,1.25,Logistics,SUP_832
84796B,BLUE SAVANNAH PICNIC HAMPER FOR 2,12.75,Toys,SUP_581
22166,WALL MIRROR RECTANGLE DIAMANTE PINK,7.95,Logistics,SUP_585
84746,PINK EASTER HENS+FLOWER,3.75,Logistics,SUP_512
21775,DECORATIVE FLORE BATHROOM BOTTLE,0.42,Apparel,SUP_164
23378,PACK OF 12 50'S CHRISTMAS TISSUES,0.39,Logistics,SUP_774
22704,WRAP RED APPLES ,0.42,Groceries,SUP_295
22080,RIBBON REEL POLKADOTS ,1.65,Groceries,SUP_736
22761,CHEST 7 DRAWER MA CAMPAGNE,21.95,Groceries,SUP_453
23222,CHRISTMAS TREE HANGING GOLD,0.83,Logistics,SUP_683
85049D,BRIGHT BLUES RIBBONS ,1.25,Apparel,SUP_189
85015,SET OF 12  VINTAGE POSTCARD SET,2.55,Home & Garden,SUP_376
21174,POTTERING IN THE SHED METAL SIGN,1.95,Home & Garden,SUP_822
23503,PLAYING CARDS KEEP CALM & CARRY ON,1.25,Groceries,SUP_943
22473,TV DINNER TRAY VINTAGE PAISLEY,4.95,Apparel,SUP_183
72798C,SET/4 GARDEN ROSE DINNER CANDLE,1.65,Logistics,SUP_100
90082D,DIAMANTE BOW BROOCH BLACK COLOUR,6.35,Electronics,SUP_302
16156S,WRAP PINK FAIRY CAKES ,0.42,Toys,SUP_614
72128,COLUMBIAN CANDLE ROUND,0.85,Toys,SUP_499
90081A,LILY BROOCH AMETHYST COLOUR,4.95,Toys,SUP_750
22867,HAND WARMER BIRD DESIGN,2.1,Groceries,SUP_599
22902,TOTE BAG I LOVE LONDON,2.1,Toys,SUP_704
23455,SMALL PARLOUR PICTURE FRAME,2.89,Groceries,SUP_601
23437, 50'S CHRISTMAS GIFT BAG LARGE,1.25,Electronics,SUP_451
22076,6 RIBBONS EMPIRE  ,1.65,Groceries,SUP_395
22521,CHILDS GARDEN TROWEL PINK,0.85,Apparel,SUP_673
20758,ABSTRACT CIRCLES POCKET BOOK,0.85,Apparel,SUP_183
84944,SET OF 6 KASHMIR FOLKART BAUBLES,4.25,Apparel,SUP_153
72783,BLACK SIL'T SQU CANDLE PLATE ,2.1,Apparel,SUP_752
84997D,PINK 3 PIECE POLKADOT CUTLERY SET,3.75,Groceries,SUP_854
84360,TABLE LAMP WHITE SHADE WOOD BASE,5.95,Groceries,SUP_538
20724,RED RETROSPOT CHARLOTTE BAG,0.85,Toys,SUP_664
85035C,ROSE 3 WICK MORRIS BOX CANDLE,4.25,Home & Garden,SUP_713
21677,HEARTS  STICKERS,0.85,Electronics,SUP_924
72800C,4 PINK DINNER CANDLE SILVER FLOCK,2.55,Logistics,SUP_513
71101E,STANDING FAIRY POLE SUPPORT ,0.85,Toys,SUP_803
82494L,WOODEN FRAME ANTIQUE WHITE ,2.55,Groceries,SUP_951
21485,RETROSPOT HEART HOT WATER BOTTLE,4.25,Logistics,SUP_190
82613D,METAL SIGN CUPCAKE SINGLE HOOK,0.42,Home & Garden,SUP_966
23392,SPACEBOY ROCKET LOLLY MAKERS,2.08,Electronics,SUP_595
22450,SILK PURSE BABUSHKA BLUE,3.35,Groceries,SUP_461
90162D,ANT SILVER PURPLE BOUDICCA RING,2.95,Groceries,SUP_974
90019B,GOLD M.O.P ORBIT BRACELET,4.95,Toys,SUP_120
84857B,BLUE MONTE CARLO HANDBAG,1.95,Groceries,SUP_401
90202C,GREEN ENAMEL FLOWER HAIR TIE,2.95,Apparel,SUP_668
35910B,PINK FLOWERS RABBIT EASTER,1.95,Groceries,SUP_940
79164,BLACK WINE GLASS,1.65,Electronics,SUP_695
84535A,ENGLISH ROSE NOTEBOOK A6 SIZE,0.65,Apparel,SUP_316
90059C,DIAMANTE HAIR GRIP PACK/2 MONTANA,1.65,Home & Garden,SUP_375
10123C,HEARTS WRAPPING TAPE ,0.65,Groceries,SUP_100
84975,HEART SHAPED MIRROR,1.69,Toys,SUP_191
21942,SKULLS DESIGN FLANNEL,0.85,Toys,SUP_496
21270,ANTIQUE CREAM CUTLERY CUPBOARD,12.75,Apparel,SUP_928
22537,MAGIC DRAWING SLATE DINOSAUR,0.42,Electronics,SUP_213
21495,SKULLS AND CROSSBONES WRAP,0.42,Apparel,SUP_898
20996,JAZZ HEARTS ADDRESS BOOK,0.42,Logistics,SUP_399
21711,FOLDING UMBRELLA WHITE/RED POLKADOT,4.95,Groceries,SUP_536
21519,GIN & TONIC DIET GREETING CARD ,0.42,Toys,SUP_631
47599A,PINK PARTY BAGS,2.1,Apparel,SUP_501
90042A,FRESHWATER PEARL BRACELET GOLD,2.55,Toys,SUP_107
23348,CHILDRENS TOY COOKING UTENSIL SET,2.08,Apparel,SUP_611
44234,ASSORTED CIRCULAR MOBILE,0.21,Apparel,SUP_806
22181,SNOWSTORM PHOTO FRAME FRIDGE MAGNET,0.85,Toys,SUP_896
23229,VINTAGE DONKEY TAIL GAME ,3.39,Groceries,SUP_999
90162B,ANT SILVER LIME GREEN BOUDICCA RING,2.95,Groceries,SUP_343
22057,CERAMIC PLATE STRAWBERRY DESIGN,1.49,Logistics,SUP_770
37482P,CUBIC MUG PINK POLKADOT,2.55,Groceries,SUP_244
23402,HOME SWEEET HOME 3 PEG HANGER ,3.75,Toys,SUP_529
62097B,BLUE STRIPES SHOULDER BAG,0.83,Apparel,SUP_593
23534,STOP FOR TEA WALL ART,5.95,Logistics,SUP_372
46118,FUNKY MONKEY CUSHION COVER,0.85,Home & Garden,SUP_441
22562,MONSTERS STENCIL CRAFT,1.25,Home & Garden,SUP_734
21507,"ELEPHANT, BIRTHDAY CARD, ",0.36,Groceries,SUP_813
23413,VINTAGE COFFEE GRINDER BOX,4.95,Home & Garden,SUP_810
21471,STRAWBERRY RAFFIA FOOD COVER,3.75,Groceries,SUP_676
21785,RAIN PONCHO ,0.85,Groceries,SUP_596
82484,WOOD BLACK BOARD ANT WHITE FINISH,6.45,Electronics,SUP_554
23193,BUFFALO BILL TREASURE BOOK BOX,2.25,Apparel,SUP_939
20659,ECONOMY LUGGAGE TAG,1.25,Groceries,SUP_792
21285,RETROSPOT CANDLE  MEDIUM,2.1,Electronics,SUP_994
21738,COSY SLIPPER SHOES SMALL  RED ,2.95,Groceries,SUP_705
20980,36 PENCILS TUBE POSY,1.25,Logistics,SUP_165
85135A,YELLOW DRAGONFLY HELICOPTER,7.95,Toys,SUP_542
90073,VINTAGE ENAMEL & CRYSTAL EARRINGS,4.95,Home & Garden,SUP_520
23211,RED ROCKING HORSE HAND PAINTED,1.04,Home & Garden,SUP_930
84609,TALL ROCOCO CANDLE HOLDER,8.5,Electronics,SUP_176
23089,GLASS BON BON JAR,1.65,Logistics,SUP_605
72802C,VANILLA SCENT CANDLE JEWELLED BOX,4.25,Home & Garden,SUP_972
21876,POTTERING MUG,1.25,Groceries,SUP_509
51014L,"FEATHER PEN,LIGHT PINK",0.85,Groceries,SUP_462
84950,ASSORTED COLOUR T-LIGHT HOLDER,0.55,Toys,SUP_241
85208,SET/12 FUNKY FELT FLOWER PEG IN BAG,2.1,Groceries,SUP_442
44228,CANNABIS LEAF BEAD CURTAIN,0.85,Electronics,SUP_777
90022,EDWARDIAN DROP EARRINGS JET BLACK,3.75,Toys,SUP_576
23417,BATHROOM HOOK,1.65,Logistics,SUP_484
23244,ROUND STORAGE TIN VINTAGE LEAF,1.95,Home & Garden,SUP_868
20771,CHRYSANTHEMUM  JOURNAL,2.55,Electronics,SUP_694
90125E,AMBER BERTIE GLASS BEAD BAG CHARM,2.1,Home & Garden,SUP_478
23542,70'S ALPHABET WALL ART,6.67,Apparel,SUP_155
22841,ROUND CAKE TIN VINTAGE GREEN,7.95,Apparel,SUP_994
21026,SPACE OWL,1.25,Apparel,SUP_563
21190,PINK HEARTS PAPER GARLAND,1.65,Electronics,SUP_880
21363,HOME SMALL WOOD LETTERS,4.95,Electronics,SUP_206
85103,SILVER T-LIGHT SETTING,6.75,Home & Garden,SUP_838
23547,WRAP FLOWER SHOP  ,0.42,Home & Garden,SUP_951
46776A,WOVEN BUBBLE GUM CUSHION COVER,4.95,Toys,SUP_629
84806B,WHITE CANDYSTUFT ARTIFICIAL FLOWER,1.45,Logistics,SUP_438
22758,LARGE PURPLE BABUSHKA NOTEBOOK  ,1.25,Electronics,SUP_648
84858C,PINK RIVIERA HANDBAG,5.95,Apparel,SUP_483
85114B,IVORY ENCHANTED FOREST PLACEMAT,1.65,Home & Garden,SUP_861
22357,KINGS CHOICE BISCUIT TIN,4.25,Groceries,SUP_610
22712,CARD DOLLY GIRL ,0.42,Groceries,SUP_108
22890,NOVELTY BISCUITS CAKE STAND 3 TIER,9.95,Apparel,SUP_130
21378,SMALL TALL CAMPHOR WOOD TOADSTOOL,1.65,Groceries,SUP_650
22529,MAGIC DRAWING SLATE GO TO THE FAIR ,0.42,Logistics,SUP_965
22833,HALL CABINET WITH 3 DRAWERS,49.95,Logistics,SUP_326
47421,ASSORTED COLOUR LIZARD SUCTION HOOK,0.42,Apparel,SUP_789
84536A,ENGLISH ROSE NOTEBOOK A7 SIZE,0.42,Apparel,SUP_370
23470,CARD HOLDER LOVE BIRD LARGE ,6.25,Apparel,SUP_700
21673,WHITE SPOT BLUE CERAMIC DRAWER KNOB,1.25,Electronics,SUP_760
46000S,POLYESTER FILLER PAD 40x40cm,1.45,Electronics,SUP_828
90046,WHITE WITH METAL BAG CHARM,4.95,Groceries,SUP_368
22504,CABIN BAG VINTAGE RETROSPOT,29.95,Home & Garden,SUP_904
22512,DOORSTOP RACING CAR DESIGN,1.25,Logistics,SUP_418
15058B,PINK POLKADOT GARDEN PARASOL,7.95,Logistics,SUP_811
22600,CHRISTMAS RETROSPOT STAR WOOD,0.85,Logistics,SUP_305
21084,SET/6 COLLAGE PAPER CUPS,0.65,Groceries,SUP_162
23598,PAPER BUNTING VINTAGE PARTY,2.95,Electronics,SUP_873
84987,SET OF 36 TEATIME PAPER DOILIES,1.45,Groceries,SUP_608
21623,VINTAGE UNION JACK MEMOBOARD,9.95,Groceries,SUP_686
21684,SMALL MEDINA STAMPED METAL BOWL ,0.85,Home & Garden,SUP_487
22100,SKULLS SQUARE TISSUE BOX,1.25,Apparel,SUP_440
20823,GOLD WINE GOBLET,0.79,Electronics,SUP_431
22096,PINK PAISLEY SQUARE TISSUE BOX ,1.25,Apparel,SUP_990
90000B,MIDNIGHT BLUE COPPER FLOWER NECKLAC,5.95,Electronics,SUP_862
22848,BREAD BIN DINER STYLE PINK,16.95,Electronics,SUP_496
21114,LAVENDER SCENTED FABRIC HEART,1.25,Home & Garden,SUP_900
20704,MR ROBOT SOFT TOY,1.95,Toys,SUP_389
22033,BOTANICAL ROSE GREETING CARD,0.42,Toys,SUP_654
85202,HANGING WOOD AND FELT HEART,0.42,Apparel,SUP_479
23075,DOUBLE CERAMIC PARLOUR HOOK,4.15,Toys,SUP_876
20763,DAISY SKETCHBOOK ,3.75,Apparel,SUP_972
21080,SET/20 RED RETROSPOT PAPER NAPKINS ,0.64,Groceries,SUP_180
21015,DARK BIRD HOUSE TREE DECORATION,0.85,Home & Garden,SUP_871
17174,ASSTD RASTA KEY-CHAINS,0.42,Home & Garden,SUP_624
21171,BATHROOM METAL SIGN ,1.45,Electronics,SUP_234
21364,PEACE SMALL WOOD LETTERS,6.75,Apparel,SUP_723
23061,VINTAGE EMBOSSED HEART,1.25,Electronics,SUP_482
22118,JOY WOODEN BLOCK LETTERS,4.95,Apparel,SUP_700
35241,ENAMEL BLUE RIM BISCUIT BIN,4.95,Logistics,SUP_965
22282,12 EGG HOUSE PAINTED WOOD,12.75,Apparel,SUP_359
22549,PICTURE DOMINOES,1.45,Electronics,SUP_594
22753,SMALL YELLOW BABUSHKA NOTEBOOK ,0.85,Apparel,SUP_255
23381,PACK OF 12 VINTAGE LEAF TISSUES ,0.39,Logistics,SUP_782
22297,HEART IVORY TRELLIS SMALL,1.25,Home & Garden,SUP_609
90100,NECKLACE+BRACELET SET PINK DAISY,2.55,Electronics,SUP_944
21497,FANCY FONTS BIRTHDAY WRAP,0.42,Groceries,SUP_526
22744,MAKE YOUR OWN MONSOON CARD KIT,2.95,Electronics,SUP_361
21155,RED RETROSPOT PEG BAG,2.1,Home & Garden,SUP_357
22069,BROWN  PIRATE TREASURE CHEST ,1.65,Logistics,SUP_653
20846,ZINC HEART LATTICE T-LIGHT HOLDER,1.25,Logistics,SUP_448
23056,FLOWERS CHANDELIER T-LIGHT HOLDER,6.25,Apparel,SUP_190
81950B,FLOWER BLUE CLOCK WITH SUCKER,0.29,Home & Garden,SUP_101
90059B,DIAMANTE HAIR GRIP PACK/2 BLACK DIA,1.65,Groceries,SUP_100
23430,BLUE RETRO KITCHEN WALL CLOCK,8.15,Home & Garden,SUP_110
79302M,"ART LIGHTS,FUNK MONKEY",2.95,Groceries,SUP_642
90152B,BLUE/GREEN SHELL NECKLACE W PENDANT,5.95,Home & Garden,SUP_435
23471,SIX DRAWER OFFICE TIDY,9.95,Logistics,SUP_268
21586,KINGS CHOICE GIANT TUBE MATCHES,2.55,Toys,SUP_258
22191,IVORY DINER WALL CLOCK,8.5,Electronics,SUP_896
22409,MONEY BOX BISCUITS DESIGN,1.25,Apparel,SUP_650
84927A,WAKE UP COCKEREL TILE HOOK,2.1,Groceries,SUP_284
82001S,VINYL RECORD FRAME SILVER,3.39,Electronics,SUP_896
22286,"DECORATION , WOBBLY RABBIT , METAL ",1.65,Groceries,SUP_147
23366,SET 12 COLOURING PENCILS DOILY,0.65,Apparel,SUP_267
23407,SET OF 2 TRAYS HOME SWEET HOME,9.95,Home & Garden,SUP_330
22469,HEART OF WICKER SMALL,1.45,Logistics,SUP_975
23540,WALL ART THE MAGIC FOREST ,6.25,Apparel,SUP_561
47021G,SET/6 BEAD COASTERS GAUZE BAG GOLD,1.25,Toys,SUP_976
84741C,CITRUS GARLAND FELT FLOWERS ,1.95,Electronics,SUP_762
84798B,PURPLE FOXGLOVE ARTIIFCIAL FLOWER,2.55,Groceries,SUP_259
90029,NEW BAROQUE SMALL NECKLACE BLACK,8.5,Electronics,SUP_963
21658,GLASS  BEURRE DISH,3.95,Electronics,SUP_359
35599D,PINK AND WHITE CHRISTMAS TREE 120CM,2.95,Electronics,SUP_471
22887,NUMBER TILE VINTAGE FONT 8,1.95,Apparel,SUP_387
84816,DANISH ROSE BEDSIDE CABINET,39.95,Groceries,SUP_854
90214J,"LETTER ""J"" BLING KEY RING",1.25,Apparel,SUP_360
84805A,CREAM CLIMBING HYDRANGA ART FLOWER,3.75,Logistics,SUP_457
84924F,PSYCHEDELIC METAL SIGN CALENDAR,0.79,Electronics,SUP_514
23083,SET 6 PAPER TABLE LANTERN STARS ,3.75,Toys,SUP_707
22690,DOORMAT HOME SWEET HOME BLUE ,7.95,Groceries,SUP_596
84688,BEACH HUT DESIGN BLACKBOARD,4.25,Groceries,SUP_381
21447,12 IVORY ROSE PEG PLACE SETTINGS,1.25,Toys,SUP_296
90064B,BLACK VINTAGE  CRYSTAL EARRINGS,3.75,Logistics,SUP_433
22124,SET OF 2 TEA TOWELS PING MICROWAVE,2.95,Toys,SUP_833
21879,HEARTS GIFT TAPE,0.65,Home & Garden,SUP_200
21280,VINTAGE KITCHEN PRINT VEGETABLES,2.55,Home & Garden,SUP_264
90003D,CRYSTAL PAIR HEART HAIR SLIDES,3.75,Groceries,SUP_821
20914,SET/5 RED RETROSPOT LID GLASS BOWLS,2.55,Home & Garden,SUP_182
22931,BAKING MOULD HEART WHITE CHOCOLATE,2.55,Apparel,SUP_296
22410,MONEY BOX HOUSEKEEPING DESIGN,1.25,Toys,SUP_491
85168B,BLACK BAROQUE CARRIAGE CLOCK,9.95,Groceries,SUP_683
35972,DAISY FOLKART HEART DECORATION,1.25,Toys,SUP_434
23440,PAINT YOUR OWN EGGS IN CRATE,2.08,Groceries,SUP_121
22617,BAKING SET SPACEBOY DESIGN,4.25,Electronics,SUP_375
21682,LARGE MEDINA STAMPED METAL BOWL ,4.95,Home & Garden,SUP_289
22104,MIRROR MOSAIC CANDLE PLATE,1.45,Electronics,SUP_512
84387A,BIRD ON BRANCH CANVAS SCREEN,1.95,Logistics,SUP_505
90170,DAISY HAIR BAND,1.65,Logistics,SUP_790
21714,CITRONELLA CANDLE GARDEN POT,1.25,Toys,SUP_702
23018,LARGE APOTHECARY MEASURING JAR ,12.5,Groceries,SUP_740
23161,REGENCY CAKE FORK,1.04,Home & Garden,SUP_844
23356,LOVE HOT WATER BOTTLE,5.95,Home & Garden,SUP_509
21731,RED TOADSTOOL LED NIGHT LIGHT,1.65,Home & Garden,SUP_860
47503J,SET/3 FLORAL GARDEN TOOLS IN BAG,7.95,Electronics,SUP_712
22581,WOOD STOCKING CHRISTMAS SCANDISPOT,0.85,Electronics,SUP_178
84422,PINK/BLUE DISC/MIRROR STRING,0.85,Apparel,SUP_281
20675,BLUE POLKADOT BOWL,1.25,Groceries,SUP_291
21641,ASSORTED TUTTI FRUTTI KEYRING BALL,0.85,Home & Garden,SUP_498
22904,CALENDAR PAPER CUT DESIGN,2.95,Groceries,SUP_944
22110,BIRD HOUSE HOT WATER BOTTLE,2.55,Logistics,SUP_515
84910A,PINK PAISLEY CUSHION COVER ,5.95,Home & Garden,SUP_365
16259,PIECE OF CAMO STATIONERY SET,0.21,Electronics,SUP_404
84715,SET OF 6 ICE CREAM SKITTLES,2.95,Home & Garden,SUP_607
22872,NUMBER TILE COTTAGE GARDEN 4,1.95,Logistics,SUP_743
21635,MADRAS NOTEBOOK LARGE ,3.75,Apparel,SUP_154
20658,RED RETROSPOT LUGGAGE TAG,1.25,Logistics,SUP_391
44236,PINK/PURPLE CIRCLE CURTAIN,4.65,Electronics,SUP_730
23280,FOLDING BUTTERFLY MIRROR HOT PINK ,0.83,Toys,SUP_994
22642,SET OF 4 NAPKIN CHARMS STARS   ,2.55,Logistics,SUP_275
84707B,PINK JEWELLED MIRROR TRINKET TRAY,9.95,Home & Garden,SUP_293
79161A,ST GEORGE SET OF 10 PARTY LIGHTS,2.95,Toys,SUP_628
22318,FIVE HEART HANGING DECORATION,2.95,Home & Garden,SUP_912
22834,HAND WARMER BABUSHKA DESIGN,2.1,Groceries,SUP_695
62096A,PINK/YELLOW FLOWERS HANDBAG,1.25,Electronics,SUP_802
22655,VINTAGE RED KITCHEN CABINET,295.0,Toys,SUP_946
22840,ROUND CAKE TIN VINTAGE RED,7.95,Home & Garden,SUP_531
23208,LUNCH BAG VINTAGE LEAF DESIGN,1.65,Apparel,SUP_574
23252,VINTAGE RED ENAMEL TRIM JUG ,3.75,Apparel,SUP_629
23182,TOILET SIGN OCCUPIED OR VACANT,0.83,Electronics,SUP_966
21250,SET OF SKULL WALL STICKERS,2.95,Groceries,SUP_995
21910,WAY OUT METAL SIGN ,1.65,Electronics,SUP_857
84988,SET OF 72 PINK HEART PAPER DOILIES,1.45,Toys,SUP_684
84598,BOYS ALPHABET IRON ON PATCHES,0.21,Groceries,SUP_624
22631,CIRCUS PARADE LUNCH BOX ,1.95,Home & Garden,SUP_511
23571,TRADITIONAL NAUGHTS & CROSSES,1.65,Toys,SUP_474
21992,VINTAGE PAISLEY STATIONERY SET,2.95,Apparel,SUP_148
21293,MIRRORED DOVE WALL DECORATION,2.1,Home & Garden,SUP_600
23582,VINTAGE DOILY JUMBO BAG RED ,2.08,Logistics,SUP_387
22820,GIFT BAG BIRTHDAY,0.65,Groceries,SUP_759
85215,ASSORTED CHEESE FRIDGE MAGNETS,0.65,Groceries,SUP_610
85184C,S/4 VALENTINE DECOUPAGE HEART BOX,2.95,Groceries,SUP_491
23053,RECYCLED ACAPULCO MAT PINK,8.25,Toys,SUP_224
22533,MAGIC DRAWING SLATE BAKE A CAKE ,0.42,Toys,SUP_422
22684,FRENCH BLUE METAL DOOR SIGN 9,1.25,Logistics,SUP_610
51008,AFGHAN SLIPPER SOCK PAIR,3.45,Home & Garden,SUP_464
23035,DRAWER KNOB CERAMIC IVORY,1.45,Home & Garden,SUP_439
21661,VINTAGE GLASS TEA CADDY,5.95,Toys,SUP_748
21374,MIRRORED WALL ART SKULLS,3.75,Electronics,SUP_621
90122C,TURQUOISE CRYSTAL+GLASS BRACELET,4.95,Electronics,SUP_683
23082,SET 6 PAPER TABLE LANTERN HEARTS ,3.75,Logistics,SUP_211
21042,RED RETROSPOT APRON ,5.95,Toys,SUP_416
22198,LARGE POPCORN HOLDER ,1.45,Groceries,SUP_601
90043,COPPER AND BRASS BAG CHARM,4.95,Home & Garden,SUP_207
22717,CARD DOG AND BALL ,0.42,Electronics,SUP_621
21895,POTTING SHED SOW 'N' GROW SET,4.25,Toys,SUP_460
22869,NUMBER TILE COTTAGE GARDEN 1,1.95,Logistics,SUP_552
20719,WOODLAND CHARLOTTE BAG,0.72,Groceries,SUP_282
22802,FAUX FUR CHOCOLATE THROW,19.95,Logistics,SUP_884
22556,PLASTERS IN TIN CIRCUS PARADE ,1.65,Electronics,SUP_393
71406C,BLACK ORANGE SQUEEZER,0.42,Toys,SUP_191
21376,LARGE  TALL CAMPHOR WOOD TOADSTOOL ,5.45,Groceries,SUP_546
79190A,RETRO PLASTIC 70'S TRAY,0.42,Home & Garden,SUP_761
22425,ENAMEL COLANDER CREAM,4.95,Home & Garden,SUP_639
22377,BOTTLE BAG RETROSPOT ,2.1,Groceries,SUP_188
16207B,PINK HEART RED HANDBAG,2.95,Logistics,SUP_142
90141E,ORANGE PENDANT TRIPLE SHELL NECKLAC,4.95,Home & Garden,SUP_337
90063A,WHITE VINT ART DECO CRYSTAL NECKLAC,8.5,Groceries,SUP_492
21642,ASSORTED TUTTI FRUTTI PEN,0.85,Apparel,SUP_521
72812,LARGE ZINC GLASS CANDLEHOLDER,2.1,Electronics,SUP_140
20819,SILVER TEDDY BEAR,3.75,Home & Garden,SUP_830
22343,PARTY PIZZA DISH RED RETROSPOT,0.85,Logistics,SUP_289
90122A,PINK CRYSTAL+GLASS BRACELET,4.95,Home & Garden,SUP_377
79026B,"S/4 ICON COASTER,ELVIS LIVES",1.25,Groceries,SUP_952
23308,SET OF 60 VINTAGE LEAF CAKE CASES ,0.55,Logistics,SUP_144
84991,60 TEATIME FAIRY CAKE CASES,0.55,Groceries,SUP_202
23154,SET OF 4 JAM JAR MAGNETS,2.08,Groceries,SUP_668
84051,ASS COLOUR GLOWING TIARAS,0.85,Home & Garden,SUP_481
90116,FRUIT SALAD BAG CHARM,1.69,Logistics,SUP_827
21002,ROSE DU SUD DRAWSTRING BAG,4.25,Groceries,SUP_141
20795,LARGE BLUE PROVENCAL CERAMIC BALL,2.1,Apparel,SUP_449
23295,SET OF 12 MINI LOAF BAKING CASES,0.72,Apparel,SUP_394
23473,WOODLAND SMALL RED FELT HEART,0.72,Groceries,SUP_216
23147,SINGLE ANTIQUE ROSE HOOK IVORY,1.45,Apparel,SUP_629
22047,EMPIRE GIFT WRAP,0.42,Logistics,SUP_849
84596G,SMALL CHOCOLATES PINK BOWL,1.25,Electronics,SUP_645
35915B,BLUE KNITTED HEN ,1.65,Apparel,SUP_243
22230,JIGSAW TREE WITH WATERING CAN,0.85,Groceries,SUP_808
23166,MEDIUM CERAMIC TOP STORAGE JAR,1.04,Toys,SUP_410
21058,PARTY INVITES WOODLAND,0.85,Toys,SUP_153
21240,BLUE POLKADOT CUP,0.85,Logistics,SUP_437
22138,BAKING SET 9 PIECE RETROSPOT ,4.95,Apparel,SUP_582
23003,TRAVEL CARD WALLET VINTAGE ROSE ,0.42,Electronics,SUP_253
85129C,BEADED CRYSTAL HEART BLUE SMALL,1.25,Apparel,SUP_970
21220,SET/4 BADGES DOGS,1.25,Home & Garden,SUP_623
23433,HANGING QUILTED PATCHWORK APPLES,0.83,Toys,SUP_325
23461,SWEETHEART BIRD HOUSE,4.15,Electronics,SUP_415
22355,CHARLOTTE BAG SUKI DESIGN,0.85,Groceries,SUP_369
22040,BOTANICAL ROSE GIFT WRAP,0.42,Groceries,SUP_214
85124B,BLUE JUICY FRUIT PHOTO FRAME,2.55,Home & Garden,SUP_100
21656,RIDGED GLASS POSY VASE ,1.45,Groceries,SUP_454
22363,GLASS JAR MARMALADE ,2.95,Home & Garden,SUP_804
21425,SKULLS STORAGE BOX LARGE,2.95,Electronics,SUP_167
35004P,SET OF 3 PINK FLYING DUCKS,5.45,Logistics,SUP_576
22692,DOORMAT WELCOME TO OUR HOME,7.95,Electronics,SUP_121
23175,REGENCY MILK JUG PINK ,3.25,Toys,SUP_979
23230,WRAP ALPHABET DESIGN,0.42,Apparel,SUP_990
35970,ZINC FOLKART SLEIGH BELLS,1.69,Home & Garden,SUP_679
21258,VICTORIAN SEWING BOX LARGE,10.95,Groceries,SUP_834
21826,EIGHT PIECE DINOSAUR SET,1.25,Home & Garden,SUP_810
21359,RELAX LARGE WOOD LETTERS,15.95,Home & Garden,SUP_628
22389,PAPERWEIGHT SAVE THE PLANET,2.55,Apparel,SUP_170
23213,STAR WREATH DECORATION WITH BELL,1.25,Electronics,SUP_450
21163,DO NOT TOUCH MY STUFF DOOR HANGER ,1.45,Groceries,SUP_579
21458,2 PICTURE BOOK EGGS EASTER BUNNY,1.25,Logistics,SUP_507
21981,PACK OF 12 WOODLAND TISSUES ,0.29,Groceries,SUP_256
23467,VINTAGE ZINC PLANTER  ,3.29,Electronics,SUP_689
35833P,4 PINK FLOCK CHRISTMAS BALLS,1.25,Electronics,SUP_828
37479P,CUBIC MUG FLOCK PINK ON BROWN,2.55,Electronics,SUP_107
22196,SMALL HEART MEASURING SPOONS,0.85,Toys,SUP_798
22446,PIN CUSHION BABUSHKA PINK,3.35,Electronics,SUP_928
35809A,ENAMEL PINK TEA CONTAINER,2.1,Electronics,SUP_466
22088,PAPER BUNTING COLOURED LACE,2.95,Apparel,SUP_808
22783,SET 3 WICKER OVAL BASKETS W LIDS,16.95,Home & Garden,SUP_169
21615,4 LAVENDER BOTANICAL DINNER CANDLES,3.75,Electronics,SUP_158
23024,LARGE BONNE JAM JAR  T-LIGHT HOLDER,2.89,Logistics,SUP_763
22570,FELTCRAFT CUSHION RABBIT,3.75,Groceries,SUP_625
72800B, 4 PURPLE FLOCK DINNER CANDLES,2.55,Home & Garden,SUP_871
22464,HANGING METAL HEART LANTERN,1.65,Electronics,SUP_382
22149,FELTCRAFT 6 FLOWER FRIENDS,2.1,Home & Garden,SUP_429
22803,IVORY EMBROIDERED QUILT ,35.75,Home & Garden,SUP_498
22773,GREEN DRAWER KNOB ACRYLIC EDWARDIAN,1.25,Apparel,SUP_704
20662,FIRST CLASS HOLIDAY PURSE ,2.95,Apparel,SUP_617
22065,CHRISTMAS PUDDING TRINKET POT ,1.45,Electronics,SUP_271
22517,CHILDS GARDEN RAKE PINK,2.1,Home & Garden,SUP_534
22055,MINI CAKE STAND  HANGING STRAWBERY,1.45,Apparel,SUP_586
23114,VINTAGE LEAF CHOPPING BOARD  ,4.95,Logistics,SUP_664
22812,PACK 3 BOXES CHRISTMAS PANNETONE,1.95,Apparel,SUP_547
84666,SQUARE CHERRY BLOSSOM CABINET,3.95,Apparel,SUP_251
23501,KEY RING BASEBALL BOOT UNION JACK,1.04,Toys,SUP_369
21484,CHICK GREY HOT WATER BOTTLE,3.45,Groceries,SUP_419
21040,MODERN VINTAGE COTTON SHOPPING BAG,2.55,Logistics,SUP_782
22439,6 ROCKET BALLOONS ,0.65,Toys,SUP_940
22732,3D VINTAGE CHRISTMAS STICKERS ,1.25,Electronics,SUP_467
81953P,ROUND ARTICULATED PINK CLOCK W/SUCK,0.19,Toys,SUP_570
23495,SET OF 3 PANTRY WOODEN SPOONS,1.25,Groceries,SUP_489
21802,CHRISTMAS TREE HEART DECORATION,0.42,Logistics,SUP_446
90152A,SILVER/NAT SHELL NECKLACE W PENDANT,5.95,Logistics,SUP_308
84712B,PINK JEWELLED PHOTO FRAME,7.95,Home & Garden,SUP_681
90201C,RED ENAMEL FLOWER RING,2.95,Home & Garden,SUP_664
23376,PACK OF 12 VINTAGE CHRISTMAS TISSUE,0.39,Electronics,SUP_912
90028,NEW BAROQUE LARGE NECKLACE BLK/WHIT,8.5,Logistics,SUP_610
82613A,"METAL SIGN,CUPCAKE SINGLE HOOK",1.25,Electronics,SUP_735
35920,FOUR RABBIT EASTER DECORATIONS,1.25,Home & Garden,SUP_587
21812,GARLAND WITH HEARTS AND BELLS,4.95,Home & Garden,SUP_913
21534,DAIRY MAID LARGE MILK JUG,4.95,Electronics,SUP_799
82483,WOOD 2 DRAWER CABINET WHITE FINISH,4.95,Logistics,SUP_862
21557,SET OF 6 FUNKY BEAKERS,2.95,Toys,SUP_476
23086,ZINC  STAR T-LIGHT HOLDER ,1.25,Toys,SUP_273
20973,12 PENCIL SMALL TUBE WOODLAND,0.65,Toys,SUP_512
11001,ASSTD DESIGN RACING CAR PEN,1.69,Toys,SUP_394
22304,COFFEE MUG BLUE PAISLEY DESIGN,2.55,Electronics,SUP_481
21906,PHARMACIE FIRST AID TIN,6.75,Toys,SUP_472
23091,ZINC HERB GARDEN CONTAINER,6.25,Logistics,SUP_333
16238,PARTY TIME PENCIL ERASERS,0.21,Logistics,SUP_895
72802B,OCEAN SCENT CANDLE IN JEWELLED BOX,4.25,Toys,SUP_514
23343,JUMBO BAG VINTAGE CHRISTMAS ,2.08,Groceries,SUP_374
22912,YELLOW COAT RACK PARIS FASHION,4.95,Toys,SUP_840
22580,ADVENT CALENDAR GINGHAM SACK,5.95,Electronics,SUP_666
79329,PINK FLOCK GLASS CANDLEHOLDER,1.65,Home & Garden,SUP_163
90059E,DIAMANTE HAIR GRIP PACK/2 RUBY,1.65,Home & Garden,SUP_999
84415A,PINK FLOCK SUEDE CUSHION COVER ,1.25,Home & Garden,SUP_189
84509B,SET OF 4 FAIRY CAKE PLACEMATS,3.75,Electronics,SUP_462
85132A,CHARLIE + LOLA BISCUITS TINS,9.95,Toys,SUP_926
21538,DAIRY MAID  PUDDING BOWL,3.75,Apparel,SUP_459
23484,HEART TRELLISTRIPLE T-LIGHT HOLDER,2.89,Logistics,SUP_197
22898,CHILDRENS APRON APPLES DESIGN,1.95,Logistics,SUP_663
23694,PAISLEY PARK CARD,0.42,Home & Garden,SUP_768
35916C,PINK FELT HANGING HEART W FLOWER,0.85,Toys,SUP_245
37475,SET/4 COLOURFUL MIXING BOWLS,9.95,Apparel,SUP_996
90152C,BLUE/NAT SHELL NECKLACE W PENDANT,5.95,Apparel,SUP_724
22737,RIBBON REEL CHRISTMAS PRESENT ,1.65,Logistics,SUP_703
22769,CHALKBOARD KITCHEN ORGANISER,21.95,Electronics,SUP_873
22394,PAPERWEIGHT KINGS CHOICE ,2.55,Apparel,SUP_125
22236,CAKE STAND 3 TIER MAGIC GARDEN,10.95,Groceries,SUP_689
85107,CUT GLASS T-LIGHT HOLDER OCTAGON,2.55,Toys,SUP_243
22295,HEART FILIGREE DOVE LARGE,1.65,Home & Garden,SUP_357
22197,SMALL POPCORN HOLDER,0.72,Groceries,SUP_718
85030,FRENCH CHATEAU OVAL PLATTER,1.95,Logistics,SUP_344
72760B,VINTAGE CREAM 3 BASKET CAKE STAND,9.95,Electronics,SUP_731
22027,TEA PARTY BIRTHDAY CARD,0.42,Home & Garden,SUP_129
22324,BLUE POLKADOT KIDS BAG,1.95,Logistics,SUP_253
40046A,RED DAISY PAPER LAMPSHADE,1.25,Electronics,SUP_559
90191,SILVER LARIAT 40CM,12.75,Home & Garden,SUP_283
90001B,ANTIQUE MID BLUE FLOWER EARRINGS,4.25,Toys,SUP_152
20816,GOLD FLOWER CUSHION COVER ,1.95,Home & Garden,SUP_170
23111,PARISIENNE SEWING BOX,12.5,Groceries,SUP_727
84499,BLACK FLOWER CANDLE PLATE,0.85,Logistics,SUP_832
23163,REGENCY SUGAR TONGS,2.49,Apparel,SUP_508
85066,CREAM SWEETHEART MINI CHEST,12.75,Logistics,SUP_408
21889,WOODEN BOX OF DOMINOES,1.25,Logistics,SUP_227
22714,CARD BIRTHDAY COWBOY,0.42,Groceries,SUP_554
20725,LUNCH BAG RED RETROSPOT,1.65,Apparel,SUP_987
35958,FOLKART ZINC STAR CHRISTMAS DEC,0.85,Electronics,SUP_435
23054,RECYCLED ACAPULCO MAT LAVENDER,8.25,Logistics,SUP_758
20701,PINK CAT FLORAL CUSHION COVER ,3.75,Apparel,SUP_262
22677,FRENCH BLUE METAL DOOR SIGN 2,1.25,Toys,SUP_181
85024B,EAU DE NILE JEWELLED PHOTOFRAME,1.65,Groceries,SUP_996
90184C,BLACK CHUNKY BEAD BRACELET W STRAP,8.95,Toys,SUP_622
44265,M/COLOUR POM-POM CURTAIN,4.25,Home & Garden,SUP_786
85123A,WHITE HANGING HEART T-LIGHT HOLDER,2.55,Apparel,SUP_466
22997,TRAVEL CARD WALLET UNION JACK,0.42,Toys,SUP_870
23225,CHERUB HEART DECORATION SILVER ,0.72,Groceries,SUP_129
79323B,BLACK CHERRY LIGHTS,6.75,Logistics,SUP_732
21637,ASSORTED SANSKRIT MINI NOTEBOOK,1.25,Logistics,SUP_928
22178,VICTORIAN GLASS HANGING T-LIGHT,1.25,Home & Garden,SUP_215
23284,DOORMAT KEEP CALM AND COME IN,6.75,Groceries,SUP_731
21993,FLORAL FOLK STATIONERY SET,2.95,Home & Garden,SUP_133
23060,HEART BEADED TRELLIS DECORATION,2.08,Apparel,SUP_204
23350,ROLL WRAP VINTAGE SPOT ,1.25,Groceries,SUP_240
20992,JAZZ HEARTS PURSE NOTEBOOK,0.85,Electronics,SUP_481
21877,HOME SWEET HOME MUG,1.25,Groceries,SUP_159
22265,EASTER DECORATION NATURAL CHICK,0.65,Apparel,SUP_516
21648,ASSORTED TUTTI FRUTTI SMALL PURSE,1.25,Logistics,SUP_650
84661C,PINK SQUARE TABLE CLOCK,2.55,Groceries,SUP_502
23319,BOX OF 6 MINI 50'S CRACKERS,2.49,Home & Garden,SUP_278
84658,WHITE STITCHED CUSHION COVER,6.95,Apparel,SUP_463
23390,DOLLY GIRL MINI BACKPACK,4.15,Home & Garden,SUP_998
84898F,YELLOW FLOWERS FELT HANDBAG KIT,2.1,Home & Garden,SUP_812
22985,"WRAP, BILLBOARD FONTS DESIGN",0.42,Logistics,SUP_446
22420,LIPSTICK PEN BABY PINK,0.42,Home & Garden,SUP_270
22719,GUMBALL MONOCHROME COAT RACK,1.06,Groceries,SUP_299
85173,SET/6 FROG PRINCE T-LIGHT CANDLES,0.85,Toys,SUP_569
22227,HANGING HEART MIRROR DECORATION ,0.65,Logistics,SUP_404
21933,PINK VINTAGE PAISLEY PICNIC BAG,2.95,Apparel,SUP_838
85114A,BLACK ENCHANTED FOREST PLACEMAT,1.45,Home & Garden,SUP_920
22232,JIGSAW TOADSTOOLS 3 PIECE,1.65,Groceries,SUP_794
23511,EMBROIDERED RIBBON REEL EMILY ,2.08,Groceries,SUP_716
23630,SET 10 CARDS HANGING BAUBLES 17080,2.99,Toys,SUP_899
22154,ANGEL DECORATION 3 BUTTONS ,0.42,Home & Garden,SUP_979
90149,SILVER FLOWR PINK SHELL NECKLACE,7.5,Logistics,SUP_741
22187,GREEN CHRISTMAS TREE CARD HOLDER,4.25,Electronics,SUP_246
23567,EGG CUP HENRIETTA HEN PINK,1.25,Groceries,SUP_566
23088,ZINC HEART FLOWER T-LIGHT HOLDER,1.25,Electronics,SUP_647
72799C,PINK PILLAR CANDLE SILVER FLOCK,2.95,Apparel,SUP_621
46776E,WOVEN CANDY CUSHION COVER ,4.95,Home & Garden,SUP_366
22115,METAL SIGN EMPIRE TEA,2.95,Logistics,SUP_969
90014C,SILVER/BLACK ORBIT NECKLACE,9.95,Home & Garden,SUP_739
23568,EGG CUP HENRIETTA HEN CREAM ,1.25,Home & Garden,SUP_252
22649,STRAWBERRY FAIRY CAKE TEAPOT,4.95,Logistics,SUP_445
84843,WHITE SOAP RACK WITH 2 BOTTLES,5.95,Groceries,SUP_300
22922,FRIDGE MAGNETS US DINER ASSORTED,0.85,Apparel,SUP_298
47016,LIGHT DECORATION BATTERY OPERATED,2.1,Toys,SUP_273
85230G,ORANGE VOTIVE CANDLE,0.29,Electronics,SUP_695
20705,MRS ROBOT SOFT TOY,1.95,Home & Garden,SUP_765
82486,WOOD S/3 CABINET ANT WHITE FINISH,6.95,Groceries,SUP_150
35921,EASTER BUNNY HANGING GARLAND,1.25,Electronics,SUP_674
84990,60 GOLD AND SILVER FAIRY CAKE CASES,0.55,Electronics,SUP_200
23233,WRAP POPPIES  DESIGN,0.42,Logistics,SUP_294
21789,KIDS RAIN MAC PINK,0.85,Electronics,SUP_390
23324,RUSTIC STRAWBERRY JAMPOT LARGE ,2.08,Toys,SUP_646
84559A,3D SHEET OF DOG STICKERS,0.85,Home & Garden,SUP_970
23117,POPPY FIELDS CHOPPING BOARD,4.95,Home & Garden,SUP_405
22674,FRENCH TOILET SIGN BLUE METAL,1.25,Groceries,SUP_893
22554,PLASTERS IN TIN WOODLAND ANIMALS,1.65,Logistics,SUP_889
21028,NINJA RABBIT BLACK,1.25,Logistics,SUP_163
84922,PINK BUTTERFLY WASHBAG,4.25,Electronics,SUP_673
90141C,TURQ PENDANT TRIPLE SHELL NECKLACE,4.95,Apparel,SUP_494
21871,SAVE THE PLANET MUG,1.06,Logistics,SUP_162
72802A,ROSE SCENT CANDLE IN JEWELLED BOX,4.25,Home & Garden,SUP_690
85032D,YULETIDE IMAGES GIFT WRAP SET,2.1,Electronics,SUP_475
35819B,"ACRYLIC HANGING JEWEL,BLUE",0.38,Toys,SUP_165
21356,TOAST ITS - FAIRY FLOWER,1.25,Groceries,SUP_974
21377,SMALL CAMPHOR WOOD FIELD  MUSHROOM,1.65,Toys,SUP_100
84952B,BLACK LOVE BIRD T-LIGHT HOLDER,1.25,Apparel,SUP_203
84674,FLYING PIG WATERING CAN,2.95,Toys,SUP_623
22966,GINGERBREAD MAN COOKIE CUTTER,1.25,Home & Garden,SUP_965
84593,CROCHET ROSE DES CLOTHES HANGER,2.95,Logistics,SUP_928
23072,MARIE ANTOINETTE TRINKET BOX SILVER,12.5,Home & Garden,SUP_383
90122B,JADE CRYSTAL+GLASS BRACELET,4.95,Groceries,SUP_633
79066K,RETRO MOD TRAY,0.85,Home & Garden,SUP_445
22628,PICNIC BOXES SET OF 3 RETROSPOT ,4.95,Apparel,SUP_794
22200,FRYING PAN PINK POLKADOT,4.25,Logistics,SUP_351
22476,EMPIRE UNION JACK TV DINNER TRAY,4.95,Electronics,SUP_262
23152,IVORY SWEETHEART WIRE LETTER RACK ,3.75,Toys,SUP_688
21679,SKULLS  STICKERS,0.85,Apparel,SUP_848
23119,PACK OF 6 LARGE FRUIT STRAWS ,0.62,Home & Garden,SUP_822
85232D,SET/3 DECOUPAGE STACKING TINS,4.95,Electronics,SUP_747
20869,GOLD FABRIC MIRROR,0.39,Home & Garden,SUP_186
18007,ESSENTIAL BALM 3.5g TIN IN ENVELOPE,0.18,Home & Garden,SUP_160
84839,SWEETHEART KEY CABINET,5.55,Electronics,SUP_713
22293,HANGING CHICK GREEN DECORATION,1.45,Home & Garden,SUP_454
23064,CINDERELLA CHANDELIER ,49.95,Home & Garden,SUP_193
85118,HEART T-LIGHT HOLDER,1.25,Toys,SUP_248
22685,FRENCH BLUE METAL DOOR SIGN 0,1.25,Logistics,SUP_946
22733,3D TRADITIONAL CHRISTMAS STICKERS,1.25,Apparel,SUP_301
85036B,CHOCOLATE 1 WICK MORRIS BOX CANDLE,4.25,Apparel,SUP_963
35916A,YELLOW FELT HANGING HEART W FLOWER,0.85,Electronics,SUP_940
23507,MINI PLAYING CARDS BUFFALO BILL ,0.42,Groceries,SUP_822
22597,CHRISTMAS MUSICAL ZINC HEART ,0.85,Toys,SUP_471
21380,WOODEN HAPPY BIRTHDAY GARLAND,2.95,Home & Garden,SUP_900
22376,AIRLINE BAG VINTAGE JET SET WHITE,4.25,Home & Garden,SUP_689
22743,MAKE YOUR OWN FLOWERPOWER CARD KIT,2.95,Toys,SUP_682
35809B,ENAMEL BLUE RIM TEA CONTAINER,0.83,Logistics,SUP_238
23432,PRETTY HANGING QUILTED HEARTS,0.83,Electronics,SUP_688
85034A,3 GARDENIA MORRIS BOXED CANDLES,4.25,Logistics,SUP_315
22331,WOODLAND PARTY BAG + STICKER SET,1.65,Toys,SUP_935
84617,NEW BAROQUE BLACK BOXES,12.75,Logistics,SUP_775
23560,SET OF 6 RIBBONS COUNTRY STYLE,2.89,Toys,SUP_813
22514,CHILDS GARDEN SPADE BLUE,2.1,Toys,SUP_517
90184B,AMETHYST CHUNKY BEAD BRACELET W STR,8.95,Logistics,SUP_200
22899,CHILDREN'S APRON DOLLY GIRL ,2.1,Apparel,SUP_133
84313C,ORANGE TV TRAY TABLE ,4.25,Logistics,SUP_248
85016,SET OF 6 VINTAGE NOTELETS KIT,2.55,Electronics,SUP_584
70007,HI TEC ALPINE HAND WARMER,1.65,Home & Garden,SUP_775
22981,PANTRY APPLE CORER,1.45,Electronics,SUP_255
23408,PHOTO FRAME LINEN AND LACE SMALL,2.08,Apparel,SUP_864
21145,ANTIQUE GLASS PLACE SETTING,1.25,Electronics,SUP_515
22519,CHILDS GARDEN BRUSH PINK,2.1,Electronics,SUP_481
21903,MAN FLU METAL SIGN,2.1,Groceries,SUP_348
72799E,IVORY PILLAR CANDLE SILVER FLOCK,2.95,Toys,SUP_901
22563,HAPPY STENCIL CRAFT,1.25,Toys,SUP_398
23403,LETTER HOLDER HOME SWEET HOME,3.75,Home & Garden,SUP_387
22568,FELTCRAFT CUSHION OWL,3.75,Home & Garden,SUP_541
90148,LONG SILVER NECKLACE PASTEL FLOWER,12.75,Groceries,SUP_948
84508A,CAMOUFLAGE DESIGN TEDDY,2.55,Toys,SUP_962
84984A,GREEN PEONY CUSHION COVER,4.65,Electronics,SUP_557
23485,BOTANICAL GARDENS WALL CLOCK ,25.0,Apparel,SUP_109
84926A,WAKE UP COCKEREL TILE COASTER,1.25,Electronics,SUP_180
21132,SILVER STANDING GNOME   ,4.25,Apparel,SUP_606
16225,RATTLE SNAKE EGGS,1.25,Apparel,SUP_406
22764,"RUSTIC WOODEN CABINET, GLASS DOORS",24.95,Home & Garden,SUP_616
21294,ETCHED GLASS COASTER,1.25,Apparel,SUP_989
16202B,PASTEL BLUE PHOTO ALBUM ,0.5,Toys,SUP_264
21069,VINTAGE BILLBOARD TEA MUG,1.25,Logistics,SUP_678
21166,COOK WITH WINE METAL SIGN ,1.95,Groceries,SUP_321
23212,HEART WREATH DECORATION WITH BELL,1.25,Groceries,SUP_645
84534B,FAIRY CAKE NOTEBOOK A5 SIZE,0.85,Home & Garden,SUP_871
22750,FELTCRAFT PRINCESS LOLA DOLL,3.75,Home & Garden,SUP_144
84660A,WHITE STITCHED WALL CLOCK,1.25,Toys,SUP_926
21807,WHITE CHRISTMAS STAR DECORATION,0.42,Groceries,SUP_260
22444,GROW YOUR OWN PLANT IN A CAN ,1.06,Logistics,SUP_695
21107,CREAM SLICE FLANNEL PINK SPOT ,2.95,Toys,SUP_203
21154,RED RETROSPOT OVEN GLOVE ,1.06,Logistics,SUP_380
22626,BLACK KITCHEN SCALES,8.5,Apparel,SUP_901
85211,S/4 GROOVY CAT MAGNETS,1.65,Electronics,SUP_318
85129B,BEADED CRYSTAL HEART GREEN SMALL,1.25,Home & Garden,SUP_728
22255,FELT TOADSTOOL  SMALL,0.85,Home & Garden,SUP_552
22086,PAPER CHAIN KIT 50'S CHRISTMAS ,2.55,Toys,SUP_354
85053,FRENCH ENAMEL CANDLEHOLDER,2.1,Toys,SUP_517
16169E,WRAP 50'S  CHRISTMAS,0.42,Electronics,SUP_661
17012B,ORIGAMI JASMINE INCENSE/CANDLE SET,2.55,Logistics,SUP_442
23012,GLASS APOTHECARY BOTTLE PERFUME,3.95,Apparel,SUP_214
22726,ALARM CLOCK BAKELIKE GREEN,3.75,Logistics,SUP_781
84873A,FUNKY FLOWER PICNIC BAG FOR 4,16.95,Toys,SUP_639
22801,ANTIQUE GLASS PEDESTAL BOWL,3.75,Apparel,SUP_567
22823,CHEST NATURAL WOOD 20 DRAWERS,125.0,Groceries,SUP_850
21843,RED RETROSPOT CAKE STAND,10.95,Groceries,SUP_903
22569,FELTCRAFT CUSHION BUTTERFLY,3.75,Toys,SUP_821
21530,DAIRY MAID TOASTRACK,2.95,Groceries,SUP_943
23110,PARISIENNE KEY CABINET ,5.75,Electronics,SUP_614
23305,SET 4 PICNIC CUTLERY BLUEBERRY,1.95,Logistics,SUP_450
22805,BLUE DRAWER KNOB ACRYLIC EDWARDIAN,1.25,Apparel,SUP_829
72586,SET OF 6 HALLOWEEN GHOST T-LIGHTS,0.42,Electronics,SUP_479
22933,BAKING MOULD EASTER EGG MILK CHOC,2.95,Electronics,SUP_685
23148,MINIATURE ANTIQUE ROSE HOOK IVORY,0.83,Toys,SUP_171
23520,EMBROIDERED RIBBON REEL RUBY ,3.75,Apparel,SUP_129
62043B,BLUE CHECK BAG W HANDLE 34X20CM,0.83,Groceries,SUP_811
22765,NEWSPAPER STAND,14.95,Apparel,SUP_463
22247,BUNNY DECORATION MAGIC GARDEN,0.72,Electronics,SUP_726
81950V,FLOWER PURPLE CLOCK W/SUCKER,0.85,Electronics,SUP_605
22797,CHEST OF DRAWERS GINGHAM HEART ,16.95,Groceries,SUP_947
22192,BLUE DINER WALL CLOCK,8.5,Electronics,SUP_292
20727,LUNCH BAG  BLACK SKULL.,1.65,Logistics,SUP_905
22927,GREEN GIANT GARDEN THERMOMETER,5.95,Home & Garden,SUP_802
22475,SKULL DESIGN TV DINNER TRAY,4.95,Groceries,SUP_848
23268,SET OF 2 CERAMIC CHRISTMAS REINDEER,1.45,Electronics,SUP_173
40016,CHINESE DRAGON PAPER LANTERNS,0.42,Logistics,SUP_903
85109,PINK BOUDOIR T-LIGHT HOLDER,0.85,Apparel,SUP_961
23196,RETRO LEAVES MAGNETIC NOTEPAD,1.45,Groceries,SUP_551
22415,WHITE TISSUE REAM,7.95,Logistics,SUP_738
PADS,PADS TO MATCH ALL CUSHIONS,0.001,Logistics,SUP_728
21916,SET 12 RETRO WHITE CHALK STICKS,0.42,Groceries,SUP_158
20716,PARTY FOOD SHOPPER BAG,1.25,Apparel,SUP_659
71050,SMALL SINGLE FLAME CANDLE HOLDER,0.35,Home & Garden,SUP_551
85093,CANDY SPOT EGG WARMER HARE,1.25,Electronics,SUP_155
90087,CRYSTAL SEA HORSE PHONE CHARM,1.63,Logistics,SUP_527
23203,JUMBO BAG DOILEY PATTERNS,2.08,Toys,SUP_315
23216,LAUREL HEART ANTIQUE GOLD,1.04,Logistics,SUP_973
84711A,SILVER OVAL SHAPE TRINKET BOX,9.95,Toys,SUP_350
35967,FOLK ART METAL STAR T-LIGHT HOLDER,0.38,Toys,SUP_433
90114,SUMMER DAISIES BAG CHARM,2.55,Toys,SUP_923
22466,FAIRY TALE COTTAGE NIGHTLIGHT,1.45,Apparel,SUP_803
23458,DOLLY CABINET 3 DRAWERS ,14.95,Groceries,SUP_871
22445,PENCIL CASE LIFE IS BEAUTIFUL,2.95,Electronics,SUP_355
90214P,"LETTER ""P"" BLING KEY RING",1.25,Logistics,SUP_536
90069,RUBY GLASS CLUSTER NECKLACE,7.5,Groceries,SUP_941
21770,OPEN CLOSED METAL SIGN,4.95,Apparel,SUP_600
23331,DECORATIVE WICKER HEART SMALL,0.63,Toys,SUP_881
22856,ASSORTED EASTER DECORATIONS  BELLS,1.25,Groceries,SUP_475
22109,FULL ENGLISH BREAKFAST PLATE,3.75,Electronics,SUP_239
21878,PACK OF 6 SANDCASTLE FLAGS ASSORTED,0.85,Electronics,SUP_837
21686,MEDINA STAMPED METAL STOOL,39.95,Apparel,SUP_976
79191C,RETRO PLASTIC ELEPHANT TRAY,0.85,Groceries,SUP_173
47504K,ENGLISH ROSE GARDEN SECATEURS,1.95,Electronics,SUP_421
47585A,PINK FAIRY CAKE CUSHION COVER,3.75,Groceries,SUP_172
22334,DINOSAUR PARTY BAG + STICKER SET,1.65,Groceries,SUP_472
85111,SILVER GLITTER FLOWER VOTIVE HOLDER,1.25,Electronics,SUP_824
48129,DOORMAT TOPIARY,7.95,Logistics,SUP_608
21747,SMALL SKULL WINDMILL,1.25,Toys,SUP_968
84745B,BLUE HANGING GINGHAM EASTER HEN,0.42,Logistics,SUP_458
85088,CANDY SPOT HAND BAG,2.1,Home & Garden,SUP_449
22630,DOLLY GIRL LUNCH BOX,1.95,Toys,SUP_277
21925,UNION STRIPE CUSHION COVER ,1.25,Toys,SUP_503
85200,BUNNY EGG BOX,1.25,Apparel,SUP_639
17090D,VANILLA INCENSE 40 CONES IN TIN,1.25,Home & Garden,SUP_467
23513,EMBROIDERED RIBBON REEL SUSIE ,2.08,Apparel,SUP_854
90129D,AMBER GLASS TASSLE BAG CHARM,2.95,Logistics,SUP_296
21972,SET OF 36 DINOSAUR PAPER DOILIES,1.45,Electronics,SUP_970
85028L,FRENCH CHATEAU LARGE FRUIT BOWL ,1.95,Groceries,SUP_549
84882,GREEN WIRE STANDING CANDLE HOLDER,3.75,Home & Garden,SUP_434
22691,DOORMAT WELCOME SUNRISE,7.95,Apparel,SUP_128
23206,LUNCH BAG APPLE DESIGN,1.65,Toys,SUP_180
21539,RED RETROSPOT BUTTER DISH,4.95,Groceries,SUP_397
22208,WOOD STAMP SET THANK YOU,1.65,Apparel,SUP_383
22246,"GARLAND, MAGIC GARDEN 1.8M",1.95,Toys,SUP_603
72130,COLUMBIAN CANDLE ROUND,0.65,Groceries,SUP_441
22559,SEASIDE FLYING DISC,1.25,Electronics,SUP_884
90136,PALE PINK/AMETHYST STONE NECKLACE,9.95,Logistics,SUP_553
23336,EGG FRYING PAN PINK ,2.08,Apparel,SUP_228
22943,CHRISTMAS LIGHTS 10 VINTAGE BAUBLES,4.95,Home & Garden,SUP_636
84951B,SET OF 4 BLACK LOVEBIRD COASTERS,2.55,Electronics,SUP_377
85099C,JUMBO  BAG BAROQUE BLACK WHITE,1.95,Toys,SUP_826
37447,CERAMIC CAKE DESIGN SPOTTED PLATE,1.49,Electronics,SUP_875
21165,BEWARE OF THE CAT METAL SIGN ,1.69,Apparel,SUP_292
85127,SMALL SQUARE CUT GLASS CANDLESTICK,4.95,Apparel,SUP_411
23497,CLASSIC CHROME BICYCLE BELL ,1.45,Home & Garden,SUP_984
35610A,PINK CHRISTMAS FLOCK DROPLET ,1.25,Apparel,SUP_856
23052,RECYCLED ACAPULCO MAT TURQUOISE,8.25,Groceries,SUP_300
21116,OWL DOORSTOP,4.95,Apparel,SUP_403
35818B,"ACRYLIC JEWEL ICICLE, BLUE",0.38,Home & Garden,SUP_224
23457,LARGE PARLOUR PICTURE FRAME,4.95,Logistics,SUP_709
21324,HANGING MEDINA LANTERN SMALL,2.95,Electronics,SUP_183
23354,6 GIFT TAGS 50'S CHRISTMAS ,0.83,Logistics,SUP_742
22443,GROW YOUR OWN HERBS SET OF 3,7.95,Logistics,SUP_101
84519B,CARROT CHARLIE+LOLA COASTER SET,2.95,Electronics,SUP_773
22183,CAKE STAND VICTORIAN FILIGREE MED,6.75,Electronics,SUP_416
23521,CAT AND BIRD WALL ART,1.12,Groceries,SUP_408
72349B,SET/6 PURPLE BUTTERFLY T-LIGHTS,2.1,Toys,SUP_392
23164,REGENCY CAKE SLICE,4.15,Toys,SUP_526
23131,MISTLETOE HEART WREATH CREAM,4.15,Toys,SUP_621
22976,CIRCUS PARADE CHILDRENS EGG CUP ,1.25,Groceries,SUP_791
90214I,"LETTER ""I"" BLING KEY RING",1.25,Groceries,SUP_406
23316,RED REFECTORY CLOCK ,9.95,Toys,SUP_647
84801A,PINK HYDRANGEA ART FLOWER,2.1,Electronics,SUP_233
22074,6 RIBBONS SHIMMERING PINKS ,1.65,Electronics,SUP_405
35649,VINTAGE BEAD COSMETIC BAG ,3.35,Apparel,SUP_106
22174,PHOTO CUBE,1.48,Apparel,SUP_533
20665,RED RETROSPOT PURSE ,2.95,Logistics,SUP_559
85025B,EAU DE NILE HEART SHAPE PHOTO FRAME,1.65,Apparel,SUP_721
20723,STRAWBERRY CHARLOTTE BAG,0.85,Logistics,SUP_875
22903,CALENDAR FAMILY FAVOURITES,2.95,Logistics,SUP_109
90084,PINK CRYSTAL GUITAR PHONE CHARM,0.85,Toys,SUP_282
22170,PICTURE FRAME WOOD TRIPLE PORTRAIT,6.75,Logistics,SUP_436
23078,ICE CREAM PEN LIP GLOSS ,1.25,Home & Garden,SUP_709
22525,CHILDRENS GARDEN GLOVES PINK,1.25,Groceries,SUP_254
20764,ABSTRACT CIRCLES SKETCHBOOK ,3.75,Groceries,SUP_948
22535,MAGIC DRAWING SLATE BUNNIES ,0.42,Home & Garden,SUP_367
20847,ZINC HEART LATTICE CHARGER LARGE,3.75,Logistics,SUP_549
84520B,PACK 20 ENGLISH ROSE PAPER NAPKINS,0.85,Groceries,SUP_395
22078,RIBBON REEL LACE DESIGN ,2.1,Toys,SUP_869
22882,NUMBER TILE VINTAGE FONT 3,0.42,Electronics,SUP_530
22957,SET 3 PAPER VINTAGE CHICK PAPER EGG,2.55,Electronics,SUP_606
21668,RED STRIPE CERAMIC DRAWER KNOB,1.25,Apparel,SUP_782
22558,CLOTHES PEGS RETROSPOT PACK 24 ,1.25,Apparel,SUP_971
23125,6PC WOOD PLATE SET DISPOSABLE,1.25,Home & Garden,SUP_252
22523,CHILDS GARDEN FORK PINK,0.85,Apparel,SUP_954
23347,I LOVE LONDON BEAKER,1.25,Groceries,SUP_144
72815,3 WICK CHRISTMAS BRIAR CANDLE ,3.75,Groceries,SUP_553
84620,BLUE GINGHAM ROSE CUSHION COVER,5.95,Logistics,SUP_754
85187,S/12 MINI RABBIT EASTER,1.65,Logistics,SUP_805
85014A,BLACK/BLUE POLKADOT UMBRELLA,5.95,Home & Garden,SUP_203
22873,NUMBER TILE COTTAGE GARDEN 5,1.95,Apparel,SUP_390
85163B,BLACK BAROQUE WALL CLOCK ,12.75,Groceries,SUP_676
37370,RETRO COFFEE MUGS ASSORTED,1.06,Home & Garden,SUP_350
35914,PINK CHICK EGG WARMER + EGG CUP,2.1,Groceries,SUP_610
22616,PACK OF 12 LONDON TISSUES ,0.29,Toys,SUP_358
22892,SET OF SALT AND PEPPER TOADSTOOLS,1.25,Apparel,SUP_312
90118,PINK DAISY BAG CHARM,2.55,Apparel,SUP_736
23435,3 RAFFIA RIBBONS VINTAGE CHRISTMAS,2.08,Logistics,SUP_770
23007, SPACEBOY BABY GIFT SET,14.95,Logistics,SUP_137
84527,FLAMES SUNGLASSES PINK LENSES,1.95,Electronics,SUP_537
22772,PINK DRAWER KNOB ACRYLIC EDWARDIAN,1.25,Logistics,SUP_403
75172,PAINTED SEA SHELL METAL WINDCHIME,3.75,Logistics,SUP_324
21056,DOCTOR'S BAG SOFT TOY,8.95,Logistics,SUP_526
23597,PAPER BUNTING PAISLEY PARK,2.95,Home & Garden,SUP_159
35954,SMALL FOLKART STAR CHRISTMAS DEC,0.42,Electronics,SUP_737
21564,PINK  HEART SHAPE LOVE BUCKET ,2.95,Groceries,SUP_990
22708,WRAP DOLLY GIRL,0.42,Toys,SUP_838
22675,FRENCH KITCHEN SIGN BLUE METAL,1.25,Apparel,SUP_418
23286,BLUE VINTAGE SPOT BEAKER,0.85,Toys,SUP_987
23424,GINGHAM RECIPE BOOK BOX,4.95,Logistics,SUP_252
23214,JINGLE BELL HEART ANTIQUE GOLD,2.08,Logistics,SUP_557
90104,PURPLE FRANGIPANI HAIRCLIP,0.85,Groceries,SUP_444
21109,"LARGE CAKE TOWEL, CHOCOLATE SPOTS",6.75,Groceries,SUP_230
22611,VINTAGE UNION JACK SHOPPING BAG,4.95,Toys,SUP_258
84801B,WHITE HYDRANGEA ART FLOWER,2.1,Groceries,SUP_151
23438, RED SPOT GIFT BAG LARGE,1.25,Logistics,SUP_500
85106,CUT GLASS HEXAGON T-LIGHT HOLDER,2.55,Groceries,SUP_301
20698,LITTLE PINK MONSTER SOFT TOY,2.55,Groceries,SUP_215
84952A,CLEAR LOVE BIRD T-LIGHT HOLDER,3.75,Apparel,SUP_311
90062,CARNIVAL BRACELET,12.75,Groceries,SUP_734
47590A,BLUE HAPPY BIRTHDAY BUNTING,5.45,Home & Garden,SUP_726
23482,PEARLISED IVORY HEART LARGE ,1.65,Groceries,SUP_512
78033,FLAG OF ST GEORGE CHAIR,5.95,Home & Garden,SUP_805
82552,WASHROOM METAL SIGN,1.45,Apparel,SUP_342
90199D,5 STRAND GLASS NECKLACE AMBER,6.35,Logistics,SUP_900
84192,ASSORTED COLOUR METAL CAT ,1.25,Logistics,SUP_689
23575,SNACK TRAY PAISLEY PARK,1.95,Electronics,SUP_901
20998,ROSE DU SUD OVEN GLOVE,2.95,Apparel,SUP_329
21823,PAINTED METAL HEART WITH HOLLY BELL,1.45,Apparel,SUP_146
85231B,CINAMMON SET OF 9 T-LIGHTS,0.85,Toys,SUP_750
23263,SET OF 3 WOODEN HEART DECORATIONS,1.25,Electronics,SUP_655
22868,NUMBER TILE COTTAGE GARDEN 0 ,1.95,Groceries,SUP_345
22586,FELTCRAFT HAIRBAND PINK AND BLUE,0.85,Toys,SUP_461
23013,GLASS APOTHECARY BOTTLE TONIC,3.95,Home & Garden,SUP_964
84803B,WHITE ALLIUM  ARTIFICIAL FLOWER,1.69,Electronics,SUP_849
21135,VICTORIAN  METAL POSTCARD SPRING,1.69,Electronics,SUP_401
23692,WRAP A PRETTY THANK YOU,0.42,Toys,SUP_907
84077,WORLD WAR 2 GLIDERS ASSTD DESIGNS,0.29,Apparel,SUP_183
22313,OFFICE MUG WARMER PINK,2.95,Groceries,SUP_563
22182,CAKE STAND VICTORIAN FILIGREE SMALL,4.95,Home & Garden,SUP_648
22241,GARLAND WOODEN HAPPY EASTER,1.25,Logistics,SUP_231
22044,CHRISTMAS CARD STACK OF PRESENTS,0.42,Home & Garden,SUP_591
22940,FELTCRAFT CHRISTMAS FAIRY,4.25,Logistics,SUP_908
84916,HAND TOWEL PALE BLUE W FLOWERS,5.95,Toys,SUP_651
21986,PACK OF 12 PINK POLKADOT TISSUES,0.29,Home & Garden,SUP_737
90026D,GLASS BEAD HOOP NECKLACE AMETHYST,8.5,Apparel,SUP_676
90001C,ANTIQUE OPAL WHITE FLOWER EARRINGS,4.25,Home & Garden,SUP_411
23691,KEEP CALM BIRTHDAY WRAP,0.42,Electronics,SUP_726
22513,DOORSTOP FOOTBALL DESIGN,3.75,Groceries,SUP_519
85170D,SET/6 PINK BIRD T-LIGHT CANDLES,2.1,Groceries,SUP_450
90037B,TINY CRYSTAL BRACELET GREEN,2.55,Electronics,SUP_715
22776,SWEETHEART CAKESTAND 3 TIER,9.95,Electronics,SUP_612
21246,RED RETROSPOT BIG BOWL,4.95,Logistics,SUP_933
85136A,YELLOW SHARK HELICOPTER,7.95,Logistics,SUP_816
75131,METAL TUBE CHIME ON BAMBOO,1.69,Apparel,SUP_999
23104,IVORY PANTRY HANGING LAMP ,12.5,Logistics,SUP_288
21106,CREAM SLICE FLANNEL CHOCOLATE SPOT ,2.95,Toys,SUP_891
84679,CLASSICAL ROSE TABLE LAMP,19.95,Apparel,SUP_327
21354,TOAST ITS - BEST MUM,1.05,Home & Garden,SUP_197
84231,EASTER BUNNY WITH BASKET ON BACK,0.65,Apparel,SUP_704
23322,LARGE WHITE HEART OF WICKER,2.95,Home & Garden,SUP_340
72799F,IVORY PILLAR CANDLE GOLD FLOCK,2.95,Groceries,SUP_608
85213,MINI  ZINC GARDEN DECORATIONS ,0.85,Home & Garden,SUP_324
23040,PAPER LANTERN 9 POINT SNOW STAR ,5.75,Apparel,SUP_722
22683,FRENCH BLUE METAL DOOR SIGN 8,1.25,Groceries,SUP_927
22925,BLUE GIANT GARDEN THERMOMETER,5.95,Home & Garden,SUP_774
71496A,A4 WALL TIDY BLUE OFFICE,0.65,Groceries,SUP_662
16161P,WRAP ENGLISH ROSE ,0.42,Apparel,SUP_590
85023C,PINK LARGE JEWELED PHOTOFRAME,2.55,Electronics,SUP_391
23103,BELL HEART DECORATION,1.65,Logistics,SUP_539
22502,PICNIC BASKET WICKER SMALL,5.95,Home & Garden,SUP_521
44242A,LILAC FEATHERS CURTAIN,0.79,Toys,SUP_695
21676,FLOWERS  STICKERS,0.85,Home & Garden,SUP_723
23118,PARISIENNE JEWELLERY DRAWER ,7.5,Toys,SUP_917
23137,ZINC WIRE SWEETHEART LETTER TRAY,3.75,Groceries,SUP_898
23399,HOME SWEET HOME HANGING HEART,0.85,Groceries,SUP_360
22679,FRENCH BLUE METAL DOOR SIGN 4,1.25,Toys,SUP_902
