store_id,product_id,stock_on_hand,last_restock_date
ST_001,22876,402,2026-01-23T07:06:05.178173
ST_001,20934,165,2026-01-20T10:15:50.771289
ST_001,21682,282,2026-01-17T03:35:22.046848
ST_001,21910,483,2026-02-04T17:48:16.834796
ST_001,22158,224,2026-01-19T08:12:26.688277
ST_001,35819B,405,2026-01-20T17:54:24.941344
ST_001,20711,46,2026-01-19T21:59:54.083409
ST_001,22406,274,2026-01-28T03:06:22.767332
ST_001,90177E,80,2026-02-08T07:39:58.283726
ST_001,90123B,121,2026-02-12T19:08:27.473535
ST_001,21402,357,2026-01-21T08:58:03.394550
ST_001,21291,245,2026-01-22T04:37:00.745724
ST_001,35819P,26,2026-01-23T18:23:53.328699
ST_001,22399,197,2026-01-22T22:59:07.808329
ST_001,21261,259,2026-02-10T06:44:24.590973
ST_001,22430,190,2026-01-27T01:29:04.847439
ST_001,21918,405,2026-02-07T01:32:03.238472
ST_001,21232,218,2026-02-09T00:12:31.387051
ST_001,35610B,92,2026-02-09T19:50:01.221232
ST_001,23165,181,2026-01-27T20:28:50.548777
ST_001,23311,246,2026-02-06T19:54:23.720391
ST_001,22896,-28,2026-01-22T22:47:41.943205
ST_001,85024C,224,2026-01-22T22:23:26.457780
ST_001,23570,96,2026-02-04T16:00:46.731505
ST_001,84666,454,2026-02-03T10:40:42.992679
ST_001,21865,12,2026-01-30T06:03:45.663497
ST_001,21678,238,2026-01-28T10:04:11.626778
ST_001,20752,366,2026-02-01T16:06:45.550728
ST_001,23434,324,2026-01-27T16:28:26.425871
ST_001,22038,-34,2026-01-14T19:10:32.642004
ST_001,21289,325,2026-01-19T03:55:27.529119
ST_001,22034,401,2026-01-16T22:11:43.321157
ST_001,84660B,243,2026-02-13T10:48:04.658300
ST_001,16248B,92,2026-01-16T02:36:04.410445
ST_001,16259,204,2026-02-01T10:43:08.255655
ST_001,90125E,137,2026-02-04T05:53:13.829542
ST_001,21718,200,2026-02-04T11:50:09.648499
ST_001,35958,446,2026-02-11T21:25:23.935314
ST_001,22775,419,2026-02-04T03:51:51.505479
ST_001,84927E,-29,2026-01-27T20:05:28.798430
ST_001,23412,11,2026-02-07T12:26:56.446940
ST_001,21802,63,2026-01-17T05:53:01.833474
ST_001,22700,106,2026-01-24T22:39:36.129897
ST_001,21792,158,2026-02-01T11:28:49.325131
ST_001,21126,239,2026-02-01T08:57:44.026467
ST_001,47481,186,2026-02-05T02:18:11.718957
ST_001,23000,491,2026-01-18T02:57:41.146890
ST_001,84461,319,2026-01-22T09:59:49.367610
ST_001,84963A,197,2026-02-04T02:36:43.294566
ST_001,90214Z,215,2026-01-20T00:09:30.189417
ST_001,90199C,461,2026-01-28T09:43:41.823824
ST_001,90125B,366,2026-01-19T12:29:35.701734
ST_001,22315,316,2026-02-07T08:06:17.711695
ST_001,22636,169,2026-02-05T12:23:39.963934
ST_001,22408,277,2026-02-12T13:51:53.621216
ST_001,22517,69,2026-02-06T09:53:38.268563
ST_001,85159A,321,2026-01-24T07:52:14.080370
ST_001,23169,159,2026-01-22T15:30:28.202669
ST_001,23243,408,2026-02-07T04:38:29.974778
ST_001,84568,229,2026-02-10T05:00:28.663951
ST_001,22458,-16,2026-01-19T20:07:38.510180
ST_001,21272,354,2026-02-04T06:50:47.527665
ST_001,84558A,-46,2026-01-17T00:32:42.599875
ST_001,90214I,323,2026-02-11T01:43:47.807090
ST_001,47369B,204,2026-02-01T08:30:50.973659
ST_001,23031,430,2026-01-26T04:32:15.005342
ST_001,21106,446,2026-02-09T04:47:21.111599
ST_001,84380,241,2026-01-16T01:38:43.997802
ST_001,90152A,-15,2026-01-27T08:18:33.210523
ST_001,48184,186,2026-02-10T08:10:28.105594
ST_001,90039C,486,2026-01-22T02:23:41.895253
ST_001,20677,239,2026-02-05T12:27:18.462619
ST_001,85135C,-16,2026-01-21T01:39:07.134459
ST_001,85045,28,2026-02-06T17:38:47.237150
ST_001,23161,45,2026-01-29T16:13:37.064810
ST_001,23255,31,2026-02-11T23:12:49.670725
ST_001,23694,11,2026-01-21T01:06:33.888174
ST_001,90100,51,2026-01-17T03:18:51.889285
ST_001,84798A,373,2026-02-11T21:41:11.488119
ST_001,22880,89,2026-02-08T08:58:16.041013
ST_001,21369,381,2026-01-18T20:46:54.455893
ST_001,23100,281,2026-01-31T19:55:27.834810
ST_001,85211,69,2026-01-30T01:17:10.785602
ST_001,84659A,491,2026-01-28T20:33:19.712682
ST_001,22655,86,2026-01-17T07:14:08.363172
ST_001,35599D,142,2026-02-06T04:00:42.600267
ST_001,84905,418,2026-02-04T14:08:33.511923
ST_001,21086,3,2026-01-29T07:56:57.919574
ST_001,23252,445,2026-01-18T04:24:29.384545
ST_001,22623,110,2026-01-29T06:32:07.846863
ST_001,M,203,2026-01-30T12:31:43.520630
ST_001,23356,-43,2026-01-14T16:21:26.715977
ST_001,35004P,64,2026-01-29T03:48:35.039590
ST_001,21377,420,2026-01-20T17:03:09.036637
ST_001,21696,156,2026-02-12T00:30:35.351415
ST_001,20974,52,2026-01-27T18:27:43.687283
ST_001,85200,434,2026-02-07T18:20:35.172144
ST_001,22702,6,2026-02-01T21:29:18.833767
ST_001,21499,-32,2026-01-22T07:32:35.229320
ST_001,22057,-9,2026-01-25T21:17:22.618283
ST_001,47590A,143,2026-01-21T19:09:52.056427
ST_001,22558,493,2026-02-13T02:08:00.022754
ST_001,21986,334,2026-01-17T17:10:06.308150
ST_001,22112,37,2026-01-20T05:04:05.148538
ST_001,23004,196,2026-01-29T15:57:35.780255
ST_001,22444,30,2026-01-14T15:04:23.346720
ST_001,22346,251,2026-01-23T16:10:06.720564
ST_001,72598,121,2026-02-06T16:37:03.087251
ST_001,23345,141,2026-02-12T06:57:46.202864
ST_001,23191,285,2026-01-24T22:59:14.137254
ST_001,23495,481,2026-02-03T19:55:48.628561
ST_001,22260,229,2026-01-25T15:51:21.390468
ST_001,23181,308,2026-01-21T12:26:24.880534
ST_001,23553,156,2026-01-28T19:19:02.016792
ST_001,21418,273,2026-02-03T20:14:16.077132
ST_001,21816,-18,2026-02-08T03:58:22.770813
ST_001,90042A,216,2026-01-31T17:48:36.853220
ST_001,85178,430,2026-02-01T20:04:17.388059
ST_001,47578A,329,2026-01-23T17:01:34.388572
ST_001,23254,229,2026-02-11T01:51:55.948565
ST_001,71496A,283,2026-01-17T02:47:07.856657
ST_001,22897,151,2026-02-12T04:58:06.490505
ST_001,21426,480,2026-02-03T08:06:42.129953
ST_001,20668,56,2026-02-04T03:39:12.829443
ST_001,84707B,348,2026-01-29T15:54:55.058727
ST_001,21462,314,2026-01-29T07:49:56.498243
ST_001,22886,303,2026-01-26T15:34:28.815032
ST_001,35964,489,2026-01-18T09:06:16.610280
ST_001,23419,-40,2026-01-23T08:48:44.960684
ST_001,84922,4,2026-02-10T14:57:58.927066
ST_001,22716,-3,2026-01-17T14:26:03.113063
ST_001,21867,295,2026-02-11T13:35:14.393896
ST_001,21015,-9,2026-01-29T07:34:09.268890
ST_001,85131B,415,2026-02-05T10:07:01.132730
ST_001,23456,285,2026-02-02T18:57:38.422360
ST_001,35972,31,2026-01-24T10:45:06.289628
ST_001,37488A,-36,2026-01-29T18:11:46.372632
ST_001,20854,215,2026-02-09T05:27:37.887727
ST_001,85071B,355,2026-01-21T11:07:40.698878
ST_001,23325,202,2026-02-06T12:45:34.483175
ST_001,90093,-2,2026-01-31T00:24:58.263311
ST_001,84870B,78,2026-01-25T11:42:28.717768
ST_001,23457,214,2026-02-04T02:54:05.533068
ST_001,22900,402,2026-02-10T03:12:47.413843
ST_001,90055,155,2026-01-14T17:17:21.930280
ST_001,21507,144,2026-02-08T13:41:59.902830
ST_001,40001,276,2026-02-08T12:31:38.207519
ST_001,23497,14,2026-01-19T04:16:51.697556
ST_001,22183,268,2026-02-11T19:56:30.405091
ST_001,22645,6,2026-01-17T19:44:16.458964
ST_001,90019C,339,2026-01-30T06:22:52.138227
ST_001,21054,369,2026-01-19T08:56:57.270117
ST_001,90214O,279,2026-01-14T20:42:36.373459
ST_001,22195,383,2026-01-26T22:42:56.883715
ST_001,85225,427,2026-01-31T08:19:09.982035
ST_001,22870,159,2026-01-31T15:02:13.993870
ST_001,22244,117,2026-01-23T17:09:46.420082
ST_001,90065B,26,2026-01-27T09:45:58.799259
ST_001,22936,71,2026-01-31T04:21:39.183925
ST_001,35001W,258,2026-01-19T05:45:02.335543
ST_001,85034A,204,2026-01-27T03:14:31.731386
ST_001,23145,198,2026-01-23T03:31:32.724259
ST_001,90129A,468,2026-02-11T07:16:19.097233
ST_001,90202D,-34,2026-01-24T01:34:24.898672
ST_001,37444A,159,2026-01-27T19:02:18.488138
ST_001,22069,305,2026-02-06T04:04:06.487099
ST_001,23102,-48,2026-02-09T08:38:21.601411
ST_001,21622,-39,2026-01-16T21:38:51.177778
ST_001,20748,37,2026-01-14T13:44:33.337291
ST_001,18097C,304,2026-01-26T14:14:22.845847
ST_001,22322,467,2026-01-29T04:58:16.985112
ST_001,21143,193,2026-01-27T04:46:27.088593
ST_001,16235,-21,2026-02-02T20:05:25.084556
ST_001,22060,-23,2026-02-07T22:10:20.899256
ST_001,23390,-36,2026-02-08T01:20:52.326564
ST_001,21609,201,2026-02-07T12:20:20.332674
ST_001,23190,162,2026-01-20T19:38:57.467312
ST_001,22594,5,2026-01-24T16:25:17.651891
ST_001,90198B,195,2026-01-20T23:32:31.303400
ST_001,23209,281,2026-02-02T13:13:34.795343
ST_001,21955,-10,2026-02-09T11:19:14.085462
ST_001,90190B,-17,2026-02-05T04:09:18.069243
ST_001,11001,73,2026-02-02T11:19:34.660383
ST_001,21634,405,2026-02-01T22:20:43.259115
ST_001,22518,110,2026-02-08T23:49:48.769311
ST_001,22745,22,2026-02-07T03:44:41.492331
ST_001,90099,214,2026-01-16T02:25:30.497482
ST_001,35650,32,2026-01-15T17:25:49.015548
ST_001,85026B,28,2026-01-16T04:07:25.427631
ST_001,84750B,224,2026-01-30T01:15:59.383206
ST_001,90016A,297,2026-01-14T23:31:39.941002
ST_001,72741,474,2026-02-01T02:04:11.484523
ST_001,16161M,396,2026-02-07T22:15:44.253970
ST_001,21681,226,2026-02-01T16:04:16.886312
ST_001,90086,267,2026-01-30T15:11:49.835945
ST_001,21706,44,2026-01-31T12:54:31.918611
ST_001,23121,303,2026-02-07T19:37:01.115517
ST_001,22136,389,2026-02-07T05:50:42.283538
ST_001,22086,309,2026-01-20T14:23:52.407745
ST_001,84596F,-5,2026-01-23T17:32:07.792973
ST_001,22545,220,2026-01-21T11:17:05.503116
ST_001,22964,50,2026-01-30T02:41:38.405284
ST_001,90155,240,2026-02-11T04:18:09.817345
ST_001,84927F,233,2026-02-06T05:15:47.196399
ST_001,22077,284,2026-01-22T21:44:53.381549
ST_001,84596B,206,2026-02-03T14:14:24.030665
ST_001,84879,37,2026-01-29T04:21:31.947507
ST_001,84828,-46,2026-01-16T19:05:38.114759
ST_001,85049G,462,2026-02-05T15:02:19.713079
ST_001,22461,345,2026-02-03T19:06:48.493601
ST_001,21275,344,2026-02-05T21:59:50.030102
ST_001,22971,472,2026-02-01T17:06:46.333809
ST_001,44235,428,2026-02-09T16:03:59.037596
ST_001,21705,273,2026-02-11T18:39:41.243081
ST_001,23264,183,2026-01-21T20:23:41.216242
ST_001,21210,-9,2026-01-27T18:45:47.751149
ST_001,84766,-47,2026-01-20T03:53:39.462769
ST_001,21313,14,2026-01-18T12:09:07.292920
ST_001,21067,422,2026-02-07T05:52:02.659820
ST_001,21671,434,2026-01-30T00:29:10.200373
ST_001,84805B,497,2026-02-11T15:46:47.625864
ST_001,72709,265,2026-01-18T09:22:56.682078
ST_001,90158,42,2026-01-14T16:52:57.788756
ST_001,90120B,215,2026-01-15T15:56:31.529473
ST_001,84678,142,2026-02-01T05:10:08.297358
ST_001,23503,406,2026-01-15T09:42:09.848369
ST_001,21935,265,2026-02-12T19:22:40.165955
ST_001,90161A,106,2026-02-07T16:35:46.217794
ST_001,22908,243,2026-01-30T02:19:03.239243
ST_001,84854,153,2026-02-09T03:09:29.443521
ST_001,17191A,230,2026-01-20T15:33:31.729813
ST_001,20868,135,2026-01-19T02:36:39.771461
ST_001,20826,437,2026-02-07T09:47:28.466163
ST_001,20971,211,2026-01-15T01:09:08.864582
ST_001,23270,191,2026-02-08T19:19:47.802232
ST_001,21946,352,2026-01-28T18:34:02.599470
ST_001,47310M,77,2026-01-24T14:46:43.209916
ST_001,37446,67,2026-01-31T19:11:03.131267
ST_001,35638A,269,2026-02-03T17:34:30.803206
ST_001,85124B,130,2026-02-10T02:01:18.036146
ST_001,90094,442,2026-02-02T01:56:48.013303
ST_001,23185,260,2026-01-29T07:38:37.773656
ST_001,17021,455,2026-01-14T20:48:07.189271
ST_001,21032,255,2026-02-05T08:14:30.169303
ST_001,23224,287,2026-01-24T03:11:07.422666
ST_001,23473,411,2026-01-28T16:46:46.698698
ST_001,22563,363,2026-02-06T04:10:37.502751
ST_001,21156,74,2026-02-05T22:15:01.456019
ST_001,22786,398,2026-01-17T10:28:30.800565
ST_001,17136A,456,2026-01-19T04:49:09.325116
ST_001,37471,207,2026-01-23T06:47:17.519886
ST_001,16258A,265,2026-02-03T06:01:28.653255
ST_001,84915,-14,2026-02-06T06:43:59.364659
ST_001,90202B,138,2026-02-07T04:34:58.824542
ST_001,90159,228,2026-01-23T13:54:04.252923
ST_001,22649,310,2026-02-04T08:13:59.242595
ST_001,84637,-30,2026-01-26T06:53:31.359875
ST_001,22650,276,2026-01-25T22:08:11.465908
ST_001,22755,-14,2026-01-15T21:08:42.126950
ST_001,21403,411,2026-01-28T16:51:26.591114
ST_001,23017,23,2026-01-24T19:45:51.612664
ST_001,22230,373,2026-02-12T23:01:44.276268
ST_001,90040B,295,2026-01-31T14:09:36.868798
ST_001,84465,-48,2026-02-11T04:08:39.974253
ST_001,35909A,75,2026-01-21T19:08:13.145168
ST_001,16161G,390,2026-01-16T02:07:28.053336
ST_001,22324,116,2026-01-22T20:50:49.808630
ST_001,23193,55,2026-01-27T06:25:21.002329
ST_001,23155,426,2026-02-03T11:20:42.836704
ST_001,22602,479,2026-01-21T01:44:30.426600
ST_001,22993,292,2026-01-16T11:11:33.438780
ST_001,82582,429,2026-01-19T15:06:51.318693
ST_001,85202,468,2026-01-20T20:41:18.380675
ST_001,90021,465,2026-02-08T21:06:15.924379
ST_001,22948,152,2026-01-19T10:20:18.570544
ST_001,84192,379,2026-02-13T08:55:58.606037
ST_001,22053,468,2026-01-19T01:33:37.864336
ST_001,84600,311,2026-01-30T15:13:09.684963
ST_001,20796,455,2026-01-17T19:35:43.276305
ST_001,20697,106,2026-01-18T05:58:00.366278
ST_001,22699,8,2026-01-20T08:21:11.146256
ST_001,44091A,432,2026-01-28T06:58:29.016347
ST_001,21519,209,2026-01-15T04:37:10.453726
ST_001,22441,94,2026-01-19T20:46:21.885975
ST_001,23297,433,2026-01-14T17:48:52.356418
ST_001,21915,-24,2026-01-28T21:42:52.377182
ST_001,37449,35,2026-02-03T01:38:06.874702
ST_001,21667,491,2026-02-05T00:55:50.064499
ST_001,22476,281,2026-01-22T11:41:42.156263
ST_001,46000P,363,2026-01-26T00:25:09.710406
ST_001,90003B,221,2026-01-17T21:24:28.544619
ST_001,21990,77,2026-01-23T10:28:19.135298
ST_001,82599,446,2026-01-18T17:49:15.493065
ST_001,16161P,410,2026-01-23T11:35:47.347402
ST_001,85132A,84,2026-01-22T10:19:13.833222
ST_001,84593,-12,2026-02-08T18:31:34.998848
ST_001,22575,231,2026-02-01T16:47:55.802360
ST_001,23070,116,2026-01-17T13:19:33.475871
ST_001,90196B,-1,2026-02-03T18:27:47.507700
ST_001,22737,53,2026-01-16T22:51:52.223043
ST_002,22876,185,2026-02-08T02:11:35.536200
ST_002,20934,408,2026-01-31T06:57:23.905055
ST_002,21682,132,2026-01-15T03:39:04.655454
ST_002,21910,25,2026-02-05T07:32:54.645175
ST_002,22158,40,2026-02-02T10:54:20.351172
ST_002,35819B,362,2026-01-19T17:57:02.712878
ST_002,20711,360,2026-01-26T06:56:00.943794
ST_002,22406,399,2026-02-10T22:28:06.425602
ST_002,90177E,-3,2026-01-18T21:07:27.991390
ST_002,90123B,375,2026-02-13T08:48:59.013232
ST_002,21402,285,2026-02-07T13:28:33.501580
ST_002,21291,103,2026-02-10T06:48:15.135645
ST_002,35819P,177,2026-02-09T06:42:35.552491
ST_002,22399,217,2026-02-02T04:12:54.539052
ST_002,21261,312,2026-01-23T00:58:59.301692
ST_002,22430,451,2026-02-12T03:23:20.513571
ST_002,21918,372,2026-01-21T23:33:23.536991
ST_002,21232,21,2026-01-18T03:09:10.006614
ST_002,35610B,179,2026-02-03T19:01:20.985673
ST_002,23165,171,2026-01-27T15:16:41.237549
ST_002,23311,259,2026-01-20T12:11:49.841984
ST_002,22896,380,2026-01-21T20:37:09.807920
ST_002,85024C,184,2026-02-05T23:35:23.602977
ST_002,23570,339,2026-01-24T01:42:16.659231
ST_002,84666,-40,2026-01-25T08:26:19.820759
ST_002,21865,13,2026-01-20T22:33:34.890976
ST_002,21678,31,2026-01-15T12:15:49.179603
ST_002,20752,313,2026-01-16T14:53:28.910365
ST_002,23434,248,2026-01-18T15:57:42.940278
ST_002,22038,-17,2026-02-12T18:52:19.362262
ST_002,21289,22,2026-02-04T19:32:29.978305
ST_002,22034,-43,2026-01-29T18:52:06.918342
ST_002,84660B,282,2026-02-05T00:11:20.112318
ST_002,16248B,362,2026-02-11T22:41:41.700620
ST_002,16259,33,2026-01-29T04:35:38.497151
ST_002,90125E,78,2026-01-14T16:58:03.578604
ST_002,21718,91,2026-01-31T08:26:56.935697
ST_002,35958,154,2026-01-21T11:02:41.440961
ST_002,22775,107,2026-02-02T12:01:26.201436
ST_002,84927E,112,2026-01-20T10:56:59.454358
ST_002,23412,236,2026-01-20T21:45:35.636629
ST_002,21802,377,2026-02-11T05:35:38.038858
ST_002,22700,273,2026-01-26T04:37:26.857311
ST_002,21792,369,2026-01-19T23:34:16.426624
ST_002,21126,-11,2026-01-30T20:23:12.741688
ST_002,47481,51,2026-02-08T11:51:17.879556
ST_002,23000,79,2026-01-16T15:27:21.070114
ST_002,84461,33,2026-01-29T01:52:38.824678
ST_002,84963A,147,2026-01-25T17:03:24.441742
ST_002,90214Z,348,2026-01-18T06:37:26.522348
ST_002,90199C,301,2026-01-25T01:24:31.124459
ST_002,90125B,124,2026-02-01T23:58:29.143848
ST_002,22315,216,2026-01-15T12:44:13.502328
ST_002,22636,-39,2026-02-06T16:07:36.969407
ST_002,22408,316,2026-01-24T02:41:02.977474
ST_002,22517,83,2026-01-29T01:26:18.115494
ST_002,85159A,43,2026-02-12T04:05:39.231731
ST_002,23169,119,2026-02-08T18:46:12.251005
ST_002,23243,207,2026-02-03T10:07:34.391060
ST_002,84568,112,2026-01-28T17:02:17.550111
ST_002,22458,400,2026-02-02T10:41:19.340394
ST_002,21272,171,2026-02-06T02:06:05.416426
ST_002,84558A,412,2026-02-01T04:52:27.679799
ST_002,90214I,80,2026-01-19T23:10:36.646820
ST_002,47369B,190,2026-02-05T01:24:01.966758
ST_002,23031,203,2026-01-31T07:02:33.157691
ST_002,21106,201,2026-01-27T18:50:27.373939
ST_002,84380,248,2026-02-11T23:30:12.239475
ST_002,90152A,314,2026-02-12T18:09:00.599800
ST_002,48184,79,2026-02-08T15:01:00.931167
ST_002,90039C,42,2026-02-07T22:34:42.283509
ST_002,20677,325,2026-01-15T09:36:07.224236
ST_002,85135C,-14,2026-01-30T07:27:16.722330
ST_002,85045,151,2026-02-11T23:33:23.529583
ST_002,23161,77,2026-02-02T16:41:44.793773
ST_002,23255,103,2026-01-17T20:09:44.413406
ST_002,23694,-22,2026-02-11T14:06:01.848795
ST_002,90100,324,2026-01-19T04:20:21.909359
ST_002,84798A,287,2026-01-14T21:51:28.581689
ST_002,22880,184,2026-02-13T08:47:12.006614
ST_002,21369,470,2026-02-04T07:19:58.707040
ST_002,23100,493,2026-01-27T01:11:18.854113
ST_002,85211,66,2026-02-01T11:34:03.924343
ST_002,84659A,112,2026-02-08T16:12:41.123411
ST_002,22655,363,2026-01-26T20:10:35.809009
ST_002,35599D,14,2026-02-07T18:51:41.712819
ST_002,84905,-20,2026-02-02T06:51:10.791500
ST_002,21086,301,2026-02-01T10:14:17.502382
ST_002,23252,375,2026-02-06T06:58:44.226269
ST_002,22623,-28,2026-02-04T05:03:37.207801
ST_002,M,47,2026-02-08T14:44:15.587765
ST_002,23356,48,2026-02-07T07:56:57.966868
ST_002,35004P,467,2026-02-05T08:45:29.784822
ST_002,21377,375,2026-01-20T17:17:02.156817
ST_002,21696,164,2026-01-28T14:57:20.057485
ST_002,20974,352,2026-02-05T11:48:35.893223
ST_002,85200,382,2026-02-06T22:06:17.451517
ST_002,22702,374,2026-02-03T00:26:36.980647
ST_002,21499,175,2026-01-16T22:33:25.321540
ST_002,22057,-40,2026-01-16T23:54:03.188309
ST_002,47590A,79,2026-02-10T22:09:04.724294
ST_002,22558,33,2026-02-01T13:11:24.636387
ST_002,21986,154,2026-02-05T07:47:09.707072
ST_002,22112,254,2026-01-31T10:23:37.885428
ST_002,23004,323,2026-02-03T02:49:49.421215
ST_002,22444,271,2026-02-03T03:16:37.602567
ST_002,22346,105,2026-02-12T12:47:53.120784
ST_002,72598,189,2026-02-02T10:13:49.699308
ST_002,23345,276,2026-01-21T11:53:31.951359
ST_002,23191,244,2026-01-21T13:59:53.017338
ST_002,23495,435,2026-02-09T21:34:25.811259
ST_002,22260,205,2026-01-28T17:54:14.987443
ST_002,23181,225,2026-01-25T05:48:50.862094
ST_002,23553,342,2026-02-09T23:19:14.273456
ST_002,21418,455,2026-01-27T09:43:09.473249
ST_002,21816,111,2026-02-06T23:10:41.785077
ST_002,90042A,211,2026-02-04T14:46:02.549015
ST_002,85178,1,2026-01-27T14:38:02.539353
ST_002,47578A,422,2026-01-15T02:55:02.180343
ST_002,23254,191,2026-01-30T16:51:15.838279
ST_002,71496A,132,2026-01-26T22:58:36.424783
ST_002,22897,22,2026-02-08T03:27:11.958366
ST_002,21426,162,2026-01-28T20:03:44.802991
ST_002,20668,334,2026-01-29T23:46:22.334438
ST_002,84707B,36,2026-02-03T03:57:00.725053
ST_002,21462,304,2026-01-28T16:53:04.602154
ST_002,22886,25,2026-02-07T12:49:33.782443
ST_002,35964,355,2026-02-08T10:45:27.787511
ST_002,23419,305,2026-01-28T04:37:41.644966
ST_002,84922,215,2026-01-19T22:04:19.687175
ST_002,22716,18,2026-02-08T17:57:50.826468
ST_002,21867,19,2026-02-04T04:34:17.532625
ST_002,21015,385,2026-02-06T16:50:29.353136
ST_002,85131B,0,2026-02-10T03:15:54.097391
ST_002,23456,8,2026-02-01T10:32:57.104363
ST_002,35972,441,2026-01-18T15:50:17.939591
ST_002,37488A,483,2026-01-15T10:00:40.947115
ST_002,20854,178,2026-02-07T02:50:03.895544
ST_002,85071B,399,2026-02-10T10:16:41.536092
ST_002,23325,498,2026-02-04T07:26:34.520709
ST_002,90093,342,2026-01-30T09:19:11.441777
ST_002,84870B,-46,2026-02-03T05:46:59.752163
ST_002,23457,276,2026-01-16T09:14:18.209492
ST_002,22900,208,2026-01-24T20:35:56.937577
ST_002,90055,290,2026-01-21T05:22:58.512725
ST_002,21507,496,2026-01-15T04:58:12.790317
ST_002,40001,328,2026-02-11T17:43:46.794609
ST_002,23497,250,2026-02-05T23:55:52.452546
ST_002,22183,3,2026-02-02T00:11:28.260815
ST_002,22645,214,2026-01-18T11:15:32.183369
ST_002,90019C,243,2026-01-24T20:15:20.995263
ST_002,21054,96,2026-01-30T19:33:35.288578
ST_002,90214O,361,2026-01-21T00:59:41.321714
ST_002,22195,423,2026-01-28T23:28:01.866071
ST_002,85225,266,2026-01-30T15:39:38.768443
ST_002,22870,14,2026-02-05T11:52:36.121033
ST_002,22244,126,2026-02-05T00:22:07.595538
ST_002,90065B,106,2026-02-04T10:52:10.409877
ST_002,22936,-33,2026-02-09T20:46:04.307660
ST_002,35001W,-14,2026-01-15T19:06:06.293044
ST_002,85034A,197,2026-01-24T20:36:29.616690
ST_002,23145,380,2026-02-02T14:58:47.279316
ST_002,90129A,-36,2026-02-08T15:22:09.212054
ST_002,90202D,433,2026-02-13T06:05:24.379848
ST_002,37444A,228,2026-01-19T17:12:36.442578
ST_002,22069,318,2026-01-18T04:55:29.091540
ST_002,23102,475,2026-02-02T10:59:57.025742
ST_002,21622,75,2026-02-02T01:49:36.074463
ST_002,20748,179,2026-01-15T23:35:42.639111
ST_002,18097C,37,2026-02-13T03:57:03.189268
ST_002,22322,4,2026-02-03T16:37:02.122834
ST_002,21143,486,2026-02-12T19:04:56.815275
ST_002,16235,373,2026-01-23T10:46:59.455405
ST_002,22060,134,2026-01-30T06:36:24.872744
ST_002,23390,320,2026-02-12T00:39:14.639007
ST_002,21609,422,2026-01-15T06:38:04.509356
ST_002,23190,315,2026-01-18T09:34:21.011012
ST_002,22594,7,2026-01-26T16:09:55.156983
ST_002,90198B,78,2026-02-04T12:06:58.918154
ST_002,23209,11,2026-01-17T02:56:25.059623
ST_002,21955,323,2026-02-04T10:18:41.970266
ST_002,90190B,6,2026-01-21T01:22:16.036543
ST_002,11001,177,2026-01-14T16:39:44.363297
ST_002,21634,435,2026-01-30T20:10:25.476180
ST_002,22518,101,2026-02-07T19:15:30.616720
ST_002,22745,481,2026-01-29T21:24:46.225403
ST_002,90099,162,2026-02-10T09:03:42.812124
ST_002,35650,88,2026-01-14T23:30:52.745380
ST_002,85026B,72,2026-02-03T08:20:25.242464
ST_002,84750B,259,2026-01-29T09:09:53.352863
ST_002,90016A,111,2026-02-08T21:52:08.451855
ST_002,72741,403,2026-01-26T08:44:58.776466
ST_002,16161M,257,2026-01-29T13:14:24.515010
ST_002,21681,149,2026-01-30T13:25:05.746592
ST_002,90086,294,2026-02-10T05:10:50.224665
ST_002,21706,203,2026-01-23T00:05:33.147774
ST_002,23121,468,2026-01-25T19:43:06.685630
ST_002,22136,455,2026-01-29T10:44:47.076443
ST_002,22086,122,2026-01-20T18:46:28.313365
ST_002,84596F,415,2026-01-18T00:53:26.367517
ST_002,22545,271,2026-01-22T00:48:59.385729
ST_002,22964,183,2026-01-26T07:06:49.809005
ST_002,90155,317,2026-02-05T10:03:56.382897
ST_002,84927F,193,2026-02-08T10:14:18.228672
ST_002,22077,22,2026-02-04T19:03:33.223671
ST_002,84596B,371,2026-01-30T20:57:34.988719
ST_002,84879,357,2026-01-16T06:17:01.973632
ST_002,84828,18,2026-02-13T01:46:20.499729
ST_002,85049G,179,2026-01-19T04:10:01.264514
ST_002,22461,397,2026-01-17T11:11:51.602363
ST_002,21275,441,2026-01-30T09:08:57.667580
ST_002,22971,405,2026-01-27T09:17:44.409831
ST_002,44235,-20,2026-02-09T14:18:00.828372
ST_002,21705,-29,2026-02-02T04:44:29.466082
ST_002,23264,374,2026-02-04T19:15:43.323633
ST_002,21210,265,2026-01-14T20:34:38.325638
ST_002,84766,424,2026-02-09T15:31:59.415616
ST_002,21313,430,2026-01-26T09:56:27.700008
ST_002,21067,443,2026-01-29T00:30:10.761071
ST_002,21671,486,2026-01-23T11:10:33.578861
ST_002,84805B,351,2026-02-11T11:32:52.653898
ST_002,72709,223,2026-01-26T09:39:35.563540
ST_002,90158,387,2026-02-11T11:20:14.337077
ST_002,90120B,179,2026-02-11T03:45:04.741070
ST_002,84678,482,2026-02-08T15:23:44.376732
ST_002,23503,407,2026-01-29T13:17:05.455673
ST_002,21935,495,2026-01-30T10:17:53.890633
ST_002,90161A,-8,2026-01-28T18:08:19.617191
ST_002,22908,321,2026-01-25T10:32:05.308286
ST_002,84854,387,2026-01-15T14:05:11.226565
ST_002,17191A,-12,2026-02-12T00:02:12.663905
ST_002,20868,-38,2026-01-30T09:30:37.897072
ST_002,20826,71,2026-02-09T13:51:55.503380
ST_002,20971,365,2026-01-23T14:59:28.089000
ST_002,23270,227,2026-01-26T11:56:12.206328
ST_002,21946,-34,2026-01-17T20:57:35.214674
ST_002,47310M,213,2026-02-03T16:55:10.381333
ST_002,37446,413,2026-02-11T02:54:07.731257
ST_002,35638A,229,2026-02-10T13:41:49.915517
ST_002,85124B,33,2026-01-17T10:10:38.547301
ST_002,90094,451,2026-02-06T07:00:16.691920
ST_002,23185,211,2026-02-02T15:10:22.215125
ST_002,17021,70,2026-01-16T20:09:25.474486
ST_002,21032,256,2026-01-15T13:28:12.935373
ST_002,23224,58,2026-01-18T21:52:22.507514
ST_002,23473,98,2026-01-24T14:35:06.856464
ST_002,22563,218,2026-02-10T22:22:05.621578
ST_002,21156,423,2026-01-18T19:17:39.037900
ST_002,22786,373,2026-01-25T00:00:37.102379
ST_002,17136A,290,2026-02-08T09:32:18.097795
ST_002,37471,-25,2026-02-10T18:06:30.898224
ST_002,16258A,133,2026-01-26T13:45:37.498633
ST_002,84915,185,2026-02-04T21:07:40.388720
ST_002,90202B,268,2026-01-15T13:06:18.909692
ST_002,90159,181,2026-02-10T21:24:07.379805
ST_002,22649,8,2026-02-08T11:16:00.584980
ST_002,84637,467,2026-02-05T23:50:29.513824
ST_002,22650,410,2026-01-27T13:15:48.785825
ST_002,22755,246,2026-01-31T21:11:37.067784
ST_002,21403,0,2026-01-16T18:32:48.341617
ST_002,23017,189,2026-02-06T17:19:42.868056
ST_002,22230,177,2026-02-11T10:37:39.570366
ST_002,90040B,-10,2026-01-28T05:58:05.279428
ST_002,84465,275,2026-02-10T02:27:56.575718
ST_002,35909A,110,2026-01-31T10:44:56.388417
ST_002,16161G,28,2026-01-27T20:57:15.502805
ST_002,22324,136,2026-02-07T18:09:37.475720
ST_002,23193,330,2026-01-27T16:23:50.041859
ST_002,23155,118,2026-02-11T08:57:37.405151
ST_002,22602,-35,2026-01-31T00:50:16.584343
ST_002,22993,170,2026-01-15T20:30:52.175138
ST_002,82582,113,2026-01-23T17:42:35.164310
ST_002,85202,462,2026-01-21T00:56:07.960461
ST_002,90021,89,2026-01-26T04:04:42.096097
ST_002,22948,-49,2026-01-27T15:50:28.855028
ST_002,84192,-17,2026-01-31T12:23:57.323015
ST_002,22053,168,2026-01-17T23:50:04.207857
ST_002,84600,423,2026-02-01T11:16:47.534508
ST_002,20796,113,2026-01-24T14:01:53.857616
ST_002,20697,479,2026-01-21T14:44:59.196125
ST_002,22699,169,2026-01-30T07:00:08.708186
ST_002,44091A,372,2026-01-19T13:47:38.622621
ST_002,21519,362,2026-01-22T20:06:29.554715
ST_002,22441,224,2026-01-21T04:03:52.886950
ST_002,23297,33,2026-01-18T02:20:00.017061
ST_002,21915,464,2026-01-23T19:31:07.326624
ST_002,37449,470,2026-01-25T15:27:52.627885
ST_002,21667,283,2026-02-01T07:33:15.679989
ST_002,22476,188,2026-01-24T14:03:21.577678
ST_002,46000P,335,2026-02-01T05:12:24.876199
ST_002,90003B,291,2026-01-20T22:43:34.015430
ST_002,21990,485,2026-02-07T13:48:15.856669
ST_002,82599,101,2026-01-14T18:35:39.072142
ST_002,16161P,124,2026-01-25T21:01:38.760452
ST_002,85132A,353,2026-02-07T13:44:09.626268
ST_002,84593,46,2026-02-11T04:56:23.053290
ST_002,22575,89,2026-01-31T11:00:00.655285
ST_002,23070,33,2026-02-12T09:21:21.806678
ST_002,90196B,481,2026-01-23T13:09:53.218932
ST_002,22737,411,2026-02-03T18:46:51.307963
ST_003,22876,64,2026-02-13T01:45:06.726094
ST_003,20934,203,2026-01-23T08:27:32.506469
ST_003,21682,441,2026-01-24T07:45:32.555489
ST_003,21910,269,2026-02-03T20:38:26.559309
ST_003,22158,-45,2026-02-03T07:37:15.706328
ST_003,35819B,234,2026-02-10T07:24:42.345839
ST_003,20711,145,2026-01-26T21:05:18.401197
ST_003,22406,10,2026-01-25T15:56:44.613887
ST_003,90177E,128,2026-01-18T11:49:33.538133
ST_003,90123B,396,2026-01-26T16:57:19.542999
ST_003,21402,-7,2026-02-03T10:19:40.458170
ST_003,21291,390,2026-01-29T12:12:13.336141
ST_003,35819P,141,2026-02-05T13:37:47.562086
ST_003,22399,355,2026-02-13T09:12:46.883458
ST_003,21261,450,2026-01-31T11:11:18.526370
ST_003,22430,164,2026-01-20T19:33:52.823333
ST_003,21918,339,2026-01-17T05:25:02.465662
ST_003,21232,226,2026-01-20T12:13:08.278982
ST_003,35610B,188,2026-01-26T11:04:50.536406
ST_003,23165,123,2026-02-06T00:08:33.359718
ST_003,23311,153,2026-01-20T23:43:53.066561
ST_003,22896,71,2026-02-02T10:35:20.401014
ST_003,85024C,22,2026-01-24T12:10:24.004639
ST_003,23570,90,2026-02-05T18:24:02.727848
ST_003,84666,410,2026-02-06T07:52:17.056437
ST_003,21865,38,2026-02-07T20:59:21.258223
ST_003,21678,359,2026-02-01T22:19:35.656729
ST_003,20752,411,2026-01-25T20:07:49.105250
ST_003,23434,333,2026-01-18T01:34:13.550833
ST_003,22038,126,2026-01-26T10:19:16.585419
ST_003,21289,453,2026-02-12T22:24:45.637365
ST_003,22034,295,2026-01-27T13:50:52.734029
ST_003,84660B,-11,2026-01-20T17:53:16.620887
ST_003,16248B,239,2026-02-02T23:43:08.351527
ST_003,16259,308,2026-02-01T10:48:42.183722
ST_003,90125E,239,2026-01-29T05:27:52.103722
ST_003,21718,290,2026-02-10T21:39:42.851202
ST_003,35958,132,2026-01-17T06:23:54.638516
ST_003,22775,323,2026-01-27T04:30:44.845080
ST_003,84927E,369,2026-02-09T06:02:51.876089
ST_003,23412,495,2026-01-14T13:24:03.312292
ST_003,21802,178,2026-02-08T11:52:00.100196
ST_003,22700,342,2026-02-02T13:49:19.431586
ST_003,21792,264,2026-02-04T09:28:29.329134
ST_003,21126,284,2026-01-31T11:18:17.280910
ST_003,47481,318,2026-01-24T00:41:53.488001
ST_003,23000,75,2026-02-12T02:38:16.140836
ST_003,84461,355,2026-02-01T16:59:35.443999
ST_003,84963A,476,2026-01-22T14:11:03.456053
ST_003,90214Z,46,2026-01-28T00:00:33.161380
ST_003,90199C,109,2026-01-26T00:12:03.344882
ST_003,90125B,319,2026-01-17T06:04:54.391521
ST_003,22315,88,2026-01-27T07:45:54.535868
ST_003,22636,181,2026-02-07T05:14:08.778383
ST_003,22408,9,2026-01-15T17:02:41.953634
ST_003,22517,245,2026-02-02T15:54:56.435239
ST_003,85159A,152,2026-02-11T09:27:21.814713
ST_003,23169,336,2026-01-15T07:13:38.000272
ST_003,23243,226,2026-01-18T20:07:57.714351
ST_003,84568,465,2026-01-31T16:41:50.245438
ST_003,22458,478,2026-02-03T19:36:34.371419
ST_003,21272,-19,2026-02-07T12:40:04.452616
ST_003,84558A,352,2026-02-05T20:56:57.511915
ST_003,90214I,55,2026-02-03T05:34:01.584780
ST_003,47369B,420,2026-02-03T14:05:21.894726
ST_003,23031,166,2026-02-01T00:11:37.163030
ST_003,21106,94,2026-01-24T15:06:36.181006
ST_003,84380,-1,2026-02-07T07:40:16.494244
ST_003,90152A,105,2026-02-08T17:12:56.096473
ST_003,48184,156,2026-01-19T23:47:14.101099
ST_003,90039C,406,2026-01-31T05:11:25.118140
ST_003,20677,139,2026-02-04T09:44:55.505913
ST_003,85135C,114,2026-01-16T03:01:35.516039
ST_003,85045,113,2026-01-18T10:15:48.092179
ST_003,23161,490,2026-02-06T05:05:32.369790
ST_003,23255,461,2026-02-02T14:30:57.023130
ST_003,23694,378,2026-02-11T17:02:08.114422
ST_003,90100,52,2026-02-07T01:15:40.182997
ST_003,84798A,382,2026-02-03T14:30:43.249627
ST_003,22880,324,2026-02-06T00:38:35.700903
ST_003,21369,419,2026-02-05T09:39:01.951467
ST_003,23100,120,2026-02-02T04:26:42.240645
ST_003,85211,31,2026-02-02T08:17:40.657870
ST_003,84659A,57,2026-01-24T07:33:12.130368
ST_003,22655,258,2026-01-19T00:12:03.420761
ST_003,35599D,166,2026-01-25T06:47:50.140976
ST_003,84905,330,2026-02-13T09:10:44.432953
ST_003,21086,114,2026-02-06T02:36:56.778506
ST_003,23252,491,2026-01-28T22:35:32.035609
ST_003,22623,403,2026-02-06T17:20:29.029831
ST_003,M,379,2026-01-23T22:36:15.483292
ST_003,23356,-13,2026-02-05T05:38:43.656125
ST_003,35004P,378,2026-01-27T03:18:12.277667
ST_003,21377,274,2026-01-19T18:29:17.170655
ST_003,21696,398,2026-01-19T20:49:20.346823
ST_003,20974,392,2026-02-11T13:33:00.765571
ST_003,85200,250,2026-01-25T05:20:11.880859
ST_003,22702,452,2026-01-31T16:02:19.814320
ST_003,21499,114,2026-01-17T01:43:59.644133
ST_003,22057,265,2026-02-09T01:25:57.741760
ST_003,47590A,440,2026-02-11T19:41:56.884116
ST_003,22558,248,2026-01-29T14:46:49.788199
ST_003,21986,118,2026-01-24T10:24:10.021285
ST_003,22112,219,2026-01-26T23:17:24.221962
ST_003,23004,274,2026-01-28T20:41:45.503217
ST_003,22444,-39,2026-01-18T18:38:04.079330
ST_003,22346,178,2026-02-05T07:49:41.040174
ST_003,72598,278,2026-01-30T07:14:16.289022
ST_003,23345,494,2026-01-18T06:04:22.089176
ST_003,23191,364,2026-01-26T20:48:51.274088
ST_003,23495,163,2026-01-20T05:43:52.907186
ST_003,22260,134,2026-01-21T00:41:36.349286
ST_003,23181,50,2026-01-28T14:20:55.521617
ST_003,23553,292,2026-01-21T18:09:43.549922
ST_003,21418,459,2026-02-04T07:00:56.584831
ST_003,21816,493,2026-01-30T08:00:17.515435
ST_003,90042A,484,2026-02-11T18:39:03.732019
ST_003,85178,47,2026-01-19T16:30:14.306238
ST_003,47578A,-38,2026-01-18T00:28:42.406227
ST_003,23254,-1,2026-01-18T19:54:38.885208
ST_003,71496A,77,2026-02-02T21:19:08.500877
ST_003,22897,357,2026-01-19T14:23:15.254761
ST_003,21426,186,2026-01-15T20:03:51.962227
ST_003,20668,24,2026-01-18T08:35:30.753596
ST_003,84707B,7,2026-02-12T18:27:19.866253
ST_003,21462,-42,2026-01-16T19:00:05.880396
ST_003,22886,-48,2026-01-24T01:27:39.923590
ST_003,35964,148,2026-01-28T21:07:57.191904
ST_003,23419,179,2026-01-26T21:42:36.057852
ST_003,84922,342,2026-02-01T11:42:50.983699
ST_003,22716,98,2026-02-03T16:52:15.095086
ST_003,21867,-38,2026-01-28T22:14:56.342403
ST_003,21015,368,2026-02-01T08:05:33.973641
ST_003,85131B,-30,2026-02-01T16:51:20.256327
ST_003,23456,140,2026-01-30T15:08:14.521507
ST_003,35972,96,2026-01-15T21:22:51.955806
ST_003,37488A,25,2026-02-10T01:10:37.312435
ST_003,20854,-14,2026-02-11T20:29:43.720582
ST_003,85071B,189,2026-02-10T00:47:17.934392
ST_003,23325,234,2026-01-28T18:59:38.773189
ST_003,90093,104,2026-01-26T04:40:18.770113
ST_003,84870B,146,2026-01-25T04:07:52.176544
ST_003,23457,102,2026-02-05T01:08:30.144480
ST_003,22900,29,2026-01-25T08:59:01.366771
ST_003,90055,184,2026-02-01T06:37:53.979453
ST_003,21507,-10,2026-01-31T16:02:39.254063
ST_003,40001,3,2026-02-06T09:27:27.644685
ST_003,23497,452,2026-02-08T02:48:31.991284
ST_003,22183,102,2026-01-25T14:38:22.519453
ST_003,22645,430,2026-02-12T16:43:31.515988
ST_003,90019C,285,2026-01-31T10:50:22.568846
ST_003,21054,473,2026-01-24T22:29:37.869462
ST_003,90214O,438,2026-01-19T08:52:37.023138
ST_003,22195,343,2026-01-19T15:53:04.316218
ST_003,85225,304,2026-01-25T19:22:14.009773
ST_003,22870,128,2026-01-16T20:50:40.400797
ST_003,22244,390,2026-02-12T21:30:39.078502
ST_003,90065B,154,2026-01-19T21:18:02.413793
ST_003,22936,136,2026-01-19T01:22:49.381966
ST_003,35001W,239,2026-01-31T07:54:43.441512
ST_003,85034A,275,2026-01-16T07:18:30.210831
ST_003,23145,123,2026-02-10T22:49:09.965227
ST_003,90129A,281,2026-01-31T17:01:18.090350
ST_003,90202D,146,2026-01-29T19:37:05.734180
ST_003,37444A,318,2026-02-01T19:59:07.672648
ST_003,22069,270,2026-01-14T20:57:34.628170
ST_003,23102,346,2026-02-13T00:43:06.573007
ST_003,21622,-46,2026-01-25T23:22:42.232778
ST_003,20748,374,2026-01-20T05:09:14.295382
ST_003,18097C,430,2026-01-19T13:22:13.596369
ST_003,22322,-31,2026-02-05T08:30:21.477053
ST_003,21143,268,2026-02-04T21:27:33.135462
ST_003,16235,453,2026-01-17T10:15:07.393753
ST_003,22060,58,2026-01-14T20:11:37.073789
ST_003,23390,278,2026-01-23T09:42:26.402512
ST_003,21609,-7,2026-01-15T17:43:05.094342
ST_003,23190,198,2026-02-10T13:18:41.549500
ST_003,22594,482,2026-01-16T21:25:52.657675
ST_003,90198B,239,2026-01-21T05:35:33.692560
ST_003,23209,322,2026-02-06T11:48:31.553011
ST_003,21955,139,2026-02-04T23:35:56.593651
ST_003,90190B,292,2026-02-11T09:03:10.989125
ST_003,11001,358,2026-01-15T21:15:45.429992
ST_003,21634,345,2026-01-22T03:03:00.360833
ST_003,22518,265,2026-01-14T17:50:54.539683
ST_003,22745,470,2026-01-24T01:11:04.052776
ST_003,90099,391,2026-01-25T13:59:08.800402
ST_003,35650,446,2026-02-01T04:50:36.307925
ST_003,85026B,190,2026-02-09T15:43:19.901278
ST_003,84750B,37,2026-01-15T07:49:58.490449
ST_003,90016A,-42,2026-01-22T02:35:38.940418
ST_003,72741,423,2026-02-02T03:25:27.820100
ST_003,16161M,4,2026-01-21T22:42:04.989767
ST_003,21681,309,2026-01-27T17:30:59.808540
ST_003,90086,341,2026-02-05T14:31:13.572594
ST_003,21706,360,2026-01-25T09:13:59.925333
ST_003,23121,186,2026-02-06T13:27:30.565876
ST_003,22136,395,2026-01-20T17:44:57.119962
ST_003,22086,482,2026-02-07T18:20:55.444350
ST_003,84596F,436,2026-01-26T21:44:51.240500
ST_003,22545,78,2026-01-27T05:56:52.528405
ST_003,22964,410,2026-01-29T18:15:50.824677
ST_003,90155,430,2026-01-19T08:14:31.508653
ST_003,84927F,492,2026-02-01T07:15:57.825661
ST_003,22077,385,2026-01-24T08:51:24.138038
ST_003,84596B,169,2026-01-14T17:00:38.934990
ST_003,84879,419,2026-02-11T09:34:13.586425
ST_003,84828,246,2026-01-22T09:54:30.392568
ST_003,85049G,451,2026-01-29T22:30:58.828867
ST_003,22461,137,2026-01-30T21:37:06.039078
ST_003,21275,388,2026-01-28T09:10:04.716331
ST_003,22971,167,2026-01-19T08:53:15.870064
ST_003,44235,106,2026-01-31T05:25:33.825748
ST_003,21705,441,2026-02-13T07:42:14.949968
ST_003,23264,-29,2026-01-25T03:10:49.523976
ST_003,21210,186,2026-01-18T14:34:37.942212
ST_003,84766,312,2026-01-25T18:02:03.473970
ST_003,21313,449,2026-02-08T06:29:43.611774
ST_003,21067,360,2026-02-06T18:36:20.740380
ST_003,21671,464,2026-02-11T00:21:49.329681
ST_003,84805B,103,2026-01-19T04:38:50.837234
ST_003,72709,19,2026-01-18T15:32:41.169323
ST_003,90158,53,2026-02-06T20:13:24.628139
ST_003,90120B,-43,2026-02-12T17:40:43.228671
ST_003,84678,26,2026-02-13T07:37:15.654966
ST_003,23503,301,2026-01-21T17:21:51.179959
ST_003,21935,246,2026-02-09T15:29:09.463237
ST_003,90161A,278,2026-02-13T05:32:26.831213
ST_003,22908,15,2026-01-31T15:06:29.430143
ST_003,84854,242,2026-01-22T19:39:21.935420
ST_003,17191A,208,2026-01-21T17:05:36.831863
ST_003,20868,114,2026-01-29T08:48:25.035087
ST_003,20826,434,2026-02-12T02:51:54.341034
ST_003,20971,367,2026-01-21T10:14:30.169990
ST_003,23270,351,2026-02-11T03:27:29.786740
ST_003,21946,-43,2026-02-12T11:14:58.237238
ST_003,47310M,33,2026-01-26T17:19:16.659421
ST_003,37446,101,2026-02-04T15:06:42.404403
ST_003,35638A,221,2026-02-10T18:00:39.112705
ST_003,85124B,115,2026-01-29T09:58:56.876501
ST_003,90094,396,2026-01-22T00:43:45.888980
ST_003,23185,293,2026-01-26T03:54:52.631253
ST_003,17021,99,2026-01-21T17:29:42.304450
ST_003,21032,23,2026-01-15T01:11:48.187716
ST_003,23224,-35,2026-01-21T02:39:57.637887
ST_003,23473,389,2026-01-23T05:55:28.718588
ST_003,22563,454,2026-01-28T00:55:01.406775
ST_003,21156,282,2026-02-08T22:15:06.684362
ST_003,22786,396,2026-02-13T01:20:38.158206
ST_003,17136A,410,2026-01-25T05:43:04.954518
ST_003,37471,278,2026-02-02T20:35:39.972593
ST_003,16258A,173,2026-02-07T16:13:38.502885
ST_003,84915,126,2026-01-15T04:47:53.063503
ST_003,90202B,225,2026-01-31T01:48:51.179149
ST_003,90159,308,2026-02-04T12:46:11.741916
ST_003,22649,411,2026-01-27T22:52:00.996516
ST_003,84637,212,2026-01-27T18:07:12.365647
ST_003,22650,49,2026-02-11T16:17:26.217423
ST_003,22755,85,2026-01-24T00:19:55.699835
ST_003,21403,22,2026-01-22T04:59:38.410640
ST_003,23017,61,2026-01-20T22:32:17.053236
ST_003,22230,215,2026-02-06T10:25:38.045817
ST_003,90040B,174,2026-01-23T11:07:33.661911
ST_003,84465,207,2026-01-14T15:53:01.122558
ST_003,35909A,333,2026-02-13T06:11:14.733098
ST_003,16161G,444,2026-01-25T17:18:49.900779
ST_003,22324,81,2026-01-16T10:45:53.571610
ST_003,23193,1,2026-02-06T13:03:53.155066
ST_003,23155,306,2026-02-12T00:40:56.876039
ST_003,22602,43,2026-02-09T11:30:16.032347
ST_003,22993,474,2026-02-03T09:59:30.285948
ST_003,82582,72,2026-01-22T11:54:52.030434
ST_003,85202,112,2026-02-10T18:51:13.500616
ST_003,90021,109,2026-01-31T00:30:07.512535
ST_003,22948,383,2026-02-02T09:36:26.116105
ST_003,84192,275,2026-01-14T19:28:15.735741
ST_003,22053,240,2026-01-15T04:01:06.604656
ST_003,84600,474,2026-02-12T15:39:56.055282
ST_003,20796,426,2026-01-15T03:22:16.265796
ST_003,20697,468,2026-01-26T00:34:24.259845
ST_003,22699,172,2026-01-20T14:14:20.640533
ST_003,44091A,257,2026-01-18T22:30:02.184879
ST_003,21519,-37,2026-01-24T16:14:43.415734
ST_003,22441,35,2026-02-07T01:23:20.398441
ST_003,23297,135,2026-01-31T15:06:41.623010
ST_003,21915,499,2026-01-24T09:41:09.424543
ST_003,37449,406,2026-02-12T12:45:44.391310
ST_003,21667,458,2026-01-15T05:39:48.886376
ST_003,22476,400,2026-01-29T09:53:06.820215
ST_003,46000P,496,2026-02-02T00:05:57.493493
ST_003,90003B,338,2026-02-06T05:14:59.365917
ST_003,21990,-26,2026-02-11T18:15:17.380566
ST_003,82599,438,2026-01-17T13:49:02.021269
ST_003,16161P,200,2026-01-28T20:09:40.370241
ST_003,85132A,46,2026-01-28T09:02:03.884115
ST_003,84593,111,2026-01-17T13:40:34.879535
ST_003,22575,138,2026-01-21T10:35:50.107767
ST_003,23070,411,2026-02-05T00:53:37.886345
ST_003,90196B,413,2026-02-02T23:43:37.387766
ST_003,22737,491,2026-02-03T01:25:59.175047
ST_004,22876,142,2026-01-19T15:13:50.036335
ST_004,20934,294,2026-01-16T11:23:01.161870
ST_004,21682,108,2026-01-22T23:06:55.441308
ST_004,21910,273,2026-01-17T19:46:02.694436
ST_004,22158,197,2026-01-31T01:37:12.864004
ST_004,35819B,101,2026-02-11T14:34:58.444906
ST_004,20711,45,2026-01-22T20:50:38.016520
ST_004,22406,375,2026-02-11T07:40:52.161839
ST_004,90177E,34,2026-01-27T23:02:24.601862
ST_004,90123B,495,2026-01-17T19:36:19.546803
ST_004,21402,473,2026-02-11T14:20:37.943078
ST_004,21291,347,2026-01-19T21:29:58.367123
ST_004,35819P,246,2026-01-21T12:54:41.743699
ST_004,22399,328,2026-01-20T09:35:53.841709
ST_004,21261,397,2026-01-23T08:49:52.800087
ST_004,22430,342,2026-01-29T18:57:43.198909
ST_004,21918,389,2026-01-24T13:39:12.378915
ST_004,21232,189,2026-01-22T17:10:03.172763
ST_004,35610B,162,2026-02-05T06:21:56.282515
ST_004,23165,200,2026-01-23T23:51:40.046762
ST_004,23311,66,2026-01-16T05:20:53.365026
ST_004,22896,251,2026-01-31T15:11:36.821379
ST_004,85024C,42,2026-01-30T10:52:25.985543
ST_004,23570,418,2026-01-18T18:11:35.515566
ST_004,84666,461,2026-01-24T16:27:17.653339
ST_004,21865,181,2026-02-12T00:40:36.928421
ST_004,21678,421,2026-01-26T03:37:59.175945
ST_004,20752,196,2026-01-30T08:35:50.083772
ST_004,23434,455,2026-01-24T02:33:36.231759
ST_004,22038,20,2026-02-13T11:38:31.603475
ST_004,21289,377,2026-02-08T04:01:03.666338
ST_004,22034,387,2026-01-19T20:40:55.056047
ST_004,84660B,269,2026-01-29T11:16:18.367405
ST_004,16248B,-36,2026-01-22T21:35:55.941092
ST_004,16259,477,2026-01-15T10:56:43.326115
ST_004,90125E,-45,2026-02-02T06:07:53.231842
ST_004,21718,22,2026-01-30T09:20:35.854081
ST_004,35958,42,2026-02-13T00:46:58.325812
ST_004,22775,12,2026-02-03T17:39:47.795726
ST_004,84927E,382,2026-02-01T18:43:50.013114
ST_004,23412,189,2026-02-11T15:00:45.904583
ST_004,21802,169,2026-02-04T17:45:50.588230
ST_004,22700,412,2026-02-08T08:03:10.883028
ST_004,21792,379,2026-02-12T10:55:13.419003
ST_004,21126,33,2026-02-01T14:48:08.046137
ST_004,47481,311,2026-02-03T11:26:29.817485
ST_004,23000,17,2026-01-29T07:26:50.869277
ST_004,84461,156,2026-01-17T12:04:02.932249
ST_004,84963A,202,2026-01-31T10:52:21.392012
ST_004,90214Z,251,2026-01-16T08:17:17.222984
ST_004,90199C,396,2026-01-23T01:12:51.491913
ST_004,90125B,313,2026-01-26T12:35:44.700512
ST_004,22315,488,2026-01-27T02:17:19.892252
ST_004,22636,166,2026-02-05T08:41:51.514465
ST_004,22408,269,2026-01-25T23:44:49.925066
ST_004,22517,-39,2026-01-29T05:48:32.479005
ST_004,85159A,373,2026-02-08T19:51:04.425193
ST_004,23169,333,2026-02-02T03:43:25.956595
ST_004,23243,50,2026-02-11T13:31:13.143796
ST_004,84568,425,2026-01-27T01:30:53.877285
ST_004,22458,251,2026-02-07T01:00:01.887034
ST_004,21272,34,2026-01-30T11:09:10.502481
ST_004,84558A,147,2026-01-19T02:02:11.749007
ST_004,90214I,-17,2026-01-21T02:09:36.788234
ST_004,47369B,65,2026-02-10T17:51:50.634622
ST_004,23031,181,2026-02-01T22:22:50.349534
ST_004,21106,420,2026-02-05T19:44:59.305584
ST_004,84380,271,2026-01-31T03:59:58.839277
ST_004,90152A,89,2026-02-03T12:52:03.994880
ST_004,48184,417,2026-01-20T16:21:53.568719
ST_004,90039C,126,2026-01-24T01:18:21.988605
ST_004,20677,401,2026-02-04T20:44:08.788206
ST_004,85135C,374,2026-02-03T09:23:29.863094
ST_004,85045,359,2026-01-22T20:52:26.370665
ST_004,23161,-7,2026-01-19T19:58:32.488025
ST_004,23255,352,2026-02-09T10:47:02.819224
ST_004,23694,359,2026-02-02T09:23:25.850340
ST_004,90100,201,2026-01-20T16:43:43.941195
ST_004,84798A,64,2026-01-31T01:35:40.945468
ST_004,22880,366,2026-02-09T13:32:22.762965
ST_004,21369,344,2026-01-17T01:03:57.716653
ST_004,23100,129,2026-02-11T15:01:14.362074
ST_004,85211,83,2026-02-08T01:33:20.581303
ST_004,84659A,378,2026-01-28T19:28:07.776495
ST_004,22655,193,2026-02-12T23:32:06.169268
ST_004,35599D,72,2026-01-18T21:31:27.598506
ST_004,84905,186,2026-01-26T23:04:21.624021
ST_004,21086,432,2026-01-25T01:04:32.643849
ST_004,23252,256,2026-01-31T17:56:39.932076
ST_004,22623,67,2026-02-10T02:13:17.461163
ST_004,M,72,2026-02-06T07:22:36.327744
ST_004,23356,383,2026-02-02T00:25:01.141938
ST_004,35004P,-30,2026-02-11T23:34:56.212239
ST_004,21377,173,2026-01-19T19:02:48.388433
ST_004,21696,88,2026-01-16T12:08:36.690849
ST_004,20974,257,2026-02-09T11:54:24.808265
ST_004,85200,459,2026-01-23T05:25:46.701196
ST_004,22702,328,2026-01-27T03:41:20.928959
ST_004,21499,399,2026-02-06T19:08:19.703666
ST_004,22057,480,2026-01-14T23:46:02.871833
ST_004,47590A,408,2026-01-19T02:14:30.869778
ST_004,22558,78,2026-01-30T09:04:11.102456
ST_004,21986,316,2026-01-24T02:27:22.091184
ST_004,22112,118,2026-02-01T15:57:51.450767
ST_004,23004,420,2026-02-12T23:21:54.971315
ST_004,22444,250,2026-02-11T05:06:25.291020
ST_004,22346,76,2026-01-25T10:40:06.488580
ST_004,72598,-21,2026-01-21T14:27:50.907283
ST_004,23345,360,2026-01-22T12:31:23.049863
ST_004,23191,179,2026-02-13T12:27:24.660861
ST_004,23495,370,2026-02-08T11:42:38.003484
ST_004,22260,12,2026-01-27T02:44:18.176528
ST_004,23181,431,2026-02-04T19:23:06.562569
ST_004,23553,257,2026-02-01T05:05:18.720809
ST_004,21418,479,2026-02-02T17:31:37.576539
ST_004,21816,394,2026-01-19T17:38:37.112013
ST_004,90042A,234,2026-02-05T16:10:49.311937
ST_004,85178,310,2026-01-31T02:24:40.516568
ST_004,47578A,354,2026-01-28T00:03:33.295827
ST_004,23254,372,2026-01-18T08:58:31.541236
ST_004,71496A,205,2026-01-18T22:24:04.310296
ST_004,22897,341,2026-01-27T05:10:16.340181
ST_004,21426,44,2026-01-25T08:37:50.190970
ST_004,20668,328,2026-01-29T06:03:45.214354
ST_004,84707B,254,2026-02-07T13:07:17.958550
ST_004,21462,211,2026-02-03T11:32:13.678786
ST_004,22886,13,2026-01-27T01:01:00.764724
ST_004,35964,-1,2026-02-04T19:36:30.899096
ST_004,23419,252,2026-01-18T05:49:51.452974
ST_004,84922,424,2026-01-17T20:33:49.170365
ST_004,22716,414,2026-02-06T18:46:31.307976
ST_004,21867,422,2026-01-14T12:42:58.286245
ST_004,21015,295,2026-01-18T21:42:33.057251
ST_004,85131B,290,2026-02-03T00:07:04.985000
ST_004,23456,200,2026-02-10T23:33:03.098331
ST_004,35972,260,2026-01-19T17:48:27.951762
ST_004,37488A,67,2026-02-10T07:31:17.005802
ST_004,20854,59,2026-01-24T04:46:44.675943
ST_004,85071B,-9,2026-02-11T20:45:09.505661
ST_004,23325,11,2026-02-05T02:35:21.359934
ST_004,90093,446,2026-01-28T04:15:10.220468
ST_004,84870B,98,2026-02-09T20:27:25.429854
ST_004,23457,165,2026-01-28T17:43:30.753807
ST_004,22900,349,2026-01-30T05:15:37.731586
ST_004,90055,192,2026-01-23T07:56:44.600816
ST_004,21507,238,2026-01-24T22:00:22.004670
ST_004,40001,74,2026-01-25T22:43:47.628514
ST_004,23497,361,2026-02-09T11:34:27.322632
ST_004,22183,407,2026-01-27T15:29:12.099212
ST_004,22645,212,2026-01-20T05:45:45.743134
ST_004,90019C,355,2026-01-22T20:02:42.277584
ST_004,21054,271,2026-02-09T14:50:02.560637
ST_004,90214O,-5,2026-01-22T09:53:25.873463
ST_004,22195,413,2026-01-29T08:22:04.958826
ST_004,85225,207,2026-01-17T06:45:29.121436
ST_004,22870,468,2026-02-09T00:40:04.806788
ST_004,22244,193,2026-02-02T18:47:41.879851
ST_004,90065B,92,2026-02-09T12:20:31.730597
ST_004,22936,333,2026-01-27T09:54:26.791430
ST_004,35001W,258,2026-01-31T23:17:30.561385
ST_004,85034A,135,2026-02-01T16:33:07.146941
ST_004,23145,274,2026-01-25T22:56:28.881329
ST_004,90129A,15,2026-02-08T17:06:30.192751
ST_004,90202D,-1,2026-01-17T06:18:15.043055
ST_004,37444A,477,2026-02-04T17:49:49.803014
ST_004,22069,127,2026-02-06T19:55:06.950174
ST_004,23102,12,2026-02-07T13:43:23.491929
ST_004,21622,277,2026-01-29T03:58:58.433739
ST_004,20748,380,2026-01-16T17:48:15.240069
ST_004,18097C,140,2026-01-16T22:32:50.200124
ST_004,22322,184,2026-02-13T08:20:29.738506
ST_004,21143,269,2026-01-25T11:42:40.415540
ST_004,16235,130,2026-01-24T15:41:59.866899
ST_004,22060,212,2026-01-25T02:48:48.008819
ST_004,23390,364,2026-02-12T10:24:21.605427
ST_004,21609,421,2026-01-26T09:36:28.487937
ST_004,23190,48,2026-01-19T22:57:33.966692
ST_004,22594,367,2026-02-11T09:48:41.448718
ST_004,90198B,-9,2026-02-11T04:34:24.849931
ST_004,23209,59,2026-02-05T14:25:21.674266
ST_004,21955,168,2026-01-22T23:17:15.542092
ST_004,90190B,451,2026-02-11T19:19:44.201665
ST_004,11001,252,2026-01-15T16:20:25.172080
ST_004,21634,40,2026-02-11T11:31:03.515904
ST_004,22518,471,2026-02-02T20:48:16.335648
ST_004,22745,171,2026-01-27T17:40:35.140542
ST_004,90099,235,2026-01-20T11:34:52.083502
ST_004,35650,177,2026-02-03T05:22:58.873477
ST_004,85026B,500,2026-01-23T16:44:57.831882
ST_004,84750B,141,2026-02-05T08:07:51.828969
ST_004,90016A,295,2026-02-13T08:19:45.787857
ST_004,72741,240,2026-02-07T08:55:23.058164
ST_004,16161M,103,2026-02-06T21:05:01.525805
ST_004,21681,485,2026-02-04T06:25:31.014530
ST_004,90086,416,2026-01-24T04:10:12.625502
ST_004,21706,49,2026-02-06T03:46:57.399049
ST_004,23121,58,2026-01-31T22:48:18.969144
ST_004,22136,78,2026-01-15T12:55:30.280560
ST_004,22086,498,2026-02-11T23:18:57.358892
ST_004,84596F,259,2026-01-22T18:51:07.461837
ST_004,22545,110,2026-02-09T19:17:20.981967
ST_004,22964,110,2026-01-24T22:46:26.089048
ST_004,90155,141,2026-02-07T23:55:46.058884
ST_004,84927F,164,2026-02-06T01:32:39.577076
ST_004,22077,203,2026-02-12T02:34:51.660739
ST_004,84596B,319,2026-02-01T08:19:06.668162
ST_004,84879,415,2026-01-20T20:05:57.769143
ST_004,84828,163,2026-02-03T08:38:32.256497
ST_004,85049G,467,2026-02-02T20:28:39.550004
ST_004,22461,379,2026-02-11T02:30:19.084439
ST_004,21275,380,2026-01-27T16:41:05.535397
ST_004,22971,146,2026-01-17T04:53:19.318521
ST_004,44235,55,2026-02-01T20:14:42.503544
ST_004,21705,-31,2026-02-11T08:35:33.328545
ST_004,23264,214,2026-01-18T09:05:01.575341
ST_004,21210,422,2026-02-10T13:37:53.154818
ST_004,84766,390,2026-01-17T16:40:45.033909
ST_004,21313,406,2026-02-10T08:14:12.692053
ST_004,21067,385,2026-01-29T02:39:11.841564
ST_004,21671,294,2026-02-02T22:58:19.446301
ST_004,84805B,69,2026-01-24T20:25:24.240507
ST_004,72709,302,2026-02-03T11:59:13.384598
ST_004,90158,228,2026-01-20T09:03:09.768911
ST_004,90120B,137,2026-02-08T15:39:59.542658
ST_004,84678,81,2026-02-11T02:02:22.161670
ST_004,23503,446,2026-01-30T00:22:47.765795
ST_004,21935,65,2026-01-29T15:15:00.040498
ST_004,90161A,348,2026-01-20T19:01:30.579432
ST_004,22908,284,2026-02-10T00:13:56.311921
ST_004,84854,257,2026-01-15T20:58:25.434556
ST_004,17191A,146,2026-01-27T04:12:16.156366
ST_004,20868,395,2026-01-21T15:25:39.396736
ST_004,20826,478,2026-02-02T10:38:36.426744
ST_004,20971,93,2026-01-30T03:10:05.086298
ST_004,23270,359,2026-02-07T05:49:02.919240
ST_004,21946,482,2026-02-11T15:07:57.762393
ST_004,47310M,376,2026-01-23T13:25:48.489021
ST_004,37446,174,2026-01-22T06:20:03.441879
ST_004,35638A,34,2026-01-30T02:15:12.723016
ST_004,85124B,-36,2026-01-25T03:32:44.207138
ST_004,90094,-1,2026-01-26T02:12:09.214816
ST_004,23185,184,2026-01-21T16:27:02.258459
ST_004,17021,282,2026-02-04T13:21:52.614892
ST_004,21032,218,2026-01-15T20:03:51.718925
ST_004,23224,398,2026-01-22T12:16:51.472734
ST_004,23473,490,2026-02-12T01:05:17.607440
ST_004,22563,100,2026-02-13T03:59:29.743224
ST_004,21156,445,2026-02-13T10:50:59.374953
ST_004,22786,362,2026-02-04T12:44:15.448739
ST_004,17136A,130,2026-02-09T19:28:14.153664
ST_004,37471,-35,2026-01-16T21:01:25.509889
ST_004,16258A,284,2026-02-13T09:08:18.845540
ST_004,84915,468,2026-01-28T18:54:31.946752
ST_004,90202B,170,2026-01-18T08:04:40.342368
ST_004,90159,398,2026-01-25T18:56:10.031102
ST_004,22649,286,2026-02-10T13:16:10.888950
ST_004,84637,39,2026-01-25T07:12:51.330482
ST_004,22650,394,2026-01-20T09:32:40.526930
ST_004,22755,375,2026-01-27T06:19:19.247149
ST_004,21403,345,2026-01-19T05:41:42.733697
ST_004,23017,310,2026-01-15T20:29:56.998945
ST_004,22230,334,2026-02-09T18:35:23.194242
ST_004,90040B,264,2026-01-19T23:54:47.775302
ST_004,84465,319,2026-01-30T10:38:55.706373
ST_004,35909A,37,2026-02-05T03:29:17.479795
ST_004,16161G,-29,2026-02-08T08:36:08.957399
ST_004,22324,278,2026-02-01T04:49:39.621713
ST_004,23193,367,2026-01-29T14:55:59.356887
ST_004,23155,188,2026-01-23T16:01:48.388069
ST_004,22602,-25,2026-02-04T06:54:26.257856
ST_004,22993,327,2026-01-29T10:05:21.660521
ST_004,82582,394,2026-01-14T14:06:30.649344
ST_004,85202,142,2026-01-15T04:54:41.685452
ST_004,90021,485,2026-01-17T21:03:01.253190
ST_004,22948,272,2026-01-31T23:47:18.949127
ST_004,84192,492,2026-01-19T20:04:56.165416
ST_004,22053,242,2026-01-18T02:33:34.512182
ST_004,84600,461,2026-01-24T15:47:29.092115
ST_004,20796,333,2026-01-17T08:20:36.085072
ST_004,20697,190,2026-02-01T13:56:37.737135
ST_004,22699,3,2026-01-17T20:38:45.231659
ST_004,44091A,441,2026-01-19T09:38:03.659519
ST_004,21519,317,2026-01-29T04:38:30.266932
ST_004,22441,401,2026-02-11T19:15:26.417878
ST_004,23297,116,2026-02-05T03:23:35.902459
ST_004,21915,172,2026-02-03T08:49:48.542225
ST_004,37449,108,2026-02-01T16:01:53.403913
ST_004,21667,404,2026-02-11T08:02:12.343819
ST_004,22476,354,2026-01-14T15:18:47.294641
ST_004,46000P,236,2026-01-26T01:27:30.681420
ST_004,90003B,5,2026-02-12T17:07:43.586948
ST_004,21990,382,2026-01-19T14:40:13.892026
ST_004,82599,322,2026-02-03T14:27:41.927838
ST_004,16161P,224,2026-01-20T11:58:20.228163
ST_004,85132A,19,2026-02-10T11:55:15.275658
ST_004,84593,-48,2026-01-28T04:13:27.832399
ST_004,22575,443,2026-01-15T18:58:15.799959
ST_004,23070,380,2026-02-08T05:22:45.435281
ST_004,90196B,16,2026-02-05T03:59:06.704921
ST_004,22737,22,2026-01-21T12:53:16.138694
ST_005,22876,131,2026-02-07T05:46:06.768014
ST_005,20934,154,2026-02-07T22:55:58.850968
ST_005,21682,268,2026-01-23T05:15:57.113736
ST_005,21910,387,2026-02-04T08:47:34.334721
ST_005,22158,202,2026-02-05T02:15:22.927231
ST_005,35819B,282,2026-01-26T02:21:44.198647
ST_005,20711,181,2026-01-26T16:33:27.908988
ST_005,22406,143,2026-02-12T03:50:48.598234
ST_005,90177E,329,2026-01-19T23:14:29.274594
ST_005,90123B,111,2026-01-22T21:12:10.362591
ST_005,21402,4,2026-01-18T07:42:33.390496
ST_005,21291,447,2026-01-29T22:32:23.898004
ST_005,35819P,7,2026-02-10T07:22:04.622573
ST_005,22399,220,2026-01-23T14:00:03.937782
ST_005,21261,409,2026-02-07T14:14:12.759526
ST_005,22430,216,2026-01-25T21:02:04.300578
ST_005,21918,39,2026-02-08T15:50:05.225161
ST_005,21232,99,2026-02-13T02:25:19.535108
ST_005,35610B,280,2026-01-28T08:35:54.537735
ST_005,23165,44,2026-01-31T03:08:17.222203
ST_005,23311,-49,2026-01-27T17:26:51.443594
ST_005,22896,209,2026-02-07T21:09:18.455645
ST_005,85024C,37,2026-01-27T14:02:03.098175
ST_005,23570,69,2026-02-10T12:51:06.966462
ST_005,84666,199,2026-01-31T01:13:05.054868
ST_005,21865,270,2026-01-29T05:20:45.931382
ST_005,21678,155,2026-02-01T15:52:31.455611
ST_005,20752,-44,2026-02-05T02:46:28.570179
ST_005,23434,140,2026-01-29T04:18:11.568157
ST_005,22038,89,2026-01-25T14:01:20.694580
ST_005,21289,154,2026-01-17T02:03:56.891248
ST_005,22034,456,2026-01-24T17:47:37.216673
ST_005,84660B,301,2026-02-06T15:01:41.995350
ST_005,16248B,497,2026-01-28T17:36:03.710337
ST_005,16259,197,2026-02-01T02:25:20.620379
ST_005,90125E,-16,2026-01-29T16:57:59.792774
ST_005,21718,250,2026-01-19T09:37:32.535992
ST_005,35958,127,2026-02-02T06:57:34.879505
ST_005,22775,-20,2026-02-04T21:01:27.268446
ST_005,84927E,171,2026-01-28T20:08:34.769436
ST_005,23412,-47,2026-02-04T01:56:18.908245
ST_005,21802,32,2026-02-02T08:14:26.788425
ST_005,22700,362,2026-01-16T21:22:57.633520
ST_005,21792,-50,2026-01-29T02:55:05.681489
ST_005,21126,468,2026-01-18T21:27:05.681552
ST_005,47481,415,2026-01-31T22:57:16.372344
ST_005,23000,-18,2026-02-12T01:35:08.998089
ST_005,84461,203,2026-02-08T18:39:54.363321
ST_005,84963A,209,2026-02-08T08:45:25.068752
ST_005,90214Z,176,2026-01-29T08:14:43.716343
ST_005,90199C,253,2026-02-10T01:06:58.487611
ST_005,90125B,10,2026-02-07T05:26:03.716297
ST_005,22315,172,2026-01-31T08:35:41.790766
ST_005,22636,76,2026-01-23T00:45:57.876238
ST_005,22408,-34,2026-01-30T11:32:37.771267
ST_005,22517,487,2026-01-31T09:01:32.230771
ST_005,85159A,344,2026-02-08T06:51:35.231534
ST_005,23169,252,2026-01-23T06:35:45.623030
ST_005,23243,68,2026-02-04T12:59:36.026811
ST_005,84568,340,2026-01-22T06:46:02.315520
ST_005,22458,97,2026-02-09T10:43:33.944195
ST_005,21272,203,2026-02-04T12:10:32.416297
ST_005,84558A,433,2026-02-08T21:52:18.128398
ST_005,90214I,475,2026-01-15T05:50:26.568730
ST_005,47369B,69,2026-01-16T18:37:16.294273
ST_005,23031,299,2026-01-24T06:19:35.196620
ST_005,21106,248,2026-02-04T07:13:07.767598
ST_005,84380,448,2026-01-23T04:54:20.228062
ST_005,90152A,-27,2026-01-15T06:20:56.367391
ST_005,48184,58,2026-01-30T06:24:40.829527
ST_005,90039C,267,2026-02-02T10:59:17.659330
ST_005,20677,24,2026-01-26T19:09:44.344227
ST_005,85135C,409,2026-01-28T03:24:24.334377
ST_005,85045,465,2026-02-10T04:39:25.432867
ST_005,23161,-37,2026-01-22T22:08:31.524816
ST_005,23255,87,2026-01-23T12:05:32.967533
ST_005,23694,95,2026-02-05T22:16:02.320531
ST_005,90100,-7,2026-02-02T10:14:35.223805
ST_005,84798A,-39,2026-01-21T07:23:52.888418
ST_005,22880,244,2026-01-27T12:52:55.144825
ST_005,21369,372,2026-01-19T07:14:15.158991
ST_005,23100,394,2026-01-19T16:01:39.626297
ST_005,85211,163,2026-01-23T11:47:05.341644
ST_005,84659A,-3,2026-01-17T01:36:27.986305
ST_005,22655,152,2026-02-08T07:23:25.044809
ST_005,35599D,-12,2026-02-08T12:23:47.120441
ST_005,84905,59,2026-01-17T13:19:53.669219
ST_005,21086,137,2026-01-23T09:26:17.615552
ST_005,23252,485,2026-01-27T16:45:11.062981
ST_005,22623,15,2026-01-22T10:15:25.280980
ST_005,M,314,2026-01-25T06:30:06.926226
ST_005,23356,13,2026-01-28T03:38:44.146691
ST_005,35004P,166,2026-02-02T21:34:00.876980
ST_005,21377,38,2026-02-11T18:43:58.624816
ST_005,21696,452,2026-01-21T21:05:25.690586
ST_005,20974,418,2026-02-09T13:40:12.365720
ST_005,85200,189,2026-01-29T03:45:58.828586
ST_005,22702,9,2026-01-21T23:33:23.165957
ST_005,21499,163,2026-01-21T07:01:41.924517
ST_005,22057,64,2026-02-07T17:29:18.376664
ST_005,47590A,200,2026-02-04T03:15:55.229400
ST_005,22558,220,2026-02-09T03:12:54.783621
ST_005,21986,-19,2026-01-30T22:47:56.645672
ST_005,22112,72,2026-01-23T17:36:17.065989
ST_005,23004,223,2026-01-29T12:59:02.604180
ST_005,22444,385,2026-01-16T14:23:41.818161
ST_005,22346,145,2026-01-16T20:14:52.797958
ST_005,72598,333,2026-01-17T20:39:40.936198
ST_005,23345,248,2026-01-28T09:24:02.575950
ST_005,23191,174,2026-01-29T23:29:34.570868
ST_005,23495,113,2026-01-14T13:55:36.419691
ST_005,22260,50,2026-01-25T00:06:11.897092
ST_005,23181,156,2026-02-12T15:20:16.287586
ST_005,23553,252,2026-01-17T20:55:33.879517
ST_005,21418,141,2026-02-08T20:54:20.165712
ST_005,21816,317,2026-01-16T16:24:04.019884
ST_005,90042A,472,2026-01-19T17:09:23.869996
ST_005,85178,157,2026-02-09T14:06:54.546578
ST_005,47578A,147,2026-01-24T08:47:00.777945
ST_005,23254,176,2026-02-02T05:49:44.983258
ST_005,71496A,87,2026-02-07T03:05:36.162867
ST_005,22897,229,2026-02-12T21:16:33.881109
ST_005,21426,298,2026-01-31T16:17:15.515393
ST_005,20668,177,2026-02-03T17:36:54.989290
ST_005,84707B,23,2026-01-15T19:57:59.624145
ST_005,21462,238,2026-02-04T05:59:16.036014
ST_005,22886,-11,2026-02-07T07:54:57.566279
ST_005,35964,482,2026-01-25T19:06:01.916127
ST_005,23419,128,2026-02-08T11:25:52.696267
ST_005,84922,-38,2026-02-11T00:56:24.170983
ST_005,22716,341,2026-02-03T09:37:11.691462
ST_005,21867,379,2026-01-20T21:15:25.055255
ST_005,21015,436,2026-02-06T00:50:09.000998
ST_005,85131B,12,2026-01-29T14:14:18.379049
ST_005,23456,332,2026-02-10T22:32:42.846044
ST_005,35972,488,2026-02-09T23:25:03.769733
ST_005,37488A,-48,2026-02-06T15:46:36.865527
ST_005,20854,52,2026-02-04T09:23:31.656743
ST_005,85071B,88,2026-01-17T11:51:14.089690
ST_005,23325,60,2026-01-21T06:36:43.973144
ST_005,90093,371,2026-01-28T17:41:27.023297
ST_005,84870B,95,2026-01-22T20:53:49.174247
ST_005,23457,270,2026-02-09T06:15:41.916666
ST_005,22900,17,2026-01-15T14:58:53.828068
ST_005,90055,495,2026-02-01T13:59:58.201440
ST_005,21507,52,2026-02-03T10:37:24.689307
ST_005,40001,70,2026-02-07T10:33:08.525942
ST_005,23497,63,2026-01-24T18:01:13.729640
ST_005,22183,416,2026-02-03T18:34:06.027764
ST_005,22645,-13,2026-02-06T03:10:14.036229
ST_005,90019C,183,2026-01-30T04:47:58.132447
ST_005,21054,209,2026-01-20T12:30:34.743247
ST_005,90214O,38,2026-01-23T19:49:49.306079
ST_005,22195,134,2026-01-30T01:36:57.529564
ST_005,85225,435,2026-02-01T05:52:22.254279
ST_005,22870,283,2026-01-26T07:52:57.861296
ST_005,22244,344,2026-01-15T13:55:29.369491
ST_005,90065B,42,2026-01-21T03:22:55.965388
ST_005,22936,19,2026-02-04T14:22:41.019561
ST_005,35001W,250,2026-02-09T18:22:46.260515
ST_005,85034A,442,2026-01-30T23:36:26.955675
ST_005,23145,45,2026-02-11T15:05:28.325537
ST_005,90129A,289,2026-01-30T20:57:46.335116
ST_005,90202D,424,2026-02-01T02:45:19.553658
ST_005,37444A,416,2026-02-06T02:50:30.469299
ST_005,22069,99,2026-01-18T05:14:37.061539
ST_005,23102,232,2026-02-11T23:12:37.729297
ST_005,21622,445,2026-02-03T05:22:13.835609
ST_005,20748,316,2026-01-27T15:41:07.307328
ST_005,18097C,111,2026-02-04T04:20:42.761771
ST_005,22322,300,2026-01-16T10:40:14.678484
ST_005,21143,346,2026-02-04T00:44:43.620269
ST_005,16235,318,2026-01-24T06:15:41.871275
ST_005,22060,429,2026-02-09T18:21:40.303575
ST_005,23390,-32,2026-01-14T20:26:09.397011
ST_005,21609,185,2026-01-22T03:09:44.832171
ST_005,23190,377,2026-01-15T00:10:27.246036
ST_005,22594,112,2026-01-21T03:37:42.558028
ST_005,90198B,-7,2026-01-30T22:18:58.082584
ST_005,23209,39,2026-02-03T11:22:00.587442
ST_005,21955,63,2026-01-20T02:45:30.894855
ST_005,90190B,468,2026-01-16T19:36:52.506674
ST_005,11001,263,2026-02-03T03:23:14.121166
ST_005,21634,449,2026-02-03T04:40:58.336576
ST_005,22518,-25,2026-02-01T21:09:31.321433
ST_005,22745,-49,2026-01-31T16:32:31.717361
ST_005,90099,383,2026-02-05T07:41:01.311198
ST_005,35650,-18,2026-01-18T04:06:58.718722
ST_005,85026B,382,2026-01-25T06:10:32.024697
ST_005,84750B,184,2026-02-11T03:35:08.938432
ST_005,90016A,372,2026-02-04T12:28:39.720629
ST_005,72741,414,2026-01-20T15:53:13.256982
ST_005,16161M,-40,2026-01-21T23:59:25.421078
ST_005,21681,164,2026-02-11T08:34:23.989304
ST_005,90086,423,2026-02-07T14:23:15.157109
ST_005,21706,134,2026-02-08T00:37:18.596606
ST_005,23121,-34,2026-02-13T09:29:58.149307
ST_005,22136,232,2026-01-28T23:17:43.560731
ST_005,22086,400,2026-01-20T21:01:32.827275
ST_005,84596F,332,2026-01-29T01:27:25.139795
ST_005,22545,467,2026-02-01T23:28:15.203357
ST_005,22964,35,2026-01-17T08:32:01.833728
ST_005,90155,156,2026-01-31T23:17:50.568557
ST_005,84927F,294,2026-01-20T18:53:24.648189
ST_005,22077,323,2026-01-17T03:15:01.178791
ST_005,84596B,93,2026-02-03T23:19:58.619708
ST_005,84879,-29,2026-01-16T19:24:19.922972
ST_005,84828,330,2026-02-05T12:30:24.337971
ST_005,85049G,201,2026-01-25T17:30:24.902899
ST_005,22461,499,2026-01-31T02:20:10.614574
ST_005,21275,417,2026-02-03T05:27:59.431518
ST_005,22971,53,2026-01-21T19:47:31.026341
ST_005,44235,423,2026-01-21T14:54:46.868134
ST_005,21705,269,2026-01-18T06:26:17.582854
ST_005,23264,195,2026-02-09T09:10:54.715168
ST_005,21210,217,2026-01-28T20:03:44.815018
ST_005,84766,63,2026-01-26T11:46:30.410261
ST_005,21313,171,2026-01-18T22:36:12.888794
ST_005,21067,212,2026-01-19T22:27:21.003015
ST_005,21671,376,2026-01-27T21:09:11.595703
ST_005,84805B,9,2026-01-16T06:42:55.831951
ST_005,72709,116,2026-01-25T10:45:27.881891
ST_005,90158,443,2026-01-20T16:26:25.674348
ST_005,90120B,480,2026-01-21T06:14:07.677764
ST_005,84678,329,2026-02-04T19:23:33.364512
ST_005,23503,449,2026-01-28T03:17:06.295670
ST_005,21935,200,2026-01-25T08:55:45.870894
ST_005,90161A,-48,2026-01-19T09:01:27.433001
ST_005,22908,90,2026-01-22T06:14:36.284028
ST_005,84854,197,2026-02-06T16:18:19.624222
ST_005,17191A,484,2026-01-16T15:29:43.417967
ST_005,20868,318,2026-02-03T05:15:28.882828
ST_005,20826,-14,2026-01-24T04:56:32.760853
ST_005,20971,410,2026-01-16T08:59:44.464681
ST_005,23270,201,2026-01-15T23:21:38.224987
ST_005,21946,227,2026-01-23T03:31:31.979662
ST_005,47310M,156,2026-02-02T12:59:28.510296
ST_005,37446,386,2026-01-24T20:34:20.912935
ST_005,35638A,-23,2026-01-16T14:06:28.849783
ST_005,85124B,35,2026-02-02T13:23:58.104918
ST_005,90094,282,2026-02-02T03:52:32.408831
ST_005,23185,287,2026-02-03T23:19:13.119811
ST_005,17021,91,2026-02-12T04:27:23.379246
ST_005,21032,25,2026-01-17T05:27:12.616183
ST_005,23224,38,2026-01-17T05:19:13.289055
ST_005,23473,-11,2026-02-09T09:28:43.590029
ST_005,22563,317,2026-01-28T01:35:53.006635
ST_005,21156,398,2026-01-28T09:13:12.341043
ST_005,22786,81,2026-01-20T12:48:16.639583
ST_005,17136A,419,2026-01-19T08:47:42.360544
ST_005,37471,-4,2026-02-11T07:32:33.751942
ST_005,16258A,194,2026-01-27T22:29:26.263586
ST_005,84915,21,2026-02-08T21:36:53.864909
ST_005,90202B,405,2026-02-13T00:48:06.328354
ST_005,90159,366,2026-01-14T19:13:16.768112
ST_005,22649,262,2026-01-28T07:32:50.186657
ST_005,84637,145,2026-02-02T06:22:47.473401
ST_005,22650,43,2026-01-25T09:03:04.390908
ST_005,22755,70,2026-02-08T03:31:48.299350
ST_005,21403,-23,2026-02-08T06:08:34.639477
ST_005,23017,364,2026-02-06T22:00:33.700957
ST_005,22230,434,2026-01-21T04:30:01.702229
ST_005,90040B,461,2026-02-01T03:46:20.329775
ST_005,84465,295,2026-02-12T02:57:15.068209
ST_005,35909A,-7,2026-02-02T18:02:03.802543
ST_005,16161G,379,2026-01-30T07:17:12.913474
ST_005,22324,208,2026-01-27T23:59:04.993688
ST_005,23193,227,2026-02-01T01:17:04.680348
ST_005,23155,478,2026-02-11T03:15:30.006373
ST_005,22602,480,2026-01-15T22:32:29.918310
ST_005,22993,51,2026-01-30T21:23:25.761457
ST_005,82582,472,2026-01-15T03:58:06.679448
ST_005,85202,455,2026-01-24T12:19:34.582112
ST_005,90021,450,2026-02-10T21:23:25.613798
ST_005,22948,286,2026-02-01T23:06:16.997937
ST_005,84192,-23,2026-02-04T20:49:30.816506
ST_005,22053,326,2026-02-04T11:13:49.471051
ST_005,84600,224,2026-01-15T09:23:31.096991
ST_005,20796,172,2026-02-01T14:09:44.755497
ST_005,20697,116,2026-02-13T09:58:19.991798
ST_005,22699,451,2026-01-26T16:18:14.311315
ST_005,44091A,314,2026-02-07T14:02:00.861199
ST_005,21519,27,2026-02-13T04:23:28.824327
ST_005,22441,154,2026-01-19T19:41:17.530949
ST_005,23297,109,2026-01-25T06:45:35.606602
ST_005,21915,215,2026-02-02T20:35:31.594859
ST_005,37449,55,2026-02-09T22:32:53.700021
ST_005,21667,471,2026-01-29T19:04:20.166714
ST_005,22476,274,2026-01-26T12:25:02.433534
ST_005,46000P,-20,2026-01-15T23:25:11.783125
ST_005,90003B,145,2026-01-27T17:58:10.935989
ST_005,21990,195,2026-02-05T18:42:25.342319
ST_005,82599,194,2026-02-10T09:16:09.851826
ST_005,16161P,258,2026-01-19T15:04:03.558083
ST_005,85132A,468,2026-01-30T12:16:07.803763
ST_005,84593,20,2026-01-22T06:38:23.507493
ST_005,22575,-9,2026-02-09T21:57:34.401405
ST_005,23070,-7,2026-02-07T00:37:12.169376
ST_005,90196B,445,2026-02-06T02:11:28.358894
ST_005,22737,184,2026-02-10T18:08:31.203671
ST_006,22876,276,2026-01-14T14:01:36.102999
ST_006,20934,358,2026-02-12T22:06:58.140249
ST_006,21682,-48,2026-02-08T21:55:49.619463
ST_006,21910,138,2026-01-20T21:23:14.324002
ST_006,22158,276,2026-01-27T22:18:52.541555
ST_006,35819B,483,2026-01-30T07:00:21.658695
ST_006,20711,-4,2026-02-12T18:52:54.909986
ST_006,22406,253,2026-01-28T10:43:03.827991
ST_006,90177E,115,2026-02-09T10:31:05.189485
ST_006,90123B,0,2026-01-19T08:20:08.733382
ST_006,21402,49,2026-01-21T18:18:57.713231
ST_006,21291,6,2026-01-30T05:12:30.737547
ST_006,35819P,428,2026-01-30T13:04:20.528675
ST_006,22399,273,2026-02-04T15:46:35.657108
ST_006,21261,149,2026-01-16T11:05:32.663808
ST_006,22430,178,2026-02-02T21:55:54.709789
ST_006,21918,260,2026-02-12T02:04:37.688926
ST_006,21232,317,2026-02-03T21:54:34.032326
ST_006,35610B,43,2026-02-09T22:41:00.846637
ST_006,23165,60,2026-02-07T03:53:04.952616
ST_006,23311,288,2026-01-28T05:33:02.056867
ST_006,22896,35,2026-01-26T00:56:08.729962
ST_006,85024C,323,2026-02-05T19:30:10.360836
ST_006,23570,98,2026-02-04T18:18:21.257197
ST_006,84666,357,2026-02-02T16:54:12.596679
ST_006,21865,101,2026-02-10T20:36:34.443804
ST_006,21678,17,2026-01-15T07:32:25.588140
ST_006,20752,495,2026-02-13T02:02:32.151643
ST_006,23434,260,2026-02-13T11:11:35.575454
ST_006,22038,-2,2026-01-20T04:34:02.291697
ST_006,21289,10,2026-01-29T06:20:08.932894
ST_006,22034,26,2026-01-31T08:51:47.857513
ST_006,84660B,64,2026-01-27T09:58:36.521491
ST_006,16248B,348,2026-02-06T00:03:28.882190
ST_006,16259,272,2026-01-31T11:39:18.767228
ST_006,90125E,220,2026-01-22T20:52:56.612065
ST_006,21718,-1,2026-01-29T14:56:57.847353
ST_006,35958,19,2026-02-12T07:44:02.637563
ST_006,22775,409,2026-02-10T16:23:33.063254
ST_006,84927E,400,2026-02-06T22:46:22.562392
ST_006,23412,437,2026-01-31T00:55:26.864384
ST_006,21802,-8,2026-01-23T15:30:54.411255
ST_006,22700,282,2026-02-09T23:40:46.878353
ST_006,21792,356,2026-01-16T14:31:12.583149
ST_006,21126,271,2026-01-23T02:50:55.930855
ST_006,47481,490,2026-02-07T18:16:07.545417
ST_006,23000,340,2026-01-18T22:05:27.098290
ST_006,84461,103,2026-01-31T11:18:57.118418
ST_006,84963A,4,2026-02-08T20:04:09.974157
ST_006,90214Z,261,2026-02-13T12:17:12.755756
ST_006,90199C,168,2026-01-16T04:10:56.393547
ST_006,90125B,228,2026-01-23T21:27:26.660262
ST_006,22315,493,2026-02-04T07:59:48.301419
ST_006,22636,213,2026-01-18T23:21:09.221746
ST_006,22408,355,2026-02-05T12:30:43.532640
ST_006,22517,382,2026-02-10T21:23:34.554965
ST_006,85159A,372,2026-02-04T02:26:02.165171
ST_006,23169,245,2026-01-14T21:10:46.757686
ST_006,23243,440,2026-02-02T08:48:05.490454
ST_006,84568,234,2026-01-31T22:42:51.589646
ST_006,22458,394,2026-01-19T15:44:04.814121
ST_006,21272,153,2026-01-24T15:22:27.873896
ST_006,84558A,200,2026-01-15T22:34:05.343061
ST_006,90214I,129,2026-01-18T18:20:49.249371
ST_006,47369B,-12,2026-01-26T15:56:21.517203
ST_006,23031,117,2026-02-10T08:21:57.827949
ST_006,21106,119,2026-02-05T14:29:02.938767
ST_006,84380,423,2026-02-06T11:54:53.846998
ST_006,90152A,384,2026-01-29T06:33:33.581548
ST_006,48184,245,2026-01-24T06:03:31.722984
ST_006,90039C,-7,2026-02-13T06:36:04.242734
ST_006,20677,437,2026-02-01T03:43:21.102775
ST_006,85135C,499,2026-02-11T20:01:39.372571
ST_006,85045,280,2026-01-17T17:24:49.783639
ST_006,23161,57,2026-01-15T07:24:19.402644
ST_006,23255,407,2026-01-21T09:01:51.774503
ST_006,23694,103,2026-02-07T12:18:12.501413
ST_006,90100,190,2026-02-07T11:49:05.802219
ST_006,84798A,133,2026-01-30T16:57:38.406654
ST_006,22880,47,2026-02-01T15:26:32.889233
ST_006,21369,449,2026-02-06T03:43:08.399274
ST_006,23100,382,2026-01-29T12:53:37.813065
ST_006,85211,155,2026-02-05T11:08:22.513396
ST_006,84659A,68,2026-01-30T09:28:01.965904
ST_006,22655,290,2026-02-11T09:00:27.940264
ST_006,35599D,202,2026-01-17T20:32:27.985047
ST_006,84905,-34,2026-01-27T21:21:47.449219
ST_006,21086,318,2026-02-10T00:25:13.371366
ST_006,23252,222,2026-01-15T17:13:08.221261
ST_006,22623,374,2026-01-15T23:36:48.404410
ST_006,M,92,2026-01-31T04:29:02.864986
ST_006,23356,409,2026-01-16T13:23:11.193132
ST_006,35004P,292,2026-01-22T18:55:38.695927
ST_006,21377,19,2026-01-22T22:51:35.205355
ST_006,21696,250,2026-01-18T14:41:32.768456
ST_006,20974,327,2026-01-16T08:25:18.322286
ST_006,85200,144,2026-01-28T08:31:35.917801
ST_006,22702,104,2026-02-07T22:32:26.354955
ST_006,21499,16,2026-02-05T19:41:14.103061
ST_006,22057,488,2026-02-11T13:14:45.714762
ST_006,47590A,141,2026-01-24T16:05:01.742116
ST_006,22558,479,2026-02-07T04:38:16.508577
ST_006,21986,-9,2026-02-10T20:09:36.188205
ST_006,22112,341,2026-01-26T10:21:07.789277
ST_006,23004,323,2026-02-11T11:21:39.047202
ST_006,22444,404,2026-01-24T11:44:44.860752
ST_006,22346,443,2026-01-27T10:27:47.707485
ST_006,72598,144,2026-01-23T09:55:40.002578
ST_006,23345,419,2026-01-24T07:04:16.983970
ST_006,23191,172,2026-02-10T08:07:43.916065
ST_006,23495,318,2026-02-10T06:49:27.307027
ST_006,22260,200,2026-02-03T02:02:22.599957
ST_006,23181,324,2026-01-20T10:42:09.865666
ST_006,23553,188,2026-02-07T17:58:30.543598
ST_006,21418,487,2026-02-04T14:56:47.886650
ST_006,21816,383,2026-01-26T20:18:18.689549
ST_006,90042A,470,2026-01-20T19:22:38.509297
ST_006,85178,459,2026-02-03T19:12:39.916189
ST_006,47578A,456,2026-01-16T22:36:22.973913
ST_006,23254,460,2026-01-27T12:57:24.383312
ST_006,71496A,335,2026-01-20T19:02:16.481692
ST_006,22897,480,2026-01-15T17:54:35.331342
ST_006,21426,25,2026-01-27T19:15:20.831553
ST_006,20668,348,2026-01-14T15:49:12.772554
ST_006,84707B,80,2026-01-15T11:49:06.211804
ST_006,21462,16,2026-01-19T19:31:43.444160
ST_006,22886,420,2026-01-18T02:11:32.929636
ST_006,35964,246,2026-02-08T01:31:30.690604
ST_006,23419,492,2026-01-19T04:56:01.231607
ST_006,84922,230,2026-01-21T05:00:38.648867
ST_006,22716,145,2026-01-21T15:36:55.248397
ST_006,21867,358,2026-02-02T21:53:04.621201
ST_006,21015,162,2026-02-11T05:16:02.152443
ST_006,85131B,105,2026-02-02T05:25:03.946361
ST_006,23456,442,2026-01-28T10:45:08.357894
ST_006,35972,458,2026-01-25T02:08:57.962845
ST_006,37488A,201,2026-01-22T12:33:12.644269
ST_006,20854,456,2026-01-31T18:18:52.403987
ST_006,85071B,397,2026-01-17T02:37:43.752915
ST_006,23325,-2,2026-02-09T02:19:49.477348
ST_006,90093,260,2026-02-02T03:52:35.850693
ST_006,84870B,36,2026-01-23T15:11:32.239254
ST_006,23457,156,2026-02-11T02:45:36.038511
ST_006,22900,288,2026-01-28T23:36:26.602141
ST_006,90055,148,2026-02-04T07:53:01.263930
ST_006,21507,-8,2026-01-21T14:37:26.644971
ST_006,40001,350,2026-01-23T18:42:23.621135
ST_006,23497,402,2026-02-02T11:57:15.692786
ST_006,22183,174,2026-01-16T20:27:41.049687
ST_006,22645,314,2026-01-24T20:32:47.745820
ST_006,90019C,330,2026-02-07T09:06:25.414217
ST_006,21054,48,2026-01-30T18:40:35.595147
ST_006,90214O,282,2026-01-29T21:16:24.950534
ST_006,22195,-25,2026-01-23T16:54:29.631879
ST_006,85225,456,2026-01-29T16:32:37.598931
ST_006,22870,-38,2026-01-23T14:28:38.899782
ST_006,22244,98,2026-02-05T23:23:37.810128
ST_006,90065B,82,2026-02-09T11:53:20.168549
ST_006,22936,475,2026-02-10T00:43:26.345377
ST_006,35001W,-48,2026-01-14T18:18:08.737835
ST_006,85034A,366,2026-01-30T21:02:16.645684
ST_006,23145,43,2026-02-03T01:35:53.045708
ST_006,90129A,253,2026-01-25T20:07:26.468427
ST_006,90202D,169,2026-01-18T18:02:47.550992
ST_006,37444A,350,2026-02-06T09:51:45.143570
ST_006,22069,41,2026-01-31T08:05:55.770339
ST_006,23102,-12,2026-02-12T01:12:06.349912
ST_006,21622,1,2026-01-31T02:39:17.588400
ST_006,20748,491,2026-01-31T08:31:43.319852
ST_006,18097C,169,2026-01-20T09:29:37.682086
ST_006,22322,22,2026-02-12T06:51:04.532729
ST_006,21143,139,2026-02-05T08:40:41.225393
ST_006,16235,66,2026-01-16T16:35:07.670214
ST_006,22060,224,2026-02-05T00:30:26.948388
ST_006,23390,22,2026-01-21T01:27:41.595006
ST_006,21609,230,2026-01-27T09:28:19.234855
ST_006,23190,35,2026-01-15T06:45:55.879407
ST_006,22594,333,2026-01-15T11:04:53.322490
ST_006,90198B,108,2026-02-07T01:48:58.366239
ST_006,23209,-37,2026-01-23T04:17:10.940411
ST_006,21955,281,2026-01-22T09:39:07.556305
ST_006,90190B,453,2026-01-16T08:08:52.588823
ST_006,11001,455,2026-01-19T07:15:16.624976
ST_006,21634,282,2026-01-27T20:12:33.841811
ST_006,22518,86,2026-01-16T23:12:05.450443
ST_006,22745,412,2026-02-02T07:56:50.479082
ST_006,90099,80,2026-01-17T11:37:49.201584
ST_006,35650,376,2026-02-04T10:23:32.416602
ST_006,85026B,15,2026-02-09T21:35:08.775350
ST_006,84750B,80,2026-01-16T13:02:07.948986
ST_006,90016A,26,2026-01-15T11:12:42.576396
ST_006,72741,406,2026-01-16T00:43:06.722703
ST_006,16161M,263,2026-02-02T12:59:05.312849
ST_006,21681,110,2026-01-16T02:06:55.981157
ST_006,90086,230,2026-01-22T20:24:59.011528
ST_006,21706,46,2026-02-11T22:42:02.607858
ST_006,23121,331,2026-01-28T08:31:15.899806
ST_006,22136,474,2026-01-27T08:53:04.215653
ST_006,22086,414,2026-01-21T10:34:47.669274
ST_006,84596F,444,2026-02-02T14:26:05.872154
ST_006,22545,100,2026-02-12T01:40:13.062927
ST_006,22964,152,2026-02-03T23:23:26.842365
ST_006,90155,460,2026-01-27T19:13:35.705105
ST_006,84927F,139,2026-02-11T05:07:49.267536
ST_006,22077,484,2026-02-13T11:12:22.602880
ST_006,84596B,393,2026-01-18T08:16:16.702276
ST_006,84879,46,2026-02-01T10:54:19.142747
ST_006,84828,200,2026-02-04T13:34:34.722962
ST_006,85049G,326,2026-02-11T20:18:05.807027
ST_006,22461,57,2026-02-07T12:00:52.591208
ST_006,21275,213,2026-02-04T04:24:31.797552
ST_006,22971,35,2026-01-20T04:36:21.231765
ST_006,44235,404,2026-01-29T07:17:20.065981
ST_006,21705,331,2026-01-17T04:59:33.713397
ST_006,23264,493,2026-01-18T07:51:08.098135
ST_006,21210,243,2026-01-27T22:30:28.271921
ST_006,84766,454,2026-01-24T15:56:45.572668
ST_006,21313,131,2026-02-08T03:16:01.266745
ST_006,21067,327,2026-01-15T19:03:35.733179
ST_006,21671,355,2026-02-10T23:36:56.185017
ST_006,84805B,34,2026-02-09T16:13:06.704388
ST_006,72709,399,2026-02-05T01:07:00.137762
ST_006,90158,458,2026-01-23T14:06:15.820695
ST_006,90120B,490,2026-02-03T23:56:38.551311
ST_006,84678,380,2026-02-12T04:39:07.633649
ST_006,23503,335,2026-01-29T07:55:18.295376
ST_006,21935,484,2026-01-24T14:35:58.416680
ST_006,90161A,272,2026-02-03T05:51:01.145160
ST_006,22908,68,2026-01-15T05:36:02.435778
ST_006,84854,331,2026-02-10T18:49:39.696779
ST_006,17191A,70,2026-02-03T11:57:39.587418
ST_006,20868,103,2026-02-09T06:38:01.805128
ST_006,20826,368,2026-01-30T08:39:43.250323
ST_006,20971,-46,2026-01-22T09:15:15.013911
ST_006,23270,302,2026-01-25T02:01:02.682601
ST_006,21946,486,2026-01-23T03:41:09.366114
ST_006,47310M,265,2026-02-06T23:05:48.500817
ST_006,37446,0,2026-01-25T21:03:42.799333
ST_006,35638A,-39,2026-02-01T05:35:30.510984
ST_006,85124B,-15,2026-02-07T18:40:09.392426
ST_006,90094,184,2026-01-16T03:23:49.796885
ST_006,23185,106,2026-02-01T22:42:53.389849
ST_006,17021,495,2026-01-17T14:31:54.997293
ST_006,21032,161,2026-01-25T06:43:40.108228
ST_006,23224,173,2026-01-17T16:41:42.606051
ST_006,23473,32,2026-01-16T02:26:04.886657
ST_006,22563,-26,2026-01-19T07:00:12.170507
ST_006,21156,81,2026-01-21T01:46:01.432924
ST_006,22786,27,2026-02-05T22:58:00.179230
ST_006,17136A,258,2026-02-05T11:43:40.979895
ST_006,37471,119,2026-01-28T01:16:41.160539
ST_006,16258A,111,2026-02-03T20:17:28.806191
ST_006,84915,312,2026-01-23T02:36:36.905668
ST_006,90202B,180,2026-01-17T15:10:12.987020
ST_006,90159,148,2026-02-03T05:11:12.088245
ST_006,22649,48,2026-02-02T19:58:02.463811
ST_006,84637,52,2026-02-06T14:15:28.764453
ST_006,22650,-45,2026-02-02T04:06:41.056042
ST_006,22755,52,2026-02-01T05:11:14.613699
ST_006,21403,284,2026-01-17T23:53:02.679957
ST_006,23017,63,2026-01-22T12:27:51.129206
ST_006,22230,255,2026-01-25T12:06:07.032337
ST_006,90040B,70,2026-01-26T03:02:28.858875
ST_006,84465,187,2026-01-22T08:43:32.859558
ST_006,35909A,190,2026-02-02T12:21:16.610772
ST_006,16161G,242,2026-01-31T22:02:07.759792
ST_006,22324,-46,2026-02-09T08:07:19.293086
ST_006,23193,351,2026-01-22T21:16:12.901791
ST_006,23155,446,2026-01-25T01:48:30.260571
ST_006,22602,262,2026-01-23T04:50:53.268798
ST_006,22993,461,2026-02-06T07:48:59.913363
ST_006,82582,378,2026-02-02T15:33:53.788934
ST_006,85202,254,2026-02-06T23:21:24.516515
ST_006,90021,171,2026-02-11T23:20:09.485888
ST_006,22948,213,2026-01-15T05:55:37.036566
ST_006,84192,499,2026-02-03T04:48:06.357538
ST_006,22053,155,2026-01-23T14:04:34.770328
ST_006,84600,139,2026-01-30T20:16:29.659461
ST_006,20796,341,2026-02-10T07:45:12.081308
ST_006,20697,401,2026-01-26T03:36:02.098146
ST_006,22699,487,2026-02-06T06:35:05.786438
ST_006,44091A,-27,2026-02-09T16:44:45.422828
ST_006,21519,86,2026-02-03T17:04:17.614615
ST_006,22441,87,2026-01-24T06:39:52.981591
ST_006,23297,79,2026-02-02T10:25:58.228771
ST_006,21915,267,2026-01-30T06:04:36.116392
ST_006,37449,227,2026-01-30T21:17:27.414536
ST_006,21667,307,2026-01-24T15:16:44.544215
ST_006,22476,301,2026-02-01T18:41:16.165802
ST_006,46000P,119,2026-02-08T02:46:34.131513
ST_006,90003B,378,2026-02-01T00:49:02.843572
ST_006,21990,348,2026-01-21T23:03:06.636986
ST_006,82599,463,2026-02-04T07:56:44.173471
ST_006,16161P,40,2026-02-09T15:29:56.144291
ST_006,85132A,215,2026-02-04T06:46:10.856807
ST_006,84593,203,2026-02-01T19:19:01.752085
ST_006,22575,316,2026-02-09T08:51:54.792129
ST_006,23070,420,2026-02-09T12:32:47.504487
ST_006,90196B,353,2026-02-09T22:01:38.766093
ST_006,22737,86,2026-01-22T10:53:12.813594
ST_007,22876,318,2026-02-01T11:27:26.986916
ST_007,20934,-43,2026-01-20T19:10:32.012912
ST_007,21682,54,2026-02-11T21:47:38.248281
ST_007,21910,364,2026-01-28T02:45:28.557104
ST_007,22158,341,2026-02-12T04:35:03.265963
ST_007,35819B,288,2026-01-28T04:47:49.936477
ST_007,20711,443,2026-01-15T17:13:23.628125
ST_007,22406,448,2026-01-29T03:05:46.853539
ST_007,90177E,20,2026-02-07T13:26:53.919583
ST_007,90123B,45,2026-02-09T20:47:19.912673
ST_007,21402,447,2026-01-31T16:32:03.451840
ST_007,21291,285,2026-01-15T23:14:22.465844
ST_007,35819P,301,2026-01-22T03:16:47.807743
ST_007,22399,97,2026-02-01T15:00:59.892935
ST_007,21261,189,2026-01-15T18:15:13.574264
ST_007,22430,349,2026-01-24T02:38:40.462746
ST_007,21918,26,2026-02-13T03:03:34.458517
ST_007,21232,-35,2026-01-31T17:13:16.323240
ST_007,35610B,379,2026-02-06T12:16:15.385717
ST_007,23165,8,2026-01-23T07:45:33.135142
ST_007,23311,197,2026-02-08T18:06:58.376135
ST_007,22896,84,2026-01-29T22:11:50.893789
ST_007,85024C,155,2026-01-24T05:45:29.512086
ST_007,23570,98,2026-01-29T14:24:06.758492
ST_007,84666,193,2026-01-27T03:57:31.884443
ST_007,21865,381,2026-01-15T01:42:13.961666
ST_007,21678,375,2026-02-02T06:11:57.943934
ST_007,20752,338,2026-01-25T19:55:43.760493
ST_007,23434,223,2026-01-18T19:12:00.038584
ST_007,22038,227,2026-01-27T09:29:05.001086
ST_007,21289,352,2026-02-06T06:39:24.843816
ST_007,22034,191,2026-01-30T06:29:35.666128
ST_007,84660B,0,2026-01-22T14:08:59.974993
ST_007,16248B,-45,2026-01-27T21:22:55.977514
ST_007,16259,-6,2026-02-07T15:19:48.304404
ST_007,90125E,18,2026-01-31T08:56:15.126943
ST_007,21718,278,2026-01-14T21:35:05.614243
ST_007,35958,46,2026-02-06T10:30:20.431412
ST_007,22775,-22,2026-02-10T05:04:26.691533
ST_007,84927E,179,2026-01-26T05:14:38.852296
ST_007,23412,72,2026-01-22T06:37:26.290935
ST_007,21802,456,2026-02-12T01:48:44.431440
ST_007,22700,314,2026-01-29T09:27:31.536644
ST_007,21792,161,2026-01-27T18:57:27.408979
ST_007,21126,-28,2026-02-12T20:49:32.921618
ST_007,47481,67,2026-02-04T19:39:10.572330
ST_007,23000,418,2026-01-22T19:40:09.121724
ST_007,84461,230,2026-01-30T04:19:22.365579
ST_007,84963A,377,2026-01-17T18:21:39.768041
ST_007,90214Z,223,2026-01-18T09:10:15.834717
ST_007,90199C,156,2026-02-12T14:07:05.340560
ST_007,90125B,304,2026-01-27T06:39:18.644382
ST_007,22315,155,2026-01-14T14:35:39.789459
ST_007,22636,175,2026-02-05T08:37:35.385862
ST_007,22408,77,2026-01-19T12:18:41.554109
ST_007,22517,-34,2026-02-12T11:31:03.609730
ST_007,85159A,129,2026-02-07T02:16:28.519263
ST_007,23169,340,2026-02-11T09:41:33.055580
ST_007,23243,94,2026-01-24T03:18:48.240228
ST_007,84568,-35,2026-01-27T06:21:45.710263
ST_007,22458,167,2026-02-05T17:54:24.363122
ST_007,21272,362,2026-01-21T02:11:12.320779
ST_007,84558A,167,2026-01-21T02:05:33.187313
ST_007,90214I,110,2026-02-13T07:58:00.918283
ST_007,47369B,456,2026-02-10T22:59:08.947623
ST_007,23031,70,2026-01-30T13:10:40.386116
ST_007,21106,493,2026-02-08T20:59:51.601173
ST_007,84380,76,2026-01-22T04:37:20.616588
ST_007,90152A,434,2026-02-07T19:49:18.771001
ST_007,48184,297,2026-01-30T15:37:52.455142
ST_007,90039C,287,2026-01-20T12:32:09.340790
ST_007,20677,440,2026-01-23T10:46:40.243477
ST_007,85135C,-21,2026-02-11T06:00:39.680411
ST_007,85045,290,2026-01-30T22:10:55.336105
ST_007,23161,351,2026-02-05T03:26:05.549251
ST_007,23255,75,2026-01-14T23:31:53.495313
ST_007,23694,333,2026-01-17T16:36:47.068638
ST_007,90100,227,2026-01-26T00:30:38.016552
ST_007,84798A,467,2026-02-08T19:20:58.158126
ST_007,22880,238,2026-02-08T13:50:18.753293
ST_007,21369,379,2026-02-13T03:57:53.632611
ST_007,23100,399,2026-02-11T06:59:22.843102
ST_007,85211,-33,2026-01-28T17:37:22.533144
ST_007,84659A,45,2026-02-03T14:03:50.632181
ST_007,22655,62,2026-01-27T15:21:45.716995
ST_007,35599D,-5,2026-01-22T03:57:06.083075
ST_007,84905,135,2026-01-21T08:07:16.486025
ST_007,21086,177,2026-02-06T20:33:37.969321
ST_007,23252,469,2026-02-05T17:20:26.713142
ST_007,22623,10,2026-01-15T22:54:35.139549
ST_007,M,40,2026-01-16T15:43:16.373487
ST_007,23356,63,2026-02-01T14:08:10.817730
ST_007,35004P,101,2026-02-07T13:49:41.730742
ST_007,21377,62,2026-01-23T03:48:39.319418
ST_007,21696,405,2026-01-17T18:14:46.275422
ST_007,20974,-47,2026-02-11T18:23:27.793273
ST_007,85200,115,2026-02-09T13:39:04.971155
ST_007,22702,108,2026-02-03T00:24:25.480231
ST_007,21499,-18,2026-02-01T14:44:13.426968
ST_007,22057,288,2026-01-25T11:52:34.006795
ST_007,47590A,25,2026-02-05T16:58:21.906925
ST_007,22558,239,2026-01-24T20:05:42.408269
ST_007,21986,-11,2026-01-29T21:36:21.436379
ST_007,22112,252,2026-01-23T20:17:45.248112
ST_007,23004,430,2026-01-18T19:59:31.919002
ST_007,22444,381,2026-02-11T15:17:15.036653
ST_007,22346,-31,2026-02-01T20:21:57.166564
ST_007,72598,443,2026-02-02T04:19:26.238797
ST_007,23345,343,2026-02-10T20:33:03.423678
ST_007,23191,165,2026-02-01T12:43:19.627063
ST_007,23495,457,2026-01-17T17:43:03.446049
ST_007,22260,257,2026-01-28T16:13:41.444423
ST_007,23181,339,2026-02-09T19:21:30.550879
ST_007,23553,232,2026-01-16T11:56:50.228074
ST_007,21418,150,2026-01-25T04:43:40.996896
ST_007,21816,175,2026-01-25T18:26:35.584262
ST_007,90042A,482,2026-02-12T05:08:48.818106
ST_007,85178,85,2026-01-15T04:34:57.932067
ST_007,47578A,0,2026-02-01T06:25:46.489006
ST_007,23254,171,2026-02-13T02:04:32.821331
ST_007,71496A,366,2026-01-22T09:21:43.671740
ST_007,22897,61,2026-01-16T02:04:11.580483
ST_007,21426,143,2026-02-06T12:41:53.158916
ST_007,20668,-40,2026-01-30T02:10:20.963097
ST_007,84707B,292,2026-02-02T08:47:28.378782
ST_007,21462,203,2026-02-08T05:10:45.049303
ST_007,22886,264,2026-02-05T12:54:15.588223
ST_007,35964,170,2026-02-09T23:24:23.834558
ST_007,23419,220,2026-01-28T01:10:27.790133
ST_007,84922,24,2026-02-04T20:40:00.195539
ST_007,22716,273,2026-01-16T16:56:09.140002
ST_007,21867,74,2026-02-09T22:00:57.966571
ST_007,21015,-19,2026-02-01T08:58:14.308370
ST_007,85131B,349,2026-02-03T21:35:14.022243
ST_007,23456,69,2026-01-27T15:10:37.620930
ST_007,35972,63,2026-02-03T02:55:51.180478
ST_007,37488A,360,2026-02-11T02:12:21.935792
ST_007,20854,-7,2026-01-18T22:13:41.173988
ST_007,85071B,413,2026-01-17T04:57:22.840271
ST_007,23325,173,2026-02-12T17:25:10.124300
ST_007,90093,353,2026-01-21T06:23:19.669190
ST_007,84870B,330,2026-02-04T04:49:46.407197
ST_007,23457,290,2026-01-17T07:13:32.638268
ST_007,22900,15,2026-01-22T14:22:16.576396
ST_007,90055,384,2026-01-24T20:47:57.622403
ST_007,21507,293,2026-02-06T05:29:31.322674
ST_007,40001,49,2026-02-09T11:52:48.859004
ST_007,23497,204,2026-01-25T01:49:49.960896
ST_007,22183,443,2026-02-01T22:35:17.751942
ST_007,22645,416,2026-02-12T02:11:28.590655
ST_007,90019C,-35,2026-01-30T06:03:48.489741
ST_007,21054,360,2026-01-19T14:22:51.480366
ST_007,90214O,84,2026-02-04T13:44:12.486712
ST_007,22195,18,2026-01-15T22:32:46.015803
ST_007,85225,132,2026-01-16T10:36:37.947883
ST_007,22870,455,2026-02-07T23:32:52.201478
ST_007,22244,386,2026-01-23T19:05:43.273858
ST_007,90065B,461,2026-02-02T17:20:34.621186
ST_007,22936,320,2026-01-24T14:29:00.618338
ST_007,35001W,487,2026-01-23T20:39:17.577515
ST_007,85034A,252,2026-02-08T01:03:52.585030
ST_007,23145,195,2026-01-23T14:49:52.591849
ST_007,90129A,153,2026-01-24T10:30:35.033813
ST_007,90202D,109,2026-01-21T04:20:14.730149
ST_007,37444A,102,2026-02-01T04:29:26.852377
ST_007,22069,29,2026-01-24T06:17:20.963536
ST_007,23102,115,2026-01-31T00:33:19.549394
ST_007,21622,187,2026-01-19T01:08:26.478980
ST_007,20748,392,2026-02-11T02:17:34.179298
ST_007,18097C,315,2026-02-06T03:28:13.520674
ST_007,22322,75,2026-02-08T01:51:41.096216
ST_007,21143,469,2026-01-26T17:45:10.867586
ST_007,16235,345,2026-02-12T16:40:17.072946
ST_007,22060,63,2026-02-09T11:02:43.056865
ST_007,23390,85,2026-02-06T23:29:41.484697
ST_007,21609,95,2026-01-14T18:10:34.872314
ST_007,23190,5,2026-01-29T16:04:04.490596
ST_007,22594,176,2026-02-08T07:36:44.743339
ST_007,90198B,-8,2026-01-23T06:43:32.153240
ST_007,23209,47,2026-01-23T00:28:51.372695
ST_007,21955,309,2026-01-16T06:18:59.771236
ST_007,90190B,498,2026-02-08T02:21:51.059418
ST_007,11001,-48,2026-02-11T12:51:13.916345
ST_007,21634,466,2026-01-29T05:01:52.785983
ST_007,22518,148,2026-01-25T02:35:02.503599
ST_007,22745,15,2026-01-21T18:46:27.058707
ST_007,90099,-42,2026-02-10T08:07:33.497403
ST_007,35650,191,2026-02-03T13:38:22.926219
ST_007,85026B,92,2026-01-16T13:43:01.022604
ST_007,84750B,302,2026-02-05T01:54:20.438343
ST_007,90016A,205,2026-01-18T13:23:42.291297
ST_007,72741,235,2026-02-11T15:26:42.227618
ST_007,16161M,-26,2026-01-27T03:46:50.465410
ST_007,21681,267,2026-01-21T14:58:24.056263
ST_007,90086,379,2026-02-13T03:02:32.490263
ST_007,21706,409,2026-02-03T12:42:34.611547
ST_007,23121,180,2026-01-21T20:06:31.017423
ST_007,22136,78,2026-02-02T20:06:50.923592
ST_007,22086,497,2026-02-12T12:13:14.385536
ST_007,84596F,343,2026-01-22T05:38:29.384462
ST_007,22545,-17,2026-01-15T01:22:51.202391
ST_007,22964,330,2026-02-10T02:08:02.359923
ST_007,90155,462,2026-01-23T14:32:54.737303
ST_007,84927F,413,2026-01-15T13:30:46.924533
ST_007,22077,416,2026-02-03T14:35:08.535321
ST_007,84596B,458,2026-02-12T06:58:10.599962
ST_007,84879,498,2026-01-21T04:40:13.627671
ST_007,84828,-28,2026-02-04T17:40:08.608898
ST_007,85049G,248,2026-01-19T05:26:02.120256
ST_007,22461,-35,2026-01-24T12:45:15.805591
ST_007,21275,397,2026-02-07T04:50:39.934063
ST_007,22971,414,2026-01-15T23:50:26.556693
ST_007,44235,368,2026-01-23T04:58:07.301770
ST_007,21705,168,2026-01-24T05:00:47.173808
ST_007,23264,148,2026-01-31T20:45:55.291125
ST_007,21210,495,2026-01-24T02:29:04.361002
ST_007,84766,27,2026-01-18T08:53:21.679688
ST_007,21313,165,2026-01-24T21:48:30.049581
ST_007,21067,415,2026-02-06T03:40:14.321983
ST_007,21671,170,2026-02-04T18:21:52.031775
ST_007,84805B,458,2026-02-05T00:17:07.909527
ST_007,72709,61,2026-01-27T14:49:44.350793
ST_007,90158,-40,2026-02-05T17:43:12.822378
ST_007,90120B,-14,2026-02-13T09:11:28.714796
ST_007,84678,7,2026-02-02T09:08:56.017510
ST_007,23503,180,2026-02-04T00:18:16.876503
ST_007,21935,184,2026-01-25T12:01:05.151477
ST_007,90161A,202,2026-01-28T03:52:51.576251
ST_007,22908,298,2026-01-30T23:33:20.163784
ST_007,84854,495,2026-01-17T16:04:54.778453
ST_007,17191A,-19,2026-01-21T15:43:54.997112
ST_007,20868,324,2026-01-28T06:20:03.185696
ST_007,20826,-28,2026-02-09T04:13:07.333417
ST_007,20971,345,2026-02-10T17:21:26.800628
ST_007,23270,301,2026-02-11T15:38:33.269665
ST_007,21946,206,2026-01-21T07:08:21.494362
ST_007,47310M,75,2026-01-23T04:17:38.572204
ST_007,37446,365,2026-02-11T06:32:51.249146
ST_007,35638A,345,2026-01-30T12:28:51.937532
ST_007,85124B,-17,2026-02-13T06:07:46.564421
ST_007,90094,121,2026-02-11T13:51:49.993665
ST_007,23185,369,2026-02-05T17:12:40.314079
ST_007,17021,56,2026-01-25T23:29:36.853307
ST_007,21032,362,2026-01-16T16:42:48.892011
ST_007,23224,76,2026-01-19T23:25:54.928951
ST_007,23473,-5,2026-01-23T21:25:48.138669
ST_007,22563,372,2026-01-30T19:29:49.489469
ST_007,21156,102,2026-01-28T09:09:04.792663
ST_007,22786,216,2026-01-16T21:57:18.892905
ST_007,17136A,231,2026-02-11T17:52:41.992365
ST_007,37471,202,2026-02-01T03:18:23.309713
ST_007,16258A,498,2026-02-06T01:04:38.599959
ST_007,84915,53,2026-02-05T04:14:10.056392
ST_007,90202B,59,2026-02-10T18:29:00.713422
ST_007,90159,103,2026-01-29T09:46:45.418452
ST_007,22649,-30,2026-01-28T07:02:43.894919
ST_007,84637,7,2026-01-16T01:34:57.136835
ST_007,22650,261,2026-02-04T17:07:14.625721
ST_007,22755,200,2026-02-11T11:08:33.713103
ST_007,21403,20,2026-02-06T01:57:37.784371
ST_007,23017,396,2026-01-28T09:45:35.303671
ST_007,22230,170,2026-01-31T16:30:38.744506
ST_007,90040B,386,2026-01-21T01:25:23.261588
ST_007,84465,85,2026-01-19T23:40:52.865367
ST_007,35909A,492,2026-01-15T22:36:35.420158
ST_007,16161G,36,2026-01-31T20:58:06.061658
ST_007,22324,286,2026-02-03T12:26:27.759120
ST_007,23193,53,2026-02-04T18:21:50.903379
ST_007,23155,423,2026-01-16T23:58:36.273576
ST_007,22602,305,2026-01-24T21:44:18.065535
ST_007,22993,427,2026-01-21T19:49:53.218964
ST_007,82582,189,2026-01-22T02:44:42.280495
ST_007,85202,395,2026-02-02T16:25:27.449943
ST_007,90021,452,2026-01-15T07:12:43.830575
ST_007,22948,496,2026-01-18T22:32:26.495249
ST_007,84192,23,2026-01-24T15:21:29.062638
ST_007,22053,346,2026-02-04T18:45:28.144744
ST_007,84600,485,2026-02-06T11:56:37.719387
ST_007,20796,479,2026-01-24T03:43:39.908773
ST_007,20697,227,2026-01-25T01:01:15.454504
ST_007,22699,200,2026-01-22T20:40:31.142755
ST_007,44091A,127,2026-02-02T06:59:33.165485
ST_007,21519,152,2026-02-06T20:04:14.785503
ST_007,22441,459,2026-02-05T01:50:54.827145
ST_007,23297,228,2026-01-25T09:24:54.965237
ST_007,21915,-32,2026-01-30T01:23:43.369765
ST_007,37449,334,2026-02-12T17:46:42.389799
ST_007,21667,257,2026-01-21T05:00:05.238747
ST_007,22476,32,2026-01-30T06:09:59.956359
ST_007,46000P,-44,2026-01-17T15:57:10.434181
ST_007,90003B,138,2026-02-09T12:19:35.710857
ST_007,21990,150,2026-01-20T13:08:57.934065
ST_007,82599,331,2026-01-17T08:28:14.650535
ST_007,16161P,39,2026-02-08T01:43:33.276490
ST_007,85132A,332,2026-01-17T14:22:30.327876
ST_007,84593,-8,2026-01-28T21:46:28.351434
ST_007,22575,458,2026-02-02T09:23:58.959895
ST_007,23070,281,2026-01-29T09:04:40.874625
ST_007,90196B,467,2026-02-11T14:09:16.885706
ST_007,22737,-18,2026-02-06T15:58:24.193349
ST_008,22876,-33,2026-01-21T05:07:23.378088
ST_008,20934,168,2026-01-18T14:06:50.378536
ST_008,21682,444,2026-02-12T22:12:05.177597
ST_008,21910,444,2026-02-04T17:45:32.656861
ST_008,22158,298,2026-01-19T14:27:34.723036
ST_008,35819B,241,2026-02-09T02:25:54.935452
ST_008,20711,375,2026-01-17T20:38:01.145033
ST_008,22406,-17,2026-01-15T10:05:47.199125
ST_008,90177E,70,2026-01-22T14:02:45.579944
ST_008,90123B,499,2026-01-31T19:51:25.759043
ST_008,21402,258,2026-02-12T07:47:05.319031
ST_008,21291,57,2026-02-06T06:20:23.796944
ST_008,35819P,91,2026-01-25T22:14:14.253498
ST_008,22399,442,2026-01-26T04:02:12.934609
ST_008,21261,-3,2026-01-18T17:55:30.929387
ST_008,22430,70,2026-01-27T01:50:37.867328
ST_008,21918,386,2026-01-30T05:21:09.851169
ST_008,21232,128,2026-01-24T16:22:48.834412
ST_008,35610B,299,2026-02-03T14:37:22.562120
ST_008,23165,151,2026-01-25T12:26:42.601220
ST_008,23311,59,2026-01-23T10:47:13.920265
ST_008,22896,181,2026-02-05T08:43:23.832777
ST_008,85024C,120,2026-01-19T00:36:44.784593
ST_008,23570,369,2026-01-30T19:13:35.690165
ST_008,84666,32,2026-02-12T08:07:14.310481
ST_008,21865,180,2026-01-29T10:24:52.690399
ST_008,21678,38,2026-01-22T23:19:56.866505
ST_008,20752,174,2026-01-22T00:11:08.340971
ST_008,23434,346,2026-01-19T13:28:00.060167
ST_008,22038,377,2026-01-20T21:26:52.679657
ST_008,21289,369,2026-01-31T23:03:27.984956
ST_008,22034,426,2026-01-19T22:25:17.765879
ST_008,84660B,247,2026-02-01T21:58:32.223445
ST_008,16248B,100,2026-02-10T05:03:19.420974
ST_008,16259,279,2026-01-21T04:00:47.199277
ST_008,90125E,408,2026-01-30T22:23:35.537626
ST_008,21718,221,2026-02-02T21:24:32.150391
ST_008,35958,40,2026-01-25T07:51:10.011708
ST_008,22775,74,2026-01-27T10:25:17.227888
ST_008,84927E,-30,2026-02-02T09:52:04.726688
ST_008,23412,444,2026-01-24T17:20:42.876901
ST_008,21802,190,2026-02-03T13:30:56.540256
ST_008,22700,380,2026-02-01T22:39:44.777387
ST_008,21792,316,2026-02-13T10:21:31.174131
ST_008,21126,256,2026-01-18T18:30:52.703306
ST_008,47481,483,2026-01-24T08:07:13.233728
ST_008,23000,-33,2026-02-07T12:16:00.023997
ST_008,84461,285,2026-01-29T05:15:35.811386
ST_008,84963A,411,2026-02-12T15:29:50.109674
ST_008,90214Z,404,2026-01-22T18:57:39.541309
ST_008,90199C,-33,2026-01-16T22:38:36.103287
ST_008,90125B,497,2026-02-06T22:39:19.459086
ST_008,22315,375,2026-01-29T13:57:05.927673
ST_008,22636,261,2026-02-03T22:32:40.700436
ST_008,22408,295,2026-01-16T19:38:56.202319
ST_008,22517,306,2026-02-06T06:07:36.787024
ST_008,85159A,301,2026-01-17T05:32:54.134949
ST_008,23169,177,2026-02-05T15:54:56.190441
ST_008,23243,327,2026-02-03T17:31:50.215710
ST_008,84568,424,2026-01-20T01:42:56.222274
ST_008,22458,40,2026-01-27T12:19:23.539370
ST_008,21272,411,2026-02-03T21:02:56.285458
ST_008,84558A,164,2026-01-16T20:48:39.193802
ST_008,90214I,433,2026-01-22T06:17:33.992719
ST_008,47369B,66,2026-01-19T16:40:27.247100
ST_008,23031,170,2026-01-31T05:03:42.672022
ST_008,21106,60,2026-01-29T02:12:32.362613
ST_008,84380,392,2026-02-09T12:00:28.392290
ST_008,90152A,481,2026-01-14T12:40:06.123252
ST_008,48184,436,2026-02-07T13:01:10.074989
ST_008,90039C,142,2026-02-05T20:10:04.635757
ST_008,20677,48,2026-01-17T20:41:14.832582
ST_008,85135C,22,2026-02-06T16:32:49.078754
ST_008,85045,456,2026-01-20T09:40:14.691808
ST_008,23161,96,2026-01-26T23:37:15.554102
ST_008,23255,-23,2026-02-06T06:40:50.405852
ST_008,23694,392,2026-02-06T22:32:01.519997
ST_008,90100,111,2026-02-02T00:02:17.590763
ST_008,84798A,333,2026-02-02T15:30:30.165951
ST_008,22880,287,2026-02-07T00:07:23.585944
ST_008,21369,480,2026-01-18T00:08:14.733100
ST_008,23100,-30,2026-01-25T14:20:31.893831
ST_008,85211,124,2026-01-20T18:35:48.298896
ST_008,84659A,472,2026-01-29T01:49:36.887180
ST_008,22655,12,2026-01-31T14:14:57.910203
ST_008,35599D,282,2026-01-20T03:27:02.943831
ST_008,84905,145,2026-02-10T17:30:45.025933
ST_008,21086,210,2026-01-23T15:11:37.640439
ST_008,23252,269,2026-01-23T12:35:07.474988
ST_008,22623,484,2026-02-09T13:40:57.606164
ST_008,M,152,2026-02-08T18:16:11.404709
ST_008,23356,168,2026-02-11T06:49:56.978768
ST_008,35004P,496,2026-02-08T11:58:49.708403
ST_008,21377,323,2026-01-19T14:58:35.521943
ST_008,21696,341,2026-01-26T08:22:02.946267
ST_008,20974,232,2026-01-25T19:36:17.683214
ST_008,85200,274,2026-01-14T21:43:39.758635
ST_008,22702,279,2026-01-27T18:00:14.584048
ST_008,21499,133,2026-01-16T20:12:07.801384
ST_008,22057,442,2026-02-09T16:35:10.609183
ST_008,47590A,195,2026-02-09T03:15:04.692042
ST_008,22558,383,2026-01-25T19:08:49.978796
ST_008,21986,315,2026-02-07T19:19:51.839992
ST_008,22112,382,2026-02-12T09:54:52.124686
ST_008,23004,450,2026-01-25T19:08:10.222573
ST_008,22444,-8,2026-02-11T12:32:17.384719
ST_008,22346,466,2026-01-29T23:58:38.495119
ST_008,72598,1,2026-02-10T04:39:56.592084
ST_008,23345,337,2026-01-31T22:29:01.612671
ST_008,23191,-29,2026-01-28T21:06:57.269548
ST_008,23495,403,2026-01-26T23:49:03.584889
ST_008,22260,488,2026-01-20T08:27:06.680893
ST_008,23181,356,2026-02-02T11:53:41.479717
ST_008,23553,124,2026-01-28T14:46:14.264897
ST_008,21418,340,2026-01-26T12:06:06.641384
ST_008,21816,96,2026-01-28T01:24:09.551280
ST_008,90042A,453,2026-02-12T03:58:35.399005
ST_008,85178,339,2026-01-23T06:20:54.236257
ST_008,47578A,95,2026-01-15T22:12:03.797861
ST_008,23254,110,2026-01-22T13:42:39.320728
ST_008,71496A,401,2026-02-07T19:38:47.155399
ST_008,22897,331,2026-01-24T21:16:33.582065
ST_008,21426,199,2026-02-01T01:09:18.787833
ST_008,20668,233,2026-02-11T23:18:26.799436
ST_008,84707B,320,2026-01-26T03:36:19.738127
ST_008,21462,299,2026-01-19T19:20:15.280895
ST_008,22886,140,2026-01-29T13:42:40.886350
ST_008,35964,394,2026-02-03T00:47:12.179294
ST_008,23419,304,2026-01-16T20:13:34.526834
ST_008,84922,77,2026-02-10T23:14:53.550257
ST_008,22716,333,2026-02-09T19:22:46.271986
ST_008,21867,16,2026-01-28T16:49:59.463508
ST_008,21015,213,2026-02-05T04:49:09.298679
ST_008,85131B,122,2026-02-03T20:53:31.806189
ST_008,23456,61,2026-02-09T18:43:20.069769
ST_008,35972,-10,2026-01-24T18:57:45.935984
ST_008,37488A,383,2026-01-21T11:07:43.957189
ST_008,20854,339,2026-01-29T09:03:35.486648
ST_008,85071B,442,2026-02-12T12:07:20.357012
ST_008,23325,364,2026-01-18T11:54:52.413170
ST_008,90093,472,2026-02-05T07:37:15.277086
ST_008,84870B,420,2026-01-27T11:53:44.471061
ST_008,23457,204,2026-02-09T05:31:24.809323
ST_008,22900,105,2026-01-19T18:56:28.214703
ST_008,90055,148,2026-02-13T10:49:20.660872
ST_008,21507,-49,2026-01-23T06:46:53.205629
ST_008,40001,267,2026-01-22T05:10:33.866772
ST_008,23497,497,2026-02-02T15:44:41.195564
ST_008,22183,151,2026-02-01T09:59:52.385207
ST_008,22645,329,2026-01-19T04:23:33.830571
ST_008,90019C,425,2026-01-21T15:32:05.132962
ST_008,21054,205,2026-01-16T14:06:22.951413
ST_008,90214O,-46,2026-01-16T20:55:59.695894
ST_008,22195,257,2026-02-12T02:35:33.456950
ST_008,85225,415,2026-01-29T05:27:47.100555
ST_008,22870,170,2026-02-02T20:03:58.927236
ST_008,22244,197,2026-02-06T14:10:02.752724
ST_008,90065B,85,2026-01-22T19:55:15.281127
ST_008,22936,258,2026-01-27T10:32:19.109032
ST_008,35001W,447,2026-02-11T14:27:44.580926
ST_008,85034A,91,2026-01-31T01:30:08.499983
ST_008,23145,358,2026-02-03T07:20:24.360088
ST_008,90129A,102,2026-01-30T13:22:32.215891
ST_008,90202D,34,2026-01-17T18:39:12.659445
ST_008,37444A,100,2026-01-25T00:50:37.844122
ST_008,22069,462,2026-02-10T08:38:34.704957
ST_008,23102,74,2026-02-11T02:29:47.109057
ST_008,21622,39,2026-02-06T05:06:26.690160
ST_008,20748,14,2026-02-04T08:11:54.948920
ST_008,18097C,273,2026-01-24T03:09:47.943207
ST_008,22322,162,2026-02-05T10:41:43.220324
ST_008,21143,424,2026-01-19T19:27:21.130744
ST_008,16235,478,2026-02-09T16:35:54.255484
ST_008,22060,281,2026-01-30T12:25:55.348911
ST_008,23390,64,2026-02-11T19:26:16.976151
ST_008,21609,372,2026-01-14T14:43:06.558697
ST_008,23190,201,2026-01-30T22:43:25.196238
ST_008,22594,23,2026-01-15T10:09:36.018853
ST_008,90198B,-34,2026-01-25T01:44:05.465789
ST_008,23209,175,2026-01-15T11:52:43.179066
ST_008,21955,77,2026-02-05T17:51:54.341398
ST_008,90190B,482,2026-01-23T08:43:33.690501
ST_008,11001,33,2026-02-11T07:44:19.415002
ST_008,21634,241,2026-02-02T16:05:59.260551
ST_008,22518,270,2026-01-25T17:37:44.975317
ST_008,22745,60,2026-02-02T00:17:16.555719
ST_008,90099,438,2026-01-23T20:08:12.094165
ST_008,35650,13,2026-02-01T23:28:42.743839
ST_008,85026B,333,2026-01-28T08:18:26.725030
ST_008,84750B,193,2026-01-28T14:46:37.025719
ST_008,90016A,335,2026-02-06T07:46:49.611960
ST_008,72741,179,2026-01-26T07:42:09.831752
ST_008,16161M,305,2026-02-04T08:50:28.541794
ST_008,21681,167,2026-02-02T10:46:56.832284
ST_008,90086,164,2026-01-19T08:58:14.223900
ST_008,21706,195,2026-01-26T05:52:58.713680
ST_008,23121,270,2026-02-06T10:11:35.040483
ST_008,22136,163,2026-02-12T21:45:06.236438
ST_008,22086,352,2026-02-08T02:37:37.949957
ST_008,84596F,374,2026-01-24T14:02:30.322303
ST_008,22545,-34,2026-01-27T03:06:51.847421
ST_008,22964,37,2026-01-26T02:55:35.200287
ST_008,90155,156,2026-01-21T09:26:42.245399
ST_008,84927F,297,2026-02-04T22:34:09.765094
ST_008,22077,446,2026-02-04T02:30:52.564428
ST_008,84596B,107,2026-02-08T06:02:17.602328
ST_008,84879,23,2026-02-02T12:32:44.135336
ST_008,84828,202,2026-02-02T15:40:16.419118
ST_008,85049G,205,2026-01-20T23:08:40.839135
ST_008,22461,241,2026-01-29T03:50:27.612050
ST_008,21275,476,2026-01-18T10:30:55.701098
ST_008,22971,231,2026-01-27T05:32:06.913352
ST_008,44235,275,2026-01-31T06:27:29.613502
ST_008,21705,51,2026-02-10T00:37:36.271014
ST_008,23264,473,2026-01-22T00:22:46.224304
ST_008,21210,28,2026-02-07T11:39:25.316468
ST_008,84766,494,2026-02-11T17:19:52.501018
ST_008,21313,408,2026-02-01T08:41:59.851759
ST_008,21067,145,2026-02-11T04:59:15.029573
ST_008,21671,402,2026-01-23T10:04:29.078024
ST_008,84805B,147,2026-02-09T02:00:18.281550
ST_008,72709,183,2026-02-02T18:07:37.295646
ST_008,90158,193,2026-01-28T10:10:31.919357
ST_008,90120B,140,2026-02-04T15:21:47.149577
ST_008,84678,433,2026-01-30T07:38:07.830623
ST_008,23503,138,2026-02-09T07:52:28.162076
ST_008,21935,153,2026-02-06T15:54:48.678487
ST_008,90161A,255,2026-01-15T09:34:38.091583
ST_008,22908,267,2026-01-16T02:26:50.028490
ST_008,84854,135,2026-01-24T18:10:04.012827
ST_008,17191A,5,2026-02-09T05:46:37.008302
ST_008,20868,482,2026-01-19T23:42:42.086226
ST_008,20826,80,2026-01-27T03:15:54.972889
ST_008,20971,220,2026-01-26T21:00:58.665067
ST_008,23270,62,2026-01-30T20:55:18.752624
ST_008,21946,445,2026-01-22T08:43:43.181282
ST_008,47310M,493,2026-01-29T06:03:56.700026
ST_008,37446,115,2026-01-29T05:29:49.925124
ST_008,35638A,-16,2026-01-29T02:54:54.368000
ST_008,85124B,281,2026-01-22T17:57:09.660807
ST_008,90094,417,2026-02-03T09:54:01.274701
ST_008,23185,139,2026-01-22T05:02:07.490746
ST_008,17021,161,2026-01-17T09:35:00.119104
ST_008,21032,127,2026-02-07T00:06:01.378536
ST_008,23224,189,2026-02-04T03:56:47.630735
ST_008,23473,207,2026-01-24T17:08:55.798115
ST_008,22563,88,2026-02-11T12:29:07.286571
ST_008,21156,215,2026-01-18T04:49:08.229821
ST_008,22786,-34,2026-01-28T00:17:52.489976
ST_008,17136A,414,2026-02-03T00:58:34.609761
ST_008,37471,216,2026-01-20T13:25:52.075226
ST_008,16258A,480,2026-02-02T03:10:59.514126
ST_008,84915,408,2026-01-28T15:35:32.306078
ST_008,90202B,110,2026-01-30T05:32:49.990971
ST_008,90159,461,2026-02-02T17:58:20.480480
ST_008,22649,127,2026-02-12T05:48:55.318558
ST_008,84637,8,2026-01-18T20:20:43.723538
ST_008,22650,478,2026-01-26T08:30:07.422660
ST_008,22755,58,2026-01-29T17:30:21.913598
ST_008,21403,198,2026-02-05T10:57:59.409574
ST_008,23017,351,2026-01-16T06:19:57.063814
ST_008,22230,131,2026-01-23T02:48:53.874028
ST_008,90040B,167,2026-02-09T21:38:24.275149
ST_008,84465,147,2026-02-07T00:21:16.633435
ST_008,35909A,-33,2026-02-12T21:22:19.410237
ST_008,16161G,212,2026-02-08T17:11:17.233688
ST_008,22324,490,2026-01-16T00:22:30.452461
ST_008,23193,123,2026-02-10T22:10:25.826555
ST_008,23155,476,2026-02-04T04:31:57.459498
ST_008,22602,109,2026-01-19T21:34:41.533809
ST_008,22993,158,2026-01-24T11:09:03.916447
ST_008,82582,306,2026-02-10T15:04:03.791079
ST_008,85202,106,2026-01-17T02:34:20.926298
ST_008,90021,426,2026-02-07T07:53:52.762127
ST_008,22948,85,2026-02-01T20:29:00.028615
ST_008,84192,211,2026-01-25T20:30:46.636566
ST_008,22053,351,2026-02-04T23:22:20.743954
ST_008,84600,91,2026-02-06T03:54:40.757639
ST_008,20796,100,2026-02-02T11:36:43.879415
ST_008,20697,226,2026-01-23T10:04:37.303134
ST_008,22699,376,2026-01-15T17:35:01.359972
ST_008,44091A,-27,2026-02-01T13:39:38.291874
ST_008,21519,211,2026-01-30T18:16:33.173541
ST_008,22441,387,2026-01-21T15:35:48.702772
ST_008,23297,309,2026-01-16T17:59:51.144396
ST_008,21915,146,2026-01-17T19:39:00.390538
ST_008,37449,104,2026-01-17T02:07:56.827964
ST_008,21667,123,2026-02-03T12:06:23.444056
ST_008,22476,150,2026-01-26T23:59:26.579796
ST_008,46000P,328,2026-01-22T10:44:53.160917
ST_008,90003B,92,2026-02-06T18:20:37.858943
ST_008,21990,253,2026-02-13T08:42:35.569317
ST_008,82599,397,2026-01-23T09:00:06.940209
ST_008,16161P,189,2026-01-17T00:46:04.475411
ST_008,85132A,275,2026-02-08T21:30:56.191405
ST_008,84593,380,2026-01-22T03:56:20.309116
ST_008,22575,404,2026-01-14T18:18:39.292398
ST_008,23070,326,2026-01-30T02:59:05.631072
ST_008,90196B,226,2026-01-31T10:22:08.884128
ST_008,22737,97,2026-01-20T10:48:15.610493
ST_009,22876,363,2026-02-08T19:13:53.228175
ST_009,20934,213,2026-01-20T03:10:30.367507
ST_009,21682,303,2026-01-25T15:09:24.656507
ST_009,21910,383,2026-01-23T03:39:10.515113
ST_009,22158,106,2026-02-05T21:54:46.646132
ST_009,35819B,474,2026-01-21T12:10:40.954661
ST_009,20711,121,2026-02-09T02:20:28.828752
ST_009,22406,400,2026-01-28T09:18:10.199022
ST_009,90177E,23,2026-01-27T00:02:10.756514
ST_009,90123B,398,2026-02-12T04:44:05.513229
ST_009,21402,30,2026-02-02T06:19:14.931502
ST_009,21291,393,2026-02-13T08:21:27.289477
ST_009,35819P,334,2026-02-09T20:45:13.762578
ST_009,22399,306,2026-02-09T11:49:48.444283
ST_009,21261,441,2026-01-20T07:29:26.820700
ST_009,22430,357,2026-02-03T10:46:53.861513
ST_009,21918,0,2026-02-08T10:27:39.045707
ST_009,21232,487,2026-01-15T05:34:37.014394
ST_009,35610B,389,2026-01-14T14:29:09.716636
ST_009,23165,120,2026-01-20T11:45:05.744348
ST_009,23311,457,2026-02-03T19:48:35.426785
ST_009,22896,159,2026-02-03T01:40:27.475168
ST_009,85024C,464,2026-02-03T02:12:12.469990
ST_009,23570,424,2026-02-10T22:33:19.876031
ST_009,84666,191,2026-01-31T02:32:22.305785
ST_009,21865,-21,2026-01-27T15:42:24.986248
ST_009,21678,458,2026-01-16T17:06:28.879911
ST_009,20752,193,2026-02-02T14:54:24.188766
ST_009,23434,164,2026-02-10T15:00:25.283335
ST_009,22038,419,2026-01-26T11:26:43.441300
ST_009,21289,181,2026-01-22T13:41:58.348917
ST_009,22034,329,2026-01-17T01:15:02.850330
ST_009,84660B,353,2026-01-25T13:42:27.147426
ST_009,16248B,392,2026-01-21T00:28:23.985393
ST_009,16259,310,2026-02-05T08:00:09.780903
ST_009,90125E,-49,2026-01-16T03:14:16.525718
ST_009,21718,436,2026-01-27T18:56:40.261380
ST_009,35958,492,2026-01-23T04:59:06.294722
ST_009,22775,182,2026-01-17T22:59:44.946854
ST_009,84927E,167,2026-01-18T14:27:15.427514
ST_009,23412,456,2026-01-30T21:32:53.649175
ST_009,21802,329,2026-02-04T03:08:17.411739
ST_009,22700,399,2026-01-25T12:47:56.172999
ST_009,21792,416,2026-01-26T12:43:07.127123
ST_009,21126,-9,2026-01-22T15:20:34.758790
ST_009,47481,66,2026-01-23T23:44:46.957057
ST_009,23000,497,2026-01-17T00:55:29.834481
ST_009,84461,293,2026-02-13T11:47:21.927586
ST_009,84963A,315,2026-01-21T22:01:03.605654
ST_009,90214Z,99,2026-01-28T07:09:15.371020
ST_009,90199C,361,2026-01-15T06:59:42.081622
ST_009,90125B,-42,2026-02-13T10:36:18.122840
ST_009,22315,56,2026-02-08T23:54:35.153450
ST_009,22636,384,2026-02-04T22:30:06.345136
ST_009,22408,314,2026-01-24T06:18:50.425374
ST_009,22517,27,2026-01-20T11:33:10.679171
ST_009,85159A,369,2026-02-10T16:10:13.130005
ST_009,23169,232,2026-02-07T17:17:22.838657
ST_009,23243,389,2026-01-15T18:27:09.335595
ST_009,84568,260,2026-02-05T12:37:32.098182
ST_009,22458,48,2026-02-04T12:58:50.215937
ST_009,21272,238,2026-01-16T15:51:02.093415
ST_009,84558A,0,2026-02-09T13:40:31.676645
ST_009,90214I,387,2026-01-31T02:18:54.438124
ST_009,47369B,81,2026-02-03T05:38:20.628742
ST_009,23031,17,2026-02-05T09:35:29.865057
ST_009,21106,274,2026-02-10T16:29:51.847440
ST_009,84380,-41,2026-01-16T20:51:28.325678
ST_009,90152A,32,2026-02-08T01:32:34.302103
ST_009,48184,455,2026-01-23T02:18:37.238715
ST_009,90039C,464,2026-02-01T07:24:24.206015
ST_009,20677,-10,2026-01-16T09:15:13.434338
ST_009,85135C,317,2026-01-16T14:12:41.510252
ST_009,85045,-8,2026-01-24T15:03:12.402348
ST_009,23161,99,2026-01-17T06:47:54.740656
ST_009,23255,308,2026-01-24T13:25:58.307091
ST_009,23694,-28,2026-02-02T22:53:43.175691
ST_009,90100,380,2026-02-03T15:37:37.607479
ST_009,84798A,381,2026-01-24T22:09:41.013929
ST_009,22880,-10,2026-01-28T03:21:06.875629
ST_009,21369,455,2026-02-05T14:10:19.297673
ST_009,23100,497,2026-02-11T16:08:46.509408
ST_009,85211,329,2026-01-27T18:27:56.580251
ST_009,84659A,108,2026-01-30T16:57:15.837264
ST_009,22655,393,2026-02-02T18:20:23.226002
ST_009,35599D,-14,2026-01-16T21:19:21.849087
ST_009,84905,131,2026-01-25T04:00:10.815622
ST_009,21086,16,2026-02-07T17:06:25.179113
ST_009,23252,462,2026-01-29T17:08:40.940804
ST_009,22623,70,2026-01-29T06:05:40.438910
ST_009,M,43,2026-02-08T02:36:05.915848
ST_009,23356,315,2026-02-10T00:52:52.934333
ST_009,35004P,284,2026-02-05T00:38:56.553117
ST_009,21377,408,2026-01-18T20:19:08.404191
ST_009,21696,257,2026-02-07T08:44:53.549652
ST_009,20974,98,2026-01-21T09:25:27.361634
ST_009,85200,403,2026-01-17T15:41:26.607965
ST_009,22702,236,2026-01-26T14:03:32.087518
ST_009,21499,-36,2026-02-11T20:01:14.990057
ST_009,22057,236,2026-02-06T13:55:33.700165
ST_009,47590A,-18,2026-02-10T10:46:49.324275
ST_009,22558,391,2026-01-26T00:49:06.619661
ST_009,21986,453,2026-02-05T20:09:48.586538
ST_009,22112,360,2026-01-29T03:36:11.970050
ST_009,23004,379,2026-02-04T07:43:33.139180
ST_009,22444,199,2026-02-11T01:15:14.138651
ST_009,22346,388,2026-01-26T23:41:16.317877
ST_009,72598,486,2026-01-24T00:26:07.269312
ST_009,23345,314,2026-01-28T06:17:15.694417
ST_009,23191,207,2026-01-19T10:24:26.568993
ST_009,23495,486,2026-02-07T09:28:38.126807
ST_009,22260,272,2026-01-31T13:57:38.242471
ST_009,23181,117,2026-01-25T11:12:32.288306
ST_009,23553,140,2026-01-27T11:19:10.070085
ST_009,21418,222,2026-01-27T14:09:26.034203
ST_009,21816,114,2026-01-24T01:57:44.293240
ST_009,90042A,141,2026-02-01T10:35:00.955477
ST_009,85178,211,2026-02-12T09:16:14.334857
ST_009,47578A,377,2026-01-15T20:21:50.469105
ST_009,23254,361,2026-02-09T15:17:15.119138
ST_009,71496A,159,2026-02-03T20:54:38.707349
ST_009,22897,364,2026-02-06T16:53:31.309438
ST_009,21426,402,2026-01-31T04:05:51.136166
ST_009,20668,169,2026-01-23T08:27:36.295530
ST_009,84707B,-23,2026-01-28T06:26:10.277640
ST_009,21462,390,2026-02-06T18:16:44.471152
ST_009,22886,5,2026-01-22T08:35:05.793885
ST_009,35964,464,2026-01-21T05:16:49.680886
ST_009,23419,408,2026-02-01T09:43:30.404923
ST_009,84922,106,2026-02-02T21:11:59.624612
ST_009,22716,198,2026-01-28T03:34:51.281546
ST_009,21867,435,2026-01-28T19:56:16.159285
ST_009,21015,212,2026-01-16T01:18:44.273958
ST_009,85131B,435,2026-01-22T01:56:26.680829
ST_009,23456,169,2026-02-06T07:50:46.651257
ST_009,35972,184,2026-02-08T12:43:42.758099
ST_009,37488A,140,2026-02-06T23:07:56.813366
ST_009,20854,404,2026-01-27T03:09:08.178828
ST_009,85071B,89,2026-01-21T03:38:06.797339
ST_009,23325,353,2026-01-28T16:18:09.113146
ST_009,90093,-17,2026-01-16T03:26:33.231920
ST_009,84870B,88,2026-01-15T14:07:39.267097
ST_009,23457,273,2026-02-12T18:02:24.419847
ST_009,22900,34,2026-01-16T02:20:38.887618
ST_009,90055,345,2026-02-08T11:50:07.140869
ST_009,21507,467,2026-02-11T17:06:31.952104
ST_009,40001,-41,2026-01-30T15:45:03.680916
ST_009,23497,35,2026-02-07T22:56:41.967376
ST_009,22183,101,2026-01-29T23:49:23.679203
ST_009,22645,401,2026-02-11T09:57:36.905175
ST_009,90019C,270,2026-01-27T19:03:40.001962
ST_009,21054,252,2026-02-10T00:20:22.349083
ST_009,90214O,402,2026-01-24T12:32:20.224385
ST_009,22195,388,2026-02-09T17:56:46.630235
ST_009,85225,391,2026-01-18T07:42:37.797787
ST_009,22870,132,2026-01-29T11:00:44.575748
ST_009,22244,241,2026-01-23T15:04:03.617055
ST_009,90065B,11,2026-02-05T01:36:14.848130
ST_009,22936,463,2026-01-28T08:06:31.061065
ST_009,35001W,297,2026-02-09T14:12:40.464117
ST_009,85034A,153,2026-01-21T12:01:34.580923
ST_009,23145,112,2026-01-18T07:30:30.739233
ST_009,90129A,291,2026-02-13T00:37:42.972525
ST_009,90202D,52,2026-02-03T06:28:48.206073
ST_009,37444A,493,2026-01-26T08:21:18.488070
ST_009,22069,65,2026-02-05T19:07:38.648081
ST_009,23102,6,2026-01-30T13:27:16.798736
ST_009,21622,-21,2026-01-19T14:05:02.194345
ST_009,20748,132,2026-02-09T12:36:27.905021
ST_009,18097C,102,2026-01-30T05:24:22.898036
ST_009,22322,166,2026-01-18T07:49:12.211469
ST_009,21143,464,2026-02-08T08:07:09.595076
ST_009,16235,450,2026-01-20T02:03:25.960935
ST_009,22060,7,2026-01-23T08:36:10.009323
ST_009,23390,311,2026-01-24T11:00:10.023032
ST_009,21609,416,2026-02-01T19:16:59.000877
ST_009,23190,313,2026-01-28T08:17:15.530771
ST_009,22594,205,2026-01-27T17:45:50.608002
ST_009,90198B,437,2026-01-20T20:08:27.495589
ST_009,23209,316,2026-01-24T04:17:11.643623
ST_009,21955,318,2026-01-23T22:55:50.578159
ST_009,90190B,111,2026-02-03T15:20:21.471984
ST_009,11001,206,2026-01-22T16:09:02.387167
ST_009,21634,257,2026-01-18T05:17:22.871114
ST_009,22518,228,2026-02-01T23:28:49.815502
ST_009,22745,-37,2026-02-05T22:59:47.838662
ST_009,90099,267,2026-01-29T10:07:44.470102
ST_009,35650,182,2026-02-08T00:57:33.157183
ST_009,85026B,207,2026-01-15T16:26:45.094727
ST_009,84750B,433,2026-02-11T13:50:16.620622
ST_009,90016A,123,2026-02-06T09:56:13.133281
ST_009,72741,309,2026-01-25T14:26:36.035737
ST_009,16161M,392,2026-02-10T14:39:15.761565
ST_009,21681,323,2026-01-20T09:03:37.189024
ST_009,90086,286,2026-01-16T11:47:56.253553
ST_009,21706,468,2026-02-12T14:31:52.826473
ST_009,23121,1,2026-01-27T12:25:50.426866
ST_009,22136,-9,2026-02-04T16:46:28.937884
ST_009,22086,231,2026-01-19T14:38:21.868947
ST_009,84596F,366,2026-02-10T12:56:54.320961
ST_009,22545,21,2026-01-24T03:02:05.012515
ST_009,22964,36,2026-01-28T22:01:21.247889
ST_009,90155,-30,2026-02-01T18:12:28.499590
ST_009,84927F,-23,2026-02-11T23:45:14.318542
ST_009,22077,124,2026-01-24T05:06:09.749252
ST_009,84596B,320,2026-01-31T12:04:06.852293
ST_009,84879,250,2026-01-21T00:06:01.595505
ST_009,84828,224,2026-01-22T19:50:33.053141
ST_009,85049G,80,2026-02-05T19:06:45.733485
ST_009,22461,301,2026-01-31T07:26:25.838485
ST_009,21275,223,2026-01-25T00:56:46.711398
ST_009,22971,160,2026-02-05T13:08:03.942039
ST_009,44235,102,2026-01-22T00:05:02.379803
ST_009,21705,468,2026-02-05T07:04:04.554391
ST_009,23264,488,2026-02-06T07:37:15.132469
ST_009,21210,108,2026-02-12T03:19:54.127056
ST_009,84766,325,2026-01-20T02:33:14.156204
ST_009,21313,34,2026-02-02T18:07:59.996076
ST_009,21067,430,2026-01-25T10:36:56.054973
ST_009,21671,-42,2026-01-19T22:11:12.148140
ST_009,84805B,421,2026-02-02T23:37:13.460204
ST_009,72709,482,2026-02-08T01:52:22.746688
ST_009,90158,424,2026-01-18T02:44:51.998542
ST_009,90120B,125,2026-01-31T05:59:35.461014
ST_009,84678,317,2026-02-01T22:04:25.330755
ST_009,23503,175,2026-01-18T10:06:49.741233
ST_009,21935,277,2026-01-14T19:23:16.389819
ST_009,90161A,179,2026-01-18T02:57:43.147449
ST_009,22908,-41,2026-02-07T05:51:54.719404
ST_009,84854,416,2026-02-04T12:52:54.055446
ST_009,17191A,85,2026-01-21T14:09:59.145397
ST_009,20868,389,2026-01-24T05:45:51.503772
ST_009,20826,101,2026-01-30T21:32:00.881855
ST_009,20971,67,2026-02-07T19:26:26.834547
ST_009,23270,-28,2026-01-15T19:51:07.980291
ST_009,21946,21,2026-01-18T09:51:18.376504
ST_009,47310M,415,2026-02-06T16:36:13.795831
ST_009,37446,251,2026-01-15T17:15:27.161036
ST_009,35638A,85,2026-01-16T05:04:17.048965
ST_009,85124B,445,2026-01-14T14:08:33.727551
ST_009,90094,376,2026-02-02T20:27:47.034402
ST_009,23185,254,2026-01-26T05:07:46.264630
ST_009,17021,301,2026-01-17T14:11:40.259657
ST_009,21032,316,2026-01-26T22:51:55.135173
ST_009,23224,187,2026-02-09T20:41:57.682419
ST_009,23473,236,2026-02-05T13:34:31.011947
ST_009,22563,44,2026-02-02T04:33:13.584807
ST_009,21156,44,2026-02-04T19:43:03.675188
ST_009,22786,189,2026-01-16T10:41:46.666939
ST_009,17136A,-1,2026-02-03T07:04:09.551970
ST_009,37471,118,2026-01-19T22:21:58.488715
ST_009,16258A,83,2026-01-31T13:33:56.086968
ST_009,84915,456,2026-01-22T23:48:35.647844
ST_009,90202B,379,2026-01-21T10:01:20.199491
ST_009,90159,331,2026-01-31T11:16:42.017392
ST_009,22649,-12,2026-01-16T05:06:19.959035
ST_009,84637,388,2026-01-30T00:46:18.777822
ST_009,22650,327,2026-02-12T23:21:05.753425
ST_009,22755,403,2026-02-06T12:12:17.390197
ST_009,21403,392,2026-01-22T23:47:02.895867
ST_009,23017,370,2026-01-17T19:09:06.661320
ST_009,22230,426,2026-01-23T05:45:40.583454
ST_009,90040B,216,2026-01-29T00:07:55.908477
ST_009,84465,10,2026-01-27T01:18:39.181828
ST_009,35909A,78,2026-02-04T14:08:22.941922
ST_009,16161G,-45,2026-02-01T05:02:45.335989
ST_009,22324,444,2026-02-07T11:04:15.307860
ST_009,23193,166,2026-02-02T09:01:48.187940
ST_009,23155,500,2026-01-30T17:35:39.942227
ST_009,22602,345,2026-02-12T19:57:55.556007
ST_009,22993,172,2026-02-06T02:36:25.571949
ST_009,82582,16,2026-01-29T16:48:43.617852
ST_009,85202,306,2026-01-23T22:22:31.036933
ST_009,90021,383,2026-02-10T02:12:24.744882
ST_009,22948,73,2026-02-10T08:31:26.208047
ST_009,84192,5,2026-01-28T02:36:56.166845
ST_009,22053,99,2026-02-06T05:26:25.365423
ST_009,84600,219,2026-01-19T12:15:12.217725
ST_009,20796,489,2026-02-07T18:29:08.248312
ST_009,20697,72,2026-02-12T11:46:56.586307
ST_009,22699,-32,2026-01-23T00:24:13.817717
ST_009,44091A,263,2026-02-05T09:01:57.507438
ST_009,21519,301,2026-01-15T18:26:32.326955
ST_009,22441,-50,2026-01-27T19:03:20.188186
ST_009,23297,464,2026-02-10T16:07:27.028001
ST_009,21915,415,2026-02-01T11:51:09.359165
ST_009,37449,240,2026-02-09T15:30:28.333646
ST_009,21667,212,2026-02-01T14:00:24.455805
ST_009,22476,212,2026-01-20T05:40:26.709829
ST_009,46000P,306,2026-02-02T23:53:20.689121
ST_009,90003B,396,2026-02-03T17:41:07.763876
ST_009,21990,225,2026-01-29T01:47:56.890375
ST_009,82599,479,2026-01-16T14:27:06.227024
ST_009,16161P,188,2026-01-29T11:57:52.996217
ST_009,85132A,46,2026-02-11T14:21:34.778462
ST_009,84593,83,2026-01-24T14:10:53.575846
ST_009,22575,96,2026-02-05T13:22:31.016327
ST_009,23070,240,2026-01-24T11:50:06.961982
ST_009,90196B,389,2026-02-12T08:15:23.133103
ST_009,22737,241,2026-02-06T15:06:54.872578
ST_010,22876,49,2026-01-30T12:08:03.669877
ST_010,20934,24,2026-01-26T07:08:24.592152
ST_010,21682,95,2026-02-10T09:18:24.823683
ST_010,21910,62,2026-01-23T06:11:04.603104
ST_010,22158,120,2026-01-19T14:41:45.517761
ST_010,35819B,246,2026-01-21T07:21:48.821466
ST_010,20711,417,2026-01-29T05:19:56.153712
ST_010,22406,324,2026-01-25T17:40:00.763210
ST_010,90177E,351,2026-01-31T04:13:21.794334
ST_010,90123B,94,2026-01-17T08:04:48.937313
ST_010,21402,309,2026-02-06T02:53:18.014605
ST_010,21291,162,2026-02-03T13:07:39.825805
ST_010,35819P,127,2026-01-30T09:29:21.085752
ST_010,22399,310,2026-01-28T02:11:42.600400
ST_010,21261,132,2026-02-08T22:33:00.585583
ST_010,22430,375,2026-02-08T21:14:14.992098
ST_010,21918,97,2026-01-25T11:03:38.680328
ST_010,21232,225,2026-02-02T06:50:06.998830
ST_010,35610B,498,2026-02-03T22:20:39.196730
ST_010,23165,423,2026-01-22T07:42:06.849981
ST_010,23311,331,2026-01-24T16:03:05.253762
ST_010,22896,278,2026-02-07T08:51:18.305202
ST_010,85024C,114,2026-01-22T20:21:29.038785
ST_010,23570,358,2026-02-10T16:30:05.646329
ST_010,84666,201,2026-01-27T20:34:49.656194
ST_010,21865,297,2026-01-17T21:57:57.820608
ST_010,21678,384,2026-02-13T05:55:56.167639
ST_010,20752,24,2026-02-10T12:44:55.559227
ST_010,23434,329,2026-01-25T05:47:14.952406
ST_010,22038,141,2026-01-31T11:39:10.733252
ST_010,21289,-46,2026-01-18T19:11:02.630993
ST_010,22034,160,2026-02-11T14:21:18.673669
ST_010,84660B,377,2026-02-10T06:34:34.168406
ST_010,16248B,234,2026-01-14T16:43:58.287771
ST_010,16259,397,2026-01-22T15:45:53.205979
ST_010,90125E,486,2026-01-25T13:18:04.693985
ST_010,21718,437,2026-02-12T03:52:39.175217
ST_010,35958,386,2026-02-02T11:42:37.065685
ST_010,22775,303,2026-02-01T19:33:52.193470
ST_010,84927E,264,2026-01-21T23:13:00.835182
ST_010,23412,-9,2026-01-17T06:26:41.255975
ST_010,21802,143,2026-02-09T13:10:10.494621
ST_010,22700,230,2026-02-03T15:34:43.571741
ST_010,21792,14,2026-02-04T13:16:40.661283
ST_010,21126,230,2026-02-04T13:08:41.848359
ST_010,47481,112,2026-02-08T06:32:00.823956
ST_010,23000,21,2026-02-10T10:41:54.450926
ST_010,84461,181,2026-02-04T07:04:33.643721
ST_010,84963A,246,2026-01-27T15:57:57.908180
ST_010,90214Z,119,2026-01-24T13:23:47.374921
ST_010,90199C,409,2026-01-21T15:45:40.839362
ST_010,90125B,469,2026-02-07T08:27:37.720290
ST_010,22315,431,2026-02-12T07:07:27.403656
ST_010,22636,441,2026-01-18T20:36:43.598055
ST_010,22408,228,2026-01-30T13:23:32.629083
ST_010,22517,208,2026-02-02T05:20:53.316312
ST_010,85159A,367,2026-01-28T00:46:40.596180
ST_010,23169,360,2026-02-05T15:27:22.401010
ST_010,23243,484,2026-01-15T22:48:10.503929
ST_010,84568,58,2026-01-31T04:43:30.348009
ST_010,22458,326,2026-01-31T23:21:12.728800
ST_010,21272,25,2026-02-11T12:37:02.373312
ST_010,84558A,407,2026-02-10T06:01:54.640298
ST_010,90214I,381,2026-01-29T14:34:47.651416
ST_010,47369B,497,2026-02-02T20:51:10.033579
ST_010,23031,315,2026-01-28T01:06:59.203373
ST_010,21106,419,2026-01-16T12:33:20.492925
ST_010,84380,373,2026-01-29T13:31:11.776856
ST_010,90152A,75,2026-01-30T07:31:07.619278
ST_010,48184,369,2026-01-24T15:55:24.904948
ST_010,90039C,450,2026-01-23T16:42:56.095320
ST_010,20677,287,2026-01-30T18:59:37.711588
ST_010,85135C,433,2026-01-22T17:35:12.434767
ST_010,85045,449,2026-02-06T20:17:36.436503
ST_010,23161,48,2026-01-14T23:29:50.818382
ST_010,23255,52,2026-01-15T21:06:38.837660
ST_010,23694,351,2026-01-31T11:41:47.841698
ST_010,90100,18,2026-01-18T07:19:39.375151
ST_010,84798A,445,2026-02-02T03:23:20.745346
ST_010,22880,412,2026-01-19T17:18:29.366264
ST_010,21369,328,2026-02-04T12:43:19.882986
ST_010,23100,416,2026-02-09T13:35:12.833053
ST_010,85211,245,2026-02-08T19:50:03.516799
ST_010,84659A,138,2026-01-22T21:28:31.034840
ST_010,22655,279,2026-02-02T14:42:47.957800
ST_010,35599D,496,2026-01-27T19:44:06.948346
ST_010,84905,352,2026-01-29T00:46:11.108420
ST_010,21086,475,2026-01-17T23:34:15.570426
ST_010,23252,194,2026-01-19T04:14:49.839399
ST_010,22623,496,2026-01-26T22:05:44.532639
ST_010,M,218,2026-02-02T16:40:57.677609
ST_010,23356,22,2026-02-06T16:02:56.605602
ST_010,35004P,24,2026-01-16T14:33:39.792681
ST_010,21377,220,2026-01-24T15:11:16.187036
ST_010,21696,130,2026-01-15T00:29:25.025283
ST_010,20974,-17,2026-02-13T04:49:53.948971
ST_010,85200,292,2026-01-18T11:00:57.398058
ST_010,22702,168,2026-02-09T23:12:32.947043
ST_010,21499,381,2026-02-09T13:30:58.115184
ST_010,22057,331,2026-02-01T13:08:01.199890
ST_010,47590A,209,2026-02-02T01:58:05.087817
ST_010,22558,281,2026-01-15T18:44:12.425433
ST_010,21986,150,2026-02-04T21:18:02.542034
ST_010,22112,499,2026-02-03T04:35:00.732441
ST_010,23004,369,2026-02-03T04:40:48.554420
ST_010,22444,351,2026-02-02T00:37:21.760055
ST_010,22346,49,2026-01-21T06:44:04.416498
ST_010,72598,80,2026-01-14T20:15:39.327373
ST_010,23345,118,2026-02-07T19:13:57.077932
ST_010,23191,489,2026-01-28T14:11:01.467773
ST_010,23495,263,2026-01-25T15:13:02.770736
ST_010,22260,490,2026-01-30T09:29:32.180450
ST_010,23181,80,2026-01-24T01:52:11.953269
ST_010,23553,251,2026-02-04T12:30:24.814150
ST_010,21418,96,2026-01-24T23:29:20.947575
ST_010,21816,246,2026-01-24T20:36:17.078331
ST_010,90042A,299,2026-02-10T06:28:40.567456
ST_010,85178,-22,2026-02-07T03:26:17.942811
ST_010,47578A,276,2026-02-10T04:44:58.921456
ST_010,23254,32,2026-01-19T12:58:04.294043
ST_010,71496A,368,2026-01-23T10:08:39.174886
ST_010,22897,80,2026-01-16T14:43:40.652473
ST_010,21426,286,2026-01-28T03:50:29.673152
ST_010,20668,230,2026-02-07T01:08:48.371586
ST_010,84707B,218,2026-01-14T22:08:38.967006
ST_010,21462,235,2026-02-07T17:25:40.012629
ST_010,22886,-39,2026-01-29T01:55:46.726298
ST_010,35964,313,2026-01-28T23:20:54.524905
ST_010,23419,239,2026-02-07T09:19:39.325107
ST_010,84922,259,2026-01-30T07:24:20.072533
ST_010,22716,269,2026-01-14T20:22:13.615490
ST_010,21867,231,2026-02-03T09:20:12.995360
ST_010,21015,416,2026-01-31T00:22:18.997784
ST_010,85131B,252,2026-01-23T06:34:02.927668
ST_010,23456,-22,2026-01-27T08:10:28.482220
ST_010,35972,492,2026-01-22T11:35:02.776764
ST_010,37488A,434,2026-01-14T17:26:13.981424
ST_010,20854,-47,2026-02-10T10:25:41.327680
ST_010,85071B,183,2026-02-11T19:20:48.932830
ST_010,23325,170,2026-02-03T05:29:26.857602
ST_010,90093,388,2026-02-10T18:50:33.013217
ST_010,84870B,309,2026-01-28T12:18:43.412087
ST_010,23457,299,2026-02-11T22:20:55.358883
ST_010,22900,-45,2026-02-06T01:28:23.242139
ST_010,90055,-45,2026-01-24T14:51:11.677959
ST_010,21507,155,2026-01-19T21:06:28.283137
ST_010,40001,62,2026-01-29T03:42:21.112964
ST_010,23497,241,2026-01-18T12:54:17.940673
ST_010,22183,296,2026-02-05T07:20:09.605806
ST_010,22645,43,2026-01-18T23:34:28.769932
ST_010,90019C,394,2026-01-16T02:05:09.217505
ST_010,21054,269,2026-02-11T09:52:03.171560
ST_010,90214O,123,2026-01-15T03:48:56.346240
ST_010,22195,270,2026-02-10T21:26:34.166861
ST_010,85225,404,2026-02-03T01:04:27.309394
ST_010,22870,314,2026-01-19T03:13:52.836608
ST_010,22244,270,2026-02-11T02:20:56.668360
ST_010,90065B,477,2026-01-19T05:50:43.302283
ST_010,22936,211,2026-02-06T05:15:27.214620
ST_010,35001W,344,2026-01-23T10:22:19.090045
ST_010,85034A,240,2026-02-07T22:34:15.183625
ST_010,23145,332,2026-01-28T23:18:27.820971
ST_010,90129A,436,2026-01-20T13:25:24.266642
ST_010,90202D,305,2026-01-30T07:58:50.629116
ST_010,37444A,464,2026-02-08T18:55:07.488451
ST_010,22069,91,2026-01-27T21:00:37.957743
ST_010,23102,116,2026-01-21T21:36:57.425011
ST_010,21622,41,2026-02-10T19:20:50.519176
ST_010,20748,-41,2026-02-04T02:39:58.745293
ST_010,18097C,304,2026-01-19T02:33:06.144816
ST_010,22322,220,2026-02-07T12:30:21.578507
ST_010,21143,369,2026-01-23T02:25:38.916770
ST_010,16235,135,2026-01-26T07:46:19.333110
ST_010,22060,161,2026-01-21T11:24:48.960936
ST_010,23390,-7,2026-02-10T18:56:17.987788
ST_010,21609,477,2026-01-21T07:50:53.340376
ST_010,23190,78,2026-01-30T09:53:49.826699
ST_010,22594,395,2026-02-09T09:53:05.394963
ST_010,90198B,446,2026-02-06T02:00:05.355721
ST_010,23209,210,2026-02-04T06:30:22.909689
ST_010,21955,335,2026-02-06T23:37:40.159006
ST_010,90190B,342,2026-02-10T12:01:03.245119
ST_010,11001,189,2026-01-21T17:37:51.035794
ST_010,21634,436,2026-01-26T16:29:53.541454
ST_010,22518,324,2026-02-11T04:36:56.949935
ST_010,22745,54,2026-01-15T06:54:41.135648
ST_010,90099,309,2026-02-02T07:11:19.059942
ST_010,35650,436,2026-02-07T23:20:14.532995
ST_010,85026B,102,2026-01-29T16:26:20.118800
ST_010,84750B,349,2026-02-08T02:24:26.193317
ST_010,90016A,163,2026-02-05T21:38:39.786860
ST_010,72741,450,2026-01-25T01:04:00.509719
ST_010,16161M,44,2026-02-09T04:51:28.337069
ST_010,21681,115,2026-02-05T20:07:36.908253
ST_010,90086,488,2026-01-30T07:05:35.656820
ST_010,21706,139,2026-02-05T22:37:08.589102
ST_010,23121,131,2026-02-12T03:28:05.706023
ST_010,22136,402,2026-01-15T22:19:22.549053
ST_010,22086,466,2026-01-15T10:44:34.227127
ST_010,84596F,79,2026-02-07T08:14:17.798718
ST_010,22545,75,2026-02-01T12:00:50.122059
ST_010,22964,-25,2026-01-31T13:38:28.713114
ST_010,90155,110,2026-02-12T16:34:25.269539
ST_010,84927F,126,2026-02-02T03:07:59.775174
ST_010,22077,-48,2026-02-11T17:44:30.219291
ST_010,84596B,145,2026-01-14T15:42:01.427845
ST_010,84879,408,2026-01-22T23:37:40.255973
ST_010,84828,368,2026-02-02T21:13:30.526869
ST_010,85049G,49,2026-01-29T04:04:58.563078
ST_010,22461,163,2026-01-27T17:30:42.251189
ST_010,21275,173,2026-02-11T18:23:39.068250
ST_010,22971,324,2026-02-10T16:40:39.729447
ST_010,44235,490,2026-02-01T04:45:35.634041
ST_010,21705,145,2026-02-08T11:41:59.054221
ST_010,23264,218,2026-02-03T11:56:34.272434
ST_010,21210,292,2026-02-04T22:48:04.625116
ST_010,84766,8,2026-01-22T18:02:54.126650
ST_010,21313,246,2026-02-13T06:04:17.706858
ST_010,21067,478,2026-01-28T08:19:22.388125
ST_010,21671,76,2026-01-16T19:47:24.577770
ST_010,84805B,266,2026-02-02T00:38:54.207856
ST_010,72709,262,2026-02-09T15:10:20.132587
ST_010,90158,16,2026-01-21T00:56:36.528318
ST_010,90120B,415,2026-02-10T13:12:16.785653
ST_010,84678,-35,2026-02-09T00:54:10.195786
ST_010,23503,107,2026-02-01T22:02:29.565006
ST_010,21935,-39,2026-01-27T07:36:14.663535
ST_010,90161A,159,2026-02-13T11:44:54.353353
ST_010,22908,273,2026-01-17T15:28:07.945183
ST_010,84854,41,2026-02-08T00:50:05.930825
ST_010,17191A,281,2026-01-24T02:49:14.640869
ST_010,20868,487,2026-01-14T23:17:17.080962
ST_010,20826,150,2026-02-10T23:09:45.594715
ST_010,20971,357,2026-02-01T16:09:25.295122
ST_010,23270,453,2026-02-09T23:42:02.816640
ST_010,21946,163,2026-01-21T00:31:44.114568
ST_010,47310M,403,2026-01-18T05:23:23.051586
ST_010,37446,13,2026-02-03T13:23:09.586078
ST_010,35638A,117,2026-01-25T02:05:51.980467
ST_010,85124B,498,2026-01-28T19:12:16.738219
ST_010,90094,95,2026-01-26T08:36:19.540974
ST_010,23185,222,2026-01-14T19:14:18.148533
ST_010,17021,207,2026-01-30T02:17:29.380876
ST_010,21032,376,2026-01-28T12:44:32.060233
ST_010,23224,150,2026-02-13T08:29:17.472219
ST_010,23473,-49,2026-01-27T10:10:42.822327
ST_010,22563,487,2026-01-18T11:05:49.870376
ST_010,21156,49,2026-01-22T08:25:15.343886
ST_010,22786,235,2026-01-28T21:43:44.444939
ST_010,17136A,496,2026-01-25T23:44:40.307879
ST_010,37471,259,2026-01-27T13:28:43.599509
ST_010,16258A,435,2026-01-26T21:11:51.515497
ST_010,84915,490,2026-01-31T03:49:24.492172
ST_010,90202B,432,2026-02-02T08:53:55.550053
ST_010,90159,211,2026-02-04T21:53:30.215979
ST_010,22649,196,2026-01-30T17:24:59.734381
ST_010,84637,416,2026-01-19T05:50:35.710188
ST_010,22650,63,2026-02-02T18:54:04.048756
ST_010,22755,353,2026-01-26T10:40:19.221105
ST_010,21403,164,2026-01-18T08:13:51.138610
ST_010,23017,50,2026-01-26T13:47:12.715680
ST_010,22230,109,2026-02-03T04:06:56.571635
ST_010,90040B,21,2026-02-01T05:50:56.212737
ST_010,84465,322,2026-01-26T20:51:39.356936
ST_010,35909A,489,2026-01-25T09:25:05.120139
ST_010,16161G,136,2026-01-20T19:43:49.017074
ST_010,22324,449,2026-02-10T23:29:17.508409
ST_010,23193,287,2026-01-31T06:17:01.110938
ST_010,23155,354,2026-02-12T05:20:56.103426
ST_010,22602,291,2026-01-16T11:43:52.052516
ST_010,22993,215,2026-01-25T15:08:21.509131
ST_010,82582,139,2026-02-09T06:34:31.452841
ST_010,85202,51,2026-02-12T08:07:47.599377
ST_010,90021,51,2026-01-30T22:40:52.472205
ST_010,22948,-16,2026-01-20T15:47:50.359661
ST_010,84192,229,2026-01-20T15:46:49.632467
ST_010,22053,284,2026-02-13T05:00:25.931585
ST_010,84600,53,2026-01-18T18:07:38.568377
ST_010,20796,75,2026-01-29T04:30:50.991109
ST_010,20697,405,2026-02-05T01:11:52.355629
ST_010,22699,-44,2026-02-10T20:51:31.374298
ST_010,44091A,33,2026-02-01T04:08:17.158493
ST_010,21519,38,2026-01-23T08:38:27.807649
ST_010,22441,260,2026-01-16T18:03:45.956121
ST_010,23297,312,2026-01-17T11:18:22.824179
ST_010,21915,80,2026-02-13T06:54:29.499204
ST_010,37449,127,2026-01-21T03:49:49.222448
ST_010,21667,5,2026-02-12T15:31:49.709893
ST_010,22476,131,2026-02-12T15:57:48.771089
ST_010,46000P,-2,2026-02-10T22:22:06.866625
ST_010,90003B,264,2026-02-03T06:55:59.744860
ST_010,21990,332,2026-01-18T03:31:47.534852
ST_010,82599,311,2026-01-16T02:35:40.742301
ST_010,16161P,-21,2026-02-07T13:04:57.916133
ST_010,85132A,18,2026-02-02T17:48:00.260598
ST_010,84593,164,2026-01-19T05:56:46.266164
ST_010,22575,438,2026-01-27T20:28:36.469331
ST_010,23070,158,2026-01-26T01:03:05.140570
ST_010,90196B,419,2026-01-18T23:58:23.990257
ST_010,22737,76,2026-01-28T18:01:59.982696
ST_011,22876,299,2026-01-27T15:07:08.439523
ST_011,20934,-24,2026-01-17T16:47:42.729882
ST_011,21682,324,2026-01-27T19:05:36.373299
ST_011,21910,287,2026-01-31T12:43:22.980021
ST_011,22158,388,2026-02-13T01:48:43.667184
ST_011,35819B,435,2026-01-27T20:37:17.295040
ST_011,20711,494,2026-01-24T20:14:57.903165
ST_011,22406,-35,2026-02-05T15:12:16.862208
ST_011,90177E,474,2026-01-27T12:47:10.186850
ST_011,90123B,457,2026-02-01T22:11:59.502621
ST_011,21402,243,2026-01-29T14:41:58.034269
ST_011,21291,450,2026-01-14T14:05:01.887006
ST_011,35819P,462,2026-01-14T13:34:52.411906
ST_011,22399,25,2026-01-21T04:24:34.023666
ST_011,21261,382,2026-01-15T00:50:23.273566
ST_011,22430,8,2026-01-21T00:03:44.395782
ST_011,21918,285,2026-02-11T23:42:53.757728
ST_011,21232,-19,2026-02-13T02:42:26.329827
ST_011,35610B,6,2026-01-25T08:51:24.869781
ST_011,23165,272,2026-02-13T05:22:28.674172
ST_011,23311,56,2026-02-10T17:39:46.568928
ST_011,22896,191,2026-01-16T08:40:04.773770
ST_011,85024C,67,2026-01-30T06:46:19.422895
ST_011,23570,-6,2026-01-16T07:24:42.631717
ST_011,84666,7,2026-01-31T18:09:33.647341
ST_011,21865,-28,2026-02-10T22:52:56.724837
ST_011,21678,271,2026-02-04T05:41:21.484071
ST_011,20752,396,2026-01-31T11:21:14.576046
ST_011,23434,398,2026-01-21T20:47:59.779048
ST_011,22038,-9,2026-01-26T20:58:02.413321
ST_011,21289,390,2026-01-18T02:33:19.012102
ST_011,22034,200,2026-01-28T13:12:35.090391
ST_011,84660B,494,2026-01-19T04:17:51.231202
ST_011,16248B,356,2026-02-12T15:47:43.764390
ST_011,16259,339,2026-01-16T13:15:38.863930
ST_011,90125E,-31,2026-02-07T20:57:05.076017
ST_011,21718,475,2026-01-31T06:09:35.962612
ST_011,35958,33,2026-01-31T18:32:04.477548
ST_011,22775,110,2026-01-29T01:07:23.070136
ST_011,84927E,38,2026-02-01T04:07:58.502613
ST_011,23412,89,2026-02-07T02:32:25.366069
ST_011,21802,312,2026-01-26T10:25:05.277741
ST_011,22700,138,2026-02-05T17:28:49.464104
ST_011,21792,287,2026-01-31T21:46:23.986411
ST_011,21126,353,2026-02-05T16:04:42.207972
ST_011,47481,295,2026-01-18T05:27:04.966434
ST_011,23000,399,2026-01-30T10:13:26.155145
ST_011,84461,46,2026-01-20T05:03:05.316491
ST_011,84963A,83,2026-01-19T18:18:42.602889
ST_011,90214Z,374,2026-01-16T14:35:04.418168
ST_011,90199C,9,2026-02-10T15:00:48.229296
ST_011,90125B,3,2026-01-25T11:33:08.591895
ST_011,22315,399,2026-02-09T10:17:29.702808
ST_011,22636,90,2026-02-03T10:55:52.226202
ST_011,22408,141,2026-01-29T11:44:10.939332
ST_011,22517,283,2026-02-06T10:35:15.692437
ST_011,85159A,55,2026-01-15T04:43:29.635967
ST_011,23169,317,2026-02-05T16:08:54.178021
ST_011,23243,181,2026-01-30T19:30:19.239490
ST_011,84568,316,2026-01-24T12:38:44.533441
ST_011,22458,304,2026-01-24T02:28:02.037668
ST_011,21272,459,2026-01-21T08:46:24.857153
ST_011,84558A,144,2026-02-09T03:16:07.762902
ST_011,90214I,428,2026-01-20T11:44:50.837248
ST_011,47369B,267,2026-01-26T17:23:24.622289
ST_011,23031,108,2026-01-29T06:37:47.464081
ST_011,21106,460,2026-02-12T23:02:57.007550
ST_011,84380,236,2026-02-13T11:48:51.616309
ST_011,90152A,194,2026-02-04T10:56:54.921808
ST_011,48184,179,2026-02-02T17:15:34.161743
ST_011,90039C,409,2026-01-19T18:34:13.839978
ST_011,20677,-6,2026-02-07T11:21:38.796677
ST_011,85135C,217,2026-01-23T12:51:46.040770
ST_011,85045,258,2026-01-27T16:02:01.122168
ST_011,23161,336,2026-01-18T17:43:53.996701
ST_011,23255,53,2026-01-30T00:44:20.512484
ST_011,23694,464,2026-01-23T01:45:35.126431
ST_011,90100,142,2026-01-26T20:28:23.267727
ST_011,84798A,74,2026-01-25T20:44:29.945791
ST_011,22880,482,2026-01-21T06:27:48.771875
ST_011,21369,129,2026-01-31T04:12:36.318048
ST_011,23100,-34,2026-01-23T08:36:40.150799
ST_011,85211,410,2026-02-11T18:43:36.711899
ST_011,84659A,326,2026-02-03T01:18:40.580860
ST_011,22655,282,2026-01-25T20:33:39.789211
ST_011,35599D,466,2026-01-17T13:42:46.140234
ST_011,84905,301,2026-01-23T11:01:46.176739
ST_011,21086,398,2026-01-29T17:37:29.515295
ST_011,23252,176,2026-02-10T11:12:31.519857
ST_011,22623,341,2026-01-25T04:50:59.343836
ST_011,M,45,2026-01-22T11:27:19.878377
ST_011,23356,163,2026-02-05T16:54:09.173314
ST_011,35004P,331,2026-01-15T23:19:17.998042
ST_011,21377,430,2026-01-28T02:52:57.243404
ST_011,21696,335,2026-02-04T01:42:08.585923
ST_011,20974,-9,2026-01-17T18:22:54.311845
ST_011,85200,334,2026-02-03T07:38:47.532794
ST_011,22702,217,2026-02-12T02:01:47.334187
ST_011,21499,119,2026-01-16T19:28:57.928009
ST_011,22057,170,2026-01-24T19:26:27.194166
ST_011,47590A,232,2026-02-05T22:30:28.608491
ST_011,22558,-20,2026-01-25T06:53:00.522168
ST_011,21986,333,2026-01-21T09:24:44.138175
ST_011,22112,165,2026-01-28T00:21:17.386186
ST_011,23004,-5,2026-01-25T08:48:00.195172
ST_011,22444,385,2026-01-15T03:10:17.847616
ST_011,22346,196,2026-01-23T12:23:37.822433
ST_011,72598,132,2026-01-15T01:03:42.940367
ST_011,23345,106,2026-02-04T15:23:59.535179
ST_011,23191,161,2026-02-10T05:36:51.500924
ST_011,23495,-37,2026-02-06T21:47:17.211246
ST_011,22260,119,2026-01-20T21:59:07.330192
ST_011,23181,-44,2026-01-29T17:42:11.829961
ST_011,23553,259,2026-01-14T14:34:38.224870
ST_011,21418,337,2026-01-31T00:02:34.827204
ST_011,21816,451,2026-01-19T00:00:08.716210
ST_011,90042A,160,2026-02-03T18:35:04.871037
ST_011,85178,350,2026-02-07T21:01:12.311848
ST_011,47578A,76,2026-01-16T02:01:05.920891
ST_011,23254,173,2026-02-06T19:44:08.503701
ST_011,71496A,374,2026-01-18T17:57:45.628323
ST_011,22897,105,2026-02-08T10:55:47.280255
ST_011,21426,71,2026-01-16T09:21:18.459680
ST_011,20668,-2,2026-01-25T00:33:40.350134
ST_011,84707B,265,2026-01-31T13:06:23.262375
ST_011,21462,458,2026-02-11T08:10:46.123618
ST_011,22886,153,2026-02-12T09:34:17.406659
ST_011,35964,362,2026-01-31T07:38:44.897716
ST_011,23419,142,2026-02-04T07:25:54.371537
ST_011,84922,101,2026-01-22T18:25:17.542525
ST_011,22716,433,2026-01-21T12:17:17.991582
ST_011,21867,193,2026-02-08T04:46:30.848236
ST_011,21015,118,2026-01-20T16:28:11.361017
ST_011,85131B,405,2026-01-24T09:48:00.420808
ST_011,23456,328,2026-01-27T00:07:51.030787
ST_011,35972,331,2026-01-26T01:45:54.275721
ST_011,37488A,328,2026-01-16T06:58:24.250249
ST_011,20854,373,2026-02-08T02:01:48.550622
ST_011,85071B,244,2026-02-10T15:14:27.572467
ST_011,23325,3,2026-02-10T05:55:06.516885
ST_011,90093,452,2026-02-08T06:15:43.572493
ST_011,84870B,33,2026-01-15T20:19:11.492837
ST_011,23457,321,2026-01-26T23:06:35.506409
ST_011,22900,247,2026-02-07T05:57:53.246481
ST_011,90055,3,2026-02-09T06:27:46.376186
ST_011,21507,233,2026-01-17T05:22:10.104585
ST_011,40001,298,2026-02-01T06:19:33.894097
ST_011,23497,414,2026-02-11T05:30:15.756598
ST_011,22183,13,2026-01-21T08:53:36.085951
ST_011,22645,225,2026-01-19T08:51:08.826507
ST_011,90019C,195,2026-02-06T00:40:26.453291
ST_011,21054,195,2026-01-24T02:48:26.260575
ST_011,90214O,272,2026-01-21T10:13:27.689591
ST_011,22195,269,2026-01-21T17:37:30.627548
ST_011,85225,136,2026-02-04T20:54:21.717371
ST_011,22870,477,2026-01-27T13:46:28.496611
ST_011,22244,346,2026-01-27T16:03:13.079499
ST_011,90065B,243,2026-01-17T02:25:44.360494
ST_011,22936,139,2026-01-25T19:44:27.517452
ST_011,35001W,202,2026-01-25T18:00:14.940554
ST_011,85034A,155,2026-01-16T02:43:53.101429
ST_011,23145,245,2026-01-16T21:51:52.495160
ST_011,90129A,163,2026-01-17T20:09:13.417708
ST_011,90202D,181,2026-01-21T14:28:31.891587
ST_011,37444A,419,2026-02-09T05:46:27.481640
ST_011,22069,129,2026-01-17T16:03:06.236370
ST_011,23102,299,2026-01-22T10:29:21.950198
ST_011,21622,290,2026-02-11T02:22:43.926038
ST_011,20748,-14,2026-02-04T23:24:40.908906
ST_011,18097C,80,2026-02-01T14:14:54.312876
ST_011,22322,112,2026-01-25T11:23:04.258624
ST_011,21143,21,2026-01-20T01:01:05.921443
ST_011,16235,171,2026-01-15T11:24:52.787728
ST_011,22060,426,2026-01-31T11:13:23.581382
ST_011,23390,449,2026-01-17T04:54:12.710088
ST_011,21609,251,2026-02-02T13:42:26.424521
ST_011,23190,130,2026-01-24T15:00:09.886439
ST_011,22594,38,2026-01-25T02:16:46.657438
ST_011,90198B,21,2026-02-07T11:26:27.082791
ST_011,23209,263,2026-01-29T18:36:20.560379
ST_011,21955,467,2026-01-14T20:01:04.618098
ST_011,90190B,379,2026-02-11T12:42:01.868298
ST_011,11001,-37,2026-01-27T15:47:39.300134
ST_011,21634,38,2026-02-09T20:43:26.854463
ST_011,22518,297,2026-02-02T17:44:09.464126
ST_011,22745,295,2026-01-18T14:11:27.060396
ST_011,90099,-42,2026-01-20T08:30:52.187484
ST_011,35650,194,2026-02-10T11:09:13.735371
ST_011,85026B,120,2026-02-02T01:24:15.388634
ST_011,84750B,146,2026-01-16T15:27:50.236907
ST_011,90016A,216,2026-02-02T09:19:02.968891
ST_011,72741,140,2026-02-05T06:42:50.864645
ST_011,16161M,416,2026-02-01T04:56:45.913374
ST_011,21681,235,2026-02-04T21:08:00.831618
ST_011,90086,-12,2026-01-28T14:56:22.059959
ST_011,21706,493,2026-02-12T08:59:14.510435
ST_011,23121,118,2026-02-10T23:14:56.795768
ST_011,22136,466,2026-01-24T06:27:29.509762
ST_011,22086,325,2026-01-27T15:18:38.756641
ST_011,84596F,96,2026-01-30T07:41:47.712506
ST_011,22545,163,2026-02-12T03:57:20.070657
ST_011,22964,36,2026-01-15T16:39:16.050038
ST_011,90155,76,2026-02-09T06:20:17.222390
ST_011,84927F,58,2026-01-23T10:12:06.061308
ST_011,22077,172,2026-01-30T04:54:52.161120
ST_011,84596B,-4,2026-01-25T23:38:01.972512
ST_011,84879,272,2026-01-24T10:48:15.261917
ST_011,84828,-2,2026-01-15T05:21:29.732252
ST_011,85049G,211,2026-01-22T05:41:09.709270
ST_011,22461,433,2026-01-29T16:51:17.380035
ST_011,21275,282,2026-02-04T22:36:56.382192
ST_011,22971,410,2026-02-11T17:29:25.845227
ST_011,44235,-31,2026-01-21T18:22:41.404267
ST_011,21705,202,2026-02-06T02:47:37.803868
ST_011,23264,269,2026-02-11T03:17:53.557270
ST_011,21210,381,2026-02-10T07:22:50.221746
ST_011,84766,140,2026-02-08T07:44:54.468858
ST_011,21313,496,2026-01-28T00:42:44.037131
ST_011,21067,418,2026-01-15T03:13:56.034670
ST_011,21671,7,2026-01-22T09:22:48.963483
ST_011,84805B,360,2026-02-12T21:40:38.133266
ST_011,72709,464,2026-01-25T15:47:06.506189
ST_011,90158,-5,2026-01-18T12:23:06.780060
ST_011,90120B,225,2026-02-06T16:45:28.097339
ST_011,84678,113,2026-02-10T21:27:45.945240
ST_011,23503,32,2026-01-26T16:10:40.239543
ST_011,21935,144,2026-01-31T00:03:59.035163
ST_011,90161A,85,2026-02-04T19:21:45.965958
ST_011,22908,433,2026-02-02T12:03:44.847224
ST_011,84854,225,2026-01-21T13:35:42.378627
ST_011,17191A,111,2026-01-26T14:52:57.522627
ST_011,20868,383,2026-01-17T07:35:53.659165
ST_011,20826,77,2026-01-23T23:11:26.061945
ST_011,20971,320,2026-02-11T12:11:34.869133
ST_011,23270,118,2026-01-28T15:05:15.161247
ST_011,21946,450,2026-01-27T11:52:07.947185
ST_011,47310M,210,2026-01-24T16:50:15.711692
ST_011,37446,-43,2026-01-17T13:55:28.876792
ST_011,35638A,75,2026-02-03T15:10:29.225197
ST_011,85124B,193,2026-02-07T23:50:43.271670
ST_011,90094,204,2026-01-17T08:30:18.289234
ST_011,23185,99,2026-01-29T13:16:38.609418
ST_011,17021,318,2026-01-14T15:20:41.115894
ST_011,21032,372,2026-01-31T18:29:43.066353
ST_011,23224,319,2026-02-01T06:06:18.678865
ST_011,23473,270,2026-01-22T07:40:09.744666
ST_011,22563,384,2026-01-27T07:57:36.797551
ST_011,21156,245,2026-01-15T12:19:49.823951
ST_011,22786,12,2026-01-20T11:12:30.239361
ST_011,17136A,96,2026-02-11T21:35:02.339701
ST_011,37471,41,2026-02-06T17:19:30.729917
ST_011,16258A,56,2026-01-25T00:39:56.509129
ST_011,84915,32,2026-01-31T16:41:59.660917
ST_011,90202B,37,2026-02-03T08:11:04.306337
ST_011,90159,100,2026-02-02T19:17:27.544977
ST_011,22649,214,2026-01-18T09:24:53.392956
ST_011,84637,479,2026-01-30T04:35:42.234688
ST_011,22650,358,2026-01-29T10:37:39.573621
ST_011,22755,181,2026-02-13T03:32:35.670030
ST_011,21403,87,2026-01-27T11:10:44.664060
ST_011,23017,118,2026-02-10T19:10:56.726728
ST_011,22230,20,2026-01-29T16:33:45.244917
ST_011,90040B,182,2026-01-29T04:25:05.831898
ST_011,84465,235,2026-01-28T22:49:06.582072
ST_011,35909A,160,2026-02-12T21:00:14.428827
ST_011,16161G,71,2026-01-20T10:38:29.210170
ST_011,22324,133,2026-02-10T19:52:07.713581
ST_011,23193,53,2026-01-21T07:33:40.432941
ST_011,23155,363,2026-02-02T17:35:46.465494
ST_011,22602,-45,2026-02-10T08:22:39.371141
ST_011,22993,418,2026-02-03T12:59:30.038480
ST_011,82582,342,2026-02-02T09:55:59.758073
ST_011,85202,483,2026-02-07T01:01:14.546893
ST_011,90021,446,2026-02-08T14:05:09.551935
ST_011,22948,-26,2026-01-29T15:22:48.882210
ST_011,84192,289,2026-01-19T23:35:52.520377
ST_011,22053,240,2026-02-05T15:27:25.401152
ST_011,84600,398,2026-02-11T17:19:45.575445
ST_011,20796,136,2026-01-15T09:46:39.364298
ST_011,20697,186,2026-01-27T23:22:18.911750
ST_011,22699,183,2026-02-05T08:49:09.230788
ST_011,44091A,440,2026-01-28T09:35:30.550414
ST_011,21519,488,2026-01-26T15:24:45.654082
ST_011,22441,401,2026-01-27T13:54:50.313287
ST_011,23297,198,2026-01-27T23:11:53.183627
ST_011,21915,212,2026-02-03T06:01:03.981837
ST_011,37449,90,2026-02-05T04:27:17.322777
ST_011,21667,-31,2026-01-27T16:05:14.235837
ST_011,22476,193,2026-01-20T05:33:53.925448
ST_011,46000P,412,2026-02-07T09:45:20.091812
ST_011,90003B,-16,2026-01-28T13:56:01.956374
ST_011,21990,213,2026-01-17T01:55:20.272288
ST_011,82599,-37,2026-02-01T02:45:20.097197
ST_011,16161P,78,2026-01-21T13:09:22.356208
ST_011,85132A,92,2026-02-11T19:34:04.336484
ST_011,84593,422,2026-02-06T07:32:03.272032
ST_011,22575,263,2026-02-01T10:26:40.795285
ST_011,23070,429,2026-01-25T04:06:06.392423
ST_011,90196B,126,2026-01-22T00:26:15.304245
ST_011,22737,484,2026-01-23T00:33:21.644149
ST_012,22876,82,2026-01-20T13:05:01.326092
ST_012,20934,479,2026-02-12T01:12:36.529271
ST_012,21682,77,2026-01-22T10:29:09.423691
ST_012,21910,130,2026-01-18T05:26:05.105330
ST_012,22158,129,2026-01-17T04:19:27.797499
ST_012,35819B,260,2026-01-31T14:11:15.115083
ST_012,20711,130,2026-01-30T07:46:44.695805
ST_012,22406,18,2026-01-17T12:22:59.483930
ST_012,90177E,103,2026-01-22T14:29:45.111086
ST_012,90123B,-11,2026-01-25T12:21:07.047778
ST_012,21402,390,2026-01-15T16:38:13.885034
ST_012,21291,371,2026-01-25T03:00:39.839429
ST_012,35819P,216,2026-02-08T11:58:18.993839
ST_012,22399,359,2026-01-27T20:54:03.436507
ST_012,21261,474,2026-02-10T04:08:45.676537
ST_012,22430,274,2026-02-11T21:46:06.725079
ST_012,21918,50,2026-01-25T14:32:42.407019
ST_012,21232,203,2026-02-13T08:37:29.360310
ST_012,35610B,131,2026-02-04T23:00:50.808196
ST_012,23165,243,2026-01-16T11:14:59.276429
ST_012,23311,305,2026-01-22T10:20:45.707401
ST_012,22896,53,2026-02-06T14:03:22.136263
ST_012,85024C,422,2026-01-29T06:42:21.776596
ST_012,23570,75,2026-01-26T23:13:58.308438
ST_012,84666,351,2026-02-11T21:53:47.509827
ST_012,21865,310,2026-02-08T20:22:10.937735
ST_012,21678,497,2026-01-27T08:27:22.960153
ST_012,20752,222,2026-01-21T06:54:09.922549
ST_012,23434,334,2026-02-10T10:08:41.850452
ST_012,22038,-12,2026-01-18T18:11:17.291243
ST_012,21289,115,2026-02-06T13:52:36.670950
ST_012,22034,63,2026-01-22T22:57:28.487198
ST_012,84660B,42,2026-01-15T21:34:32.614577
ST_012,16248B,59,2026-01-31T08:52:47.931954
ST_012,16259,384,2026-01-20T18:45:27.144572
ST_012,90125E,-30,2026-01-21T03:11:41.092721
ST_012,21718,250,2026-01-20T20:28:59.135885
ST_012,35958,116,2026-02-11T01:14:08.397199
ST_012,22775,491,2026-02-09T20:35:58.015263
ST_012,84927E,388,2026-01-23T00:08:24.013888
ST_012,23412,94,2026-01-18T05:58:34.955257
ST_012,21802,13,2026-01-24T10:19:10.882842
ST_012,22700,356,2026-01-17T09:50:36.686953
ST_012,21792,338,2026-01-26T10:06:06.899921
ST_012,21126,177,2026-02-05T06:51:26.097878
ST_012,47481,274,2026-02-01T03:10:06.448363
ST_012,23000,411,2026-01-15T13:18:40.829637
ST_012,84461,428,2026-01-14T23:11:14.190373
ST_012,84963A,477,2026-02-07T04:13:13.959321
ST_012,90214Z,349,2026-01-17T14:28:17.505049
ST_012,90199C,334,2026-01-28T20:17:14.162061
ST_012,90125B,366,2026-02-07T15:24:04.828812
ST_012,22315,391,2026-01-17T04:03:19.672117
ST_012,22636,392,2026-02-01T07:49:24.858794
ST_012,22408,-5,2026-02-03T14:10:27.595380
ST_012,22517,433,2026-01-18T20:03:58.304663
ST_012,85159A,108,2026-02-09T11:19:03.104560
ST_012,23169,403,2026-01-17T01:29:14.629929
ST_012,23243,392,2026-02-08T07:33:00.398703
ST_012,84568,-19,2026-01-18T18:05:35.255561
ST_012,22458,51,2026-02-08T14:34:30.525223
ST_012,21272,236,2026-01-29T06:16:40.876785
ST_012,84558A,75,2026-01-29T16:27:25.284864
ST_012,90214I,190,2026-01-29T13:36:24.346403
ST_012,47369B,387,2026-02-02T21:34:58.612109
ST_012,23031,279,2026-02-08T13:58:28.926515
ST_012,21106,338,2026-01-17T21:40:44.307363
ST_012,84380,398,2026-01-27T16:17:18.685329
ST_012,90152A,259,2026-01-30T14:43:16.090441
ST_012,48184,210,2026-02-09T09:54:31.426905
ST_012,90039C,274,2026-01-24T08:35:59.813822
ST_012,20677,46,2026-01-27T08:57:34.573277
ST_012,85135C,338,2026-02-04T08:39:03.551305
ST_012,85045,413,2026-02-06T04:18:42.268282
ST_012,23161,382,2026-01-27T11:54:12.912637
ST_012,23255,-12,2026-02-11T18:15:47.341355
ST_012,23694,309,2026-02-01T23:33:18.399922
ST_012,90100,280,2026-01-21T13:42:45.418029
ST_012,84798A,422,2026-02-10T03:02:30.221467
ST_012,22880,487,2026-01-21T03:59:59.161049
ST_012,21369,-36,2026-01-14T13:55:31.856745
ST_012,23100,-33,2026-02-06T22:09:25.418165
ST_012,85211,158,2026-01-28T13:08:24.315926
ST_012,84659A,40,2026-01-24T21:51:36.054917
ST_012,22655,218,2026-02-09T18:17:10.811082
ST_012,35599D,6,2026-02-09T09:59:23.057159
ST_012,84905,303,2026-02-11T10:48:06.643437
ST_012,21086,-36,2026-01-17T14:25:25.395616
ST_012,23252,255,2026-01-31T22:26:15.187955
ST_012,22623,171,2026-01-20T03:04:18.871546
ST_012,M,358,2026-01-28T04:37:21.774424
ST_012,23356,411,2026-02-10T09:15:24.983045
ST_012,35004P,343,2026-01-21T15:54:53.471482
ST_012,21377,135,2026-01-28T17:44:38.684677
ST_012,21696,313,2026-01-15T10:26:17.328175
ST_012,20974,100,2026-01-14T14:06:33.977237
ST_012,85200,365,2026-01-20T09:28:16.350530
ST_012,22702,79,2026-02-09T19:57:20.683476
ST_012,21499,423,2026-02-05T08:57:02.292973
ST_012,22057,3,2026-02-05T14:04:47.210977
ST_012,47590A,154,2026-01-29T16:01:57.193358
ST_012,22558,264,2026-01-28T05:16:09.959014
ST_012,21986,385,2026-02-06T15:44:41.161696
ST_012,22112,274,2026-01-15T19:16:28.763520
ST_012,23004,392,2026-02-10T10:24:41.770233
ST_012,22444,400,2026-01-17T03:18:19.953480
ST_012,22346,300,2026-02-02T01:28:46.244815
ST_012,72598,15,2026-02-08T08:37:42.906580
ST_012,23345,95,2026-02-04T12:45:10.173802
ST_012,23191,446,2026-02-09T02:31:47.665595
ST_012,23495,179,2026-01-20T02:20:28.617948
ST_012,22260,88,2026-01-19T08:00:40.126596
ST_012,23181,435,2026-02-06T22:02:23.372990
ST_012,23553,177,2026-01-19T09:36:16.213915
ST_012,21418,88,2026-01-19T09:45:56.035695
ST_012,21816,467,2026-01-17T01:22:35.690504
ST_012,90042A,228,2026-01-30T20:08:38.296106
ST_012,85178,153,2026-01-15T06:04:11.796336
ST_012,47578A,141,2026-02-13T09:56:39.774925
ST_012,23254,349,2026-01-18T08:33:55.887237
ST_012,71496A,38,2026-01-24T04:08:18.466257
ST_012,22897,419,2026-01-27T00:38:58.815652
ST_012,21426,182,2026-01-30T15:13:33.845440
ST_012,20668,-4,2026-01-16T00:55:19.605643
ST_012,84707B,331,2026-01-20T13:17:26.293317
ST_012,21462,100,2026-01-14T12:58:01.942660
ST_012,22886,138,2026-01-29T04:56:32.596955
ST_012,35964,254,2026-02-11T17:27:50.279992
ST_012,23419,6,2026-01-24T05:55:19.505809
ST_012,84922,329,2026-01-27T21:11:18.562822
ST_012,22716,386,2026-01-31T13:44:03.368237
ST_012,21867,385,2026-02-12T12:07:20.067590
ST_012,21015,50,2026-01-27T06:53:58.671216
ST_012,85131B,11,2026-01-16T11:55:47.166007
ST_012,23456,448,2026-02-09T16:45:48.137265
ST_012,35972,-32,2026-01-14T20:47:36.700892
ST_012,37488A,266,2026-02-07T02:31:36.283312
ST_012,20854,380,2026-01-21T13:10:34.957965
ST_012,85071B,52,2026-01-27T16:07:12.692438
ST_012,23325,169,2026-01-16T09:47:28.424944
ST_012,90093,378,2026-01-17T20:00:42.213540
ST_012,84870B,278,2026-01-21T17:45:24.635385
ST_012,23457,248,2026-01-20T23:11:55.131207
ST_012,22900,-26,2026-02-11T03:49:17.579114
ST_012,90055,-24,2026-01-16T04:03:31.044132
ST_012,21507,374,2026-01-14T16:28:03.977595
ST_012,40001,262,2026-01-24T01:02:56.411344
ST_012,23497,289,2026-01-16T20:33:47.687432
ST_012,22183,305,2026-02-12T12:50:21.317347
ST_012,22645,48,2026-02-04T00:36:53.188618
ST_012,90019C,295,2026-02-11T13:53:31.456121
ST_012,21054,-42,2026-02-02T18:33:09.777162
ST_012,90214O,229,2026-01-29T03:10:04.799411
ST_012,22195,36,2026-01-27T21:21:07.380416
ST_012,85225,230,2026-01-27T05:46:28.158040
ST_012,22870,477,2026-01-18T08:34:03.462493
ST_012,22244,481,2026-01-17T08:06:56.861408
ST_012,90065B,123,2026-02-05T15:47:51.448825
ST_012,22936,483,2026-01-23T00:31:49.845022
ST_012,35001W,224,2026-02-08T08:16:14.038504
ST_012,85034A,89,2026-01-26T19:13:00.982101
ST_012,23145,139,2026-01-23T07:40:35.343865
ST_012,90129A,167,2026-02-06T06:19:17.864077
ST_012,90202D,406,2026-01-17T00:26:50.120155
ST_012,37444A,64,2026-02-02T02:25:11.747582
ST_012,22069,52,2026-01-21T19:34:23.641674
ST_012,23102,112,2026-01-16T15:40:57.450043
ST_012,21622,251,2026-01-31T23:11:00.889457
ST_012,20748,168,2026-01-18T09:36:30.911838
ST_012,18097C,140,2026-01-15T12:24:01.399780
ST_012,22322,434,2026-01-17T15:00:16.190497
ST_012,21143,381,2026-02-04T04:12:09.419213
ST_012,16235,223,2026-01-17T19:15:09.712761
ST_012,22060,160,2026-01-29T11:24:20.842523
ST_012,23390,216,2026-02-05T05:33:50.033055
ST_012,21609,155,2026-02-01T06:10:43.458862
ST_012,23190,422,2026-02-01T20:40:05.392865
ST_012,22594,448,2026-02-08T12:03:44.371386
ST_012,90198B,129,2026-01-23T09:00:52.256357
ST_012,23209,23,2026-02-01T11:01:23.526293
ST_012,21955,452,2026-02-03T20:00:15.724805
ST_012,90190B,144,2026-02-03T11:16:11.323978
ST_012,11001,194,2026-01-15T04:20:29.251407
ST_012,21634,135,2026-02-12T19:41:40.473307
ST_012,22518,220,2026-02-02T23:41:02.159276
ST_012,22745,96,2026-01-22T12:20:39.580083
ST_012,90099,317,2026-01-31T07:59:41.238837
ST_012,35650,422,2026-02-11T16:44:54.854620
ST_012,85026B,139,2026-01-30T00:56:02.272693
ST_012,84750B,476,2026-01-25T06:03:05.977011
ST_012,90016A,163,2026-01-19T22:46:14.638858
ST_012,72741,333,2026-01-25T17:28:50.898777
ST_012,16161M,59,2026-01-26T17:07:45.975379
ST_012,21681,138,2026-01-21T04:33:15.401912
ST_012,90086,377,2026-01-20T18:42:48.358261
ST_012,21706,-35,2026-02-10T03:45:20.101244
ST_012,23121,327,2026-02-04T11:58:56.697630
ST_012,22136,33,2026-02-07T17:17:18.942577
ST_012,22086,270,2026-02-01T15:37:59.551734
ST_012,84596F,352,2026-02-01T17:43:24.024461
ST_012,22545,372,2026-02-11T14:45:02.229836
ST_012,22964,392,2026-02-12T09:32:03.748667
ST_012,90155,251,2026-02-04T11:11:17.142375
ST_012,84927F,359,2026-02-12T05:28:56.935443
ST_012,22077,145,2026-01-15T09:34:46.630980
ST_012,84596B,244,2026-01-17T18:22:59.595015
ST_012,84879,47,2026-02-01T00:52:47.717855
ST_012,84828,22,2026-01-17T10:38:02.065009
ST_012,85049G,340,2026-01-31T18:05:01.516328
ST_012,22461,102,2026-01-20T02:02:57.499098
ST_012,21275,76,2026-01-24T00:01:41.533092
ST_012,22971,-40,2026-02-05T09:02:05.383261
ST_012,44235,229,2026-01-25T14:54:53.320263
ST_012,21705,299,2026-02-13T01:53:06.080750
ST_012,23264,99,2026-01-15T08:44:48.296357
ST_012,21210,133,2026-01-24T05:50:44.181676
ST_012,84766,460,2026-01-26T15:50:19.313178
ST_012,21313,313,2026-02-01T10:55:04.993427
ST_012,21067,356,2026-01-27T21:57:34.393552
ST_012,21671,225,2026-01-17T10:30:48.958236
ST_012,84805B,394,2026-02-02T02:56:44.365751
ST_012,72709,164,2026-02-11T14:08:16.847870
ST_012,90158,-39,2026-02-13T10:39:53.017843
ST_012,90120B,194,2026-01-30T21:53:19.168181
ST_012,84678,4,2026-01-22T05:19:35.092198
ST_012,23503,174,2026-01-22T03:51:05.930733
ST_012,21935,362,2026-01-24T02:42:12.269780
ST_012,90161A,-28,2026-02-01T02:15:15.687796
ST_012,22908,58,2026-01-25T10:28:55.433338
ST_012,84854,138,2026-01-15T14:47:22.980161
ST_012,17191A,499,2026-01-27T00:47:05.366132
ST_012,20868,25,2026-01-22T05:51:24.139133
ST_012,20826,146,2026-01-25T17:35:46.466805
ST_012,20971,402,2026-01-29T02:31:53.026297
ST_012,23270,223,2026-01-27T10:10:08.711821
ST_012,21946,87,2026-01-26T10:38:10.121889
ST_012,47310M,149,2026-02-03T01:07:47.977565
ST_012,37446,93,2026-01-26T08:13:46.908996
ST_012,35638A,278,2026-01-19T22:16:23.902862
ST_012,85124B,-6,2026-02-07T21:55:36.591650
ST_012,90094,429,2026-02-02T18:24:45.966855
ST_012,23185,92,2026-02-07T04:45:06.085563
ST_012,17021,477,2026-01-17T07:09:16.449360
ST_012,21032,326,2026-01-16T13:31:08.493759
ST_012,23224,8,2026-01-15T13:33:56.200986
ST_012,23473,382,2026-02-01T18:43:55.571064
ST_012,22563,245,2026-02-04T23:05:36.815351
ST_012,21156,324,2026-02-04T04:19:29.635563
ST_012,22786,40,2026-01-18T13:44:51.256855
ST_012,17136A,316,2026-02-11T01:48:20.768792
ST_012,37471,97,2026-02-01T13:17:02.017074
ST_012,16258A,186,2026-01-21T08:08:45.544268
ST_012,84915,283,2026-01-26T09:49:46.660779
ST_012,90202B,186,2026-01-28T00:39:40.231678
ST_012,90159,316,2026-01-31T17:23:30.879039
ST_012,22649,-27,2026-01-19T16:08:25.490149
ST_012,84637,138,2026-01-21T13:32:15.320850
ST_012,22650,81,2026-02-06T15:26:01.741972
ST_012,22755,175,2026-02-07T10:05:11.935559
ST_012,21403,70,2026-01-20T07:35:55.593076
ST_012,23017,70,2026-01-31T19:47:31.747248
ST_012,22230,23,2026-02-01T07:42:52.328351
ST_012,90040B,178,2026-02-07T19:38:28.122203
ST_012,84465,429,2026-02-10T14:30:01.806780
ST_012,35909A,-45,2026-02-04T04:26:09.899605
ST_012,16161G,126,2026-02-08T10:06:15.704335
ST_012,22324,122,2026-01-19T22:12:28.397713
ST_012,23193,217,2026-02-03T07:14:31.929588
ST_012,23155,345,2026-02-10T07:27:47.647447
ST_012,22602,8,2026-01-22T23:32:39.500213
ST_012,22993,413,2026-01-16T06:36:29.565496
ST_012,82582,290,2026-01-30T19:34:55.423998
ST_012,85202,33,2026-02-01T20:46:45.675802
ST_012,90021,446,2026-02-02T02:41:25.186224
ST_012,22948,375,2026-01-23T04:44:00.231483
ST_012,84192,2,2026-01-22T07:40:30.272891
ST_012,22053,479,2026-01-16T11:45:39.352033
ST_012,84600,498,2026-02-10T01:21:52.670267
ST_012,20796,-11,2026-01-29T21:46:14.946376
ST_012,20697,228,2026-01-22T08:17:14.184049
ST_012,22699,295,2026-02-11T16:21:49.279318
ST_012,44091A,269,2026-02-04T11:44:29.424644
ST_012,21519,203,2026-01-16T18:41:47.853207
ST_012,22441,478,2026-02-03T16:58:56.453156
ST_012,23297,177,2026-01-29T05:38:06.797859
ST_012,21915,234,2026-02-13T03:00:49.558616
ST_012,37449,322,2026-01-26T09:08:17.534935
ST_012,21667,11,2026-02-02T21:30:52.820213
ST_012,22476,29,2026-02-02T18:55:14.703540
ST_012,46000P,495,2026-01-22T14:31:46.354124
ST_012,90003B,-7,2026-02-06T19:13:51.038563
ST_012,21990,-26,2026-01-15T12:18:26.944135
ST_012,82599,134,2026-01-28T21:31:44.796679
ST_012,16161P,432,2026-01-24T15:54:15.030027
ST_012,85132A,40,2026-02-02T16:42:09.580904
ST_012,84593,257,2026-02-02T00:13:06.940654
ST_012,22575,56,2026-01-21T13:08:23.273955
ST_012,23070,-31,2026-01-16T12:20:26.449327
ST_012,90196B,298,2026-01-26T17:58:33.064749
ST_012,22737,409,2026-01-15T10:19:12.223148
ST_013,22876,187,2026-01-18T13:11:08.512270
ST_013,20934,225,2026-02-06T03:38:00.689637
ST_013,21682,181,2026-01-22T15:39:49.754273
ST_013,21910,226,2026-01-15T00:09:18.997586
ST_013,22158,182,2026-02-10T17:27:29.369519
ST_013,35819B,385,2026-02-09T22:48:12.561887
ST_013,20711,207,2026-02-05T19:52:35.974882
ST_013,22406,26,2026-01-23T05:55:16.257675
ST_013,90177E,73,2026-01-16T11:41:12.745562
ST_013,90123B,155,2026-02-06T13:15:11.672710
ST_013,21402,33,2026-02-01T22:59:13.677584
ST_013,21291,464,2026-02-07T17:05:44.708946
ST_013,35819P,280,2026-02-02T19:40:55.122890
ST_013,22399,-8,2026-01-31T04:34:56.045779
ST_013,21261,152,2026-02-12T11:44:29.412604
ST_013,22430,205,2026-02-07T04:24:11.388965
ST_013,21918,277,2026-01-26T23:18:38.605063
ST_013,21232,495,2026-02-05T03:49:46.213681
ST_013,35610B,-47,2026-01-17T14:22:10.789929
ST_013,23165,-29,2026-01-15T11:48:45.194774
ST_013,23311,219,2026-02-09T16:48:17.653401
ST_013,22896,122,2026-01-19T00:45:05.781330
ST_013,85024C,371,2026-01-17T07:42:54.603809
ST_013,23570,202,2026-01-22T22:07:08.659852
ST_013,84666,229,2026-02-07T15:05:55.680655
ST_013,21865,-41,2026-02-12T14:42:42.351544
ST_013,21678,313,2026-02-11T06:24:06.060588
ST_013,20752,480,2026-02-06T22:36:16.930716
ST_013,23434,334,2026-01-25T11:10:02.715905
ST_013,22038,8,2026-01-22T00:27:23.487333
ST_013,21289,395,2026-01-20T17:52:24.728894
ST_013,22034,256,2026-01-23T09:11:35.479921
ST_013,84660B,372,2026-02-01T00:56:18.962498
ST_013,16248B,-30,2026-02-06T15:57:48.023566
ST_013,16259,317,2026-01-28T04:45:47.927625
ST_013,90125E,461,2026-02-07T15:25:17.077572
ST_013,21718,160,2026-01-26T05:14:14.899581
ST_013,35958,-25,2026-01-29T16:31:33.111052
ST_013,22775,394,2026-02-10T07:25:44.063907
ST_013,84927E,446,2026-01-22T16:50:33.572829
ST_013,23412,384,2026-02-10T02:13:33.746138
ST_013,21802,289,2026-02-10T14:35:07.263292
ST_013,22700,140,2026-01-21T10:34:58.514521
ST_013,21792,429,2026-02-08T03:12:50.498343
ST_013,21126,455,2026-01-18T04:35:10.000227
ST_013,47481,31,2026-02-08T15:28:24.326206
ST_013,23000,294,2026-02-03T14:13:45.149966
ST_013,84461,421,2026-02-06T16:52:07.144814
ST_013,84963A,488,2026-02-11T08:49:37.587018
ST_013,90214Z,14,2026-01-24T14:05:45.269480
ST_013,90199C,287,2026-01-28T18:51:25.615873
ST_013,90125B,238,2026-01-26T09:03:01.519999
ST_013,22315,207,2026-02-07T14:09:26.498513
ST_013,22636,335,2026-02-06T08:20:22.770476
ST_013,22408,45,2026-01-27T04:53:05.724209
ST_013,22517,244,2026-01-30T06:09:49.149435
ST_013,85159A,19,2026-02-10T15:13:01.340687
ST_013,23169,347,2026-01-16T12:07:24.521579
ST_013,23243,269,2026-01-21T21:04:23.517536
ST_013,84568,229,2026-01-24T12:00:50.867673
ST_013,22458,163,2026-02-04T15:03:20.658775
ST_013,21272,169,2026-01-21T20:29:53.390104
ST_013,84558A,65,2026-02-07T00:12:38.135037
ST_013,90214I,431,2026-01-30T07:05:22.187961
ST_013,47369B,281,2026-01-15T17:00:12.639790
ST_013,23031,407,2026-01-28T06:36:53.700832
ST_013,21106,208,2026-01-15T15:15:00.682220
ST_013,84380,72,2026-01-24T12:25:33.226449
ST_013,90152A,339,2026-01-15T18:43:22.052545
ST_013,48184,268,2026-01-24T10:15:31.865491
ST_013,90039C,213,2026-02-05T12:55:16.092244
ST_013,20677,138,2026-01-25T21:38:14.986978
ST_013,85135C,470,2026-02-12T18:09:34.657593
ST_013,85045,448,2026-02-07T13:28:07.396616
ST_013,23161,173,2026-01-20T00:16:12.284709
ST_013,23255,138,2026-01-31T09:17:07.755140
ST_013,23694,413,2026-01-28T09:37:06.164452
ST_013,90100,166,2026-01-30T23:12:58.436694
ST_013,84798A,353,2026-01-14T21:25:50.949150
ST_013,22880,198,2026-01-14T17:02:39.656909
ST_013,21369,280,2026-01-18T02:33:11.987092
ST_013,23100,28,2026-01-27T07:12:12.726560
ST_013,85211,384,2026-02-09T09:51:24.658686
ST_013,84659A,238,2026-02-05T23:48:25.172057
ST_013,22655,423,2026-01-27T23:41:08.337815
ST_013,35599D,449,2026-02-03T15:33:39.231966
ST_013,84905,482,2026-02-13T12:05:53.916728
ST_013,21086,412,2026-01-23T14:27:01.005967
ST_013,23252,417,2026-02-08T04:51:41.601135
ST_013,22623,53,2026-01-21T01:40:12.378041
ST_013,M,339,2026-01-25T02:32:54.418283
ST_013,23356,350,2026-02-03T16:11:13.636043
ST_013,35004P,125,2026-02-11T06:32:44.604240
ST_013,21377,420,2026-02-11T23:38:06.263907
ST_013,21696,414,2026-01-24T07:17:00.568745
ST_013,20974,289,2026-01-15T07:21:40.428333
ST_013,85200,9,2026-01-22T17:47:09.197142
ST_013,22702,335,2026-01-16T08:31:52.666822
ST_013,21499,116,2026-02-03T10:11:59.185681
ST_013,22057,251,2026-01-20T11:55:06.574863
ST_013,47590A,149,2026-02-01T12:57:21.048764
ST_013,22558,251,2026-01-15T02:12:57.234860
ST_013,21986,37,2026-01-29T05:19:53.046173
ST_013,22112,173,2026-01-31T19:11:14.450946
ST_013,23004,353,2026-02-01T18:26:08.230616
ST_013,22444,448,2026-02-02T01:37:01.038906
ST_013,22346,-31,2026-01-16T03:39:38.562841
ST_013,72598,278,2026-01-20T15:23:46.412655
ST_013,23345,-11,2026-01-26T15:43:50.057669
ST_013,23191,201,2026-01-29T00:28:12.064649
ST_013,23495,280,2026-01-30T22:16:22.007290
ST_013,22260,318,2026-02-03T10:27:21.141608
ST_013,23181,-7,2026-01-17T14:45:16.360079
ST_013,23553,435,2026-01-22T19:57:30.234953
ST_013,21418,127,2026-02-12T09:33:48.458205
ST_013,21816,435,2026-02-12T20:12:10.037980
ST_013,90042A,318,2026-02-10T11:12:34.571968
ST_013,85178,190,2026-01-18T15:28:05.861078
ST_013,47578A,420,2026-01-29T15:53:17.523644
ST_013,23254,205,2026-01-25T01:10:43.976784
ST_013,71496A,-29,2026-01-19T15:23:05.903994
ST_013,22897,114,2026-02-09T22:30:57.200776
ST_013,21426,302,2026-02-12T18:49:15.511842
ST_013,20668,321,2026-01-17T21:05:54.773537
ST_013,84707B,100,2026-01-30T10:38:04.821091
ST_013,21462,299,2026-02-04T02:08:31.585129
ST_013,22886,259,2026-01-27T00:03:11.591961
ST_013,35964,235,2026-02-13T04:20:09.889217
ST_013,23419,456,2026-01-30T03:37:05.443520
ST_013,84922,207,2026-01-16T08:53:42.238190
ST_013,22716,283,2026-01-15T07:22:00.346287
ST_013,21867,278,2026-01-14T15:26:06.168583
ST_013,21015,464,2026-02-07T01:28:13.448355
ST_013,85131B,252,2026-02-02T00:16:56.394519
ST_013,23456,78,2026-02-07T14:08:36.510410
ST_013,35972,136,2026-01-27T03:21:54.530143
ST_013,37488A,310,2026-02-09T06:08:53.830136
ST_013,20854,290,2026-02-06T02:22:57.453316
ST_013,85071B,494,2026-01-20T00:53:49.943071
ST_013,23325,290,2026-01-23T11:40:18.421187
ST_013,90093,462,2026-01-27T03:29:30.316344
ST_013,84870B,-11,2026-02-09T00:41:25.540232
ST_013,23457,145,2026-02-09T11:14:02.265212
ST_013,22900,-14,2026-01-21T04:18:27.422403
ST_013,90055,375,2026-02-08T23:57:09.596194
ST_013,21507,27,2026-01-23T08:27:13.661680
ST_013,40001,131,2026-01-14T16:39:49.880851
ST_013,23497,420,2026-01-22T18:25:28.500820
ST_013,22183,392,2026-01-21T03:44:19.844769
ST_013,22645,308,2026-02-08T08:00:59.760135
ST_013,90019C,497,2026-01-24T07:22:35.407106
ST_013,21054,492,2026-02-09T16:15:51.463669
ST_013,90214O,-9,2026-01-31T17:10:21.134783
ST_013,22195,478,2026-01-29T06:09:16.581376
ST_013,85225,283,2026-01-29T18:23:00.335817
ST_013,22870,475,2026-01-26T03:46:20.357706
ST_013,22244,119,2026-01-21T23:16:36.671587
ST_013,90065B,410,2026-01-19T07:44:55.021976
ST_013,22936,399,2026-01-28T10:48:22.232076
ST_013,35001W,489,2026-01-21T22:46:31.134376
ST_013,85034A,488,2026-01-23T01:02:16.118755
ST_013,23145,362,2026-01-28T23:10:10.457364
ST_013,90129A,162,2026-01-30T18:12:53.717953
ST_013,90202D,219,2026-01-29T20:23:30.038278
ST_013,37444A,234,2026-02-08T09:53:06.921927
ST_013,22069,325,2026-02-04T04:34:24.954194
ST_013,23102,20,2026-01-22T23:53:43.392736
ST_013,21622,-27,2026-02-06T08:09:46.419798
ST_013,20748,248,2026-02-03T01:48:44.021730
ST_013,18097C,-4,2026-02-06T07:02:03.980115
ST_013,22322,270,2026-02-12T09:01:59.851943
ST_013,21143,11,2026-01-30T16:47:29.617258
ST_013,16235,292,2026-01-29T00:56:07.321674
ST_013,22060,-32,2026-02-05T07:45:04.688490
ST_013,23390,235,2026-01-26T02:22:01.796026
ST_013,21609,494,2026-01-29T01:04:24.216871
ST_013,23190,432,2026-01-17T01:00:41.398790
ST_013,22594,70,2026-01-18T16:22:46.764328
ST_013,90198B,32,2026-02-07T21:45:44.548172
ST_013,23209,400,2026-02-08T02:29:13.127465
ST_013,21955,420,2026-01-24T16:54:06.856182
ST_013,90190B,51,2026-01-22T04:57:41.622191
ST_013,11001,411,2026-02-04T16:16:19.614212
ST_013,21634,49,2026-01-26T01:16:07.248555
ST_013,22518,213,2026-01-15T08:07:12.507859
ST_013,22745,252,2026-02-06T03:04:03.714571
ST_013,90099,323,2026-01-16T11:41:44.570520
ST_013,35650,-20,2026-02-11T06:32:52.506954
ST_013,85026B,216,2026-02-07T21:07:30.140460
ST_013,84750B,67,2026-01-30T22:48:17.401412
ST_013,90016A,40,2026-01-23T09:51:25.850843
ST_013,72741,-17,2026-02-07T19:21:04.053225
ST_013,16161M,280,2026-01-15T08:03:21.287439
ST_013,21681,231,2026-01-25T15:55:05.608682
ST_013,90086,163,2026-01-21T07:08:09.887097
ST_013,21706,227,2026-02-09T23:21:44.150538
ST_013,23121,76,2026-02-07T05:57:56.573188
ST_013,22136,474,2026-02-01T05:17:58.715631
ST_013,22086,8,2026-01-16T21:51:20.370197
ST_013,84596F,207,2026-02-11T05:39:47.032283
ST_013,22545,109,2026-02-13T06:35:37.812102
ST_013,22964,212,2026-01-22T10:10:30.753078
ST_013,90155,102,2026-01-14T23:28:07.729041
ST_013,84927F,34,2026-01-26T00:53:11.717843
ST_013,22077,296,2026-02-06T11:23:46.343204
ST_013,84596B,30,2026-02-02T23:40:54.332481
ST_013,84879,184,2026-01-21T13:44:43.582765
ST_013,84828,-43,2026-01-27T03:37:57.065497
ST_013,85049G,248,2026-02-11T17:53:52.044441
ST_013,22461,257,2026-02-12T03:44:04.959341
ST_013,21275,253,2026-01-14T15:27:08.633483
ST_013,22971,78,2026-02-05T05:03:26.041720
ST_013,44235,412,2026-01-20T04:06:19.496288
ST_013,21705,219,2026-01-18T06:22:40.375239
ST_013,23264,340,2026-01-31T03:26:51.863241
ST_013,21210,430,2026-02-09T19:55:39.223821
ST_013,84766,2,2026-01-19T20:20:08.795062
ST_013,21313,195,2026-02-07T20:35:03.530673
ST_013,21067,29,2026-02-05T07:16:47.085215
ST_013,21671,56,2026-01-16T14:30:10.839894
ST_013,84805B,210,2026-02-11T11:31:32.845385
ST_013,72709,408,2026-02-05T03:46:57.752210
ST_013,90158,92,2026-01-16T12:53:58.554912
ST_013,90120B,4,2026-01-27T02:58:42.263240
ST_013,84678,248,2026-01-26T02:38:23.221255
ST_013,23503,462,2026-01-17T03:28:40.717682
ST_013,21935,95,2026-01-20T18:22:32.055355
ST_013,90161A,275,2026-01-21T10:45:47.717199
ST_013,22908,281,2026-01-28T08:05:13.737170
ST_013,84854,368,2026-01-21T21:12:32.474385
ST_013,17191A,293,2026-02-11T11:36:10.338187
ST_013,20868,318,2026-02-12T08:11:40.889668
ST_013,20826,197,2026-01-22T00:29:42.748142
ST_013,20971,374,2026-02-02T11:23:30.110416
ST_013,23270,145,2026-01-24T17:26:50.214125
ST_013,21946,141,2026-02-10T04:19:19.494359
ST_013,47310M,459,2026-02-04T22:55:03.911076
ST_013,37446,443,2026-02-02T06:11:30.034472
ST_013,35638A,139,2026-02-09T00:58:44.919094
ST_013,85124B,209,2026-02-08T18:31:17.087513
ST_013,90094,182,2026-02-10T01:59:52.776610
ST_013,23185,-34,2026-01-24T12:33:20.701778
ST_013,17021,195,2026-01-31T01:48:47.422999
ST_013,21032,419,2026-01-15T10:52:46.092892
ST_013,23224,291,2026-01-26T10:38:30.573693
ST_013,23473,419,2026-02-03T06:16:21.401540
ST_013,22563,309,2026-02-04T21:42:43.833804
ST_013,21156,356,2026-02-07T00:41:08.798857
ST_013,22786,-12,2026-01-18T12:49:11.968797
ST_013,17136A,121,2026-01-31T17:02:50.472880
ST_013,37471,124,2026-02-01T23:03:57.026992
ST_013,16258A,-41,2026-01-24T10:05:13.279779
ST_013,84915,37,2026-02-09T00:54:00.206166
ST_013,90202B,15,2026-01-27T06:40:07.396552
ST_013,90159,132,2026-01-28T12:34:45.459018
ST_013,22649,173,2026-02-08T08:36:45.605798
ST_013,84637,312,2026-02-03T07:57:10.171656
ST_013,22650,449,2026-01-31T17:44:53.479935
ST_013,22755,407,2026-01-15T17:35:42.501395
ST_013,21403,154,2026-02-10T12:38:59.054047
ST_013,23017,490,2026-01-16T22:51:58.231232
ST_013,22230,329,2026-01-28T23:22:56.587915
ST_013,90040B,26,2026-02-10T17:32:43.009821
ST_013,84465,215,2026-02-12T13:31:00.020586
ST_013,35909A,236,2026-01-23T02:29:22.002740
ST_013,16161G,273,2026-01-30T18:50:56.396106
ST_013,22324,78,2026-02-05T19:13:57.766743
ST_013,23193,215,2026-02-08T13:23:34.654621
ST_013,23155,500,2026-01-21T23:44:42.886199
ST_013,22602,389,2026-02-05T14:59:26.327796
ST_013,22993,417,2026-01-23T04:05:54.175477
ST_013,82582,382,2026-01-20T13:10:20.400660
ST_013,85202,53,2026-01-23T17:17:51.247831
ST_013,90021,299,2026-02-04T02:12:37.025185
ST_013,22948,276,2026-01-21T07:17:38.345189
ST_013,84192,346,2026-02-09T21:38:09.150339
ST_013,22053,281,2026-01-29T00:55:39.676988
ST_013,84600,437,2026-01-31T23:47:31.201389
ST_013,20796,72,2026-01-17T20:21:39.263442
ST_013,20697,266,2026-02-01T03:42:38.257061
ST_013,22699,392,2026-01-24T04:47:57.750687
ST_013,44091A,325,2026-01-29T11:08:23.439006
ST_013,21519,351,2026-02-10T11:54:16.074406
ST_013,22441,-14,2026-01-29T02:50:42.161913
ST_013,23297,78,2026-02-13T08:35:13.245470
ST_013,21915,101,2026-02-01T10:00:27.035478
ST_013,37449,399,2026-01-21T01:36:01.771581
ST_013,21667,55,2026-01-19T15:06:02.981740
ST_013,22476,414,2026-02-09T06:00:34.553780
ST_013,46000P,500,2026-02-06T00:06:14.927493
ST_013,90003B,39,2026-01-18T07:21:01.604432
ST_013,21990,359,2026-02-03T02:20:33.482398
ST_013,82599,478,2026-02-01T09:46:04.568347
ST_013,16161P,58,2026-01-23T19:39:58.679161
ST_013,85132A,472,2026-01-23T08:17:31.577386
ST_013,84593,16,2026-02-06T16:46:00.985461
ST_013,22575,260,2026-02-10T13:34:51.275209
ST_013,23070,220,2026-01-31T13:35:53.276905
ST_013,90196B,157,2026-01-30T12:37:13.711422
ST_013,22737,325,2026-01-29T03:07:31.561213
ST_014,22876,96,2026-02-07T11:31:33.719966
ST_014,20934,103,2026-01-26T02:01:36.886739
ST_014,21682,491,2026-01-26T09:57:49.347649
ST_014,21910,446,2026-02-10T17:34:55.516268
ST_014,22158,311,2026-02-11T19:39:43.906387
ST_014,35819B,491,2026-01-17T09:30:24.407794
ST_014,20711,83,2026-02-09T19:53:51.725357
ST_014,22406,222,2026-02-09T11:57:11.026810
ST_014,90177E,322,2026-01-30T09:43:12.845686
ST_014,90123B,387,2026-02-07T00:56:11.128875
ST_014,21402,191,2026-02-03T14:19:56.306253
ST_014,21291,301,2026-02-01T19:40:22.858712
ST_014,35819P,286,2026-02-06T11:16:38.829816
ST_014,22399,422,2026-01-31T17:52:29.091394
ST_014,21261,-21,2026-02-03T10:51:05.055767
ST_014,22430,65,2026-02-08T17:06:03.167468
ST_014,21918,25,2026-01-21T09:32:38.451356
ST_014,21232,93,2026-01-18T05:51:47.053612
ST_014,35610B,-13,2026-02-03T02:33:31.340109
ST_014,23165,-22,2026-02-02T06:20:11.621055
ST_014,23311,190,2026-01-20T23:36:29.457142
ST_014,22896,92,2026-02-02T02:33:30.116135
ST_014,85024C,340,2026-02-08T00:58:58.392318
ST_014,23570,103,2026-01-17T08:48:32.253994
ST_014,84666,91,2026-01-31T23:42:01.752533
ST_014,21865,-41,2026-02-08T10:11:36.094153
ST_014,21678,426,2026-01-20T07:57:23.759970
ST_014,20752,231,2026-01-29T14:12:54.007206
ST_014,23434,204,2026-01-17T22:19:57.493028
ST_014,22038,29,2026-02-04T22:07:51.216321
ST_014,21289,386,2026-01-23T23:35:44.348125
ST_014,22034,46,2026-01-24T05:13:51.640635
ST_014,84660B,169,2026-02-11T01:09:46.009467
ST_014,16248B,34,2026-02-02T20:51:42.365906
ST_014,16259,157,2026-01-14T14:05:39.274217
ST_014,90125E,225,2026-01-20T09:30:33.823955
ST_014,21718,420,2026-02-06T20:52:15.088380
ST_014,35958,406,2026-01-24T01:24:03.816419
ST_014,22775,173,2026-02-03T00:42:37.202277
ST_014,84927E,7,2026-02-01T18:37:28.796929
ST_014,23412,305,2026-01-20T05:27:47.344110
ST_014,21802,78,2026-01-30T05:59:02.323368
ST_014,22700,213,2026-01-17T05:32:26.475756
ST_014,21792,460,2026-02-11T12:50:33.828458
ST_014,21126,180,2026-01-23T05:01:02.878304
ST_014,47481,132,2026-01-21T06:24:18.578779
ST_014,23000,-20,2026-02-06T03:57:41.128901
ST_014,84461,-2,2026-01-29T13:08:39.615878
ST_014,84963A,19,2026-02-11T23:35:57.539240
ST_014,90214Z,231,2026-01-19T08:14:49.655680
ST_014,90199C,289,2026-01-20T15:26:51.870321
ST_014,90125B,360,2026-02-05T00:38:32.432612
ST_014,22315,371,2026-02-02T02:54:48.506457
ST_014,22636,111,2026-01-16T22:41:24.293119
ST_014,22408,206,2026-02-10T17:13:00.501146
ST_014,22517,371,2026-01-19T13:20:31.085242
ST_014,85159A,184,2026-01-30T10:10:46.273469
ST_014,23169,167,2026-02-03T11:11:38.324407
ST_014,23243,149,2026-02-07T00:10:47.155413
ST_014,84568,63,2026-02-01T21:38:31.442349
ST_014,22458,-34,2026-02-12T01:43:11.303775
ST_014,21272,146,2026-02-02T13:11:49.477783
ST_014,84558A,41,2026-01-20T22:52:31.699570
ST_014,90214I,68,2026-01-15T21:06:06.910140
ST_014,47369B,229,2026-01-24T17:33:39.683492
ST_014,23031,399,2026-01-20T17:40:18.568458
ST_014,21106,177,2026-01-24T18:00:39.836285
ST_014,84380,477,2026-01-18T02:02:48.554226
ST_014,90152A,19,2026-01-19T01:04:13.467526
ST_014,48184,250,2026-02-10T17:02:53.370655
ST_014,90039C,324,2026-02-12T14:40:44.112916
ST_014,20677,443,2026-02-11T00:49:13.860043
ST_014,85135C,374,2026-01-18T12:31:31.257639
ST_014,85045,255,2026-01-27T14:59:20.741993
ST_014,23161,297,2026-01-28T21:35:48.054271
ST_014,23255,41,2026-02-10T00:28:17.206164
ST_014,23694,200,2026-01-15T20:58:56.122725
ST_014,90100,135,2026-01-20T06:32:48.048271
ST_014,84798A,351,2026-02-12T07:58:05.873771
ST_014,22880,439,2026-02-03T16:37:42.122990
ST_014,21369,373,2026-02-06T06:49:15.254134
ST_014,23100,107,2026-01-16T18:35:22.419774
ST_014,85211,174,2026-02-05T04:54:05.123092
ST_014,84659A,91,2026-01-28T07:41:45.999181
ST_014,22655,396,2026-01-30T13:16:03.529366
ST_014,35599D,430,2026-02-03T02:29:10.157197
ST_014,84905,437,2026-01-29T09:22:46.381713
ST_014,21086,325,2026-02-06T21:13:31.924957
ST_014,23252,461,2026-01-31T18:27:33.493306
ST_014,22623,-30,2026-01-31T11:00:01.562402
ST_014,M,434,2026-02-12T16:48:13.614651
ST_014,23356,395,2026-02-05T07:11:36.497704
ST_014,35004P,459,2026-02-11T07:42:57.958550
ST_014,21377,126,2026-02-12T05:19:31.134064
ST_014,21696,280,2026-01-17T03:06:29.691165
ST_014,20974,199,2026-02-03T15:01:27.637899
ST_014,85200,-41,2026-02-13T00:53:50.666078
ST_014,22702,156,2026-01-20T09:36:55.004140
ST_014,21499,261,2026-02-02T21:10:08.006722
ST_014,22057,457,2026-02-05T09:27:39.140374
ST_014,47590A,43,2026-01-23T08:25:16.263390
ST_014,22558,73,2026-02-13T02:40:57.592510
ST_014,21986,-49,2026-01-19T08:13:39.950974
ST_014,22112,390,2026-01-26T07:16:00.122894
ST_014,23004,148,2026-02-11T15:57:27.833214
ST_014,22444,416,2026-01-22T10:28:01.037763
ST_014,22346,276,2026-02-12T02:33:05.006975
ST_014,72598,122,2026-01-18T17:28:25.528428
ST_014,23345,279,2026-02-07T01:55:58.689452
ST_014,23191,31,2026-02-13T10:23:08.581206
ST_014,23495,-35,2026-01-20T05:36:20.489377
ST_014,22260,226,2026-01-19T15:37:02.003285
ST_014,23181,481,2026-01-30T15:36:14.037352
ST_014,23553,465,2026-01-20T05:31:41.516922
ST_014,21418,210,2026-02-04T11:50:23.944367
ST_014,21816,11,2026-01-20T19:15:47.423983
ST_014,90042A,153,2026-01-15T16:58:19.502511
ST_014,85178,466,2026-01-18T21:37:06.889797
ST_014,47578A,241,2026-01-20T21:54:41.038800
ST_014,23254,458,2026-01-29T07:11:08.781446
ST_014,71496A,256,2026-02-03T10:44:32.719822
ST_014,22897,370,2026-02-02T04:09:58.259431
ST_014,21426,78,2026-02-03T11:11:59.807113
ST_014,20668,163,2026-01-24T07:49:33.096372
ST_014,84707B,167,2026-02-01T19:02:57.421706
ST_014,21462,195,2026-01-23T00:58:34.095876
ST_014,22886,440,2026-02-06T17:34:26.896039
ST_014,35964,283,2026-02-01T20:38:40.336732
ST_014,23419,196,2026-02-05T15:01:23.561646
ST_014,84922,31,2026-02-10T03:40:03.883916
ST_014,22716,406,2026-01-22T16:44:54.987009
ST_014,21867,229,2026-02-09T16:49:28.863744
ST_014,21015,-40,2026-02-12T13:55:38.410319
ST_014,85131B,298,2026-01-25T00:49:42.786714
ST_014,23456,47,2026-01-14T21:00:00.114094
ST_014,35972,187,2026-02-09T22:57:49.114966
ST_014,37488A,296,2026-01-27T20:11:04.398415
ST_014,20854,445,2026-02-05T00:33:16.074299
ST_014,85071B,-9,2026-01-21T12:31:48.986214
ST_014,23325,48,2026-02-01T15:44:41.032966
ST_014,90093,375,2026-02-11T09:21:45.297278
ST_014,84870B,267,2026-01-23T01:50:00.408469
ST_014,23457,345,2026-01-19T03:10:49.500957
ST_014,22900,200,2026-02-06T20:14:43.364222
ST_014,90055,475,2026-01-14T19:11:09.574318
ST_014,21507,428,2026-01-19T12:49:13.680580
ST_014,40001,431,2026-01-19T18:18:42.251101
ST_014,23497,476,2026-01-16T01:48:04.162713
ST_014,22183,269,2026-01-17T05:23:35.200234
ST_014,22645,37,2026-02-07T21:01:26.941693
ST_014,90019C,304,2026-01-24T00:04:13.240641
ST_014,21054,423,2026-01-30T17:11:07.490561
ST_014,90214O,163,2026-02-08T10:47:14.991513
ST_014,22195,194,2026-02-13T00:05:51.933110
ST_014,85225,455,2026-02-05T14:25:20.954369
ST_014,22870,19,2026-02-08T00:52:00.981682
ST_014,22244,474,2026-01-21T21:51:26.690245
ST_014,90065B,488,2026-02-06T08:59:50.864245
ST_014,22936,251,2026-01-31T05:43:40.858012
ST_014,35001W,91,2026-01-23T00:01:45.218482
ST_014,85034A,499,2026-01-30T22:54:23.129497
ST_014,23145,276,2026-02-11T08:03:14.381593
ST_014,90129A,495,2026-02-03T16:59:49.131322
ST_014,90202D,68,2026-01-15T12:37:26.730830
ST_014,37444A,-6,2026-01-27T12:57:36.251512
ST_014,22069,296,2026-02-02T00:07:21.649654
ST_014,23102,329,2026-01-22T07:13:24.169908
ST_014,21622,138,2026-01-17T16:01:37.302604
ST_014,20748,89,2026-01-30T09:10:15.747098
ST_014,18097C,264,2026-01-21T11:31:42.748677
ST_014,22322,485,2026-02-11T11:02:03.473521
ST_014,21143,88,2026-01-22T07:17:43.964552
ST_014,16235,230,2026-02-06T21:46:51.516466
ST_014,22060,160,2026-02-05T18:48:05.880652
ST_014,23390,-24,2026-02-01T20:40:52.995762
ST_014,21609,3,2026-01-21T01:12:55.248870
ST_014,23190,470,2026-01-26T07:05:00.897284
ST_014,22594,43,2026-02-04T19:34:31.835457
ST_014,90198B,154,2026-02-08T04:58:35.686536
ST_014,23209,324,2026-01-26T21:25:14.594142
ST_014,21955,419,2026-02-04T14:18:04.098308
ST_014,90190B,317,2026-01-23T20:11:18.662844
ST_014,11001,438,2026-02-01T09:52:25.674869
ST_014,21634,494,2026-02-12T12:01:27.217894
ST_014,22518,142,2026-02-07T07:40:44.632673
ST_014,22745,444,2026-01-18T09:21:48.700755
ST_014,90099,133,2026-02-04T00:25:28.581582
ST_014,35650,71,2026-01-27T02:24:07.421297
ST_014,85026B,79,2026-01-28T10:20:21.013928
ST_014,84750B,196,2026-01-31T01:22:32.196414
ST_014,90016A,412,2026-01-28T11:24:24.795419
ST_014,72741,232,2026-02-11T17:50:32.438593
ST_014,16161M,53,2026-02-01T14:21:38.106017
ST_014,21681,360,2026-01-31T11:54:34.101476
ST_014,90086,13,2026-01-30T12:29:15.850213
ST_014,21706,135,2026-02-01T12:03:02.319559
ST_014,23121,67,2026-02-01T01:33:01.685560
ST_014,22136,-6,2026-02-02T10:19:48.970247
ST_014,22086,43,2026-02-09T17:05:39.995781
ST_014,84596F,15,2026-01-14T20:32:44.022215
ST_014,22545,69,2026-02-13T00:14:11.938737
ST_014,22964,442,2026-02-11T05:01:20.538979
ST_014,90155,329,2026-02-10T08:47:34.745100
ST_014,84927F,85,2026-01-15T10:19:57.716588
ST_014,22077,210,2026-01-18T12:28:51.822288
ST_014,84596B,-20,2026-02-09T00:12:33.011043
ST_014,84879,316,2026-02-06T08:57:45.655989
ST_014,84828,129,2026-02-12T04:39:13.465420
ST_014,85049G,165,2026-01-30T07:24:16.293208
ST_014,22461,286,2026-02-04T19:30:45.446261
ST_014,21275,308,2026-01-25T13:00:47.279462
ST_014,22971,359,2026-01-18T04:33:42.309734
ST_014,44235,210,2026-02-04T00:40:07.174089
ST_014,21705,406,2026-01-17T11:42:26.926328
ST_014,23264,-14,2026-01-30T14:07:06.034511
ST_014,21210,235,2026-02-01T21:40:46.018733
ST_014,84766,33,2026-02-07T06:44:21.185986
ST_014,21313,277,2026-01-27T01:11:15.544918
ST_014,21067,175,2026-01-31T21:00:14.608945
ST_014,21671,431,2026-01-19T00:10:41.874197
ST_014,84805B,187,2026-01-22T22:03:07.142907
ST_014,72709,329,2026-01-27T07:54:07.112280
ST_014,90158,-38,2026-01-29T02:35:43.235763
ST_014,90120B,295,2026-01-17T02:19:06.666710
ST_014,84678,15,2026-02-02T03:31:02.410371
ST_014,23503,302,2026-01-15T21:35:30.310669
ST_014,21935,328,2026-01-26T02:23:37.181511
ST_014,90161A,27,2026-01-28T23:21:32.328292
ST_014,22908,110,2026-01-30T03:40:05.764502
ST_014,84854,68,2026-02-06T07:53:32.108570
ST_014,17191A,81,2026-01-23T07:40:52.231664
ST_014,20868,-47,2026-01-23T17:17:40.514080
ST_014,20826,245,2026-02-01T22:21:58.277827
ST_014,20971,241,2026-02-07T10:11:07.654596
ST_014,23270,57,2026-01-16T16:16:21.595804
ST_014,21946,498,2026-01-27T09:03:35.238213
ST_014,47310M,196,2026-01-15T23:23:25.889040
ST_014,37446,387,2026-01-22T09:40:32.493088
ST_014,35638A,6,2026-01-18T11:15:19.971129
ST_014,85124B,394,2026-01-31T06:39:04.315911
ST_014,90094,434,2026-01-30T18:51:31.082453
ST_014,23185,151,2026-02-03T07:08:37.337414
ST_014,17021,77,2026-02-02T04:09:58.468392
ST_014,21032,246,2026-01-20T13:33:36.296861
ST_014,23224,175,2026-01-25T18:06:11.299951
ST_014,23473,364,2026-02-02T00:18:29.982369
ST_014,22563,355,2026-01-20T13:08:44.884401
ST_014,21156,484,2026-01-24T01:50:56.327714
ST_014,22786,496,2026-01-17T14:59:50.854925
ST_014,17136A,420,2026-02-10T03:09:32.822301
ST_014,37471,125,2026-02-08T17:02:49.932572
ST_014,16258A,373,2026-01-17T13:35:16.848403
ST_014,84915,94,2026-01-22T09:20:07.980238
ST_014,90202B,460,2026-01-18T10:05:27.862110
ST_014,90159,372,2026-01-22T04:39:37.958554
ST_014,22649,437,2026-01-22T18:31:49.357311
ST_014,84637,127,2026-02-03T18:47:54.503376
ST_014,22650,401,2026-02-04T01:57:47.380212
ST_014,22755,332,2026-01-18T03:22:38.307719
ST_014,21403,85,2026-02-01T05:53:11.931274
ST_014,23017,491,2026-02-05T04:22:12.096238
ST_014,22230,362,2026-01-27T01:58:25.157673
ST_014,90040B,314,2026-02-07T03:28:24.822842
ST_014,84465,318,2026-01-21T17:22:13.397910
ST_014,35909A,270,2026-02-13T04:39:20.304230
ST_014,16161G,415,2026-01-23T22:07:56.823924
ST_014,22324,365,2026-01-15T19:34:43.534115
ST_014,23193,417,2026-01-30T22:15:11.061970
ST_014,23155,410,2026-01-31T10:46:28.428292
ST_014,22602,389,2026-02-09T21:53:23.682790
ST_014,22993,329,2026-01-14T14:37:28.338243
ST_014,82582,-3,2026-01-15T09:36:36.690626
ST_014,85202,153,2026-01-28T11:03:49.286327
ST_014,90021,-5,2026-02-07T17:25:34.703846
ST_014,22948,405,2026-02-02T05:46:45.478892
ST_014,84192,480,2026-02-05T15:30:03.150831
ST_014,22053,42,2026-01-19T15:10:31.306918
ST_014,84600,298,2026-02-12T07:46:20.791303
ST_014,20796,183,2026-01-31T13:35:15.291062
ST_014,20697,50,2026-02-02T08:07:26.901559
ST_014,22699,324,2026-02-03T03:28:40.045242
ST_014,44091A,194,2026-01-28T13:18:42.078625
ST_014,21519,317,2026-02-04T17:07:24.042536
ST_014,22441,171,2026-02-02T11:40:24.779667
ST_014,23297,61,2026-01-28T08:28:38.159934
ST_014,21915,142,2026-01-18T16:10:50.406895
ST_014,37449,49,2026-01-15T04:11:31.822686
ST_014,21667,175,2026-02-10T02:09:21.838879
ST_014,22476,430,2026-01-28T14:56:10.939301
ST_014,46000P,63,2026-02-05T00:53:52.728288
ST_014,90003B,164,2026-01-27T16:29:15.984710
ST_014,21990,417,2026-01-18T18:25:51.445366
ST_014,82599,276,2026-02-05T14:38:14.495504
ST_014,16161P,24,2026-02-03T06:40:00.308022
ST_014,85132A,-36,2026-02-06T01:48:48.217333
ST_014,84593,199,2026-02-03T12:51:36.491451
ST_014,22575,219,2026-01-24T09:42:33.272441
ST_014,23070,-37,2026-01-24T16:49:51.937835
ST_014,90196B,444,2026-01-27T20:24:41.623321
ST_014,22737,440,2026-01-23T17:35:00.365283
ST_015,22876,452,2026-01-21T11:13:31.309258
ST_015,20934,265,2026-01-31T12:23:27.701303
ST_015,21682,81,2026-02-02T12:15:02.374799
ST_015,21910,-32,2026-01-18T16:02:44.283666
ST_015,22158,428,2026-02-04T00:40:12.038599
ST_015,35819B,58,2026-01-20T18:57:04.622467
ST_015,20711,418,2026-01-21T12:21:41.894566
ST_015,22406,478,2026-02-01T21:50:58.182950
ST_015,90177E,65,2026-02-13T02:07:30.405157
ST_015,90123B,487,2026-02-05T13:30:09.640652
ST_015,21402,354,2026-01-16T15:03:05.302427
ST_015,21291,140,2026-02-08T06:25:24.679686
ST_015,35819P,415,2026-01-30T02:32:26.237446
ST_015,22399,109,2026-02-12T22:10:15.333579
ST_015,21261,343,2026-02-10T23:20:32.477986
ST_015,22430,244,2026-01-16T16:34:16.387493
ST_015,21918,214,2026-02-09T06:28:03.263286
ST_015,21232,398,2026-01-29T13:36:15.000460
ST_015,35610B,115,2026-01-26T02:58:15.682114
ST_015,23165,185,2026-01-15T14:13:40.813047
ST_015,23311,427,2026-01-28T20:56:06.124997
ST_015,22896,236,2026-01-23T18:04:48.888247
ST_015,85024C,64,2026-01-23T00:17:45.368352
ST_015,23570,315,2026-01-14T14:42:03.764842
ST_015,84666,326,2026-01-27T05:57:16.020696
ST_015,21865,1,2026-01-19T04:09:27.560352
ST_015,21678,234,2026-01-18T03:23:37.818732
ST_015,20752,-35,2026-01-22T00:46:24.665631
ST_015,23434,290,2026-01-30T18:41:37.874952
ST_015,22038,268,2026-02-02T12:35:56.602226
ST_015,21289,452,2026-01-24T22:26:37.835834
ST_015,22034,0,2026-01-29T06:42:53.824689
ST_015,84660B,67,2026-02-07T16:46:57.956874
ST_015,16248B,28,2026-01-24T12:23:01.563748
ST_015,16259,495,2026-01-29T06:03:34.248304
ST_015,90125E,12,2026-02-01T17:41:46.218465
ST_015,21718,6,2026-02-08T17:45:52.999280
ST_015,35958,249,2026-01-27T19:35:10.651951
ST_015,22775,94,2026-01-15T02:03:25.420705
ST_015,84927E,498,2026-01-24T17:16:01.161207
ST_015,23412,469,2026-02-05T11:27:30.224047
ST_015,21802,332,2026-02-05T21:47:31.217723
ST_015,22700,483,2026-01-24T10:02:04.486294
ST_015,21792,115,2026-01-21T08:42:02.074745
ST_015,21126,400,2026-01-24T20:00:18.374396
ST_015,47481,116,2026-02-07T02:44:29.904342
ST_015,23000,43,2026-01-22T15:02:31.759365
ST_015,84461,364,2026-01-22T06:38:39.694838
ST_015,84963A,188,2026-01-25T02:52:12.248130
ST_015,90214Z,291,2026-01-19T06:47:09.946410
ST_015,90199C,301,2026-01-29T13:59:14.551213
ST_015,90125B,286,2026-01-28T23:14:53.066686
ST_015,22315,311,2026-01-25T14:44:36.073521
ST_015,22636,290,2026-01-30T07:12:52.445060
ST_015,22408,474,2026-01-20T22:37:04.456983
ST_015,22517,-44,2026-01-17T20:47:30.222214
ST_015,85159A,304,2026-01-16T03:02:27.773139
ST_015,23169,165,2026-02-05T20:23:00.144966
ST_015,23243,416,2026-02-12T14:01:05.426472
ST_015,84568,358,2026-01-28T23:01:44.604634
ST_015,22458,377,2026-02-03T16:46:33.314683
ST_015,21272,-40,2026-01-23T15:56:50.099319
ST_015,84558A,242,2026-01-25T03:08:17.417459
ST_015,90214I,441,2026-01-29T04:47:02.242249
ST_015,47369B,333,2026-02-01T08:16:27.403952
ST_015,23031,389,2026-01-15T15:35:58.970744
ST_015,21106,331,2026-01-30T10:31:33.394260
ST_015,84380,311,2026-01-20T20:05:15.116232
ST_015,90152A,-43,2026-01-25T02:02:56.161517
ST_015,48184,263,2026-01-16T23:39:24.600685
ST_015,90039C,55,2026-01-20T01:57:06.333024
ST_015,20677,351,2026-01-29T07:56:32.678261
ST_015,85135C,315,2026-01-26T15:54:07.069635
ST_015,85045,0,2026-01-26T22:01:58.526377
ST_015,23161,437,2026-01-18T14:39:53.912629
ST_015,23255,476,2026-02-13T09:06:23.524552
ST_015,23694,323,2026-01-23T12:37:05.897266
ST_015,90100,450,2026-01-21T16:26:19.221817
ST_015,84798A,395,2026-01-21T21:17:03.785871
ST_015,22880,215,2026-02-12T16:38:05.979870
ST_015,21369,11,2026-01-28T13:46:46.299067
ST_015,23100,78,2026-02-10T05:24:36.227131
ST_015,85211,396,2026-02-02T07:09:27.606867
ST_015,84659A,408,2026-01-21T04:49:44.767871
ST_015,22655,-41,2026-02-01T22:25:34.219018
ST_015,35599D,127,2026-01-18T06:08:47.578839
ST_015,84905,63,2026-01-25T12:08:12.968084
ST_015,21086,464,2026-02-05T15:17:09.935325
ST_015,23252,269,2026-02-09T14:22:07.205467
ST_015,22623,392,2026-02-05T09:24:13.694968
ST_015,M,160,2026-01-19T23:48:23.499821
ST_015,23356,164,2026-01-31T09:00:34.083769
ST_015,35004P,233,2026-02-08T20:10:05.752869
ST_015,21377,204,2026-01-26T14:46:33.954380
ST_015,21696,198,2026-01-17T12:56:43.196709
ST_015,20974,105,2026-01-30T22:09:39.032652
ST_015,85200,-5,2026-01-15T13:29:33.879133
ST_015,22702,119,2026-01-17T00:43:27.166672
ST_015,21499,294,2026-02-02T06:26:08.947638
ST_015,22057,32,2026-01-21T05:48:12.246377
ST_015,47590A,14,2026-01-30T01:12:00.119174
ST_015,22558,327,2026-01-30T07:39:23.485097
ST_015,21986,397,2026-01-31T03:38:52.807940
ST_015,22112,210,2026-01-14T23:22:34.984902
ST_015,23004,-9,2026-02-10T04:30:24.734341
ST_015,22444,55,2026-01-26T10:20:37.080075
ST_015,22346,465,2026-02-10T19:34:11.039464
ST_015,72598,247,2026-01-15T15:08:16.646335
ST_015,23345,442,2026-02-09T01:55:10.231075
ST_015,23191,378,2026-02-06T14:13:43.012011
ST_015,23495,409,2026-01-21T12:45:12.784467
ST_015,22260,428,2026-01-21T20:14:03.610611
ST_015,23181,354,2026-02-05T00:28:37.023555
ST_015,23553,192,2026-01-24T13:30:55.462307
ST_015,21418,312,2026-02-10T00:22:27.853864
ST_015,21816,145,2026-02-02T10:07:24.467884
ST_015,90042A,433,2026-01-23T09:15:29.925997
ST_015,85178,491,2026-02-13T12:08:36.753992
ST_015,47578A,271,2026-02-09T23:21:34.168423
ST_015,23254,9,2026-01-30T01:48:03.461213
ST_015,71496A,443,2026-01-19T15:42:44.368540
ST_015,22897,141,2026-01-29T02:29:01.704759
ST_015,21426,63,2026-01-22T03:32:00.092661
ST_015,20668,395,2026-02-06T15:26:52.487205
ST_015,84707B,166,2026-02-10T17:04:05.583847
ST_015,21462,314,2026-02-13T11:01:01.296826
ST_015,22886,115,2026-02-11T12:05:13.414488
ST_015,35964,413,2026-01-20T14:01:12.880984
ST_015,23419,462,2026-02-11T18:15:18.768637
ST_015,84922,368,2026-01-26T07:48:07.171756
ST_015,22716,416,2026-01-18T23:17:31.808176
ST_015,21867,488,2026-02-06T17:12:38.339584
ST_015,21015,473,2026-02-04T03:37:19.227503
ST_015,85131B,379,2026-02-11T18:22:50.311768
ST_015,23456,132,2026-02-13T06:12:31.734958
ST_015,35972,391,2026-02-02T13:02:44.098493
ST_015,37488A,28,2026-01-25T18:42:37.455401
ST_015,20854,181,2026-01-23T16:24:32.596396
ST_015,85071B,326,2026-02-11T21:23:08.874547
ST_015,23325,362,2026-02-01T18:20:53.983898
ST_015,90093,-32,2026-02-08T18:10:38.656050
ST_015,84870B,-22,2026-02-09T14:52:49.544766
ST_015,23457,435,2026-02-10T05:47:45.150343
ST_015,22900,236,2026-02-02T12:30:43.066679
ST_015,90055,413,2026-01-30T06:53:34.310777
ST_015,21507,298,2026-02-06T22:39:33.897566
ST_015,40001,8,2026-01-24T15:56:24.778081
ST_015,23497,-31,2026-01-17T05:15:52.040711
ST_015,22183,-13,2026-01-25T02:15:49.443635
ST_015,22645,271,2026-02-04T20:17:01.546606
ST_015,90019C,448,2026-01-14T20:23:44.643215
ST_015,21054,495,2026-01-23T18:39:46.458171
ST_015,90214O,290,2026-01-17T00:33:51.191645
ST_015,22195,15,2026-01-16T13:31:28.461038
ST_015,85225,260,2026-01-17T17:22:34.986885
ST_015,22870,228,2026-01-23T05:32:50.991222
ST_015,22244,333,2026-01-17T11:48:05.001809
ST_015,90065B,356,2026-01-24T12:46:21.399649
ST_015,22936,89,2026-02-04T11:17:34.117388
ST_015,35001W,446,2026-01-15T12:35:42.412792
ST_015,85034A,37,2026-02-06T18:56:30.584639
ST_015,23145,277,2026-01-14T23:15:20.124737
ST_015,90129A,-6,2026-02-10T22:31:20.994618
ST_015,90202D,321,2026-01-17T12:10:44.645813
ST_015,37444A,131,2026-01-18T21:59:37.810387
ST_015,22069,-19,2026-02-09T00:16:19.247593
ST_015,23102,449,2026-02-12T02:17:59.385793
ST_015,21622,437,2026-01-29T15:16:33.246985
ST_015,20748,227,2026-01-17T16:04:43.963726
ST_015,18097C,484,2026-01-15T22:01:13.760823
ST_015,22322,415,2026-01-23T07:29:30.161665
ST_015,21143,258,2026-02-03T15:54:35.749997
ST_015,16235,477,2026-02-05T02:09:11.516138
ST_015,22060,105,2026-02-01T02:27:42.021985
ST_015,23390,122,2026-01-20T16:12:52.238471
ST_015,21609,94,2026-02-05T05:45:30.553493
ST_015,23190,329,2026-02-13T09:15:37.513435
ST_015,22594,292,2026-02-01T23:51:50.703830
ST_015,90198B,300,2026-01-29T09:48:43.358250
ST_015,23209,89,2026-02-06T08:12:04.263503
ST_015,21955,-6,2026-01-22T23:04:42.615306
ST_015,90190B,269,2026-01-17T00:21:20.970925
ST_015,11001,-6,2026-02-08T17:28:12.775673
ST_015,21634,6,2026-02-01T13:39:55.687064
ST_015,22518,387,2026-01-20T17:10:11.351527
ST_015,22745,93,2026-02-06T23:05:48.230592
ST_015,90099,104,2026-01-21T21:35:20.082651
ST_015,35650,479,2026-02-03T17:30:33.643540
ST_015,85026B,246,2026-01-28T06:33:31.665787
ST_015,84750B,15,2026-02-06T07:20:05.797276
ST_015,90016A,276,2026-02-06T01:21:02.721977
ST_015,72741,-9,2026-02-06T07:26:09.365135
ST_015,16161M,431,2026-01-24T15:17:50.279523
ST_015,21681,423,2026-01-21T21:13:22.814661
ST_015,90086,68,2026-02-10T03:58:35.406055
ST_015,21706,242,2026-02-07T07:01:31.618427
ST_015,23121,315,2026-01-22T01:15:38.152494
ST_015,22136,26,2026-02-04T01:33:19.064143
ST_015,22086,278,2026-01-20T01:03:35.343650
ST_015,84596F,265,2026-02-12T06:28:12.669089
ST_015,22545,-5,2026-02-04T04:54:40.599441
ST_015,22964,476,2026-01-21T16:22:57.370179
ST_015,90155,199,2026-01-28T18:15:03.002560
ST_015,84927F,231,2026-02-12T11:20:03.750242
ST_015,22077,239,2026-02-08T20:36:07.320084
ST_015,84596B,27,2026-02-12T15:20:25.011176
ST_015,84879,487,2026-01-27T22:41:27.952592
ST_015,84828,169,2026-02-02T00:16:36.776843
ST_015,85049G,443,2026-02-04T01:35:02.919760
ST_015,22461,66,2026-02-01T12:35:48.936969
ST_015,21275,440,2026-01-23T00:19:00.401138
ST_015,22971,-22,2026-02-02T00:51:50.610981
ST_015,44235,323,2026-01-30T05:55:18.938699
ST_015,21705,-16,2026-01-31T06:42:13.235440
ST_015,23264,271,2026-01-31T22:47:24.538149
ST_015,21210,-39,2026-01-27T14:00:44.612877
ST_015,84766,340,2026-02-13T05:50:24.852267
ST_015,21313,7,2026-01-19T04:06:03.225270
ST_015,21067,170,2026-02-08T15:50:22.710489
ST_015,21671,215,2026-02-04T09:11:43.410347
ST_015,84805B,301,2026-02-07T14:18:50.506719
ST_015,72709,219,2026-01-24T17:05:52.773237
ST_015,90158,332,2026-01-16T23:21:59.813999
ST_015,90120B,-45,2026-02-07T22:13:45.002903
ST_015,84678,470,2026-02-09T13:24:37.879179
ST_015,23503,213,2026-02-06T01:23:21.842300
ST_015,21935,438,2026-02-09T04:34:56.105966
ST_015,90161A,446,2026-01-26T02:49:50.671110
ST_015,22908,253,2026-01-18T05:13:38.180326
ST_015,84854,225,2026-02-09T07:45:31.645261
ST_015,17191A,175,2026-01-24T21:31:24.519760
ST_015,20868,253,2026-02-09T11:08:37.095721
ST_015,20826,296,2026-01-29T07:08:21.161102
ST_015,20971,183,2026-02-07T22:00:37.156686
ST_015,23270,33,2026-01-22T05:55:34.560358
ST_015,21946,185,2026-02-06T15:49:06.939752
ST_015,47310M,170,2026-02-05T10:19:05.310277
ST_015,37446,358,2026-01-21T07:37:18.767622
ST_015,35638A,249,2026-01-30T00:37:28.692232
ST_015,85124B,472,2026-02-02T22:21:07.333054
ST_015,90094,66,2026-02-07T01:14:38.782549
ST_015,23185,190,2026-01-14T13:55:20.585493
ST_015,17021,397,2026-01-25T15:52:03.161466
ST_015,21032,28,2026-02-09T12:40:28.154544
ST_015,23224,134,2026-01-27T06:02:04.020327
ST_015,23473,137,2026-02-11T08:03:03.207824
ST_015,22563,94,2026-02-11T02:48:23.981288
ST_015,21156,307,2026-01-28T11:30:49.488342
ST_015,22786,298,2026-01-21T14:20:31.022839
ST_015,17136A,490,2026-01-27T09:16:35.657147
ST_015,37471,418,2026-02-06T15:54:11.053370
ST_015,16258A,121,2026-01-18T23:39:21.795839
ST_015,84915,81,2026-02-09T19:17:06.958567
ST_015,90202B,332,2026-01-21T03:55:35.464096
ST_015,90159,140,2026-02-10T16:21:37.004089
ST_015,22649,317,2026-01-20T14:24:19.718096
ST_015,84637,217,2026-01-24T03:27:00.641325
ST_015,22650,317,2026-02-02T10:52:20.157041
ST_015,22755,46,2026-01-31T08:53:03.661412
ST_015,21403,137,2026-01-16T14:40:52.578456
ST_015,23017,6,2026-01-19T01:53:35.877087
ST_015,22230,70,2026-01-18T14:20:41.270052
ST_015,90040B,275,2026-01-30T21:01:14.804448
ST_015,84465,311,2026-01-23T12:59:53.158187
ST_015,35909A,58,2026-01-16T15:46:12.452305
ST_015,16161G,293,2026-01-21T09:49:40.775864
ST_015,22324,181,2026-01-26T02:41:45.127708
ST_015,23193,79,2026-02-06T14:05:33.534034
ST_015,23155,261,2026-02-13T02:34:25.221456
ST_015,22602,184,2026-02-01T01:23:35.747299
ST_015,22993,223,2026-01-14T15:30:32.861276
ST_015,82582,-33,2026-01-28T21:55:24.235623
ST_015,85202,-3,2026-02-03T05:19:33.829984
ST_015,90021,237,2026-01-25T10:36:50.022296
ST_015,22948,20,2026-01-15T15:37:09.979664
ST_015,84192,351,2026-01-16T13:49:28.923960
ST_015,22053,462,2026-01-15T17:17:35.988560
ST_015,84600,3,2026-02-03T00:18:44.642987
ST_015,20796,95,2026-01-24T22:34:27.622018
ST_015,20697,287,2026-02-06T03:19:37.467882
ST_015,22699,-19,2026-02-07T11:53:55.416574
ST_015,44091A,17,2026-01-24T19:41:02.195551
ST_015,21519,247,2026-01-15T07:10:51.700850
ST_015,22441,225,2026-01-17T18:28:27.721431
ST_015,23297,77,2026-02-07T20:42:58.854499
ST_015,21915,24,2026-01-28T15:13:58.631019
ST_015,37449,175,2026-01-16T10:31:15.136819
ST_015,21667,441,2026-02-12T22:03:34.560380
ST_015,22476,80,2026-01-15T23:46:17.949413
ST_015,46000P,460,2026-01-15T17:12:02.344374
ST_015,90003B,45,2026-01-28T18:20:21.736007
ST_015,21990,129,2026-02-05T13:02:35.100490
ST_015,82599,93,2026-01-30T15:28:09.792407
ST_015,16161P,359,2026-01-27T12:49:04.178377
ST_015,85132A,126,2026-02-06T02:49:00.362643
ST_015,84593,-28,2026-01-19T18:06:36.697987
ST_015,22575,370,2026-01-24T08:34:51.258867
ST_015,23070,123,2026-02-10T01:02:46.141593
ST_015,90196B,387,2026-02-01T08:56:32.467940
ST_015,22737,90,2026-01-26T13:12:33.663309
ST_016,22876,112,2026-01-15T18:53:26.674830
ST_016,20934,486,2026-02-11T19:29:40.267019
ST_016,21682,403,2026-02-02T06:43:09.553398
ST_016,21910,426,2026-02-03T02:56:23.104360
ST_016,22158,105,2026-01-29T23:06:52.972022
ST_016,35819B,234,2026-01-17T14:26:50.550165
ST_016,20711,333,2026-01-25T10:47:02.836760
ST_016,22406,221,2026-02-01T09:28:58.583860
ST_016,90177E,310,2026-02-03T12:17:49.708721
ST_016,90123B,-47,2026-01-26T23:53:21.194211
ST_016,21402,381,2026-02-10T08:18:39.967345
ST_016,21291,87,2026-02-12T12:11:51.479903
ST_016,35819P,357,2026-01-26T12:28:42.842455
ST_016,22399,369,2026-01-27T05:47:08.489593
ST_016,21261,-22,2026-01-17T13:02:01.993725
ST_016,22430,205,2026-01-19T03:32:58.487476
ST_016,21918,470,2026-01-23T05:28:13.473333
ST_016,21232,-34,2026-01-24T07:47:27.254137
ST_016,35610B,111,2026-01-17T15:33:42.719845
ST_016,23165,373,2026-01-20T21:57:28.974241
ST_016,23311,121,2026-02-02T11:22:33.611613
ST_016,22896,463,2026-01-24T16:42:01.002305
ST_016,85024C,462,2026-02-01T00:27:41.956896
ST_016,23570,-44,2026-01-29T09:42:22.599402
ST_016,84666,374,2026-02-01T00:27:04.405055
ST_016,21865,24,2026-02-11T07:10:19.804975
ST_016,21678,-3,2026-01-19T23:00:57.738369
ST_016,20752,90,2026-02-11T00:30:23.523937
ST_016,23434,477,2026-01-28T19:46:34.120973
ST_016,22038,90,2026-02-07T05:10:50.547109
ST_016,21289,71,2026-02-05T05:59:30.924680
ST_016,22034,-16,2026-02-05T00:14:26.179906
ST_016,84660B,499,2026-01-23T01:38:48.431287
ST_016,16248B,355,2026-01-27T02:27:32.946777
ST_016,16259,-44,2026-02-06T11:31:13.754816
ST_016,90125E,342,2026-02-01T09:14:57.776805
ST_016,21718,38,2026-01-26T19:19:43.740200
ST_016,35958,223,2026-01-26T08:27:20.209171
ST_016,22775,336,2026-02-11T08:59:30.269644
ST_016,84927E,409,2026-02-01T22:36:34.025019
ST_016,23412,192,2026-01-31T16:26:39.274000
ST_016,21802,53,2026-01-15T10:22:14.084665
ST_016,22700,-23,2026-01-25T06:49:54.648217
ST_016,21792,300,2026-01-31T21:36:47.620664
ST_016,21126,164,2026-01-23T20:47:16.278442
ST_016,47481,273,2026-01-22T03:54:34.757230
ST_016,23000,312,2026-02-03T21:41:09.493873
ST_016,84461,74,2026-01-26T04:33:50.138050
ST_016,84963A,353,2026-01-19T02:41:07.761528
ST_016,90214Z,-36,2026-01-22T18:07:54.887385
ST_016,90199C,57,2026-02-11T12:23:42.326437
ST_016,90125B,66,2026-02-04T09:46:29.168432
ST_016,22315,91,2026-01-28T10:23:31.387923
ST_016,22636,72,2026-02-03T12:45:50.198652
ST_016,22408,484,2026-02-03T01:26:36.535211
ST_016,22517,44,2026-01-26T05:48:19.220540
ST_016,85159A,74,2026-02-02T22:23:48.159698
ST_016,23169,423,2026-01-16T00:05:14.831218
ST_016,23243,329,2026-01-28T11:17:14.445550
ST_016,84568,486,2026-01-28T14:54:18.842072
ST_016,22458,476,2026-01-30T00:51:05.838864
ST_016,21272,-37,2026-02-03T02:16:21.715016
ST_016,84558A,436,2026-01-24T12:49:53.805649
ST_016,90214I,428,2026-01-28T20:51:50.226616
ST_016,47369B,-31,2026-01-29T23:07:01.361906
ST_016,23031,468,2026-02-11T14:49:46.315884
ST_016,21106,468,2026-02-09T20:39:46.470228
ST_016,84380,195,2026-02-09T15:27:30.633935
ST_016,90152A,434,2026-01-16T19:56:53.657383
ST_016,48184,374,2026-02-05T23:23:56.284850
ST_016,90039C,452,2026-01-29T19:20:23.187124
ST_016,20677,242,2026-01-19T14:39:26.526213
ST_016,85135C,387,2026-01-17T02:59:34.239265
ST_016,85045,31,2026-01-31T03:30:58.633125
ST_016,23161,240,2026-01-26T08:50:04.945174
ST_016,23255,446,2026-01-16T00:39:28.408837
ST_016,23694,432,2026-01-26T23:26:07.185782
ST_016,90100,83,2026-02-07T16:00:40.491256
ST_016,84798A,169,2026-02-12T02:13:17.416666
ST_016,22880,378,2026-02-10T13:41:27.713183
ST_016,21369,466,2026-01-24T19:50:33.771306
ST_016,23100,298,2026-01-27T04:09:40.210222
ST_016,85211,280,2026-01-28T02:49:29.783966
ST_016,84659A,218,2026-01-31T03:38:45.251689
ST_016,22655,-31,2026-02-05T12:55:04.720636
ST_016,35599D,247,2026-01-30T08:44:42.567720
ST_016,84905,218,2026-01-31T14:10:10.888896
ST_016,21086,116,2026-01-29T12:21:53.068048
ST_016,23252,27,2026-01-24T05:00:51.466144
ST_016,22623,-23,2026-02-11T21:53:30.701170
ST_016,M,95,2026-02-01T21:41:08.109208
ST_016,23356,144,2026-02-06T07:22:38.019453
ST_016,35004P,208,2026-01-23T20:16:48.277904
ST_016,21377,476,2026-02-08T18:24:24.308431
ST_016,21696,466,2026-02-01T19:56:35.978644
ST_016,20974,376,2026-02-04T19:28:34.536971
ST_016,85200,362,2026-01-20T18:59:39.931564
ST_016,22702,74,2026-01-28T06:57:42.832703
ST_016,21499,137,2026-01-27T13:59:39.047497
ST_016,22057,430,2026-01-18T06:14:10.429194
ST_016,47590A,304,2026-02-03T20:14:51.927459
ST_016,22558,458,2026-02-11T02:35:08.746324
ST_016,21986,141,2026-02-03T09:43:29.062783
ST_016,22112,423,2026-02-07T21:56:27.577142
ST_016,23004,287,2026-01-18T06:18:49.900299
ST_016,22444,136,2026-02-08T08:25:44.295979
ST_016,22346,112,2026-02-01T13:10:33.738716
ST_016,72598,30,2026-01-25T20:56:25.240247
ST_016,23345,-4,2026-02-12T22:12:17.293442
ST_016,23191,156,2026-01-27T03:27:39.305855
ST_016,23495,106,2026-01-24T03:03:22.639462
ST_016,22260,310,2026-01-20T02:55:34.493087
ST_016,23181,336,2026-01-16T03:40:06.594739
ST_016,23553,343,2026-01-26T22:41:37.314457
ST_016,21418,286,2026-01-29T06:30:59.373013
ST_016,21816,457,2026-01-19T14:01:56.354613
ST_016,90042A,88,2026-01-27T12:51:09.635799
ST_016,85178,143,2026-01-25T22:30:02.796516
ST_016,47578A,438,2026-01-22T13:09:57.876929
ST_016,23254,327,2026-01-17T15:21:22.291972
ST_016,71496A,118,2026-01-22T18:36:10.417401
ST_016,22897,-39,2026-01-25T11:42:44.494673
ST_016,21426,123,2026-02-06T18:21:38.589613
ST_016,20668,489,2026-01-15T18:15:38.450484
ST_016,84707B,355,2026-02-04T04:57:59.300048
ST_016,21462,338,2026-02-10T04:42:48.436839
ST_016,22886,372,2026-01-24T22:20:21.640729
ST_016,35964,302,2026-01-29T05:28:13.731550
ST_016,23419,411,2026-02-09T15:55:56.283898
ST_016,84922,316,2026-01-19T08:06:57.113940
ST_016,22716,139,2026-01-21T13:57:08.668170
ST_016,21867,139,2026-01-25T09:37:46.322041
ST_016,21015,242,2026-01-24T07:09:29.765211
ST_016,85131B,414,2026-02-02T07:09:25.010440
ST_016,23456,308,2026-02-12T22:37:07.487496
ST_016,35972,139,2026-01-17T22:19:18.734721
ST_016,37488A,100,2026-02-04T21:27:01.153226
ST_016,20854,148,2026-01-24T16:24:08.002191
ST_016,85071B,97,2026-01-31T16:22:15.208261
ST_016,23325,273,2026-01-24T14:37:46.112301
ST_016,90093,332,2026-02-04T16:51:32.663523
ST_016,84870B,71,2026-01-16T13:22:16.356132
ST_016,23457,340,2026-01-19T23:43:05.237796
ST_016,22900,481,2026-02-10T16:43:36.191514
ST_016,90055,148,2026-02-11T15:29:51.389959
ST_016,21507,279,2026-01-24T00:17:34.366786
ST_016,40001,211,2026-01-15T06:10:03.907555
ST_016,23497,66,2026-01-31T03:45:55.317781
ST_016,22183,460,2026-01-25T06:19:43.729809
ST_016,22645,172,2026-01-30T23:57:21.454240
ST_016,90019C,275,2026-01-30T05:04:13.416456
ST_016,21054,357,2026-01-29T11:28:50.718899
ST_016,90214O,36,2026-01-17T10:05:47.874516
ST_016,22195,67,2026-01-30T02:09:22.338338
ST_016,85225,324,2026-01-15T12:45:02.749380
ST_016,22870,92,2026-02-11T14:44:15.231911
ST_016,22244,317,2026-01-17T18:55:09.655367
ST_016,90065B,200,2026-01-14T22:56:44.287225
ST_016,22936,-12,2026-02-05T07:56:43.679415
ST_016,35001W,367,2026-01-25T21:16:28.835802
ST_016,85034A,295,2026-01-28T23:12:43.948521
ST_016,23145,324,2026-01-24T05:46:49.409003
ST_016,90129A,384,2026-02-06T05:17:29.678606
ST_016,90202D,296,2026-02-04T08:21:09.114329
ST_016,37444A,276,2026-02-11T12:02:28.452661
ST_016,22069,213,2026-01-31T04:04:05.112546
ST_016,23102,-15,2026-02-10T14:17:40.138804
ST_016,21622,491,2026-02-09T08:21:05.731822
ST_016,20748,451,2026-01-17T19:44:00.667779
ST_016,18097C,94,2026-01-30T06:24:25.284832
ST_016,22322,69,2026-01-29T19:46:15.249876
ST_016,21143,67,2026-01-25T23:41:41.875592
ST_016,16235,-24,2026-01-23T13:58:32.735322
ST_016,22060,195,2026-01-16T23:42:13.937257
ST_016,23390,191,2026-01-25T19:46:59.360191
ST_016,21609,330,2026-01-31T19:33:01.889309
ST_016,23190,327,2026-01-22T10:07:46.478337
ST_016,22594,171,2026-01-19T17:59:49.731030
ST_016,90198B,179,2026-01-24T05:49:43.632551
ST_016,23209,367,2026-01-31T03:19:29.965859
ST_016,21955,72,2026-02-01T08:19:03.540296
ST_016,90190B,77,2026-02-07T05:52:56.182357
ST_016,11001,72,2026-02-07T05:11:51.631178
ST_016,21634,127,2026-01-24T07:54:33.128236
ST_016,22518,226,2026-01-22T02:11:41.184844
ST_016,22745,310,2026-01-31T15:34:25.045963
ST_016,90099,172,2026-02-10T01:09:27.620074
ST_016,35650,-38,2026-01-31T07:30:40.289659
ST_016,85026B,314,2026-01-21T13:54:45.840955
ST_016,84750B,6,2026-01-25T01:30:07.838436
ST_016,90016A,258,2026-02-07T20:45:56.400606
ST_016,72741,195,2026-01-19T08:38:06.993455
ST_016,16161M,293,2026-02-01T06:14:40.580194
ST_016,21681,127,2026-02-01T07:51:00.891249
ST_016,90086,132,2026-02-07T06:45:19.784840
ST_016,21706,27,2026-01-14T18:28:43.557188
ST_016,23121,376,2026-01-25T09:25:32.399534
ST_016,22136,206,2026-02-05T17:54:12.265133
ST_016,22086,485,2026-02-03T15:33:50.338788
ST_016,84596F,17,2026-02-02T20:06:01.483244
ST_016,22545,93,2026-02-01T20:42:54.048203
ST_016,22964,276,2026-01-20T01:06:13.918838
ST_016,90155,485,2026-01-23T20:53:12.654599
ST_016,84927F,295,2026-02-02T01:20:47.402688
ST_016,22077,-48,2026-01-17T14:19:53.272474
ST_016,84596B,-13,2026-01-25T05:56:23.490431
ST_016,84879,457,2026-01-27T11:42:00.631879
ST_016,84828,295,2026-02-07T08:26:18.938979
ST_016,85049G,397,2026-01-24T07:16:04.918300
ST_016,22461,165,2026-01-27T12:23:01.489151
ST_016,21275,310,2026-02-04T21:45:10.238711
ST_016,22971,300,2026-02-09T08:39:17.107930
ST_016,44235,9,2026-02-02T01:25:17.866850
ST_016,21705,174,2026-01-23T21:58:04.223785
ST_016,23264,197,2026-01-19T05:27:00.321355
ST_016,21210,385,2026-01-19T19:08:20.282481
ST_016,84766,409,2026-01-14T13:18:35.019353
ST_016,21313,392,2026-01-15T05:11:54.998187
ST_016,21067,242,2026-01-30T15:20:51.980601
ST_016,21671,303,2026-02-06T22:38:40.160470
ST_016,84805B,9,2026-02-02T13:36:30.363959
ST_016,72709,306,2026-01-19T00:39:14.819194
ST_016,90158,198,2026-01-28T16:27:09.435097
ST_016,90120B,264,2026-01-18T00:28:34.022561
ST_016,84678,429,2026-01-18T23:09:45.949462
ST_016,23503,134,2026-02-08T16:40:34.341461
ST_016,21935,309,2026-01-26T19:22:28.739953
ST_016,90161A,6,2026-01-21T12:46:44.122384
ST_016,22908,417,2026-02-01T19:51:48.560359
ST_016,84854,344,2026-02-12T00:13:22.616927
ST_016,17191A,409,2026-02-01T02:54:04.808083
ST_016,20868,206,2026-02-10T10:27:47.378475
ST_016,20826,462,2026-01-30T14:47:32.650922
ST_016,20971,17,2026-02-12T18:34:45.870823
ST_016,23270,91,2026-02-04T20:57:25.188806
ST_016,21946,37,2026-01-30T03:51:09.366218
ST_016,47310M,365,2026-01-24T18:58:35.108274
ST_016,37446,482,2026-02-06T16:28:00.164655
ST_016,35638A,100,2026-02-11T08:07:19.669015
ST_016,85124B,239,2026-02-03T22:49:12.618861
ST_016,90094,338,2026-02-11T03:05:06.962586
ST_016,23185,-31,2026-01-14T20:53:55.489641
ST_016,17021,-47,2026-01-20T22:57:19.502521
ST_016,21032,371,2026-01-30T06:02:41.846552
ST_016,23224,193,2026-02-08T08:14:14.256573
ST_016,23473,140,2026-01-20T02:35:37.950936
ST_016,22563,478,2026-01-28T11:44:00.062587
ST_016,21156,303,2026-02-04T09:06:30.593999
ST_016,22786,-23,2026-01-16T05:39:29.908935
ST_016,17136A,158,2026-01-19T03:59:07.029816
ST_016,37471,180,2026-02-10T08:56:44.718916
ST_016,16258A,126,2026-02-10T23:42:49.974420
ST_016,84915,340,2026-02-09T10:06:25.801932
ST_016,90202B,433,2026-01-25T04:27:33.767440
ST_016,90159,126,2026-02-10T09:52:05.891624
ST_016,22649,101,2026-01-16T02:15:11.802328
ST_016,84637,471,2026-02-05T15:11:23.206355
ST_016,22650,335,2026-02-05T01:59:14.746113
ST_016,22755,189,2026-02-08T05:33:27.826312
ST_016,21403,120,2026-01-23T09:23:58.170277
ST_016,23017,138,2026-02-02T13:18:58.623566
ST_016,22230,332,2026-01-25T02:42:05.929483
ST_016,90040B,268,2026-01-22T15:03:33.227197
ST_016,84465,167,2026-01-14T22:45:10.227238
ST_016,35909A,112,2026-01-21T00:00:54.837455
ST_016,16161G,139,2026-01-27T23:39:54.252037
ST_016,22324,134,2026-01-30T19:06:24.911196
ST_016,23193,110,2026-02-10T03:28:58.330695
ST_016,23155,-44,2026-01-19T19:18:04.500721
ST_016,22602,234,2026-01-22T11:19:27.240184
ST_016,22993,355,2026-02-11T00:41:22.133112
ST_016,82582,184,2026-02-11T12:43:39.549371
ST_016,85202,421,2026-02-01T17:48:18.464313
ST_016,90021,132,2026-02-07T05:50:40.960804
ST_016,22948,54,2026-02-09T07:58:03.549351
ST_016,84192,-23,2026-02-03T04:18:34.710141
ST_016,22053,366,2026-01-22T16:16:19.015840
ST_016,84600,465,2026-02-12T22:12:45.959213
ST_016,20796,-39,2026-02-09T13:01:22.324187
ST_016,20697,21,2026-02-06T12:54:03.864626
ST_016,22699,379,2026-02-02T20:00:00.468816
ST_016,44091A,95,2026-01-29T01:59:41.141333
ST_016,21519,389,2026-02-03T04:03:51.820986
ST_016,22441,329,2026-01-18T01:01:19.194166
ST_016,23297,151,2026-01-31T13:24:21.527147
ST_016,21915,163,2026-01-23T10:31:31.127925
ST_016,37449,198,2026-01-16T23:47:56.676798
ST_016,21667,20,2026-01-17T17:37:06.876213
ST_016,22476,219,2026-02-07T11:32:27.250043
ST_016,46000P,452,2026-01-24T11:24:07.385396
ST_016,90003B,88,2026-02-11T05:55:29.430242
ST_016,21990,234,2026-01-29T18:16:53.532278
ST_016,82599,66,2026-01-18T21:20:56.547157
ST_016,16161P,-44,2026-01-25T22:23:12.497159
ST_016,85132A,387,2026-01-24T12:53:44.746362
ST_016,84593,468,2026-01-21T23:37:33.521436
ST_016,22575,-39,2026-01-24T08:23:42.608136
ST_016,23070,-26,2026-01-25T05:44:00.394572
ST_016,90196B,478,2026-01-21T23:44:55.777927
ST_016,22737,106,2026-02-02T20:14:41.427836
ST_017,22876,420,2026-02-02T10:31:55.855101
ST_017,20934,12,2026-02-02T11:23:10.038925
ST_017,21682,285,2026-02-06T12:19:24.766877
ST_017,21910,428,2026-01-19T15:21:50.808048
ST_017,22158,123,2026-01-27T00:37:59.342427
ST_017,35819B,139,2026-01-20T14:46:38.428679
ST_017,20711,233,2026-02-03T16:35:24.902281
ST_017,22406,256,2026-01-30T22:11:04.580469
ST_017,90177E,187,2026-01-26T08:28:35.125434
ST_017,90123B,344,2026-01-22T05:34:16.514989
ST_017,21402,280,2026-01-30T06:54:40.475236
ST_017,21291,500,2026-02-12T00:44:55.502170
ST_017,35819P,309,2026-01-24T18:44:12.679801
ST_017,22399,134,2026-02-03T04:15:37.281225
ST_017,21261,265,2026-01-15T22:23:54.148119
ST_017,22430,33,2026-01-14T21:34:25.827138
ST_017,21918,-28,2026-01-28T11:02:40.925372
ST_017,21232,256,2026-02-08T13:07:55.468537
ST_017,35610B,289,2026-01-31T13:27:54.363110
ST_017,23165,156,2026-02-03T05:40:43.314697
ST_017,23311,311,2026-01-18T05:37:37.473553
ST_017,22896,101,2026-01-29T05:54:20.892954
ST_017,85024C,233,2026-01-27T11:56:57.628501
ST_017,23570,233,2026-02-09T03:22:48.770970
ST_017,84666,242,2026-01-19T12:55:02.180046
ST_017,21865,460,2026-02-12T17:37:02.592001
ST_017,21678,67,2026-01-15T01:53:57.652155
ST_017,20752,189,2026-01-23T08:05:50.726763
ST_017,23434,64,2026-01-14T12:57:19.364237
ST_017,22038,332,2026-01-18T13:56:44.930954
ST_017,21289,484,2026-02-11T02:45:50.161836
ST_017,22034,361,2026-01-31T09:06:59.402159
ST_017,84660B,249,2026-01-21T11:34:38.046619
ST_017,16248B,110,2026-01-19T20:21:42.753616
ST_017,16259,120,2026-02-06T15:53:24.532498
ST_017,90125E,439,2026-01-21T01:32:03.014728
ST_017,21718,248,2026-01-17T20:46:50.975520
ST_017,35958,379,2026-01-23T05:59:14.005850
ST_017,22775,255,2026-01-17T16:11:44.327781
ST_017,84927E,349,2026-01-14T18:25:22.103060
ST_017,23412,346,2026-02-12T10:42:52.305247
ST_017,21802,161,2026-01-15T00:14:49.444167
ST_017,22700,-28,2026-02-01T20:12:39.876512
ST_017,21792,-44,2026-02-05T22:38:13.580372
ST_017,21126,344,2026-01-27T10:24:40.741786
ST_017,47481,432,2026-02-11T23:44:50.659402
ST_017,23000,378,2026-01-20T19:02:34.871567
ST_017,84461,300,2026-02-03T22:26:11.713163
ST_017,84963A,322,2026-02-02T07:05:48.033209
ST_017,90214Z,77,2026-01-29T02:20:59.450490
ST_017,90199C,174,2026-01-19T13:42:55.469720
ST_017,90125B,115,2026-01-31T18:20:27.891831
ST_017,22315,258,2026-01-27T03:32:22.943056
ST_017,22636,320,2026-01-16T22:33:52.177537
ST_017,22408,4,2026-02-01T10:01:16.978735
ST_017,22517,219,2026-02-02T02:56:33.584133
ST_017,85159A,397,2026-02-12T21:36:21.647077
ST_017,23169,49,2026-01-30T19:20:48.192492
ST_017,23243,129,2026-01-30T01:16:56.289573
ST_017,84568,130,2026-01-27T16:45:37.933082
ST_017,22458,467,2026-01-14T21:02:22.857949
ST_017,21272,303,2026-02-08T05:36:08.218922
ST_017,84558A,251,2026-02-12T14:16:57.608730
ST_017,90214I,-45,2026-02-06T03:30:08.158599
ST_017,47369B,42,2026-01-18T00:42:17.988807
ST_017,23031,249,2026-02-02T12:26:57.162166
ST_017,21106,303,2026-01-28T15:34:37.578812
ST_017,84380,374,2026-02-06T23:15:44.193763
ST_017,90152A,376,2026-01-26T13:08:26.633914
ST_017,48184,41,2026-01-20T17:09:37.580698
ST_017,90039C,400,2026-02-03T15:06:04.557253
ST_017,20677,311,2026-01-24T03:30:10.233863
ST_017,85135C,233,2026-01-23T12:37:11.130609
ST_017,85045,66,2026-02-02T07:15:22.123140
ST_017,23161,323,2026-01-30T05:53:54.794808
ST_017,23255,390,2026-02-07T21:40:39.099396
ST_017,23694,419,2026-01-17T09:56:17.967989
ST_017,90100,-1,2026-02-03T19:12:58.544065
ST_017,84798A,169,2026-02-11T22:22:19.598317
ST_017,22880,307,2026-01-31T15:11:28.736161
ST_017,21369,288,2026-02-05T13:34:01.498908
ST_017,23100,99,2026-01-24T21:00:45.064163
ST_017,85211,347,2026-02-06T22:32:34.431338
ST_017,84659A,392,2026-02-10T14:41:11.589256
ST_017,22655,470,2026-02-11T06:44:14.289397
ST_017,35599D,251,2026-02-06T20:55:35.495929
ST_017,84905,382,2026-01-23T16:11:42.282167
ST_017,21086,32,2026-01-27T08:53:17.496904
ST_017,23252,33,2026-01-21T00:55:47.403132
ST_017,22623,261,2026-01-30T15:19:23.532756
ST_017,M,353,2026-02-05T10:00:14.906821
ST_017,23356,137,2026-01-25T00:17:44.446523
ST_017,35004P,278,2026-01-27T23:20:07.752812
ST_017,21377,281,2026-01-30T11:26:23.867432
ST_017,21696,336,2026-01-21T02:35:12.632529
ST_017,20974,60,2026-02-02T09:01:07.602738
ST_017,85200,184,2026-02-07T17:34:13.698992
ST_017,22702,-9,2026-01-18T21:24:28.114367
ST_017,21499,-47,2026-01-24T13:25:50.064441
ST_017,22057,462,2026-02-12T05:42:51.979401
ST_017,47590A,470,2026-01-31T04:34:33.072760
ST_017,22558,167,2026-01-29T22:50:05.280509
ST_017,21986,-40,2026-01-17T23:42:51.377633
ST_017,22112,316,2026-02-09T04:12:26.412788
ST_017,23004,123,2026-01-18T04:50:42.729459
ST_017,22444,467,2026-01-28T17:46:32.935848
ST_017,22346,150,2026-01-20T11:36:38.788566
ST_017,72598,238,2026-01-23T00:13:24.759702
ST_017,23345,297,2026-02-04T00:57:05.455434
ST_017,23191,105,2026-01-16T12:18:11.321456
ST_017,23495,319,2026-01-27T04:29:19.760385
ST_017,22260,128,2026-02-07T13:54:13.233250
ST_017,23181,292,2026-02-04T22:41:20.882009
ST_017,23553,138,2026-01-19T19:44:29.436988
ST_017,21418,186,2026-01-20T04:30:29.415298
ST_017,21816,134,2026-01-17T10:04:55.405050
ST_017,90042A,315,2026-02-02T15:31:08.805275
ST_017,85178,-31,2026-01-26T05:45:29.635541
ST_017,47578A,490,2026-01-21T07:04:56.067216
ST_017,23254,173,2026-01-26T07:36:50.515874
ST_017,71496A,106,2026-01-22T05:21:48.618475
ST_017,22897,-42,2026-02-09T17:48:33.142181
ST_017,21426,382,2026-02-03T00:18:55.275084
ST_017,20668,30,2026-02-09T05:14:02.104624
ST_017,84707B,488,2026-01-31T00:27:44.265074
ST_017,21462,438,2026-02-04T18:30:57.306142
ST_017,22886,142,2026-01-23T07:04:46.986670
ST_017,35964,32,2026-02-08T10:34:11.447047
ST_017,23419,345,2026-01-20T18:39:49.336057
ST_017,84922,312,2026-01-18T08:17:18.960351
ST_017,22716,62,2026-02-06T15:15:08.385042
ST_017,21867,244,2026-01-25T10:33:31.629917
ST_017,21015,139,2026-02-03T03:55:10.782063
ST_017,85131B,189,2026-01-30T08:33:37.363803
ST_017,23456,347,2026-01-28T13:49:34.510754
ST_017,35972,428,2026-01-21T08:38:00.011994
ST_017,37488A,377,2026-02-09T14:20:12.847734
ST_017,20854,160,2026-02-12T06:18:47.170945
ST_017,85071B,99,2026-02-05T15:11:15.603678
ST_017,23325,289,2026-01-26T21:04:24.267269
ST_017,90093,120,2026-02-11T19:55:55.592537
ST_017,84870B,230,2026-02-03T14:40:08.557864
ST_017,23457,222,2026-01-23T07:11:28.019894
ST_017,22900,167,2026-01-26T21:20:46.525408
ST_017,90055,211,2026-02-06T16:05:05.519761
ST_017,21507,89,2026-01-21T17:07:15.453033
ST_017,40001,368,2026-01-23T10:26:53.744128
ST_017,23497,468,2026-01-15T08:27:09.755557
ST_017,22183,181,2026-01-19T08:01:07.579475
ST_017,22645,-13,2026-01-17T04:56:54.639107
ST_017,90019C,298,2026-02-11T17:09:05.899779
ST_017,21054,-15,2026-01-16T05:47:32.133128
ST_017,90214O,56,2026-02-08T17:19:29.257912
ST_017,22195,376,2026-01-31T08:13:44.623061
ST_017,85225,358,2026-02-10T11:49:59.123568
ST_017,22870,225,2026-01-19T04:36:57.492474
ST_017,22244,392,2026-02-08T02:49:18.674363
ST_017,90065B,441,2026-01-23T05:18:54.458759
ST_017,22936,58,2026-01-14T19:45:46.465363
ST_017,35001W,133,2026-01-21T15:05:16.567340
ST_017,85034A,196,2026-02-09T10:30:07.598849
ST_017,23145,369,2026-02-11T08:17:08.460831
ST_017,90129A,122,2026-01-15T17:42:03.812392
ST_017,90202D,234,2026-02-03T20:22:40.863574
ST_017,37444A,310,2026-01-26T12:08:18.339508
ST_017,22069,341,2026-01-15T06:07:12.678682
ST_017,23102,366,2026-02-02T03:43:25.756956
ST_017,21622,480,2026-02-07T04:06:57.159000
ST_017,20748,350,2026-02-06T18:00:49.347646
ST_017,18097C,432,2026-01-30T05:45:05.259602
ST_017,22322,280,2026-01-19T06:51:58.304074
ST_017,21143,-2,2026-02-11T17:31:28.696997
ST_017,16235,202,2026-02-04T18:16:49.376290
ST_017,22060,131,2026-01-19T20:14:59.602839
ST_017,23390,447,2026-01-15T05:14:48.662988
ST_017,21609,82,2026-01-16T05:17:42.715036
ST_017,23190,445,2026-02-12T08:29:55.660925
ST_017,22594,82,2026-01-18T19:57:23.318693
ST_017,90198B,369,2026-01-16T06:06:10.638266
ST_017,23209,314,2026-02-07T09:14:59.764206
ST_017,21955,196,2026-02-12T12:31:28.664272
ST_017,90190B,333,2026-01-28T14:56:40.919357
ST_017,11001,291,2026-01-27T05:44:24.201290
ST_017,21634,83,2026-01-24T01:26:03.167210
ST_017,22518,493,2026-02-08T04:01:59.188681
ST_017,22745,302,2026-01-19T04:18:13.561956
ST_017,90099,74,2026-02-01T15:56:40.868982
ST_017,35650,145,2026-01-26T10:53:10.296342
ST_017,85026B,99,2026-02-07T15:57:28.728549
ST_017,84750B,153,2026-02-07T11:46:12.750555
ST_017,90016A,223,2026-01-31T10:35:11.798223
ST_017,72741,457,2026-01-28T22:19:02.195547
ST_017,16161M,-6,2026-02-13T04:35:29.305215
ST_017,21681,479,2026-01-24T23:54:46.692811
ST_017,90086,311,2026-01-23T04:10:53.486406
ST_017,21706,339,2026-01-23T12:31:18.630630
ST_017,23121,97,2026-01-23T20:29:49.627130
ST_017,22136,247,2026-01-18T23:55:59.763935
ST_017,22086,9,2026-02-10T16:01:43.993527
ST_017,84596F,408,2026-02-01T01:14:55.339328
ST_017,22545,343,2026-01-31T10:25:39.910108
ST_017,22964,194,2026-02-05T01:19:51.944599
ST_017,90155,259,2026-01-20T11:17:20.604030
ST_017,84927F,371,2026-01-24T00:15:48.758172
ST_017,22077,434,2026-02-05T02:26:23.713692
ST_017,84596B,245,2026-01-25T04:32:20.323123
ST_017,84879,31,2026-02-10T01:35:16.801602
ST_017,84828,173,2026-02-12T17:59:30.452354
ST_017,85049G,425,2026-02-12T12:24:56.402831
ST_017,22461,406,2026-01-24T12:34:16.444943
ST_017,21275,423,2026-02-03T15:24:29.916280
ST_017,22971,-46,2026-01-29T10:25:17.234072
ST_017,44235,55,2026-01-14T21:46:50.388195
ST_017,21705,65,2026-01-28T20:27:59.889066
ST_017,23264,-25,2026-02-12T07:57:05.888602
ST_017,21210,423,2026-01-26T02:36:52.077126
ST_017,84766,203,2026-01-30T10:41:21.469925
ST_017,21313,273,2026-01-29T03:21:27.058916
ST_017,21067,338,2026-02-10T20:40:59.419946
ST_017,21671,-32,2026-01-29T11:41:26.899513
ST_017,84805B,56,2026-01-19T07:51:01.146900
ST_017,72709,331,2026-02-10T18:14:40.810896
ST_017,90158,405,2026-01-17T08:08:26.913162
ST_017,90120B,421,2026-02-03T21:34:16.173469
ST_017,84678,14,2026-01-23T02:55:55.126758
ST_017,23503,-43,2026-01-25T21:59:56.584433
ST_017,21935,479,2026-01-30T16:21:13.873621
ST_017,90161A,317,2026-01-19T17:32:01.114051
ST_017,22908,223,2026-01-28T06:16:16.023193
ST_017,84854,36,2026-02-12T04:33:55.065409
ST_017,17191A,437,2026-02-11T14:23:31.935766
ST_017,20868,327,2026-01-30T21:11:09.316800
ST_017,20826,234,2026-01-30T21:25:35.871228
ST_017,20971,0,2026-01-21T18:47:31.469758
ST_017,23270,362,2026-02-11T12:11:14.900035
ST_017,21946,212,2026-02-03T00:58:04.106515
ST_017,47310M,196,2026-01-16T10:59:39.201000
ST_017,37446,98,2026-02-09T01:50:55.788857
ST_017,35638A,15,2026-02-12T02:22:05.259129
ST_017,85124B,225,2026-01-28T07:13:31.734943
ST_017,90094,334,2026-02-02T23:10:46.473703
ST_017,23185,378,2026-01-18T20:02:48.741357
ST_017,17021,269,2026-02-12T04:16:21.784431
ST_017,21032,140,2026-01-29T13:44:32.303529
ST_017,23224,451,2026-02-02T07:57:10.514196
ST_017,23473,402,2026-01-29T20:56:43.660138
ST_017,22563,185,2026-02-09T05:20:18.917157
ST_017,21156,129,2026-01-24T14:24:07.557267
ST_017,22786,366,2026-01-26T14:04:18.028693
ST_017,17136A,215,2026-01-16T20:28:52.703160
ST_017,37471,372,2026-02-05T14:35:37.311476
ST_017,16258A,-47,2026-01-28T17:26:15.115071
ST_017,84915,4,2026-01-21T23:08:13.794987
ST_017,90202B,384,2026-01-17T04:13:28.753552
ST_017,90159,444,2026-01-20T10:41:00.614486
ST_017,22649,186,2026-01-22T01:28:40.154945
ST_017,84637,351,2026-01-17T00:22:27.297868
ST_017,22650,168,2026-02-03T23:34:01.016231
ST_017,22755,0,2026-01-21T13:50:23.927545
ST_017,21403,477,2026-02-08T18:00:37.408362
ST_017,23017,377,2026-01-14T19:22:08.267931
ST_017,22230,198,2026-02-03T22:22:22.940026
ST_017,90040B,407,2026-01-30T23:16:41.850966
ST_017,84465,26,2026-01-28T10:46:42.393840
ST_017,35909A,117,2026-01-28T11:33:59.506534
ST_017,16161G,443,2026-02-10T22:37:32.737323
ST_017,22324,359,2026-02-03T17:22:15.149342
ST_017,23193,83,2026-02-09T12:30:41.087331
ST_017,23155,91,2026-01-24T07:34:03.086936
ST_017,22602,216,2026-02-07T16:15:36.751030
ST_017,22993,378,2026-02-06T05:57:38.539061
ST_017,82582,236,2026-02-07T06:25:02.301005
ST_017,85202,210,2026-02-10T06:21:51.945745
ST_017,90021,266,2026-01-19T13:39:42.622818
ST_017,22948,235,2026-01-18T05:52:10.109046
ST_017,84192,457,2026-01-19T02:40:53.874345
ST_017,22053,345,2026-01-15T09:37:36.129119
ST_017,84600,415,2026-01-18T01:14:10.691846
ST_017,20796,21,2026-01-24T18:54:52.247333
ST_017,20697,181,2026-01-28T10:18:42.978533
ST_017,22699,349,2026-02-01T19:03:42.628032
ST_017,44091A,311,2026-01-19T01:57:56.543424
ST_017,21519,150,2026-01-23T13:21:27.524404
ST_017,22441,372,2026-02-12T18:34:46.655241
ST_017,23297,451,2026-02-05T10:48:20.899863
ST_017,21915,266,2026-01-20T16:56:25.295962
ST_017,37449,376,2026-01-27T11:44:29.906179
ST_017,21667,115,2026-02-04T12:40:46.947471
ST_017,22476,52,2026-02-10T20:54:16.542074
ST_017,46000P,270,2026-01-29T06:57:23.639656
ST_017,90003B,125,2026-01-25T06:59:40.024300
ST_017,21990,214,2026-01-26T15:47:48.837050
ST_017,82599,177,2026-01-31T01:04:01.251125
ST_017,16161P,385,2026-01-15T18:33:59.076750
ST_017,85132A,177,2026-02-07T08:38:42.420294
ST_017,84593,29,2026-02-09T21:59:12.516187
ST_017,22575,234,2026-01-18T17:00:05.326507
ST_017,23070,50,2026-01-19T10:26:28.047725
ST_017,90196B,79,2026-02-10T12:28:41.254047
ST_017,22737,311,2026-01-19T21:30:05.493260
ST_018,22876,287,2026-01-25T00:21:40.525110
ST_018,20934,300,2026-02-09T10:54:38.376241
ST_018,21682,430,2026-02-13T08:40:13.303498
ST_018,21910,257,2026-01-16T10:57:53.573652
ST_018,22158,279,2026-02-01T16:12:38.067089
ST_018,35819B,20,2026-02-01T14:05:14.334527
ST_018,20711,146,2026-02-10T01:13:25.532414
ST_018,22406,121,2026-02-12T06:24:19.339849
ST_018,90177E,65,2026-02-07T11:01:31.572640
ST_018,90123B,5,2026-01-20T03:44:27.706670
ST_018,21402,450,2026-01-21T04:31:47.342613
ST_018,21291,60,2026-02-12T09:01:51.117352
ST_018,35819P,330,2026-02-11T20:09:01.384580
ST_018,22399,126,2026-01-25T21:13:52.702158
ST_018,21261,299,2026-02-08T23:27:48.274564
ST_018,22430,91,2026-02-09T14:24:37.680277
ST_018,21918,159,2026-01-30T19:39:52.780699
ST_018,21232,107,2026-01-24T10:19:07.678514
ST_018,35610B,323,2026-02-07T04:15:04.652233
ST_018,23165,451,2026-01-15T19:03:16.393925
ST_018,23311,78,2026-02-08T13:07:29.184081
ST_018,22896,385,2026-01-23T02:05:24.639027
ST_018,85024C,424,2026-02-09T20:35:13.683153
ST_018,23570,439,2026-01-15T08:57:31.630359
ST_018,84666,472,2026-01-27T07:34:01.595171
ST_018,21865,304,2026-01-18T22:15:25.295513
ST_018,21678,382,2026-02-02T15:06:50.103494
ST_018,20752,16,2026-01-27T02:29:40.764698
ST_018,23434,79,2026-01-22T02:46:04.381999
ST_018,22038,256,2026-02-02T05:45:40.044669
ST_018,21289,439,2026-02-06T11:56:30.364632
ST_018,22034,9,2026-02-01T01:26:02.332990
ST_018,84660B,229,2026-02-13T07:42:05.213034
ST_018,16248B,271,2026-01-27T01:06:13.114170
ST_018,16259,462,2026-02-05T01:15:59.169199
ST_018,90125E,432,2026-01-18T18:02:16.549710
ST_018,21718,276,2026-02-03T19:13:37.488085
ST_018,35958,400,2026-01-26T09:58:43.891308
ST_018,22775,148,2026-01-27T21:55:28.273281
ST_018,84927E,25,2026-01-31T05:04:32.773288
ST_018,23412,293,2026-01-27T21:13:23.169179
ST_018,21802,380,2026-02-09T15:23:06.141485
ST_018,22700,288,2026-01-23T05:28:43.343003
ST_018,21792,-11,2026-01-23T05:12:24.635241
ST_018,21126,239,2026-01-16T19:00:29.805266
ST_018,47481,383,2026-01-27T09:33:42.379985
ST_018,23000,486,2026-02-12T11:43:40.216897
ST_018,84461,158,2026-02-06T05:37:29.518290
ST_018,84963A,445,2026-01-29T03:59:33.925113
ST_018,90214Z,137,2026-01-29T17:51:20.451776
ST_018,90199C,493,2026-02-06T23:56:11.361087
ST_018,90125B,329,2026-01-31T12:47:16.192042
ST_018,22315,294,2026-01-17T21:28:36.664441
ST_018,22636,220,2026-01-29T22:47:30.127348
ST_018,22408,302,2026-02-09T20:55:44.651547
ST_018,22517,-44,2026-02-06T20:34:37.533801
ST_018,85159A,263,2026-02-02T21:29:39.328009
ST_018,23169,310,2026-01-30T07:27:43.251565
ST_018,23243,270,2026-01-20T07:58:40.820385
ST_018,84568,467,2026-01-31T04:32:04.508495
ST_018,22458,155,2026-01-20T21:21:53.674653
ST_018,21272,228,2026-02-09T17:44:03.679070
ST_018,84558A,191,2026-01-27T02:04:54.007866
ST_018,90214I,112,2026-02-12T18:41:54.580969
ST_018,47369B,278,2026-01-17T21:54:33.802626
ST_018,23031,494,2026-02-01T17:27:35.294473
ST_018,21106,477,2026-02-01T14:52:04.207961
ST_018,84380,235,2026-01-28T19:26:07.707318
ST_018,90152A,116,2026-01-20T09:54:46.331226
ST_018,48184,313,2026-01-18T09:00:53.702655
ST_018,90039C,-19,2026-01-15T19:16:26.735827
ST_018,20677,313,2026-01-26T02:29:52.408675
ST_018,85135C,449,2026-01-17T01:51:36.891481
ST_018,85045,465,2026-01-28T20:05:41.468557
ST_018,23161,342,2026-01-27T19:49:48.940032
ST_018,23255,403,2026-01-23T22:43:53.553063
ST_018,23694,17,2026-01-25T14:00:50.571994
ST_018,90100,301,2026-02-07T20:58:54.273234
ST_018,84798A,382,2026-02-10T22:30:27.706326
ST_018,22880,-34,2026-02-03T00:23:27.406567
ST_018,21369,323,2026-01-26T19:28:07.990668
ST_018,23100,358,2026-01-14T21:52:14.813775
ST_018,85211,-40,2026-01-28T00:26:16.088859
ST_018,84659A,394,2026-01-16T19:24:57.876873
ST_018,22655,490,2026-02-03T08:11:53.296248
ST_018,35599D,72,2026-01-24T22:55:42.952921
ST_018,84905,143,2026-01-15T17:31:02.150709
ST_018,21086,36,2026-01-24T11:47:44.489231
ST_018,23252,104,2026-01-29T08:05:40.537819
ST_018,22623,210,2026-02-10T15:39:52.137425
ST_018,M,23,2026-01-30T12:59:50.774517
ST_018,23356,192,2026-02-07T01:39:29.496995
ST_018,35004P,444,2026-02-01T18:13:42.824180
ST_018,21377,302,2026-02-08T03:21:41.853096
ST_018,21696,28,2026-01-27T18:13:26.276963
ST_018,20974,107,2026-01-26T18:23:54.074970
ST_018,85200,60,2026-01-19T15:10:33.304107
ST_018,22702,467,2026-01-15T10:25:34.281412
ST_018,21499,300,2026-01-28T15:32:35.031426
ST_018,22057,384,2026-02-10T18:52:20.092926
ST_018,47590A,189,2026-01-17T04:18:15.584635
ST_018,22558,219,2026-01-26T04:27:18.780813
ST_018,21986,337,2026-01-30T05:32:25.632988
ST_018,22112,410,2026-01-23T10:31:31.214336
ST_018,23004,292,2026-02-03T23:44:07.796076
ST_018,22444,453,2026-02-13T10:00:45.470580
ST_018,22346,479,2026-02-09T04:32:49.380879
ST_018,72598,28,2026-02-09T21:19:25.898646
ST_018,23345,441,2026-01-25T06:09:07.931311
ST_018,23191,421,2026-01-20T12:34:29.870654
ST_018,23495,3,2026-02-08T10:25:02.618553
ST_018,22260,186,2026-01-23T23:13:17.414098
ST_018,23181,256,2026-01-31T16:01:30.528656
ST_018,23553,221,2026-01-21T23:26:02.346285
ST_018,21418,67,2026-01-29T06:56:52.088699
ST_018,21816,465,2026-01-15T05:40:58.599604
ST_018,90042A,129,2026-02-08T03:22:12.670929
ST_018,85178,-15,2026-02-08T02:25:11.658603
ST_018,47578A,37,2026-02-03T19:12:28.647833
ST_018,23254,351,2026-02-13T06:32:23.186303
ST_018,71496A,229,2026-01-26T21:10:17.270873
ST_018,22897,470,2026-01-27T15:13:33.547561
ST_018,21426,13,2026-01-25T17:27:48.492154
ST_018,20668,88,2026-01-25T00:07:51.399846
ST_018,84707B,94,2026-02-07T10:56:01.625506
ST_018,21462,43,2026-01-22T02:32:39.955441
ST_018,22886,478,2026-01-29T13:53:31.296377
ST_018,35964,-46,2026-02-11T08:58:20.805335
ST_018,23419,-5,2026-01-18T00:29:16.628631
ST_018,84922,-17,2026-02-01T21:53:43.278194
ST_018,22716,-44,2026-02-05T09:17:27.734184
ST_018,21867,229,2026-01-17T22:19:05.435441
ST_018,21015,439,2026-02-06T18:56:06.875683
ST_018,85131B,212,2026-02-12T10:15:24.083205
ST_018,23456,26,2026-02-08T03:50:49.065592
ST_018,35972,-8,2026-02-12T06:12:39.803698
ST_018,37488A,474,2026-01-24T08:11:56.516073
ST_018,20854,35,2026-01-15T16:45:07.923538
ST_018,85071B,165,2026-01-22T23:59:21.738090
ST_018,23325,45,2026-01-17T17:18:17.439346
ST_018,90093,377,2026-01-22T15:37:55.035029
ST_018,84870B,0,2026-02-11T07:54:11.764890
ST_018,23457,432,2026-01-22T13:09:36.262494
ST_018,22900,430,2026-02-10T12:09:31.833796
ST_018,90055,22,2026-01-24T21:49:25.627870
ST_018,21507,-5,2026-01-31T04:23:54.634028
ST_018,40001,-23,2026-01-25T23:25:33.250455
ST_018,23497,58,2026-02-03T20:26:02.169838
ST_018,22183,33,2026-01-27T22:08:19.885272
ST_018,22645,144,2026-02-03T22:17:17.026849
ST_018,90019C,358,2026-01-18T21:37:48.983937
ST_018,21054,16,2026-01-31T03:34:55.965913
ST_018,90214O,123,2026-01-19T02:35:48.038477
ST_018,22195,415,2026-01-17T03:32:02.998628
ST_018,85225,43,2026-01-27T07:17:46.838888
ST_018,22870,227,2026-01-15T20:49:18.153215
ST_018,22244,423,2026-01-29T04:27:15.251617
ST_018,90065B,-23,2026-01-24T22:06:33.429866
ST_018,22936,35,2026-02-01T17:11:53.341401
ST_018,35001W,13,2026-02-01T05:00:48.804887
ST_018,85034A,494,2026-01-30T10:39:18.303764
ST_018,23145,60,2026-01-23T07:41:44.469012
ST_018,90129A,142,2026-01-26T20:33:17.059521
ST_018,90202D,139,2026-01-30T08:08:28.071273
ST_018,37444A,444,2026-01-23T15:41:57.052552
ST_018,22069,334,2026-01-21T23:20:59.051532
ST_018,23102,64,2026-01-21T09:42:22.213106
ST_018,21622,63,2026-01-21T23:33:35.477987
ST_018,20748,55,2026-02-02T19:29:37.882028
ST_018,18097C,189,2026-01-23T10:13:56.017071
ST_018,22322,13,2026-02-09T13:18:21.869017
ST_018,21143,30,2026-01-30T00:27:40.715457
ST_018,16235,-8,2026-02-13T04:35:30.221143
ST_018,22060,391,2026-01-25T15:32:16.552203
ST_018,23390,56,2026-01-21T12:11:19.900579
ST_018,21609,427,2026-01-22T16:50:52.243174
ST_018,23190,198,2026-02-12T17:26:19.855826
ST_018,22594,384,2026-01-23T21:27:40.241776
ST_018,90198B,278,2026-01-25T02:46:50.362682
ST_018,23209,326,2026-01-15T04:33:26.111144
ST_018,21955,93,2026-02-07T14:24:23.593791
ST_018,90190B,217,2026-01-16T09:11:16.548184
ST_018,11001,155,2026-02-01T03:47:39.742064
ST_018,21634,344,2026-01-26T02:04:45.361735
ST_018,22518,371,2026-02-02T18:54:21.211096
ST_018,22745,76,2026-01-21T08:38:43.471200
ST_018,90099,-38,2026-01-27T01:07:07.454710
ST_018,35650,394,2026-01-15T01:51:51.044337
ST_018,85026B,180,2026-01-15T17:45:19.651026
ST_018,84750B,321,2026-01-17T07:54:17.481762
ST_018,90016A,303,2026-02-01T15:28:11.617512
ST_018,72741,447,2026-01-21T21:34:48.558230
ST_018,16161M,438,2026-02-11T04:17:26.066742
ST_018,21681,446,2026-01-19T12:11:17.850988
ST_018,90086,300,2026-02-11T20:15:06.162296
ST_018,21706,393,2026-01-27T02:08:42.205644
ST_018,23121,482,2026-01-15T08:06:30.795270
ST_018,22136,22,2026-02-01T19:28:45.800340
ST_018,22086,115,2026-02-11T06:44:09.639002
ST_018,84596F,47,2026-02-11T23:32:49.782586
ST_018,22545,-50,2026-01-24T06:34:10.366197
ST_018,22964,50,2026-02-03T01:39:40.713252
ST_018,90155,221,2026-02-09T00:51:40.270529
ST_018,84927F,165,2026-01-20T11:20:55.902978
ST_018,22077,-16,2026-01-21T07:43:52.164891
ST_018,84596B,55,2026-02-06T22:54:37.918602
ST_018,84879,345,2026-01-16T21:39:26.775741
ST_018,84828,417,2026-02-09T06:38:11.409034
ST_018,85049G,149,2026-01-25T15:16:08.323728
ST_018,22461,240,2026-01-25T15:50:16.881102
ST_018,21275,419,2026-02-03T02:24:03.404091
ST_018,22971,133,2026-02-06T23:55:04.339616
ST_018,44235,121,2026-01-18T02:35:52.879406
ST_018,21705,26,2026-01-28T19:02:11.902895
ST_018,23264,166,2026-02-07T01:27:29.065368
ST_018,21210,-3,2026-01-16T12:14:02.120022
ST_018,84766,485,2026-01-15T16:25:05.893118
ST_018,21313,75,2026-02-10T09:33:01.621279
ST_018,21067,233,2026-02-07T01:12:38.199870
ST_018,21671,378,2026-02-04T11:33:40.541407
ST_018,84805B,164,2026-01-17T07:51:44.738804
ST_018,72709,152,2026-01-18T05:44:04.918141
ST_018,90158,348,2026-01-19T01:36:05.651542
ST_018,90120B,236,2026-02-06T18:19:42.464203
ST_018,84678,103,2026-01-18T12:44:41.460403
ST_018,23503,201,2026-02-12T23:43:30.861432
ST_018,21935,408,2026-01-31T19:50:40.028243
ST_018,90161A,396,2026-01-25T20:08:30.951029
ST_018,22908,340,2026-01-15T07:45:59.300885
ST_018,84854,230,2026-01-19T17:33:56.598710
ST_018,17191A,91,2026-02-09T09:10:46.678211
ST_018,20868,395,2026-01-21T06:13:58.334356
ST_018,20826,72,2026-01-23T01:03:03.529430
ST_018,20971,461,2026-01-23T18:50:13.957112
ST_018,23270,112,2026-01-26T23:35:26.187401
ST_018,21946,124,2026-01-30T08:09:02.929022
ST_018,47310M,194,2026-01-29T11:34:04.806324
ST_018,37446,82,2026-01-29T05:22:47.680942
ST_018,35638A,357,2026-02-13T06:51:10.889091
ST_018,85124B,163,2026-02-02T19:33:55.161775
ST_018,90094,15,2026-01-17T14:41:54.203897
ST_018,23185,210,2026-02-08T14:46:51.958006
ST_018,17021,57,2026-02-07T01:35:48.954452
ST_018,21032,191,2026-02-05T11:54:36.022239
ST_018,23224,399,2026-02-07T05:47:37.447036
ST_018,23473,-3,2026-02-01T12:21:37.639470
ST_018,22563,7,2026-01-23T06:15:24.390029
ST_018,21156,416,2026-01-27T17:10:39.980494
ST_018,22786,413,2026-02-10T19:59:04.592708
ST_018,17136A,495,2026-01-26T00:07:12.145674
ST_018,37471,272,2026-02-01T21:44:22.244247
ST_018,16258A,375,2026-01-20T19:16:38.781282
ST_018,84915,493,2026-02-09T14:35:15.126936
ST_018,90202B,82,2026-02-13T04:07:31.773376
ST_018,90159,-34,2026-01-23T11:38:16.483052
ST_018,22649,425,2026-01-27T16:11:57.356260
ST_018,84637,-48,2026-01-21T08:46:17.329344
ST_018,22650,142,2026-02-02T15:17:02.044744
ST_018,22755,71,2026-01-31T23:57:39.848740
ST_018,21403,197,2026-02-01T22:55:33.241035
ST_018,23017,355,2026-01-24T20:20:59.694364
ST_018,22230,319,2026-02-08T16:30:58.736498
ST_018,90040B,367,2026-02-13T09:09:06.285842
ST_018,84465,13,2026-02-06T19:55:06.879282
ST_018,35909A,74,2026-01-19T11:09:44.069259
ST_018,16161G,105,2026-02-10T12:39:41.599812
ST_018,22324,474,2026-01-17T13:18:34.609404
ST_018,23193,377,2026-01-27T21:15:20.165293
ST_018,23155,307,2026-02-06T18:12:02.679869
ST_018,22602,-27,2026-02-06T05:32:02.299167
ST_018,22993,262,2026-02-09T10:53:14.306368
ST_018,82582,145,2026-01-27T01:03:49.648417
ST_018,85202,20,2026-01-25T03:00:07.750490
ST_018,90021,346,2026-02-09T02:38:18.959451
ST_018,22948,264,2026-02-05T07:56:29.332935
ST_018,84192,120,2026-01-29T13:37:01.438911
ST_018,22053,3,2026-02-08T01:01:49.442808
ST_018,84600,350,2026-02-06T07:48:39.573277
ST_018,20796,96,2026-02-08T03:10:48.591712
ST_018,20697,327,2026-02-12T17:23:15.605575
ST_018,22699,341,2026-02-12T20:44:20.082749
ST_018,44091A,117,2026-01-15T11:25:00.870033
ST_018,21519,161,2026-02-08T01:00:42.725368
ST_018,22441,26,2026-02-06T10:23:55.118131
ST_018,23297,-20,2026-02-05T22:11:18.582662
ST_018,21915,112,2026-01-18T22:38:50.487873
ST_018,37449,205,2026-01-30T06:05:13.179564
ST_018,21667,309,2026-02-04T17:54:26.346234
ST_018,22476,451,2026-01-28T00:29:56.917928
ST_018,46000P,291,2026-02-10T03:41:31.264609
ST_018,90003B,224,2026-01-20T23:33:56.863432
ST_018,21990,-50,2026-01-23T14:09:05.411279
ST_018,82599,420,2026-02-07T13:02:37.513324
ST_018,16161P,192,2026-02-03T13:47:21.729711
ST_018,85132A,291,2026-01-28T05:58:13.345964
ST_018,84593,13,2026-01-29T14:03:16.982657
ST_018,22575,398,2026-01-21T19:25:02.208059
ST_018,23070,411,2026-01-30T18:34:23.087632
ST_018,90196B,392,2026-01-31T14:09:40.230781
ST_018,22737,270,2026-01-15T02:22:49.133957
ST_019,22876,266,2026-01-23T15:03:47.465062
ST_019,20934,226,2026-01-25T15:30:40.840153
ST_019,21682,31,2026-01-25T17:14:48.765007
ST_019,21910,299,2026-01-27T11:12:54.997989
ST_019,22158,-18,2026-01-23T17:02:34.272672
ST_019,35819B,458,2026-02-06T23:25:50.944543
ST_019,20711,125,2026-02-13T07:41:52.754964
ST_019,22406,-16,2026-01-14T14:06:40.521081
ST_019,90177E,132,2026-02-11T17:46:45.991742
ST_019,90123B,400,2026-01-16T06:19:30.084148
ST_019,21402,275,2026-01-23T03:30:55.095115
ST_019,21291,449,2026-01-15T14:16:24.987074
ST_019,35819P,128,2026-01-25T07:01:39.448644
ST_019,22399,46,2026-01-29T01:41:39.009919
ST_019,21261,7,2026-02-06T20:51:58.880596
ST_019,22430,425,2026-01-19T16:13:13.993822
ST_019,21918,-24,2026-01-22T01:24:01.717121
ST_019,21232,115,2026-02-06T04:47:35.301687
ST_019,35610B,263,2026-02-03T06:24:21.337984
ST_019,23165,-50,2026-02-11T13:09:02.698923
ST_019,23311,381,2026-01-19T06:10:33.683131
ST_019,22896,247,2026-01-19T18:32:30.460626
ST_019,85024C,343,2026-02-04T16:13:02.451904
ST_019,23570,19,2026-01-24T00:34:15.086424
ST_019,84666,370,2026-01-15T07:24:34.494709
ST_019,21865,137,2026-01-24T01:32:49.159314
ST_019,21678,-30,2026-02-02T11:33:58.819156
ST_019,20752,292,2026-01-18T23:08:46.642072
ST_019,23434,33,2026-02-10T13:25:28.630922
ST_019,22038,402,2026-01-29T19:49:37.447985
ST_019,21289,476,2026-01-22T15:16:34.452496
ST_019,22034,470,2026-01-19T22:30:01.621217
ST_019,84660B,134,2026-02-01T09:36:36.078975
ST_019,16248B,458,2026-01-29T12:13:09.458073
ST_019,16259,294,2026-02-11T08:10:46.604246
ST_019,90125E,390,2026-02-12T19:06:14.494299
ST_019,21718,189,2026-02-01T23:17:35.771907
ST_019,35958,239,2026-01-29T07:56:43.300668
ST_019,22775,347,2026-01-24T10:20:27.595683
ST_019,84927E,402,2026-02-08T15:31:55.019770
ST_019,23412,415,2026-01-21T22:41:08.349134
ST_019,21802,327,2026-01-14T23:39:04.363915
ST_019,22700,220,2026-01-27T18:23:00.551117
ST_019,21792,-17,2026-01-29T18:44:55.300351
ST_019,21126,349,2026-01-15T13:07:46.895545
ST_019,47481,243,2026-01-15T12:34:21.114831
ST_019,23000,188,2026-02-05T23:50:49.381560
ST_019,84461,388,2026-02-05T11:53:12.398415
ST_019,84963A,416,2026-01-18T08:57:24.038728
ST_019,90214Z,488,2026-01-25T17:06:08.403833
ST_019,90199C,357,2026-01-20T12:20:54.482359
ST_019,90125B,213,2026-02-12T06:59:02.692476
ST_019,22315,464,2026-01-20T14:12:00.728694
ST_019,22636,15,2026-02-13T12:08:18.077977
ST_019,22408,16,2026-02-01T23:34:50.469920
ST_019,22517,242,2026-01-19T04:09:03.451233
ST_019,85159A,196,2026-02-03T19:47:38.372187
ST_019,23169,-14,2026-01-20T22:08:33.307653
ST_019,23243,439,2026-02-03T12:27:33.427244
ST_019,84568,168,2026-01-20T15:56:29.450772
ST_019,22458,140,2026-02-06T03:49:30.832989
ST_019,21272,67,2026-02-13T03:39:15.838358
ST_019,84558A,73,2026-01-30T22:23:09.768085
ST_019,90214I,320,2026-01-30T01:01:19.176171
ST_019,47369B,4,2026-01-19T13:10:17.427149
ST_019,23031,27,2026-02-09T22:07:56.753808
ST_019,21106,98,2026-01-18T06:01:06.833393
ST_019,84380,217,2026-02-04T12:27:23.924076
ST_019,90152A,391,2026-01-18T19:34:57.778501
ST_019,48184,257,2026-01-16T00:04:53.531214
ST_019,90039C,262,2026-01-19T18:22:49.479257
ST_019,20677,406,2026-02-03T05:57:07.555604
ST_019,85135C,337,2026-01-30T20:39:29.301777
ST_019,85045,159,2026-02-02T18:59:19.538424
ST_019,23161,3,2026-01-21T04:47:36.527641
ST_019,23255,384,2026-02-06T16:27:25.489287
ST_019,23694,255,2026-02-02T08:29:21.553808
ST_019,90100,215,2026-01-22T13:55:54.386622
ST_019,84798A,217,2026-01-23T02:35:08.524478
ST_019,22880,465,2026-01-15T11:01:53.159035
ST_019,21369,234,2026-01-17T21:13:58.014452
ST_019,23100,298,2026-02-11T13:33:28.111089
ST_019,85211,127,2026-01-22T19:24:12.307369
ST_019,84659A,322,2026-01-28T00:53:54.003177
ST_019,22655,465,2026-01-20T09:20:04.206678
ST_019,35599D,177,2026-01-29T06:23:54.561138
ST_019,84905,23,2026-02-02T05:34:27.351317
ST_019,21086,32,2026-01-26T11:01:00.532528
ST_019,23252,41,2026-01-17T22:04:08.794820
ST_019,22623,50,2026-02-09T01:08:44.289116
ST_019,M,13,2026-02-01T21:06:49.158121
ST_019,23356,408,2026-01-17T11:33:21.677158
ST_019,35004P,332,2026-01-29T11:32:42.410014
ST_019,21377,160,2026-02-02T04:54:05.635221
ST_019,21696,317,2026-02-08T10:23:55.705032
ST_019,20974,442,2026-01-20T17:49:19.038294
ST_019,85200,191,2026-01-30T03:54:09.304473
ST_019,22702,-27,2026-01-23T19:23:01.856633
ST_019,21499,424,2026-01-18T13:40:02.477985
ST_019,22057,276,2026-02-06T12:31:35.108399
ST_019,47590A,-31,2026-01-29T12:45:18.323185
ST_019,22558,45,2026-01-29T23:50:28.151791
ST_019,21986,-38,2026-02-09T16:03:40.561310
ST_019,22112,300,2026-01-18T05:50:58.601374
ST_019,23004,27,2026-01-31T21:36:15.740804
ST_019,22444,322,2026-02-02T15:14:46.378595
ST_019,22346,315,2026-02-07T21:07:32.751687
ST_019,72598,224,2026-02-01T06:34:29.265695
ST_019,23345,471,2026-01-21T23:05:18.825846
ST_019,23191,194,2026-02-11T06:36:58.107091
ST_019,23495,415,2026-01-19T00:12:50.427657
ST_019,22260,321,2026-02-10T09:50:57.109611
ST_019,23181,401,2026-02-04T11:57:58.363719
ST_019,23553,218,2026-02-06T03:18:36.603508
ST_019,21418,10,2026-02-02T13:17:47.868796
ST_019,21816,344,2026-01-16T06:13:30.319716
ST_019,90042A,77,2026-01-26T07:45:35.609979
ST_019,85178,404,2026-01-22T15:46:20.069609
ST_019,47578A,240,2026-02-04T18:47:27.319126
ST_019,23254,357,2026-01-19T16:57:20.968212
ST_019,71496A,441,2026-01-19T16:54:00.133673
ST_019,22897,255,2026-01-24T17:31:21.561716
ST_019,21426,215,2026-02-06T16:26:56.190285
ST_019,20668,65,2026-01-21T18:37:19.737299
ST_019,84707B,74,2026-02-01T20:53:34.700289
ST_019,21462,169,2026-02-11T11:47:53.952134
ST_019,22886,188,2026-01-27T01:26:59.819168
ST_019,35964,94,2026-01-23T01:57:23.513344
ST_019,23419,424,2026-01-17T05:59:32.941756
ST_019,84922,472,2026-01-20T15:01:50.518503
ST_019,22716,476,2026-02-10T06:27:01.529208
ST_019,21867,116,2026-02-04T20:26:32.732479
ST_019,21015,417,2026-01-30T22:02:10.517498
ST_019,85131B,252,2026-01-20T18:40:35.907692
ST_019,23456,434,2026-02-12T22:30:51.087511
ST_019,35972,480,2026-01-24T22:51:32.948917
ST_019,37488A,120,2026-02-02T07:00:06.675258
ST_019,20854,187,2026-02-09T12:45:09.102889
ST_019,85071B,166,2026-02-09T13:29:39.021865
ST_019,23325,362,2026-02-09T12:39:19.086946
ST_019,90093,314,2026-02-02T18:14:37.777423
ST_019,84870B,-50,2026-02-04T19:23:17.831517
ST_019,23457,54,2026-01-18T03:55:41.043715
ST_019,22900,226,2026-01-25T13:20:31.178603
ST_019,90055,169,2026-02-11T00:43:42.485615
ST_019,21507,354,2026-02-04T09:15:50.182556
ST_019,40001,314,2026-02-01T16:14:53.821644
ST_019,23497,305,2026-02-08T02:18:36.620637
ST_019,22183,411,2026-02-08T09:39:15.505048
ST_019,22645,427,2026-02-06T19:15:43.846340
ST_019,90019C,151,2026-02-02T16:11:48.767937
ST_019,21054,173,2026-01-28T08:44:44.120592
ST_019,90214O,396,2026-02-11T01:30:05.233842
ST_019,22195,167,2026-02-11T08:27:05.014890
ST_019,85225,291,2026-01-16T11:53:27.424659
ST_019,22870,406,2026-01-21T17:00:37.136877
ST_019,22244,37,2026-01-27T04:09:32.721351
ST_019,90065B,356,2026-02-06T03:07:40.494605
ST_019,22936,168,2026-01-22T13:14:08.677047
ST_019,35001W,180,2026-01-16T16:54:59.675588
ST_019,85034A,246,2026-02-06T11:32:22.063705
ST_019,23145,-1,2026-02-11T04:18:19.009640
ST_019,90129A,-24,2026-01-26T10:20:08.728646
ST_019,90202D,473,2026-01-23T06:19:16.954355
ST_019,37444A,-9,2026-01-26T01:25:48.939780
ST_019,22069,222,2026-02-08T13:00:00.364858
ST_019,23102,103,2026-01-23T14:06:53.195977
ST_019,21622,212,2026-01-28T04:45:05.595031
ST_019,20748,457,2026-02-02T02:16:48.482081
ST_019,18097C,5,2026-02-02T13:06:12.393491
ST_019,22322,480,2026-01-25T04:35:24.262537
ST_019,21143,62,2026-01-21T15:55:16.032702
ST_019,16235,452,2026-01-22T00:10:04.224363
ST_019,22060,88,2026-02-12T09:00:00.772433
ST_019,23390,275,2026-01-26T13:19:00.157384
ST_019,21609,44,2026-02-02T15:41:59.354640
ST_019,23190,9,2026-02-08T02:26:43.348202
ST_019,22594,416,2026-02-06T01:00:08.435053
ST_019,90198B,419,2026-01-20T11:20:24.402793
ST_019,23209,399,2026-01-30T01:14:38.333566
ST_019,21955,216,2026-02-12T12:33:02.645595
ST_019,90190B,281,2026-01-20T15:55:56.623809
ST_019,11001,220,2026-01-15T10:52:44.078401
ST_019,21634,447,2026-01-19T16:39:01.892531
ST_019,22518,267,2026-01-15T20:14:27.165741
ST_019,22745,181,2026-01-31T10:39:18.973294
ST_019,90099,150,2026-01-22T10:21:07.214029
ST_019,35650,24,2026-01-28T09:29:36.581558
ST_019,85026B,175,2026-01-29T12:36:39.602597
ST_019,84750B,416,2026-02-08T03:34:17.320358
ST_019,90016A,461,2026-02-03T11:57:54.232895
ST_019,72741,398,2026-01-18T16:05:53.852878
ST_019,16161M,-38,2026-02-08T19:38:15.828353
ST_019,21681,45,2026-01-20T11:42:01.505955
ST_019,90086,115,2026-01-26T02:25:03.475206
ST_019,21706,188,2026-02-12T11:02:35.675941
ST_019,23121,234,2026-01-16T06:02:06.867914
ST_019,22136,333,2026-01-30T23:42:50.261474
ST_019,22086,60,2026-02-03T03:58:34.189271
ST_019,84596F,255,2026-02-03T15:32:18.617373
ST_019,22545,253,2026-02-13T09:07:52.835737
ST_019,22964,136,2026-01-23T21:51:39.029482
ST_019,90155,274,2026-01-27T15:57:59.723660
ST_019,84927F,413,2026-02-12T09:19:09.820800
ST_019,22077,15,2026-01-18T06:57:36.499316
ST_019,84596B,-34,2026-02-03T16:43:59.263139
ST_019,84879,245,2026-01-15T19:40:58.306163
ST_019,84828,302,2026-02-04T05:06:57.851919
ST_019,85049G,462,2026-01-14T16:23:23.817205
ST_019,22461,227,2026-02-07T16:05:28.864135
ST_019,21275,38,2026-01-30T09:54:48.054151
ST_019,22971,278,2026-01-23T16:38:43.916625
ST_019,44235,172,2026-01-24T11:53:52.358126
ST_019,21705,123,2026-01-14T12:35:07.159637
ST_019,23264,96,2026-01-17T12:57:45.064988
ST_019,21210,468,2026-01-20T21:29:13.716184
ST_019,84766,348,2026-01-24T08:31:52.059291
ST_019,21313,113,2026-02-08T23:43:26.557109
ST_019,21067,41,2026-01-25T01:02:28.410149
ST_019,21671,339,2026-02-06T01:13:45.357848
ST_019,84805B,18,2026-02-10T15:14:30.642286
ST_019,72709,213,2026-01-15T09:45:39.227132
ST_019,90158,67,2026-02-09T13:44:57.178992
ST_019,90120B,180,2026-01-17T19:46:51.020479
ST_019,84678,406,2026-02-03T13:52:23.162390
ST_019,23503,7,2026-02-04T04:46:16.616336
ST_019,21935,69,2026-01-27T05:38:48.202299
ST_019,90161A,195,2026-02-10T12:15:34.193202
ST_019,22908,148,2026-01-16T10:15:05.136437
ST_019,84854,414,2026-01-31T02:44:46.945465
ST_019,17191A,-13,2026-01-26T00:25:00.018854
ST_019,20868,479,2026-01-24T20:31:16.528640
ST_019,20826,205,2026-01-30T20:59:54.648459
ST_019,20971,197,2026-02-12T09:10:54.657547
ST_019,23270,236,2026-01-27T08:21:15.322794
ST_019,21946,138,2026-02-12T19:25:29.898804
ST_019,47310M,51,2026-01-26T23:28:26.253838
ST_019,37446,309,2026-01-27T17:48:39.211651
ST_019,35638A,230,2026-01-30T19:18:21.957390
ST_019,85124B,3,2026-02-06T07:06:32.758435
ST_019,90094,499,2026-01-19T12:16:43.979538
ST_019,23185,488,2026-02-13T11:02:10.241104
ST_019,17021,243,2026-01-24T17:48:33.215830
ST_019,21032,499,2026-01-24T03:09:55.768925
ST_019,23224,20,2026-02-01T15:48:44.437884
ST_019,23473,19,2026-02-05T18:33:27.041294
ST_019,22563,376,2026-02-09T02:08:34.942035
ST_019,21156,232,2026-01-26T01:00:30.974390
ST_019,22786,113,2026-01-16T15:25:30.527905
ST_019,17136A,177,2026-01-15T19:37:12.553457
ST_019,37471,402,2026-02-12T01:03:51.773430
ST_019,16258A,481,2026-02-11T02:42:16.241014
ST_019,84915,209,2026-01-19T21:44:53.048679
ST_019,90202B,121,2026-02-13T11:47:18.121174
ST_019,90159,218,2026-01-18T12:08:24.343469
ST_019,22649,82,2026-02-02T16:18:56.654156
ST_019,84637,428,2026-02-03T01:51:16.150015
ST_019,22650,457,2026-01-16T19:40:58.704845
ST_019,22755,321,2026-01-30T03:27:18.038446
ST_019,21403,110,2026-02-02T15:22:24.190694
ST_019,23017,497,2026-01-18T17:22:44.551799
ST_019,22230,80,2026-02-01T13:35:56.688476
ST_019,90040B,-29,2026-02-11T20:39:32.076178
ST_019,84465,221,2026-01-24T11:47:33.615509
ST_019,35909A,27,2026-02-01T00:43:53.614789
ST_019,16161G,153,2026-02-06T23:31:24.442602
ST_019,22324,66,2026-01-20T21:52:19.889103
ST_019,23193,229,2026-02-10T16:12:00.036525
ST_019,23155,428,2026-01-25T23:18:52.686858
ST_019,22602,200,2026-01-29T00:01:30.304343
ST_019,22993,335,2026-02-08T12:52:14.355718
ST_019,82582,171,2026-01-20T02:37:35.433708
ST_019,85202,-8,2026-02-01T15:58:35.740342
ST_019,90021,330,2026-01-21T02:55:56.605610
ST_019,22948,402,2026-01-21T20:15:22.113176
ST_019,84192,477,2026-01-16T02:54:57.441509
ST_019,22053,199,2026-01-25T16:07:27.719073
ST_019,84600,140,2026-02-04T09:18:57.587976
ST_019,20796,333,2026-01-31T04:09:58.756843
ST_019,20697,223,2026-02-03T00:53:13.116205
ST_019,22699,301,2026-02-08T05:05:06.936388
ST_019,44091A,-47,2026-02-04T18:25:10.226467
ST_019,21519,219,2026-01-29T05:56:32.342362
ST_019,22441,92,2026-01-26T01:24:16.286303
ST_019,23297,239,2026-02-01T11:53:41.982022
ST_019,21915,168,2026-01-26T05:37:29.121483
ST_019,37449,186,2026-01-27T23:26:46.513832
ST_019,21667,447,2026-02-12T10:01:10.107085
ST_019,22476,398,2026-01-29T09:29:55.893104
ST_019,46000P,300,2026-01-18T00:09:24.809565
ST_019,90003B,465,2026-01-24T03:21:43.452245
ST_019,21990,-25,2026-01-23T00:24:16.110752
ST_019,82599,113,2026-02-10T21:08:43.934697
ST_019,16161P,24,2026-01-14T16:23:54.052344
ST_019,85132A,282,2026-02-01T22:29:51.470068
ST_019,84593,406,2026-01-22T17:35:27.651766
ST_019,22575,65,2026-01-23T04:14:24.589948
ST_019,23070,294,2026-02-01T00:11:30.259380
ST_019,90196B,360,2026-02-09T22:19:34.719488
ST_019,22737,403,2026-02-07T11:18:15.253252
ST_020,22876,397,2026-02-04T23:21:26.180566
ST_020,20934,393,2026-02-12T05:16:51.627890
ST_020,21682,79,2026-02-03T21:36:56.847474
ST_020,21910,-10,2026-02-13T06:36:47.223478
ST_020,22158,160,2026-02-09T01:22:41.076864
ST_020,35819B,302,2026-02-02T01:39:25.129755
ST_020,20711,134,2026-02-11T19:27:31.442741
ST_020,22406,270,2026-01-16T20:20:44.298652
ST_020,90177E,267,2026-02-03T20:08:57.645987
ST_020,90123B,395,2026-01-18T03:17:22.266368
ST_020,21402,117,2026-02-07T17:33:33.926630
ST_020,21291,232,2026-01-17T15:21:02.651420
ST_020,35819P,84,2026-01-30T18:26:28.155264
ST_020,22399,368,2026-01-24T11:11:16.917765
ST_020,21261,-18,2026-02-10T20:18:28.554637
ST_020,22430,222,2026-02-07T00:29:58.183401
ST_020,21918,388,2026-01-17T08:36:51.598224
ST_020,21232,95,2026-02-10T10:55:09.964720
ST_020,35610B,-3,2026-02-11T23:58:55.666350
ST_020,23165,432,2026-02-03T11:33:03.159005
ST_020,23311,111,2026-01-16T03:21:07.184677
ST_020,22896,-18,2026-01-16T02:39:44.905801
ST_020,85024C,137,2026-02-12T14:37:40.339498
ST_020,23570,20,2026-02-09T10:33:37.389819
ST_020,84666,329,2026-01-21T11:54:24.440914
ST_020,21865,199,2026-01-27T07:08:38.878711
ST_020,21678,164,2026-02-13T03:57:06.378772
ST_020,20752,-3,2026-01-26T09:36:03.747095
ST_020,23434,151,2026-02-08T02:30:39.743554
ST_020,22038,450,2026-02-01T20:30:35.432255
ST_020,21289,319,2026-01-21T18:04:27.584860
ST_020,22034,228,2026-02-01T11:07:55.466315
ST_020,84660B,270,2026-01-16T13:24:24.672818
ST_020,16248B,-35,2026-01-21T21:50:59.333670
ST_020,16259,276,2026-02-08T01:07:08.124371
ST_020,90125E,-27,2026-01-30T13:18:22.792284
ST_020,21718,43,2026-01-18T15:11:15.753432
ST_020,35958,429,2026-01-15T21:05:25.245767
ST_020,22775,381,2026-01-23T11:41:00.124322
ST_020,84927E,275,2026-02-03T17:35:14.552958
ST_020,23412,165,2026-01-15T04:05:13.689635
ST_020,21802,427,2026-01-20T20:29:43.663363
ST_020,22700,206,2026-01-27T17:38:46.861598
ST_020,21792,212,2026-01-24T10:00:44.594332
ST_020,21126,-35,2026-02-05T03:02:15.559125
ST_020,47481,176,2026-01-27T13:37:20.950613
ST_020,23000,339,2026-02-11T17:09:49.336919
ST_020,84461,287,2026-02-06T12:22:50.518434
ST_020,84963A,176,2026-02-06T04:47:00.564335
ST_020,90214Z,204,2026-02-01T23:49:16.925598
ST_020,90199C,27,2026-02-05T07:09:50.223291
ST_020,90125B,303,2026-01-30T20:22:38.056089
ST_020,22315,73,2026-01-30T10:57:57.545722
ST_020,22636,144,2026-02-10T11:38:20.397581
ST_020,22408,104,2026-01-30T05:39:27.824198
ST_020,22517,104,2026-01-21T18:15:47.358533
ST_020,85159A,207,2026-01-23T08:20:59.005762
ST_020,23169,399,2026-01-23T12:04:33.051682
ST_020,23243,373,2026-02-03T23:26:42.081117
ST_020,84568,281,2026-02-09T12:30:01.156740
ST_020,22458,330,2026-02-08T23:14:36.804453
ST_020,21272,250,2026-01-14T17:53:28.266321
ST_020,84558A,229,2026-01-21T16:10:23.417455
ST_020,90214I,351,2026-01-29T07:34:36.137724
ST_020,47369B,284,2026-01-29T18:53:01.157400
ST_020,23031,310,2026-02-10T22:05:38.927558
ST_020,21106,427,2026-02-01T00:08:59.721033
ST_020,84380,471,2026-01-14T23:30:00.547374
ST_020,90152A,64,2026-01-25T06:54:53.782862
ST_020,48184,258,2026-02-03T09:16:07.049634
ST_020,90039C,-32,2026-02-05T05:18:49.810523
ST_020,20677,276,2026-01-25T15:39:33.617269
ST_020,85135C,132,2026-02-10T11:43:01.021795
ST_020,85045,467,2026-01-14T19:06:07.651080
ST_020,23161,5,2026-01-21T02:43:18.759282
ST_020,23255,287,2026-02-05T01:34:24.332102
ST_020,23694,215,2026-02-01T11:41:46.475301
ST_020,90100,276,2026-01-19T07:40:07.496919
ST_020,84798A,30,2026-02-12T02:29:15.201598
ST_020,22880,154,2026-01-24T07:06:59.459008
ST_020,21369,-46,2026-01-24T10:13:25.901352
ST_020,23100,371,2026-01-23T01:40:36.088395
ST_020,85211,253,2026-02-11T01:04:30.029144
ST_020,84659A,436,2026-01-27T17:55:35.086933
ST_020,22655,366,2026-02-02T01:35:27.334711
ST_020,35599D,-30,2026-02-11T06:21:00.530726
ST_020,84905,116,2026-02-10T13:44:24.307303
ST_020,21086,150,2026-02-04T11:57:09.489539
ST_020,23252,119,2026-01-26T07:49:05.510495
ST_020,22623,-40,2026-01-24T08:09:39.050544
ST_020,M,44,2026-01-22T21:46:32.309664
ST_020,23356,416,2026-01-16T20:54:02.964363
ST_020,35004P,-38,2026-02-04T05:06:12.699099
ST_020,21377,107,2026-01-31T04:14:03.079431
ST_020,21696,415,2026-01-22T08:43:07.122386
ST_020,20974,105,2026-01-15T13:31:38.712765
ST_020,85200,167,2026-01-26T18:59:30.267343
ST_020,22702,50,2026-02-09T20:22:33.010002
ST_020,21499,383,2026-01-30T17:09:04.732237
ST_020,22057,84,2026-01-31T20:37:25.214348
ST_020,47590A,289,2026-01-23T02:17:41.321007
ST_020,22558,390,2026-02-04T14:04:49.939383
ST_020,21986,164,2026-02-10T07:42:45.706233
ST_020,22112,335,2026-01-18T20:28:54.996772
ST_020,23004,402,2026-02-04T00:10:07.837119
ST_020,22444,156,2026-01-30T07:47:03.970972
ST_020,22346,456,2026-01-26T07:36:47.636187
ST_020,72598,114,2026-02-09T14:36:56.027667
ST_020,23345,438,2026-02-06T00:37:26.348512
ST_020,23191,217,2026-02-02T01:58:15.973068
ST_020,23495,139,2026-01-15T17:23:47.831697
ST_020,22260,21,2026-01-25T16:37:17.620181
ST_020,23181,99,2026-01-27T05:26:53.944774
ST_020,23553,56,2026-01-17T10:20:53.522812
ST_020,21418,438,2026-01-22T17:23:14.787795
ST_020,21816,120,2026-02-09T02:35:25.243565
ST_020,90042A,235,2026-01-31T17:01:00.435161
ST_020,85178,441,2026-01-25T20:53:37.646927
ST_020,47578A,220,2026-01-30T05:00:36.761609
ST_020,23254,405,2026-02-12T05:55:50.972454
ST_020,71496A,-21,2026-02-09T15:36:23.904493
ST_020,22897,20,2026-01-18T18:08:20.553513
ST_020,21426,192,2026-02-07T10:48:43.292059
ST_020,20668,67,2026-01-23T08:36:55.243597
ST_020,84707B,95,2026-01-15T21:04:34.467501
ST_020,21462,138,2026-02-12T01:30:18.547896
ST_020,22886,495,2026-02-09T03:53:01.557263
ST_020,35964,195,2026-01-27T06:33:48.974007
ST_020,23419,427,2026-02-05T05:57:44.002551
ST_020,84922,343,2026-01-15T18:19:05.248494
ST_020,22716,223,2026-02-04T04:58:30.648545
ST_020,21867,469,2026-02-06T07:35:07.462070
ST_020,21015,114,2026-02-01T03:27:36.920014
ST_020,85131B,273,2026-02-11T15:36:48.159204
ST_020,23456,336,2026-01-22T18:36:33.934342
ST_020,35972,352,2026-02-02T23:49:05.631136
ST_020,37488A,334,2026-02-11T04:16:18.806600
ST_020,20854,-31,2026-02-01T08:39:57.517518
ST_020,85071B,394,2026-02-09T12:53:17.376043
ST_020,23325,424,2026-02-10T18:28:17.187354
ST_020,90093,69,2026-02-11T01:04:02.347809
ST_020,84870B,155,2026-01-25T01:54:34.438686
ST_020,23457,397,2026-02-11T01:34:00.317246
ST_020,22900,33,2026-02-02T05:10:58.323965
ST_020,90055,-40,2026-01-28T04:24:11.790159
ST_020,21507,340,2026-01-24T12:10:16.785378
ST_020,40001,411,2026-01-29T12:04:23.259835
ST_020,23497,48,2026-01-18T06:00:21.769700
ST_020,22183,405,2026-02-06T01:29:07.093361
ST_020,22645,412,2026-01-30T18:34:25.082007
ST_020,90019C,483,2026-01-24T09:16:05.666744
ST_020,21054,364,2026-01-31T14:57:50.101768
ST_020,90214O,-43,2026-01-30T17:08:28.848468
ST_020,22195,348,2026-01-31T19:44:46.515962
ST_020,85225,226,2026-01-15T14:13:42.708109
ST_020,22870,24,2026-02-11T12:13:21.761161
ST_020,22244,320,2026-02-08T19:07:16.078958
ST_020,90065B,229,2026-01-26T17:23:01.791532
ST_020,22936,-15,2026-01-24T19:55:07.002004
ST_020,35001W,103,2026-02-05T09:49:55.028884
ST_020,85034A,-6,2026-01-16T13:48:56.513362
ST_020,23145,330,2026-01-30T14:01:57.918955
ST_020,90129A,80,2026-01-14T17:23:32.403591
ST_020,90202D,493,2026-01-28T05:54:02.064319
ST_020,37444A,292,2026-01-28T05:13:32.401352
ST_020,22069,57,2026-02-01T12:48:06.790762
ST_020,23102,375,2026-01-18T03:09:01.582295
ST_020,21622,378,2026-02-06T00:25:46.736963
ST_020,20748,238,2026-02-09T01:34:19.308642
ST_020,18097C,4,2026-02-08T18:23:13.022399
ST_020,22322,418,2026-02-09T11:56:23.419352
ST_020,21143,68,2026-01-16T05:29:19.706085
ST_020,16235,391,2026-01-28T00:39:40.154002
ST_020,22060,325,2026-01-22T01:47:11.984653
ST_020,23390,401,2026-02-05T01:13:53.248684
ST_020,21609,168,2026-01-19T21:51:14.863751
ST_020,23190,103,2026-01-27T03:51:20.836338
ST_020,22594,342,2026-02-01T21:28:31.066653
ST_020,90198B,279,2026-01-19T18:53:23.088247
ST_020,23209,173,2026-01-29T11:09:15.720193
ST_020,21955,2,2026-01-29T00:13:59.411393
ST_020,90190B,-19,2026-01-24T18:16:20.174435
ST_020,11001,328,2026-01-20T02:07:18.996110
ST_020,21634,220,2026-01-16T20:26:04.000857
ST_020,22518,259,2026-02-13T04:05:45.882638
ST_020,22745,435,2026-02-11T13:17:49.637882
ST_020,90099,-28,2026-02-11T11:31:05.437315
ST_020,35650,79,2026-01-28T11:01:15.073993
ST_020,85026B,233,2026-01-28T02:37:48.659671
ST_020,84750B,-43,2026-02-07T05:16:33.511481
ST_020,90016A,317,2026-02-11T17:40:44.378862
ST_020,72741,477,2026-01-22T12:46:57.275126
ST_020,16161M,-15,2026-01-26T22:34:15.591011
ST_020,21681,493,2026-01-27T23:56:15.639160
ST_020,90086,413,2026-02-02T02:01:46.137640
ST_020,21706,370,2026-01-16T17:59:37.593360
ST_020,23121,11,2026-01-22T13:10:43.335853
ST_020,22136,-10,2026-02-05T17:46:55.872286
ST_020,22086,371,2026-02-06T23:32:58.028305
ST_020,84596F,37,2026-01-16T10:28:02.505834
ST_020,22545,-37,2026-02-11T11:36:51.260025
ST_020,22964,255,2026-02-05T07:28:06.348659
ST_020,90155,486,2026-01-17T02:39:54.657676
ST_020,84927F,254,2026-02-03T01:22:03.497423
ST_020,22077,375,2026-01-29T20:09:35.305174
ST_020,84596B,430,2026-01-21T04:26:27.511919
ST_020,84879,121,2026-02-03T22:00:48.121356
ST_020,84828,334,2026-01-20T19:40:30.414894
ST_020,85049G,259,2026-01-28T04:00:52.518768
ST_020,22461,449,2026-01-16T23:20:28.848859
ST_020,21275,164,2026-02-11T18:17:26.625486
ST_020,22971,266,2026-02-07T18:00:29.872885
ST_020,44235,212,2026-02-10T01:45:28.803804
ST_020,21705,492,2026-02-06T12:18:27.687683
ST_020,23264,203,2026-02-07T09:06:25.623518
ST_020,21210,500,2026-01-14T18:10:04.936218
ST_020,84766,250,2026-02-12T09:59:26.878420
ST_020,21313,435,2026-01-16T20:07:59.539020
ST_020,21067,245,2026-01-20T16:51:54.305731
ST_020,21671,447,2026-02-10T20:00:41.952928
ST_020,84805B,428,2026-02-08T23:00:10.213523
ST_020,72709,5,2026-01-29T23:33:47.984436
ST_020,90158,144,2026-01-26T01:11:52.239890
ST_020,90120B,37,2026-02-03T17:50:06.439478
ST_020,84678,-4,2026-01-26T06:52:35.594598
ST_020,23503,4,2026-01-25T19:01:05.174822
ST_020,21935,157,2026-02-03T12:42:30.245213
ST_020,90161A,350,2026-01-15T00:58:04.805723
ST_020,22908,91,2026-02-07T07:16:24.596200
ST_020,84854,257,2026-01-28T16:34:06.728305
ST_020,17191A,-46,2026-02-12T07:30:22.295506
ST_020,20868,67,2026-02-01T19:23:22.511703
ST_020,20826,126,2026-02-06T11:38:45.480085
ST_020,20971,266,2026-01-26T12:01:41.148415
ST_020,23270,366,2026-02-10T12:15:28.081232
ST_020,21946,141,2026-02-07T00:09:06.831952
ST_020,47310M,-28,2026-01-17T02:13:36.201865
ST_020,37446,400,2026-02-08T15:29:22.407467
ST_020,35638A,41,2026-02-03T09:26:10.681135
ST_020,85124B,324,2026-02-11T13:51:07.271031
ST_020,90094,-38,2026-01-27T06:37:23.995878
ST_020,23185,50,2026-01-18T08:34:03.344394
ST_020,17021,260,2026-02-06T00:07:25.352584
ST_020,21032,490,2026-02-03T05:11:05.990551
ST_020,23224,59,2026-01-19T11:06:19.153948
ST_020,23473,-18,2026-01-26T09:28:27.557040
ST_020,22563,115,2026-02-02T21:01:12.958009
ST_020,21156,279,2026-01-30T16:40:49.230777
ST_020,22786,269,2026-02-05T07:44:47.016871
ST_020,17136A,194,2026-02-10T01:33:19.620151
ST_020,37471,342,2026-02-08T14:49:55.684031
ST_020,16258A,194,2026-01-26T23:29:34.893003
ST_020,84915,-6,2026-01-22T09:06:08.933143
ST_020,90202B,490,2026-01-29T05:02:13.906059
ST_020,90159,19,2026-01-29T02:52:35.939596
ST_020,22649,183,2026-01-21T05:20:12.502392
ST_020,84637,401,2026-01-20T13:08:50.170703
ST_020,22650,32,2026-01-25T11:12:59.708893
ST_020,22755,444,2026-02-03T16:32:54.228493
ST_020,21403,30,2026-02-10T19:56:37.214620
ST_020,23017,335,2026-01-23T07:41:03.716094
ST_020,22230,223,2026-01-19T12:05:08.228416
ST_020,90040B,479,2026-01-20T23:01:01.901778
ST_020,84465,453,2026-02-04T02:28:21.967322
ST_020,35909A,400,2026-01-26T11:45:07.450703
ST_020,16161G,105,2026-01-19T05:45:06.931815
ST_020,22324,178,2026-02-07T08:34:30.538116
ST_020,23193,415,2026-01-20T12:19:22.772023
ST_020,23155,12,2026-02-09T10:22:21.125361
ST_020,22602,257,2026-01-18T07:42:07.166930
ST_020,22993,133,2026-01-30T03:18:50.286960
ST_020,82582,345,2026-01-30T05:36:20.774258
ST_020,85202,295,2026-02-10T21:00:42.714312
ST_020,90021,52,2026-02-09T14:19:48.726928
ST_020,22948,420,2026-01-21T16:39:35.902730
ST_020,84192,73,2026-01-24T12:46:24.643482
ST_020,22053,-18,2026-01-22T19:12:09.310554
ST_020,84600,-21,2026-01-29T13:56:04.366177
ST_020,20796,149,2026-02-10T02:31:29.034939
ST_020,20697,-20,2026-01-29T04:36:56.309706
ST_020,22699,236,2026-02-05T14:56:24.300976
ST_020,44091A,40,2026-02-03T15:33:15.253159
ST_020,21519,150,2026-01-19T05:20:58.780925
ST_020,22441,300,2026-01-28T09:55:15.219299
ST_020,23297,250,2026-02-09T15:48:58.806376
ST_020,21915,272,2026-01-21T12:45:30.715816
ST_020,37449,112,2026-02-01T06:42:10.829339
ST_020,21667,181,2026-02-10T03:25:57.783774
ST_020,22476,34,2026-01-31T10:31:26.996017
ST_020,46000P,63,2026-02-01T15:29:40.132401
ST_020,90003B,29,2026-02-02T16:42:27.604265
ST_020,21990,117,2026-01-22T14:42:47.571598
ST_020,82599,315,2026-01-27T21:52:59.968016
ST_020,16161P,317,2026-01-16T01:28:23.336844
ST_020,85132A,167,2026-01-29T15:08:16.091225
ST_020,84593,320,2026-02-12T19:18:10.936639
ST_020,22575,142,2026-01-19T07:33:32.907291
ST_020,23070,273,2026-01-26T01:40:35.242900
ST_020,90196B,385,2026-01-29T06:02:33.778061
ST_020,22737,99,2026-02-01T03:31:12.319884
ST_021,22876,384,2026-01-15T10:30:39.350697
ST_021,20934,56,2026-01-17T03:43:44.906578
ST_021,21682,37,2026-01-26T03:59:35.503529
ST_021,21910,-31,2026-01-27T10:34:14.212449
ST_021,22158,172,2026-02-11T17:15:13.316061
ST_021,35819B,453,2026-02-08T00:39:18.848206
ST_021,20711,213,2026-01-19T21:05:39.944187
ST_021,22406,486,2026-01-15T16:42:34.077178
ST_021,90177E,356,2026-01-29T21:07:16.733483
ST_021,90123B,159,2026-01-25T02:36:12.099746
ST_021,21402,160,2026-01-21T04:40:22.483927
ST_021,21291,321,2026-02-03T12:16:09.094305
ST_021,35819P,-34,2026-01-18T10:04:49.629314
ST_021,22399,181,2026-02-06T19:35:30.971631
ST_021,21261,417,2026-01-26T01:52:38.947245
ST_021,22430,-10,2026-02-09T05:11:49.779208
ST_021,21918,490,2026-01-30T08:47:28.040917
ST_021,21232,120,2026-01-17T22:02:58.506128
ST_021,35610B,414,2026-01-18T22:26:52.822999
ST_021,23165,23,2026-01-28T09:54:57.244179
ST_021,23311,25,2026-01-19T05:51:16.752039
ST_021,22896,341,2026-01-19T12:20:21.398524
ST_021,85024C,420,2026-01-17T06:49:02.254966
ST_021,23570,444,2026-01-27T20:07:56.641006
ST_021,84666,318,2026-01-30T09:02:39.353477
ST_021,21865,393,2026-01-16T03:22:45.494690
ST_021,21678,445,2026-01-28T20:32:27.150263
ST_021,20752,217,2026-01-21T00:04:47.294173
ST_021,23434,447,2026-01-15T18:20:18.582009
ST_021,22038,293,2026-01-30T07:28:45.748142
ST_021,21289,438,2026-02-09T21:15:44.632396
ST_021,22034,292,2026-02-10T05:37:16.172835
ST_021,84660B,20,2026-01-26T17:25:23.308168
ST_021,16248B,114,2026-01-30T07:35:31.850437
ST_021,16259,81,2026-01-21T15:13:38.511042
ST_021,90125E,200,2026-02-13T00:46:07.112572
ST_021,21718,-1,2026-02-08T10:52:56.802579
ST_021,35958,164,2026-02-05T22:49:17.056914
ST_021,22775,38,2026-01-28T13:59:42.215984
ST_021,84927E,233,2026-01-30T12:10:44.461550
ST_021,23412,342,2026-01-15T18:40:17.563882
ST_021,21802,274,2026-02-05T04:08:28.085063
ST_021,22700,255,2026-01-19T18:46:19.383009
ST_021,21792,-35,2026-01-29T19:02:23.018554
ST_021,21126,376,2026-01-20T02:38:20.754108
ST_021,47481,463,2026-02-08T15:13:38.512920
ST_021,23000,346,2026-02-11T00:19:31.416766
ST_021,84461,86,2026-02-11T22:55:32.130477
ST_021,84963A,428,2026-02-06T16:48:55.284764
ST_021,90214Z,22,2026-02-11T14:07:55.101298
ST_021,90199C,349,2026-02-01T18:45:21.276093
ST_021,90125B,-50,2026-02-12T19:04:36.911852
ST_021,22315,349,2026-02-09T22:22:52.800780
ST_021,22636,393,2026-02-02T03:42:09.010374
ST_021,22408,311,2026-01-14T17:58:22.705459
ST_021,22517,201,2026-02-12T22:12:03.741887
ST_021,85159A,113,2026-01-16T17:06:49.100308
ST_021,23169,51,2026-01-20T10:44:23.682691
ST_021,23243,185,2026-01-31T22:47:35.190520
ST_021,84568,298,2026-01-30T10:22:01.411599
ST_021,22458,8,2026-02-03T04:31:32.384184
ST_021,21272,-11,2026-02-06T10:33:32.465736
ST_021,84558A,405,2026-01-24T08:24:19.748302
ST_021,90214I,456,2026-01-30T18:54:05.616125
ST_021,47369B,483,2026-01-31T19:25:23.985474
ST_021,23031,459,2026-01-19T12:12:15.320036
ST_021,21106,33,2026-01-16T08:08:51.546235
ST_021,84380,238,2026-02-06T18:06:24.767751
ST_021,90152A,-16,2026-01-22T12:34:54.882858
ST_021,48184,-42,2026-02-08T22:59:32.084741
ST_021,90039C,36,2026-02-03T09:23:16.961070
ST_021,20677,194,2026-02-11T15:38:44.178072
ST_021,85135C,42,2026-01-30T13:16:21.833854
ST_021,85045,55,2026-01-23T00:33:32.840156
ST_021,23161,26,2026-01-18T00:56:58.200546
ST_021,23255,-32,2026-02-08T22:40:24.188657
ST_021,23694,185,2026-02-10T09:10:24.103909
ST_021,90100,68,2026-01-18T20:49:00.953520
ST_021,84798A,243,2026-01-18T00:29:07.036041
ST_021,22880,423,2026-02-02T01:29:19.469739
ST_021,21369,125,2026-01-29T21:48:41.571955
ST_021,23100,415,2026-01-16T14:53:31.367653
ST_021,85211,234,2026-01-24T06:56:05.787004
ST_021,84659A,284,2026-01-23T14:55:49.439201
ST_021,22655,-18,2026-02-13T01:47:06.127899
ST_021,35599D,59,2026-02-10T20:37:39.817044
ST_021,84905,405,2026-02-07T04:44:08.242648
ST_021,21086,292,2026-02-06T15:34:53.639452
ST_021,23252,31,2026-01-16T16:44:54.729505
ST_021,22623,9,2026-01-26T09:13:50.585912
ST_021,M,30,2026-01-23T17:55:56.603226
ST_021,23356,-11,2026-02-04T05:32:26.858349
ST_021,35004P,-12,2026-01-27T20:29:49.678418
ST_021,21377,494,2026-01-21T22:30:42.921518
ST_021,21696,166,2026-02-11T13:24:11.559206
ST_021,20974,41,2026-01-22T23:15:45.809595
ST_021,85200,61,2026-02-04T22:02:11.734346
ST_021,22702,437,2026-02-01T20:07:13.162950
ST_021,21499,210,2026-01-24T00:44:22.847929
ST_021,22057,193,2026-02-07T02:37:26.543033
ST_021,47590A,224,2026-01-21T12:35:10.432009
ST_021,22558,384,2026-02-03T00:39:48.390071
ST_021,21986,367,2026-02-12T11:54:45.679297
ST_021,22112,419,2026-01-26T15:14:00.350129
ST_021,23004,500,2026-02-11T16:19:27.025817
ST_021,22444,398,2026-02-10T04:02:20.565852
ST_021,22346,176,2026-01-26T12:49:15.025820
ST_021,72598,-31,2026-01-24T04:40:59.567256
ST_021,23345,118,2026-01-30T07:27:41.471830
ST_021,23191,78,2026-01-29T08:38:56.487468
ST_021,23495,189,2026-01-22T22:06:47.568045
ST_021,22260,328,2026-01-24T21:28:56.826570
ST_021,23181,90,2026-02-04T19:01:33.556871
ST_021,23553,247,2026-01-20T20:10:40.873339
ST_021,21418,352,2026-01-23T21:40:22.152965
ST_021,21816,233,2026-02-11T13:39:57.441869
ST_021,90042A,464,2026-01-25T12:22:17.624559
ST_021,85178,143,2026-01-29T16:23:49.157811
ST_021,47578A,328,2026-01-16T10:15:19.765794
ST_021,23254,466,2026-01-31T06:31:32.391589
ST_021,71496A,321,2026-01-22T20:14:34.966347
ST_021,22897,240,2026-02-12T02:46:11.656312
ST_021,21426,164,2026-02-11T12:32:37.000762
ST_021,20668,34,2026-01-16T22:12:20.586766
ST_021,84707B,335,2026-01-18T01:27:22.963785
ST_021,21462,56,2026-01-27T19:51:04.535875
ST_021,22886,210,2026-02-10T18:06:37.516869
ST_021,35964,165,2026-01-31T07:12:59.248844
ST_021,23419,157,2026-02-03T22:41:22.716663
ST_021,84922,436,2026-01-15T14:35:33.736817
ST_021,22716,28,2026-02-06T18:24:25.927317
ST_021,21867,268,2026-02-06T07:33:27.004166
ST_021,21015,3,2026-01-19T15:20:36.588473
ST_021,85131B,86,2026-01-15T04:19:39.860983
ST_021,23456,155,2026-01-30T02:28:46.793918
ST_021,35972,307,2026-01-27T05:36:26.333788
ST_021,37488A,103,2026-02-11T15:32:24.147674
ST_021,20854,390,2026-01-27T14:00:44.984740
ST_021,85071B,473,2026-01-17T09:06:24.053069
ST_021,23325,295,2026-01-15T22:47:44.469531
ST_021,90093,376,2026-01-25T05:33:50.669825
ST_021,84870B,414,2026-02-01T18:58:15.836709
ST_021,23457,491,2026-01-18T20:46:04.931021
ST_021,22900,63,2026-01-30T23:29:29.580306
ST_021,90055,150,2026-01-17T21:35:43.798679
ST_021,21507,159,2026-02-12T01:01:02.126912
ST_021,40001,265,2026-01-15T11:48:02.265017
ST_021,23497,1,2026-01-31T13:50:05.935529
ST_021,22183,315,2026-02-08T11:09:50.256654
ST_021,22645,19,2026-01-26T01:50:25.035107
ST_021,90019C,328,2026-01-29T22:00:29.777681
ST_021,21054,309,2026-02-03T10:48:37.434438
ST_021,90214O,54,2026-01-24T12:15:34.131843
ST_021,22195,207,2026-02-03T01:41:19.230913
ST_021,85225,158,2026-01-26T20:51:48.142028
ST_021,22870,376,2026-01-18T05:22:11.569844
ST_021,22244,50,2026-02-07T20:22:54.720538
ST_021,90065B,228,2026-01-19T22:25:02.705599
ST_021,22936,231,2026-01-23T02:56:48.249454
ST_021,35001W,319,2026-01-30T15:07:46.334921
ST_021,85034A,467,2026-02-05T02:08:52.270426
ST_021,23145,-44,2026-02-12T04:47:09.493323
ST_021,90129A,244,2026-02-03T17:04:50.911920
ST_021,90202D,169,2026-02-02T20:36:25.806865
ST_021,37444A,168,2026-02-05T09:03:16.501257
ST_021,22069,45,2026-02-06T15:58:16.674506
ST_021,23102,206,2026-01-29T09:25:02.711058
ST_021,21622,372,2026-01-19T10:42:20.360353
ST_021,20748,336,2026-01-27T19:29:59.141221
ST_021,18097C,77,2026-02-11T08:04:10.446668
ST_021,22322,413,2026-01-26T03:39:36.514604
ST_021,21143,159,2026-01-28T22:33:44.949655
ST_021,16235,210,2026-01-18T23:34:11.010173
ST_021,22060,454,2026-02-09T14:05:00.543167
ST_021,23390,174,2026-02-13T03:55:10.164679
ST_021,21609,-1,2026-02-11T13:42:40.015102
ST_021,23190,66,2026-01-29T20:45:18.428016
ST_021,22594,5,2026-01-29T17:32:30.996153
ST_021,90198B,110,2026-02-02T02:27:52.538006
ST_021,23209,140,2026-01-17T16:28:19.676029
ST_021,21955,91,2026-02-05T06:54:01.465394
ST_021,90190B,401,2026-01-15T02:12:51.975810
ST_021,11001,145,2026-01-26T07:13:12.452047
ST_021,21634,412,2026-02-04T02:02:44.717880
ST_021,22518,120,2026-01-16T04:07:47.909184
ST_021,22745,254,2026-01-24T02:42:36.728547
ST_021,90099,335,2026-01-16T01:03:49.115873
ST_021,35650,412,2026-02-04T05:07:49.861861
ST_021,85026B,-7,2026-01-21T12:20:38.332975
ST_021,84750B,352,2026-01-19T09:40:16.477762
ST_021,90016A,415,2026-02-11T01:16:06.114947
ST_021,72741,232,2026-01-20T20:03:51.669370
ST_021,16161M,446,2026-01-19T22:10:18.316370
ST_021,21681,58,2026-02-06T09:55:11.338390
ST_021,90086,407,2026-01-27T21:22:42.131488
ST_021,21706,5,2026-01-27T19:55:55.545779
ST_021,23121,45,2026-01-19T00:00:05.887048
ST_021,22136,288,2026-02-05T07:39:58.892343
ST_021,22086,16,2026-01-22T23:15:45.063482
ST_021,84596F,229,2026-01-29T00:12:14.952929
ST_021,22545,462,2026-01-17T23:57:36.282908
ST_021,22964,180,2026-01-16T12:53:14.367493
ST_021,90155,248,2026-02-03T07:04:24.301425
ST_021,84927F,-7,2026-01-30T10:57:53.809422
ST_021,22077,479,2026-01-15T04:14:18.367288
ST_021,84596B,127,2026-02-06T08:11:28.919017
ST_021,84879,480,2026-02-08T18:51:02.406346
ST_021,84828,413,2026-01-20T10:35:58.513000
ST_021,85049G,427,2026-02-02T23:35:56.374476
ST_021,22461,200,2026-01-26T02:49:18.759581
ST_021,21275,124,2026-01-14T15:52:02.387977
ST_021,22971,113,2026-02-02T21:49:33.123355
ST_021,44235,233,2026-01-19T17:56:45.470436
ST_021,21705,426,2026-02-11T16:52:58.005937
ST_021,23264,87,2026-02-03T09:41:25.884820
ST_021,21210,298,2026-01-28T15:53:11.522418
ST_021,84766,-11,2026-02-10T01:57:49.902083
ST_021,21313,464,2026-01-28T07:17:21.062508
ST_021,21067,362,2026-01-18T09:53:53.612606
ST_021,21671,218,2026-01-26T11:45:29.466528
ST_021,84805B,274,2026-01-26T11:19:30.376322
ST_021,72709,302,2026-02-12T23:40:42.509410
ST_021,90158,389,2026-01-29T01:10:46.339939
ST_021,90120B,492,2026-02-09T12:27:07.793270
ST_021,84678,304,2026-01-20T08:32:15.326523
ST_021,23503,256,2026-01-30T11:48:33.855521
ST_021,21935,432,2026-01-25T22:14:25.520779
ST_021,90161A,107,2026-01-17T03:09:29.180757
ST_021,22908,47,2026-02-08T22:00:00.464052
ST_021,84854,31,2026-02-03T18:40:27.223956
ST_021,17191A,396,2026-02-06T20:12:04.594438
ST_021,20868,441,2026-02-09T06:08:58.792769
ST_021,20826,342,2026-02-11T16:21:16.573717
ST_021,20971,12,2026-01-26T23:54:29.971021
ST_021,23270,434,2026-01-30T07:49:23.827089
ST_021,21946,85,2026-02-04T05:48:23.824188
ST_021,47310M,70,2026-01-30T09:41:54.988001
ST_021,37446,329,2026-01-16T13:00:23.407576
ST_021,35638A,164,2026-02-12T18:19:10.278252
ST_021,85124B,172,2026-02-04T15:30:35.722739
ST_021,90094,146,2026-01-22T11:47:18.390531
ST_021,23185,394,2026-02-01T16:44:23.028836
ST_021,17021,253,2026-01-29T09:20:20.203218
ST_021,21032,463,2026-01-20T14:32:27.817942
ST_021,23224,-9,2026-02-03T02:20:18.013862
ST_021,23473,208,2026-01-16T14:11:27.275195
ST_021,22563,98,2026-02-05T23:58:56.191070
ST_021,21156,419,2026-02-11T09:47:07.489452
ST_021,22786,10,2026-02-05T19:55:49.123633
ST_021,17136A,405,2026-02-05T20:57:43.523218
ST_021,37471,444,2026-02-10T18:54:13.790709
ST_021,16258A,176,2026-02-11T17:17:12.670649
ST_021,84915,302,2026-02-08T00:25:22.432379
ST_021,90202B,201,2026-02-06T02:32:23.207964
ST_021,90159,269,2026-02-10T22:44:00.086903
ST_021,22649,277,2026-01-16T18:42:04.409642
ST_021,84637,439,2026-01-21T19:59:48.789896
ST_021,22650,210,2026-02-07T13:39:39.492493
ST_021,22755,6,2026-01-19T17:37:27.823033
ST_021,21403,152,2026-02-13T07:03:11.012071
ST_021,23017,37,2026-01-22T14:52:18.328505
ST_021,22230,-48,2026-01-31T04:24:54.517460
ST_021,90040B,154,2026-02-08T11:39:38.250016
ST_021,84465,177,2026-01-30T11:00:22.264692
ST_021,35909A,209,2026-01-24T15:55:02.243487
ST_021,16161G,122,2026-01-27T00:52:19.476329
ST_021,22324,437,2026-02-06T12:03:26.088206
ST_021,23193,34,2026-01-21T07:05:49.006573
ST_021,23155,244,2026-02-05T13:26:26.464210
ST_021,22602,288,2026-01-20T12:37:29.775309
ST_021,22993,129,2026-01-22T18:05:56.657753
ST_021,82582,85,2026-01-29T10:43:50.033885
ST_021,85202,-1,2026-02-06T09:40:10.840465
ST_021,90021,448,2026-02-01T16:11:35.762673
ST_021,22948,-14,2026-01-20T06:50:23.493210
ST_021,84192,259,2026-01-20T09:21:38.611534
ST_021,22053,-18,2026-01-24T14:01:43.998259
ST_021,84600,84,2026-02-13T08:00:56.926756
ST_021,20796,181,2026-02-07T20:20:50.062661
ST_021,20697,207,2026-01-27T19:54:14.075805
ST_021,22699,201,2026-02-05T19:17:05.179412
ST_021,44091A,-14,2026-01-29T03:27:46.829078
ST_021,21519,26,2026-02-02T06:30:42.823029
ST_021,22441,66,2026-01-18T07:34:27.578432
ST_021,23297,358,2026-01-23T02:14:12.447071
ST_021,21915,381,2026-01-16T04:05:53.960947
ST_021,37449,59,2026-02-07T03:04:33.761297
ST_021,21667,215,2026-02-09T09:42:39.697822
ST_021,22476,109,2026-01-25T05:32:41.950358
ST_021,46000P,212,2026-01-27T02:30:06.695166
ST_021,90003B,431,2026-01-30T11:42:37.340061
ST_021,21990,6,2026-01-28T23:57:21.066755
ST_021,82599,45,2026-01-24T16:46:05.710621
ST_021,16161P,320,2026-02-09T08:21:22.935911
ST_021,85132A,59,2026-01-28T08:17:03.747802
ST_021,84593,310,2026-01-28T08:32:14.445093
ST_021,22575,147,2026-02-13T08:21:55.243535
ST_021,23070,7,2026-01-17T00:10:48.446904
ST_021,90196B,389,2026-01-24T03:52:01.289591
ST_021,22737,-43,2026-02-07T04:24:19.876409
ST_022,22876,437,2026-01-21T21:52:24.642402
ST_022,20934,-38,2026-02-04T04:46:27.314796
ST_022,21682,15,2026-01-26T18:32:07.570582
ST_022,21910,241,2026-02-12T11:43:57.008950
ST_022,22158,303,2026-01-14T15:04:36.898524
ST_022,35819B,462,2026-02-09T08:23:15.264485
ST_022,20711,302,2026-02-06T18:24:20.759334
ST_022,22406,-29,2026-02-02T10:12:11.174651
ST_022,90177E,283,2026-02-10T09:31:31.452810
ST_022,90123B,62,2026-02-02T21:40:05.058983
ST_022,21402,393,2026-02-01T06:23:15.771777
ST_022,21291,496,2026-01-25T17:15:19.148610
ST_022,35819P,273,2026-02-07T14:29:50.321063
ST_022,22399,392,2026-01-14T22:09:52.011543
ST_022,21261,346,2026-02-02T15:35:25.131158
ST_022,22430,26,2026-02-03T23:28:20.237441
ST_022,21918,197,2026-01-19T10:45:14.131688
ST_022,21232,395,2026-01-14T15:42:19.071995
ST_022,35610B,209,2026-01-24T09:21:28.138429
ST_022,23165,189,2026-01-24T21:36:43.673608
ST_022,23311,255,2026-01-25T16:04:38.935365
ST_022,22896,335,2026-01-14T20:56:47.661870
ST_022,85024C,461,2026-01-23T01:17:09.881222
ST_022,23570,-23,2026-02-01T03:09:21.603541
ST_022,84666,90,2026-01-22T22:08:49.390162
ST_022,21865,414,2026-01-22T02:12:36.838789
ST_022,21678,347,2026-02-06T16:44:40.619676
ST_022,20752,33,2026-01-29T23:40:02.098159
ST_022,23434,75,2026-01-20T03:16:45.423727
ST_022,22038,17,2026-01-30T00:02:19.811746
ST_022,21289,328,2026-01-27T13:34:43.947207
ST_022,22034,337,2026-01-20T08:18:17.390761
ST_022,84660B,304,2026-01-30T00:48:01.829477
ST_022,16248B,397,2026-01-18T21:41:48.486548
ST_022,16259,206,2026-01-24T00:19:00.169500
ST_022,90125E,184,2026-01-22T09:29:25.589167
ST_022,21718,366,2026-02-01T20:45:34.333355
ST_022,35958,189,2026-02-05T13:11:43.161650
ST_022,22775,134,2026-02-01T00:54:41.544941
ST_022,84927E,58,2026-01-17T12:31:43.245284
ST_022,23412,101,2026-01-20T11:47:20.977802
ST_022,21802,131,2026-01-20T16:31:29.341140
ST_022,22700,-47,2026-02-08T15:25:11.809869
ST_022,21792,-47,2026-02-07T14:39:03.501803
ST_022,21126,305,2026-02-03T04:40:04.396383
ST_022,47481,254,2026-01-30T07:27:33.680646
ST_022,23000,354,2026-01-16T17:56:12.986467
ST_022,84461,208,2026-01-31T04:39:00.659297
ST_022,84963A,97,2026-02-07T12:51:27.008122
ST_022,90214Z,234,2026-02-11T15:46:32.846065
ST_022,90199C,235,2026-01-19T07:11:50.786059
ST_022,90125B,53,2026-02-10T19:41:50.628381
ST_022,22315,401,2026-02-01T00:02:39.264317
ST_022,22636,114,2026-01-15T08:57:12.195514
ST_022,22408,492,2026-02-12T03:31:40.078773
ST_022,22517,345,2026-01-20T19:13:47.401805
ST_022,85159A,-45,2026-01-29T01:29:45.707983
ST_022,23169,-6,2026-02-08T20:50:40.670338
ST_022,23243,212,2026-02-03T06:58:30.468632
ST_022,84568,347,2026-01-23T20:15:54.350059
ST_022,22458,293,2026-01-30T18:38:09.657117
ST_022,21272,462,2026-02-08T17:30:11.662517
ST_022,84558A,439,2026-01-31T09:12:04.051906
ST_022,90214I,426,2026-02-07T20:03:11.244380
ST_022,47369B,328,2026-01-20T12:37:02.721602
ST_022,23031,365,2026-01-18T12:07:57.387806
ST_022,21106,417,2026-02-03T06:37:12.964876
ST_022,84380,387,2026-02-03T01:37:55.873682
ST_022,90152A,313,2026-01-15T23:55:44.666060
ST_022,48184,-31,2026-01-27T22:41:34.622016
ST_022,90039C,-48,2026-01-29T06:26:15.473789
ST_022,20677,93,2026-02-06T11:30:40.186707
ST_022,85135C,-29,2026-01-19T15:28:02.415352
ST_022,85045,134,2026-02-01T20:59:37.023874
ST_022,23161,65,2026-01-19T22:12:35.422416
ST_022,23255,470,2026-01-22T15:49:58.908825
ST_022,23694,350,2026-02-03T15:42:48.058680
ST_022,90100,15,2026-01-26T07:13:46.488544
ST_022,84798A,333,2026-01-16T08:27:13.760154
ST_022,22880,384,2026-01-25T00:26:31.655006
ST_022,21369,455,2026-01-20T09:48:29.281726
ST_022,23100,282,2026-02-01T06:56:51.005823
ST_022,85211,391,2026-02-04T15:48:02.772755
ST_022,84659A,404,2026-01-31T08:20:54.554434
ST_022,22655,247,2026-01-17T12:49:36.920272
ST_022,35599D,127,2026-02-04T11:44:22.912824
ST_022,84905,497,2026-01-17T21:25:40.061163
ST_022,21086,221,2026-02-08T14:38:12.176324
ST_022,23252,304,2026-02-04T11:58:31.824587
ST_022,22623,141,2026-01-22T05:16:26.903662
ST_022,M,215,2026-01-28T18:50:58.404495
ST_022,23356,280,2026-02-07T01:57:04.206485
ST_022,35004P,396,2026-01-20T14:20:48.894338
ST_022,21377,443,2026-02-07T10:29:37.753078
ST_022,21696,394,2026-01-25T15:22:09.871104
ST_022,20974,384,2026-01-18T14:27:38.776961
ST_022,85200,148,2026-02-07T19:41:06.561699
ST_022,22702,6,2026-01-31T16:00:37.899516
ST_022,21499,102,2026-02-02T12:07:50.773057
ST_022,22057,246,2026-02-02T06:41:54.498294
ST_022,47590A,129,2026-01-27T22:38:37.508517
ST_022,22558,109,2026-02-04T09:03:17.245736
ST_022,21986,1,2026-01-22T20:32:02.387172
ST_022,22112,312,2026-01-28T11:25:08.159054
ST_022,23004,481,2026-01-22T00:34:12.799532
ST_022,22444,229,2026-01-29T09:02:26.721416
ST_022,22346,346,2026-02-11T04:34:55.856350
ST_022,72598,-24,2026-02-13T02:54:41.756122
ST_022,23345,202,2026-01-27T16:06:36.469604
ST_022,23191,495,2026-01-19T13:31:35.486400
ST_022,23495,208,2026-02-02T04:11:30.706398
ST_022,22260,329,2026-02-09T05:37:06.558937
ST_022,23181,-5,2026-02-11T12:43:00.787002
ST_022,23553,358,2026-01-29T15:17:03.613764
ST_022,21418,355,2026-01-26T16:36:33.461622
ST_022,21816,243,2026-02-05T09:15:46.998156
ST_022,90042A,123,2026-01-21T15:09:04.315877
ST_022,85178,177,2026-01-27T08:17:26.062422
ST_022,47578A,429,2026-01-22T18:06:30.633215
ST_022,23254,382,2026-01-16T18:08:07.436758
ST_022,71496A,367,2026-01-21T01:26:40.777663
ST_022,22897,291,2026-01-25T01:04:30.359982
ST_022,21426,301,2026-01-28T04:03:24.067033
ST_022,20668,171,2026-01-16T21:42:09.142622
ST_022,84707B,23,2026-02-13T09:51:13.354393
ST_022,21462,6,2026-01-16T04:34:21.338827
ST_022,22886,343,2026-01-22T19:34:47.486068
ST_022,35964,-13,2026-01-23T12:39:43.470115
ST_022,23419,322,2026-02-12T11:49:45.007830
ST_022,84922,286,2026-01-21T23:12:35.737279
ST_022,22716,204,2026-01-24T08:36:11.821128
ST_022,21867,-19,2026-02-11T06:49:51.574471
ST_022,21015,401,2026-01-29T02:43:11.565173
ST_022,85131B,97,2026-02-02T12:45:30.127847
ST_022,23456,196,2026-02-10T07:56:09.882864
ST_022,35972,3,2026-02-02T06:39:23.846134
ST_022,37488A,94,2026-02-07T03:16:44.525877
ST_022,20854,415,2026-01-19T08:12:12.146729
ST_022,85071B,226,2026-02-12T01:11:03.054693
ST_022,23325,132,2026-01-24T11:17:02.790296
ST_022,90093,355,2026-01-14T16:44:20.353943
ST_022,84870B,433,2026-01-30T16:17:56.677204
ST_022,23457,-6,2026-01-26T09:19:01.764448
ST_022,22900,430,2026-01-28T18:29:35.377295
ST_022,90055,421,2026-01-31T09:06:38.864774
ST_022,21507,163,2026-01-24T18:26:05.873238
ST_022,40001,43,2026-02-07T17:07:23.365553
ST_022,23497,145,2026-01-18T06:13:00.921740
ST_022,22183,417,2026-01-29T18:05:33.352128
ST_022,22645,485,2026-01-30T02:40:07.383229
ST_022,90019C,468,2026-02-05T04:54:41.700574
ST_022,21054,464,2026-01-30T12:30:12.349853
ST_022,90214O,42,2026-01-31T09:13:15.698280
ST_022,22195,-3,2026-02-07T05:08:42.846085
ST_022,85225,496,2026-01-28T06:44:51.824496
ST_022,22870,241,2026-02-11T01:22:03.843989
ST_022,22244,154,2026-01-24T00:38:42.972113
ST_022,90065B,317,2026-01-27T09:24:04.118735
ST_022,22936,221,2026-01-30T09:53:16.640850
ST_022,35001W,334,2026-01-29T01:22:18.102832
ST_022,85034A,449,2026-01-28T02:12:31.545352
ST_022,23145,306,2026-01-28T16:28:56.600244
ST_022,90129A,232,2026-02-07T01:20:34.742344
ST_022,90202D,333,2026-01-22T20:10:21.137089
ST_022,37444A,492,2026-02-03T09:51:58.771448
ST_022,22069,243,2026-02-10T05:52:28.361818
ST_022,23102,116,2026-01-14T14:22:38.366538
ST_022,21622,416,2026-02-08T19:36:03.224127
ST_022,20748,286,2026-02-11T05:49:47.465379
ST_022,18097C,208,2026-01-26T11:05:31.931438
ST_022,22322,-23,2026-01-16T09:53:14.135691
ST_022,21143,415,2026-01-27T10:31:30.708606
ST_022,16235,232,2026-02-06T09:00:36.212585
ST_022,22060,272,2026-01-29T21:41:09.918816
ST_022,23390,11,2026-01-15T05:50:06.668136
ST_022,21609,71,2026-02-12T22:10:44.797034
ST_022,23190,471,2026-01-27T20:27:35.485245
ST_022,22594,206,2026-01-19T08:14:41.105633
ST_022,90198B,115,2026-01-29T18:22:14.534904
ST_022,23209,404,2026-01-31T05:50:46.096560
ST_022,21955,299,2026-02-03T22:32:07.226277
ST_022,90190B,-10,2026-01-29T05:56:03.272588
ST_022,11001,107,2026-01-17T13:17:49.168579
ST_022,21634,291,2026-01-18T14:29:44.234807
ST_022,22518,414,2026-01-16T06:57:12.141220
ST_022,22745,452,2026-01-18T03:15:07.002273
ST_022,90099,29,2026-01-21T08:44:29.618541
ST_022,35650,126,2026-01-17T03:10:06.014680
ST_022,85026B,449,2026-02-02T00:06:03.039688
ST_022,84750B,470,2026-02-07T04:51:35.381915
ST_022,90016A,199,2026-01-16T05:10:14.329979
ST_022,72741,108,2026-02-06T04:42:48.475831
ST_022,16161M,414,2026-02-12T01:33:23.850283
ST_022,21681,176,2026-01-21T11:34:33.504808
ST_022,90086,43,2026-01-16T17:23:37.627835
ST_022,21706,312,2026-02-01T23:55:07.675236
ST_022,23121,447,2026-01-25T01:40:46.606045
ST_022,22136,-33,2026-01-16T08:11:47.321833
ST_022,22086,342,2026-01-28T03:40:25.706308
ST_022,84596F,348,2026-01-21T15:04:37.620915
ST_022,22545,313,2026-02-08T18:48:10.314268
ST_022,22964,486,2026-02-09T15:10:05.393372
ST_022,90155,174,2026-02-11T02:05:59.151907
ST_022,84927F,45,2026-01-21T09:50:40.700941
ST_022,22077,184,2026-02-08T06:09:23.411710
ST_022,84596B,378,2026-02-10T01:09:00.856552
ST_022,84879,89,2026-01-22T20:27:35.908919
ST_022,84828,345,2026-01-19T07:20:34.194419
ST_022,85049G,42,2026-01-17T14:37:44.749614
ST_022,22461,21,2026-01-18T08:05:34.219862
ST_022,21275,112,2026-01-29T17:38:39.768869
ST_022,22971,399,2026-02-01T14:18:38.958916
ST_022,44235,408,2026-02-13T06:20:26.666672
ST_022,21705,24,2026-01-25T03:04:57.206229
ST_022,23264,1,2026-01-16T00:07:06.554395
ST_022,21210,377,2026-01-24T10:12:55.481306
ST_022,84766,485,2026-02-10T03:20:27.844394
ST_022,21313,286,2026-01-24T04:21:16.027662
ST_022,21067,478,2026-01-31T13:19:23.412579
ST_022,21671,323,2026-01-24T01:34:40.822476
ST_022,84805B,205,2026-01-16T06:51:18.850624
ST_022,72709,260,2026-01-26T18:51:30.414371
ST_022,90158,121,2026-02-07T07:24:17.471690
ST_022,90120B,434,2026-01-21T00:02:14.039089
ST_022,84678,422,2026-01-24T00:39:53.008361
ST_022,23503,29,2026-01-16T02:43:08.347601
ST_022,21935,179,2026-01-24T11:21:57.742589
ST_022,90161A,-20,2026-02-08T03:53:00.319485
ST_022,22908,258,2026-01-23T18:56:56.487903
ST_022,84854,450,2026-02-12T09:07:27.281255
ST_022,17191A,385,2026-01-20T11:22:13.810473
ST_022,20868,185,2026-01-30T21:58:03.981842
ST_022,20826,42,2026-01-31T10:06:13.047317
ST_022,20971,483,2026-02-02T18:32:16.676109
ST_022,23270,107,2026-01-16T04:57:32.631878
ST_022,21946,314,2026-01-23T02:41:46.923293
ST_022,47310M,174,2026-02-11T11:55:57.207737
ST_022,37446,141,2026-02-06T11:52:39.639071
ST_022,35638A,94,2026-02-05T01:35:42.222643
ST_022,85124B,64,2026-01-21T22:17:41.218924
ST_022,90094,154,2026-01-26T15:54:45.281609
ST_022,23185,60,2026-01-18T11:08:00.653316
ST_022,17021,418,2026-01-30T07:28:23.131778
ST_022,21032,341,2026-01-18T13:43:49.670609
ST_022,23224,-37,2026-01-27T21:28:24.380120
ST_022,23473,479,2026-02-05T07:52:34.184632
ST_022,22563,94,2026-01-25T00:37:30.483937
ST_022,21156,466,2026-02-04T16:18:23.978977
ST_022,22786,104,2026-02-04T11:05:35.689202
ST_022,17136A,46,2026-02-06T09:14:43.150816
ST_022,37471,203,2026-01-14T15:25:23.953712
ST_022,16258A,158,2026-02-05T17:08:44.953263
ST_022,84915,157,2026-02-04T06:05:31.231226
ST_022,90202B,-42,2026-01-23T00:12:18.209261
ST_022,90159,243,2026-02-03T14:10:26.243330
ST_022,22649,491,2026-01-22T23:26:07.739933
ST_022,84637,391,2026-01-24T10:59:43.444614
ST_022,22650,207,2026-02-08T11:26:50.995251
ST_022,22755,457,2026-01-14T22:37:52.258587
ST_022,21403,325,2026-01-22T03:46:00.648216
ST_022,23017,268,2026-02-03T00:34:47.225258
ST_022,22230,327,2026-02-02T23:00:23.691613
ST_022,90040B,41,2026-01-29T14:03:27.275532
ST_022,84465,348,2026-02-10T21:12:29.027113
ST_022,35909A,449,2026-01-24T00:52:28.711376
ST_022,16161G,15,2026-01-23T03:10:03.291238
ST_022,22324,317,2026-01-30T18:06:26.205068
ST_022,23193,165,2026-01-15T16:35:07.509372
ST_022,23155,72,2026-02-05T19:20:12.086225
ST_022,22602,96,2026-01-19T15:43:02.767848
ST_022,22993,281,2026-01-27T22:17:52.721683
ST_022,82582,306,2026-02-09T16:44:11.381456
ST_022,85202,33,2026-02-10T01:20:06.538684
ST_022,90021,-14,2026-01-17T03:53:57.254406
ST_022,22948,216,2026-02-04T04:12:55.476834
ST_022,84192,398,2026-01-20T11:46:34.828265
ST_022,22053,37,2026-01-16T17:43:54.831731
ST_022,84600,172,2026-01-17T18:46:44.698712
ST_022,20796,14,2026-02-07T13:10:36.070591
ST_022,20697,43,2026-02-01T11:52:41.529810
ST_022,22699,354,2026-02-04T08:28:42.593050
ST_022,44091A,57,2026-01-20T07:57:55.607415
ST_022,21519,434,2026-01-27T15:02:16.467248
ST_022,22441,308,2026-02-04T12:41:05.300959
ST_022,23297,-1,2026-02-04T08:06:15.100046
ST_022,21915,141,2026-02-10T02:33:30.125714
ST_022,37449,407,2026-02-04T11:32:29.942488
ST_022,21667,37,2026-01-15T07:04:29.496735
ST_022,22476,263,2026-01-28T01:09:16.879600
ST_022,46000P,266,2026-01-29T07:59:40.540965
ST_022,90003B,117,2026-02-04T00:22:04.051280
ST_022,21990,206,2026-02-01T19:02:19.438231
ST_022,82599,488,2026-01-15T18:10:12.724391
ST_022,16161P,455,2026-01-29T07:29:35.180745
ST_022,85132A,227,2026-01-15T16:56:02.417784
ST_022,84593,251,2026-02-10T04:55:48.746588
ST_022,22575,354,2026-01-30T07:14:55.779850
ST_022,23070,306,2026-02-12T11:00:53.956728
ST_022,90196B,37,2026-01-30T01:59:38.264189
ST_022,22737,412,2026-01-31T20:32:37.183770
ST_023,22876,386,2026-02-04T07:01:43.311320
ST_023,20934,-42,2026-02-10T08:44:40.756116
ST_023,21682,21,2026-02-03T15:31:42.266900
ST_023,21910,146,2026-01-31T19:39:04.593919
ST_023,22158,458,2026-01-27T00:46:42.328528
ST_023,35819B,89,2026-01-16T22:52:22.016155
ST_023,20711,25,2026-01-30T09:34:01.805785
ST_023,22406,22,2026-01-29T18:04:58.734017
ST_023,90177E,-3,2026-02-06T20:23:42.938301
ST_023,90123B,94,2026-02-01T02:30:48.490485
ST_023,21402,469,2026-02-04T13:36:58.338734
ST_023,21291,225,2026-01-22T17:45:18.910063
ST_023,35819P,5,2026-01-29T16:22:31.937492
ST_023,22399,-42,2026-01-30T15:31:55.838554
ST_023,21261,484,2026-02-02T16:09:51.211520
ST_023,22430,226,2026-02-07T01:16:10.000612
ST_023,21918,308,2026-01-21T18:19:24.735118
ST_023,21232,104,2026-02-08T00:23:50.663164
ST_023,35610B,296,2026-02-09T14:32:53.325204
ST_023,23165,475,2026-01-24T23:03:04.271476
ST_023,23311,418,2026-01-24T19:16:29.838690
ST_023,22896,101,2026-01-30T21:04:25.939396
ST_023,85024C,269,2026-01-21T14:47:40.651555
ST_023,23570,396,2026-01-15T15:46:31.240724
ST_023,84666,185,2026-01-26T08:25:26.980662
ST_023,21865,271,2026-01-26T23:19:11.610691
ST_023,21678,60,2026-02-12T00:05:30.265780
ST_023,20752,411,2026-02-08T21:33:37.167446
ST_023,23434,106,2026-01-23T10:20:23.917165
ST_023,22038,281,2026-01-22T07:42:20.344026
ST_023,21289,132,2026-02-02T03:09:00.862003
ST_023,22034,-35,2026-02-08T23:00:45.276972
ST_023,84660B,407,2026-01-29T12:13:05.905967
ST_023,16248B,26,2026-01-14T13:07:47.097506
ST_023,16259,255,2026-02-07T14:07:40.941951
ST_023,90125E,186,2026-02-11T20:32:47.106676
ST_023,21718,89,2026-01-28T17:30:44.809117
ST_023,35958,29,2026-02-05T20:14:59.350424
ST_023,22775,134,2026-01-27T20:22:59.715399
ST_023,84927E,435,2026-02-09T08:43:00.701617
ST_023,23412,352,2026-01-25T03:31:01.955279
ST_023,21802,313,2026-01-21T21:33:54.468432
ST_023,22700,475,2026-02-07T16:02:25.872565
ST_023,21792,37,2026-01-29T17:06:32.179883
ST_023,21126,305,2026-01-27T22:28:53.266035
ST_023,47481,432,2026-02-05T18:42:03.909724
ST_023,23000,53,2026-02-02T09:45:46.443883
ST_023,84461,232,2026-01-18T09:43:41.678565
ST_023,84963A,360,2026-02-09T12:31:03.907294
ST_023,90214Z,355,2026-01-31T10:41:44.946164
ST_023,90199C,-45,2026-01-29T04:35:02.751478
ST_023,90125B,55,2026-02-11T03:49:49.306001
ST_023,22315,428,2026-02-08T09:22:50.454763
ST_023,22636,264,2026-01-30T18:30:06.479271
ST_023,22408,36,2026-01-19T02:00:33.391945
ST_023,22517,269,2026-01-26T17:13:32.941852
ST_023,85159A,340,2026-01-28T14:09:41.268437
ST_023,23169,245,2026-02-03T23:32:09.967382
ST_023,23243,271,2026-02-13T10:15:47.571437
ST_023,84568,82,2026-02-07T07:56:18.806428
ST_023,22458,10,2026-02-05T17:43:22.196123
ST_023,21272,166,2026-02-01T01:15:42.975660
ST_023,84558A,350,2026-02-07T00:19:57.306913
ST_023,90214I,463,2026-02-12T15:03:51.530592
ST_023,47369B,70,2026-02-01T23:17:57.431117
ST_023,23031,148,2026-01-14T23:31:10.501697
ST_023,21106,385,2026-02-06T19:29:35.396164
ST_023,84380,382,2026-01-20T01:10:44.093189
ST_023,90152A,259,2026-01-30T12:29:29.541052
ST_023,48184,102,2026-01-15T06:00:33.909738
ST_023,90039C,406,2026-01-17T12:55:02.782702
ST_023,20677,205,2026-01-15T01:12:03.377497
ST_023,85135C,436,2026-01-16T08:41:44.778668
ST_023,85045,49,2026-02-10T08:15:33.614857
ST_023,23161,120,2026-02-10T02:20:09.039104
ST_023,23255,423,2026-01-24T09:15:08.556158
ST_023,23694,470,2026-01-26T05:46:58.352218
ST_023,90100,29,2026-01-28T14:06:30.520286
ST_023,84798A,136,2026-01-19T12:14:59.757195
ST_023,22880,7,2026-01-24T09:03:29.913490
ST_023,21369,-17,2026-01-28T19:43:56.358380
ST_023,23100,234,2026-02-10T12:29:04.136530
ST_023,85211,233,2026-01-24T15:54:47.350986
ST_023,84659A,394,2026-02-08T18:37:27.111100
ST_023,22655,385,2026-01-20T17:17:43.545455
ST_023,35599D,-41,2026-01-25T03:22:28.566787
ST_023,84905,421,2026-01-27T05:00:09.589321
ST_023,21086,373,2026-01-28T19:35:56.925782
ST_023,23252,164,2026-02-09T17:00:36.018688
ST_023,22623,111,2026-01-18T07:16:57.875708
ST_023,M,484,2026-02-09T04:11:31.758294
ST_023,23356,133,2026-02-09T14:54:11.552542
ST_023,35004P,25,2026-01-25T10:14:54.360013
ST_023,21377,182,2026-02-12T11:25:36.139421
ST_023,21696,90,2026-02-13T08:29:32.357542
ST_023,20974,-8,2026-01-24T16:37:17.816665
ST_023,85200,38,2026-01-29T17:49:33.049040
ST_023,22702,176,2026-02-01T03:35:41.555531
ST_023,21499,126,2026-02-11T13:43:05.112136
ST_023,22057,500,2026-01-15T01:03:06.039977
ST_023,47590A,366,2026-01-15T14:11:23.579711
ST_023,22558,370,2026-01-17T03:31:01.690275
ST_023,21986,95,2026-01-19T11:25:44.907948
ST_023,22112,-21,2026-01-28T15:42:07.376601
ST_023,23004,295,2026-01-21T22:03:54.472222
ST_023,22444,151,2026-02-10T21:34:09.210595
ST_023,22346,376,2026-02-07T18:18:53.309375
ST_023,72598,61,2026-02-04T19:36:00.856162
ST_023,23345,103,2026-02-08T21:15:50.059452
ST_023,23191,17,2026-01-26T17:27:55.084819
ST_023,23495,252,2026-01-23T23:53:49.399319
ST_023,22260,260,2026-02-02T14:22:03.452755
ST_023,23181,117,2026-01-27T11:20:05.813598
ST_023,23553,298,2026-02-12T01:14:02.178741
ST_023,21418,481,2026-01-26T02:09:09.648347
ST_023,21816,360,2026-02-08T04:09:27.095201
ST_023,90042A,228,2026-01-19T18:47:34.526956
ST_023,85178,385,2026-01-15T10:32:55.807460
ST_023,47578A,297,2026-02-02T07:14:45.914082
ST_023,23254,436,2026-01-27T03:47:01.299395
ST_023,71496A,148,2026-01-16T13:33:59.686059
ST_023,22897,379,2026-01-18T19:15:55.316011
ST_023,21426,62,2026-01-22T15:53:36.236814
ST_023,20668,141,2026-01-28T18:06:20.366935
ST_023,84707B,402,2026-01-21T23:45:14.942811
ST_023,21462,-7,2026-01-29T14:59:20.596499
ST_023,22886,220,2026-02-04T03:02:43.688881
ST_023,35964,245,2026-01-25T12:24:40.328228
ST_023,23419,0,2026-01-29T04:25:10.637727
ST_023,84922,32,2026-01-27T20:44:30.816669
ST_023,22716,100,2026-01-29T16:34:13.521810
ST_023,21867,-19,2026-01-19T23:59:02.197674
ST_023,21015,306,2026-01-26T23:12:02.322698
ST_023,85131B,126,2026-01-28T04:47:19.426610
ST_023,23456,199,2026-01-18T18:53:22.508244
ST_023,35972,492,2026-02-03T18:50:15.322424
ST_023,37488A,13,2026-01-29T23:26:37.973375
ST_023,20854,258,2026-01-22T12:22:05.428296
ST_023,85071B,450,2026-01-21T07:16:19.305837
ST_023,23325,330,2026-01-19T03:57:26.985525
ST_023,90093,470,2026-01-16T08:11:45.203064
ST_023,84870B,263,2026-01-26T02:13:00.908743
ST_023,23457,188,2026-01-29T12:29:41.504068
ST_023,22900,421,2026-01-24T06:24:02.075835
ST_023,90055,263,2026-01-16T14:47:26.592281
ST_023,21507,182,2026-02-06T05:54:16.671663
ST_023,40001,144,2026-02-13T00:40:35.440750
ST_023,23497,445,2026-01-21T22:37:02.119718
ST_023,22183,427,2026-01-16T08:02:20.480376
ST_023,22645,336,2026-01-24T21:07:18.684461
ST_023,90019C,385,2026-01-27T14:22:55.949124
ST_023,21054,287,2026-02-01T16:55:52.080338
ST_023,90214O,435,2026-02-12T20:10:49.180958
ST_023,22195,38,2026-01-30T19:44:39.363569
ST_023,85225,160,2026-01-18T09:00:23.316768
ST_023,22870,109,2026-01-20T13:13:45.263554
ST_023,22244,185,2026-02-09T22:08:21.898214
ST_023,90065B,146,2026-01-21T18:45:23.667317
ST_023,22936,122,2026-01-16T04:54:34.673888
ST_023,35001W,480,2026-01-22T02:59:45.993506
ST_023,85034A,431,2026-02-05T05:10:15.650413
ST_023,23145,-32,2026-01-31T12:13:16.839572
ST_023,90129A,144,2026-02-08T10:35:01.216576
ST_023,90202D,442,2026-01-17T14:52:28.001400
ST_023,37444A,428,2026-01-18T06:38:28.191219
ST_023,22069,396,2026-01-29T13:33:08.693521
ST_023,23102,273,2026-02-13T08:06:20.683395
ST_023,21622,353,2026-01-22T19:26:17.682539
ST_023,20748,274,2026-02-07T17:18:47.426685
ST_023,18097C,176,2026-01-28T05:07:40.969864
ST_023,22322,202,2026-02-13T09:43:43.609215
ST_023,21143,223,2026-02-09T18:32:36.078053
ST_023,16235,186,2026-02-02T06:41:52.713177
ST_023,22060,209,2026-01-15T13:09:39.814219
ST_023,23390,488,2026-02-07T14:50:34.958979
ST_023,21609,499,2026-02-03T12:09:42.761106
ST_023,23190,229,2026-02-12T17:06:27.288218
ST_023,22594,402,2026-02-09T03:02:04.483589
ST_023,90198B,233,2026-02-09T10:32:26.058341
ST_023,23209,66,2026-02-03T16:31:18.250578
ST_023,21955,400,2026-01-25T13:06:56.596249
ST_023,90190B,314,2026-02-04T16:50:18.382994
ST_023,11001,370,2026-02-12T11:07:26.772350
ST_023,21634,317,2026-02-06T20:06:12.856545
ST_023,22518,364,2026-01-24T00:02:15.822484
ST_023,22745,265,2026-02-06T22:39:02.664926
ST_023,90099,40,2026-01-29T04:03:44.606072
ST_023,35650,415,2026-01-28T04:49:17.958442
ST_023,85026B,271,2026-01-26T22:00:35.363481
ST_023,84750B,99,2026-02-07T06:10:19.508590
ST_023,90016A,434,2026-01-30T14:58:10.078342
ST_023,72741,407,2026-02-01T06:21:03.705440
ST_023,16161M,355,2026-02-04T18:56:11.394775
ST_023,21681,17,2026-01-28T11:15:17.927366
ST_023,90086,190,2026-01-16T01:27:54.757550
ST_023,21706,372,2026-02-10T06:35:20.357393
ST_023,23121,58,2026-01-21T17:24:18.798784
ST_023,22136,142,2026-02-03T17:19:46.487091
ST_023,22086,490,2026-01-14T13:20:57.702526
ST_023,84596F,317,2026-01-17T23:40:01.337301
ST_023,22545,18,2026-02-06T16:48:28.012565
ST_023,22964,152,2026-01-17T19:12:09.540947
ST_023,90155,409,2026-02-13T07:42:13.811993
ST_023,84927F,-30,2026-02-02T05:06:01.039015
ST_023,22077,77,2026-01-24T17:40:43.294188
ST_023,84596B,239,2026-02-06T23:17:29.707914
ST_023,84879,13,2026-01-23T04:56:57.805989
ST_023,84828,69,2026-01-30T17:57:42.369290
ST_023,85049G,-21,2026-01-20T14:55:00.977973
ST_023,22461,146,2026-02-10T13:29:32.198154
ST_023,21275,354,2026-02-03T08:56:40.709141
ST_023,22971,371,2026-02-03T23:38:11.960365
ST_023,44235,297,2026-02-09T09:39:13.862955
ST_023,21705,83,2026-01-16T05:33:05.536238
ST_023,23264,-3,2026-02-07T06:16:00.185930
ST_023,21210,400,2026-02-06T22:54:33.366736
ST_023,84766,131,2026-02-03T20:38:04.515325
ST_023,21313,217,2026-01-20T13:20:22.809117
ST_023,21067,75,2026-02-08T18:16:23.569722
ST_023,21671,382,2026-02-11T05:33:04.430758
ST_023,84805B,113,2026-02-08T04:44:13.978121
ST_023,72709,111,2026-01-15T12:58:39.106266
ST_023,90158,15,2026-01-26T11:27:51.985813
ST_023,90120B,153,2026-01-22T04:43:41.527531
ST_023,84678,-44,2026-01-24T22:08:58.150512
ST_023,23503,235,2026-02-05T11:16:58.708587
ST_023,21935,79,2026-01-30T10:41:14.416910
ST_023,90161A,-48,2026-01-18T02:27:09.459342
ST_023,22908,200,2026-01-29T08:47:31.507119
ST_023,84854,354,2026-01-17T14:51:45.535676
ST_023,17191A,319,2026-01-31T13:06:44.565465
ST_023,20868,382,2026-01-17T18:43:33.387903
ST_023,20826,209,2026-02-02T22:50:52.561300
ST_023,20971,-43,2026-01-31T12:53:52.300578
ST_023,23270,454,2026-02-03T18:55:34.490472
ST_023,21946,39,2026-01-30T01:59:57.126794
ST_023,47310M,224,2026-02-12T13:07:43.165927
ST_023,37446,462,2026-01-25T22:27:48.318124
ST_023,35638A,167,2026-02-06T02:10:32.290780
ST_023,85124B,417,2026-01-31T11:26:54.562941
ST_023,90094,333,2026-01-29T20:03:32.884763
ST_023,23185,280,2026-02-05T13:14:08.707962
ST_023,17021,47,2026-01-24T17:13:34.386397
ST_023,21032,111,2026-02-12T13:42:19.695689
ST_023,23224,143,2026-02-11T05:48:47.271575
ST_023,23473,343,2026-01-25T02:05:48.621500
ST_023,22563,144,2026-01-19T02:19:08.118536
ST_023,21156,-32,2026-01-31T08:42:09.147687
ST_023,22786,-49,2026-01-21T20:57:20.244066
ST_023,17136A,78,2026-01-26T15:40:44.839879
ST_023,37471,347,2026-02-02T12:14:58.459265
ST_023,16258A,475,2026-02-06T22:15:19.704851
ST_023,84915,180,2026-02-07T17:06:32.945201
ST_023,90202B,73,2026-01-21T14:14:26.369195
ST_023,90159,361,2026-01-15T14:54:44.306329
ST_023,22649,120,2026-01-16T17:36:39.860683
ST_023,84637,139,2026-01-27T10:30:34.180890
ST_023,22650,366,2026-01-23T20:05:31.687658
ST_023,22755,195,2026-02-04T22:27:58.906136
ST_023,21403,97,2026-01-23T18:44:52.696462
ST_023,23017,469,2026-01-15T21:16:43.529321
ST_023,22230,407,2026-02-08T01:23:59.192594
ST_023,90040B,386,2026-02-09T17:34:49.346278
ST_023,84465,89,2026-01-17T10:34:14.143885
ST_023,35909A,354,2026-02-05T03:57:58.402133
ST_023,16161G,383,2026-02-10T01:53:49.554192
ST_023,22324,122,2026-01-23T13:14:49.128330
ST_023,23193,78,2026-02-11T15:03:43.559206
ST_023,23155,450,2026-01-27T06:19:51.064260
ST_023,22602,63,2026-02-01T17:23:31.464724
ST_023,22993,6,2026-02-07T21:48:54.802938
ST_023,82582,32,2026-02-03T05:57:35.622983
ST_023,85202,1,2026-02-05T06:16:17.618134
ST_023,90021,346,2026-01-29T11:36:33.954886
ST_023,22948,147,2026-02-08T17:52:27.296377
ST_023,84192,184,2026-01-27T05:03:32.699512
ST_023,22053,153,2026-02-11T01:04:26.294496
ST_023,84600,125,2026-02-04T04:04:40.992240
ST_023,20796,470,2026-01-28T14:35:40.839570
ST_023,20697,411,2026-01-24T13:41:18.357368
ST_023,22699,349,2026-02-10T18:05:29.219754
ST_023,44091A,-21,2026-01-28T18:46:33.055986
ST_023,21519,223,2026-01-16T10:48:27.277909
ST_023,22441,221,2026-02-03T06:49:16.411650
ST_023,23297,95,2026-01-30T02:14:43.073275
ST_023,21915,435,2026-02-13T10:34:11.453883
ST_023,37449,228,2026-01-28T23:51:14.720574
ST_023,21667,438,2026-02-07T11:50:42.474933
ST_023,22476,-26,2026-02-08T02:49:38.404810
ST_023,46000P,442,2026-02-08T23:25:05.495132
ST_023,90003B,299,2026-01-18T16:23:23.411975
ST_023,21990,55,2026-02-05T13:22:14.797616
ST_023,82599,24,2026-01-16T06:21:28.552543
ST_023,16161P,444,2026-01-21T22:15:12.687640
ST_023,85132A,49,2026-01-27T15:02:52.536443
ST_023,84593,464,2026-02-07T09:39:31.213840
ST_023,22575,492,2026-01-25T00:57:33.981491
ST_023,23070,45,2026-01-30T18:17:52.198148
ST_023,90196B,131,2026-01-23T00:11:11.439750
ST_023,22737,50,2026-01-28T05:37:32.600710
ST_024,22876,491,2026-01-23T08:34:52.843775
ST_024,20934,350,2026-02-09T15:32:05.016738
ST_024,21682,460,2026-02-13T07:39:56.963569
ST_024,21910,155,2026-01-22T00:40:43.443228
ST_024,22158,227,2026-01-18T23:01:22.127463
ST_024,35819B,-10,2026-02-10T23:21:46.447530
ST_024,20711,331,2026-02-02T10:24:14.516599
ST_024,22406,499,2026-01-16T19:58:39.838284
ST_024,90177E,208,2026-01-21T21:17:35.705149
ST_024,90123B,135,2026-01-31T11:38:54.905587
ST_024,21402,444,2026-01-23T08:00:14.758821
ST_024,21291,246,2026-02-09T05:07:45.503061
ST_024,35819P,114,2026-02-12T10:16:53.399598
ST_024,22399,439,2026-02-02T15:06:52.275710
ST_024,21261,10,2026-02-12T00:51:49.431665
ST_024,22430,408,2026-02-07T13:02:08.988248
ST_024,21918,-13,2026-01-20T12:38:42.764545
ST_024,21232,35,2026-01-23T19:56:21.296750
ST_024,35610B,265,2026-02-05T09:23:05.447805
ST_024,23165,491,2026-02-06T04:15:23.825632
ST_024,23311,-18,2026-02-02T09:36:16.424770
ST_024,22896,390,2026-02-10T15:39:39.902299
ST_024,85024C,-2,2026-02-05T00:23:19.512107
ST_024,23570,188,2026-01-27T08:10:40.403491
ST_024,84666,264,2026-01-26T22:05:14.423087
ST_024,21865,113,2026-02-01T20:19:30.873256
ST_024,21678,120,2026-01-28T14:53:38.870097
ST_024,20752,145,2026-02-06T13:08:29.085192
ST_024,23434,414,2026-01-29T08:10:31.878742
ST_024,22038,327,2026-01-20T22:25:20.574729
ST_024,21289,419,2026-01-29T16:53:37.743880
ST_024,22034,410,2026-02-04T07:21:29.344474
ST_024,84660B,49,2026-02-06T23:14:42.526749
ST_024,16248B,-4,2026-02-03T04:04:40.679055
ST_024,16259,262,2026-01-23T07:36:06.815803
ST_024,90125E,490,2026-02-04T17:37:24.809249
ST_024,21718,473,2026-01-21T21:08:35.084194
ST_024,35958,108,2026-02-11T04:51:56.112051
ST_024,22775,198,2026-01-17T09:54:55.191141
ST_024,84927E,366,2026-01-16T05:14:07.331096
ST_024,23412,348,2026-02-03T08:16:33.169079
ST_024,21802,404,2026-01-29T23:41:20.669441
ST_024,22700,488,2026-01-15T01:22:19.138479
ST_024,21792,483,2026-01-18T11:56:25.182745
ST_024,21126,485,2026-02-09T09:01:12.954957
ST_024,47481,310,2026-02-03T04:45:10.891372
ST_024,23000,69,2026-01-17T17:26:18.698311
ST_024,84461,360,2026-02-02T05:31:39.782728
ST_024,84963A,349,2026-02-11T15:36:43.461266
ST_024,90214Z,230,2026-01-31T05:24:35.124005
ST_024,90199C,111,2026-01-27T10:09:36.500927
ST_024,90125B,71,2026-01-30T19:51:49.126462
ST_024,22315,395,2026-01-18T19:12:47.937917
ST_024,22636,485,2026-01-24T19:32:42.216534
ST_024,22408,214,2026-01-26T22:02:28.443606
ST_024,22517,-31,2026-01-17T17:09:53.954043
ST_024,85159A,313,2026-02-05T15:34:08.961319
ST_024,23169,399,2026-01-18T17:15:26.562999
ST_024,23243,318,2026-01-15T03:30:05.174132
ST_024,84568,489,2026-02-06T09:23:58.903534
ST_024,22458,366,2026-01-29T21:24:47.408060
ST_024,21272,-44,2026-01-18T20:15:19.730671
ST_024,84558A,177,2026-01-29T05:31:30.112181
ST_024,90214I,11,2026-01-18T22:12:01.182945
ST_024,47369B,82,2026-02-06T00:03:14.972300
ST_024,23031,282,2026-01-15T15:36:14.107820
ST_024,21106,432,2026-01-26T08:42:20.531837
ST_024,84380,63,2026-01-31T06:09:19.716990
ST_024,90152A,-41,2026-01-18T06:17:41.537412
ST_024,48184,441,2026-02-13T07:08:25.859611
ST_024,90039C,113,2026-02-06T07:54:19.964965
ST_024,20677,123,2026-01-15T13:19:35.381294
ST_024,85135C,409,2026-01-22T21:30:59.470909
ST_024,85045,362,2026-01-31T14:46:50.994522
ST_024,23161,333,2026-02-13T08:43:34.642641
ST_024,23255,50,2026-02-08T17:42:06.840604
ST_024,23694,450,2026-01-24T06:16:09.779561
ST_024,90100,452,2026-02-04T21:57:08.650650
ST_024,84798A,215,2026-02-06T15:15:59.523307
ST_024,22880,305,2026-01-22T22:08:02.389560
ST_024,21369,493,2026-01-21T17:17:40.414149
ST_024,23100,479,2026-02-10T21:43:13.798421
ST_024,85211,386,2026-01-29T15:10:56.952185
ST_024,84659A,462,2026-01-29T07:07:10.335124
ST_024,22655,191,2026-01-21T10:24:07.414478
ST_024,35599D,310,2026-02-06T10:43:28.303459
ST_024,84905,438,2026-02-10T02:56:06.837450
ST_024,21086,375,2026-01-26T22:12:35.098288
ST_024,23252,287,2026-01-19T02:42:00.389555
ST_024,22623,482,2026-01-28T07:55:38.588990
ST_024,M,405,2026-02-09T17:26:25.738639
ST_024,23356,338,2026-02-07T03:27:39.323225
ST_024,35004P,284,2026-01-15T19:30:02.080952
ST_024,21377,52,2026-01-29T15:13:18.789713
ST_024,21696,328,2026-01-31T02:55:07.224573
ST_024,20974,421,2026-02-02T22:45:57.916547
ST_024,85200,98,2026-01-17T11:32:34.965069
ST_024,22702,456,2026-01-25T07:31:35.207693
ST_024,21499,246,2026-01-15T00:54:21.981013
ST_024,22057,-11,2026-01-29T09:58:50.098766
ST_024,47590A,-43,2026-01-20T19:24:10.270479
ST_024,22558,184,2026-02-05T10:54:14.394721
ST_024,21986,249,2026-02-03T20:37:55.498092
ST_024,22112,79,2026-02-11T05:47:29.639567
ST_024,23004,67,2026-01-15T19:31:57.034995
ST_024,22444,166,2026-02-08T08:26:01.296944
ST_024,22346,-20,2026-01-14T16:28:37.258170
ST_024,72598,394,2026-01-17T05:37:43.550864
ST_024,23345,4,2026-01-24T08:08:49.054850
ST_024,23191,324,2026-01-24T01:20:25.615451
ST_024,23495,391,2026-02-03T12:01:20.398018
ST_024,22260,261,2026-01-24T02:17:58.614047
ST_024,23181,140,2026-01-14T17:56:19.975600
ST_024,23553,308,2026-02-06T13:10:52.069793
ST_024,21418,498,2026-01-16T21:47:33.828425
ST_024,21816,438,2026-02-03T14:26:23.008572
ST_024,90042A,-9,2026-01-16T17:03:17.006279
ST_024,85178,8,2026-01-27T13:53:27.391388
ST_024,47578A,-4,2026-01-16T20:56:34.848413
ST_024,23254,57,2026-01-26T12:17:44.785241
ST_024,71496A,362,2026-02-12T18:47:06.951976
ST_024,22897,-37,2026-01-18T17:07:14.716327
ST_024,21426,125,2026-02-03T13:06:48.515240
ST_024,20668,-28,2026-01-21T02:04:23.878687
ST_024,84707B,316,2026-01-15T23:35:43.302728
ST_024,21462,54,2026-01-19T08:50:37.430373
ST_024,22886,399,2026-01-26T09:11:58.116478
ST_024,35964,228,2026-01-26T12:09:10.700204
ST_024,23419,482,2026-02-13T11:27:16.663400
ST_024,84922,134,2026-02-01T16:45:07.335242
ST_024,22716,333,2026-01-23T05:34:47.044667
ST_024,21867,20,2026-01-24T01:40:48.312684
ST_024,21015,492,2026-01-28T13:56:22.907479
ST_024,85131B,413,2026-02-04T20:06:23.761904
ST_024,23456,242,2026-01-21T20:56:49.077814
ST_024,35972,69,2026-02-03T16:27:09.122463
ST_024,37488A,279,2026-01-25T10:14:30.110011
ST_024,20854,179,2026-01-19T18:36:39.423638
ST_024,85071B,370,2026-01-20T13:20:58.906825
ST_024,23325,365,2026-02-12T19:44:10.508278
ST_024,90093,409,2026-01-30T13:12:34.070820
ST_024,84870B,172,2026-02-03T08:00:39.006896
ST_024,23457,79,2026-01-29T14:08:09.397583
ST_024,22900,57,2026-02-05T19:11:41.017590
ST_024,90055,-19,2026-02-09T19:38:18.708454
ST_024,21507,150,2026-01-30T11:27:48.400797
ST_024,40001,387,2026-02-10T05:05:48.303581
ST_024,23497,266,2026-02-07T05:31:24.575300
ST_024,22183,108,2026-01-24T20:14:00.261101
ST_024,22645,343,2026-01-28T02:25:46.876870
ST_024,90019C,129,2026-01-21T09:37:49.380327
ST_024,21054,293,2026-01-28T01:50:03.132825
ST_024,90214O,290,2026-01-18T22:41:19.619633
ST_024,22195,253,2026-01-26T19:24:23.827803
ST_024,85225,295,2026-02-01T21:44:38.212305
ST_024,22870,275,2026-02-13T01:13:11.086318
ST_024,22244,137,2026-01-26T01:28:57.074148
ST_024,90065B,381,2026-01-31T03:16:01.351008
ST_024,22936,232,2026-01-16T01:28:22.319821
ST_024,35001W,51,2026-02-11T08:30:28.644121
ST_024,85034A,288,2026-01-17T04:59:31.300136
ST_024,23145,305,2026-01-23T03:42:44.049598
ST_024,90129A,368,2026-02-07T22:58:31.179251
ST_024,90202D,190,2026-02-04T23:07:21.005445
ST_024,37444A,84,2026-01-24T22:02:06.618568
ST_024,22069,281,2026-02-05T12:23:51.899852
ST_024,23102,-28,2026-01-21T08:09:20.835165
ST_024,21622,14,2026-01-23T00:53:22.237425
ST_024,20748,186,2026-01-17T02:08:13.241816
ST_024,18097C,496,2026-02-01T16:59:58.480281
ST_024,22322,297,2026-02-04T04:39:41.779840
ST_024,21143,113,2026-02-02T04:02:16.230510
ST_024,16235,472,2026-01-30T10:12:48.083227
ST_024,22060,167,2026-01-20T11:28:17.519137
ST_024,23390,49,2026-02-09T08:13:04.700392
ST_024,21609,383,2026-01-29T01:27:56.015254
ST_024,23190,197,2026-01-23T04:05:55.301683
ST_024,22594,375,2026-02-01T07:29:59.222238
ST_024,90198B,27,2026-02-03T05:58:14.422604
ST_024,23209,311,2026-02-07T16:32:36.640767
ST_024,21955,124,2026-01-19T23:37:59.543418
ST_024,90190B,368,2026-02-07T01:34:54.486304
ST_024,11001,28,2026-02-11T09:16:36.610321
ST_024,21634,20,2026-01-21T22:47:07.931306
ST_024,22518,60,2026-02-01T22:38:05.472182
ST_024,22745,438,2026-02-02T03:46:53.653401
ST_024,90099,477,2026-01-31T10:05:07.154243
ST_024,35650,286,2026-01-25T01:10:17.562964
ST_024,85026B,482,2026-01-20T05:30:21.494984
ST_024,84750B,351,2026-02-11T14:05:54.628385
ST_024,90016A,75,2026-01-20T21:17:22.735456
ST_024,72741,23,2026-02-01T03:16:33.259463
ST_024,16161M,123,2026-02-06T01:07:15.158324
ST_024,21681,365,2026-01-21T01:40:46.232737
ST_024,90086,60,2026-01-18T02:19:24.323997
ST_024,21706,435,2026-01-21T23:17:34.091964
ST_024,23121,300,2026-01-30T09:38:02.327710
ST_024,22136,331,2026-01-22T14:11:25.736151
ST_024,22086,-36,2026-02-05T22:08:06.229839
ST_024,84596F,299,2026-01-28T20:54:56.458422
ST_024,22545,409,2026-01-24T21:17:44.780752
ST_024,22964,310,2026-02-01T15:28:54.644729
ST_024,90155,129,2026-01-27T01:13:49.917841
ST_024,84927F,248,2026-01-31T15:17:42.956874
ST_024,22077,-41,2026-01-14T14:25:23.000756
ST_024,84596B,256,2026-01-26T20:08:38.853675
ST_024,84879,143,2026-01-25T02:21:57.548294
ST_024,84828,248,2026-01-26T21:15:15.459910
ST_024,85049G,113,2026-01-27T09:47:32.897285
ST_024,22461,187,2026-01-27T19:09:47.788527
ST_024,21275,408,2026-01-31T13:19:46.883054
ST_024,22971,-25,2026-01-23T18:59:35.808905
ST_024,44235,256,2026-02-06T17:29:35.383723
ST_024,21705,156,2026-01-31T13:36:19.692452
ST_024,23264,328,2026-01-29T06:24:29.978722
ST_024,21210,292,2026-01-14T17:43:39.067961
ST_024,84766,420,2026-01-26T23:07:45.370351
ST_024,21313,81,2026-01-21T03:40:36.720023
ST_024,21067,188,2026-01-30T02:08:47.554247
ST_024,21671,56,2026-01-31T21:22:57.300183
ST_024,84805B,158,2026-02-08T00:39:37.975904
ST_024,72709,264,2026-01-24T13:50:48.743155
ST_024,90158,13,2026-01-19T12:22:00.289703
ST_024,90120B,-25,2026-01-21T03:28:23.032402
ST_024,84678,32,2026-02-06T13:17:52.570481
ST_024,23503,145,2026-01-19T03:37:17.823505
ST_024,21935,102,2026-01-28T17:56:26.793325
ST_024,90161A,313,2026-01-26T16:54:28.357054
ST_024,22908,424,2026-01-18T05:14:07.466964
ST_024,84854,393,2026-01-29T23:16:29.540600
ST_024,17191A,153,2026-01-27T20:31:58.182958
ST_024,20868,36,2026-01-14T20:42:39.612465
ST_024,20826,355,2026-01-15T03:23:15.974283
ST_024,20971,300,2026-01-27T14:46:08.018339
ST_024,23270,20,2026-02-11T18:16:36.469528
ST_024,21946,363,2026-02-05T11:11:52.534104
ST_024,47310M,448,2026-01-27T10:26:39.516839
ST_024,37446,-26,2026-01-31T02:05:36.715389
ST_024,35638A,478,2026-01-29T08:55:50.458789
ST_024,85124B,89,2026-01-17T03:45:43.400678
ST_024,90094,376,2026-01-31T01:10:05.653665
ST_024,23185,441,2026-02-05T10:47:10.338484
ST_024,17021,494,2026-02-06T02:22:43.407891
ST_024,21032,161,2026-01-28T22:45:39.714719
ST_024,23224,149,2026-01-26T13:42:22.229674
ST_024,23473,191,2026-01-19T06:26:58.915709
ST_024,22563,407,2026-01-20T01:16:23.648018
ST_024,21156,386,2026-01-22T18:15:56.791508
ST_024,22786,37,2026-02-10T05:26:45.151525
ST_024,17136A,137,2026-02-05T02:58:41.362342
ST_024,37471,261,2026-02-01T23:15:16.452638
ST_024,16258A,139,2026-02-09T11:58:19.798244
ST_024,84915,122,2026-02-06T11:49:16.463877
ST_024,90202B,161,2026-02-10T21:42:08.648468
ST_024,90159,-6,2026-01-28T08:57:16.123484
ST_024,22649,35,2026-02-03T21:09:36.453180
ST_024,84637,84,2026-01-14T22:25:59.346385
ST_024,22650,10,2026-01-28T00:55:52.349248
ST_024,22755,132,2026-02-08T08:29:17.019133
ST_024,21403,499,2026-02-08T18:10:58.523813
ST_024,23017,216,2026-02-08T08:52:31.037905
ST_024,22230,0,2026-02-08T17:17:40.791054
ST_024,90040B,242,2026-02-11T03:38:08.662371
ST_024,84465,205,2026-01-25T23:33:07.702979
ST_024,35909A,426,2026-02-04T06:49:51.758543
ST_024,16161G,125,2026-01-18T10:11:34.494192
ST_024,22324,316,2026-01-23T08:14:33.185624
ST_024,23193,91,2026-01-19T22:09:34.181333
ST_024,23155,487,2026-01-15T10:47:06.313831
ST_024,22602,273,2026-02-08T11:08:19.211402
ST_024,22993,153,2026-01-19T19:41:09.919878
ST_024,82582,460,2026-02-04T02:04:54.158765
ST_024,85202,108,2026-01-21T05:46:08.923638
ST_024,90021,77,2026-02-10T01:56:24.548773
ST_024,22948,83,2026-01-31T21:11:53.174886
ST_024,84192,210,2026-02-05T04:07:43.175357
ST_024,22053,350,2026-02-06T01:09:27.670905
ST_024,84600,370,2026-02-13T12:08:31.328713
ST_024,20796,61,2026-01-31T02:11:14.994407
ST_024,20697,446,2026-01-28T19:10:25.345724
ST_024,22699,53,2026-01-17T15:04:51.535738
ST_024,44091A,217,2026-02-03T16:43:25.553996
ST_024,21519,-9,2026-02-11T08:08:04.608377
ST_024,22441,-13,2026-02-03T23:25:25.287227
ST_024,23297,327,2026-02-05T07:35:22.738739
ST_024,21915,237,2026-01-31T17:06:15.199617
ST_024,37449,236,2026-02-02T05:54:21.306235
ST_024,21667,437,2026-02-10T10:22:22.061068
ST_024,22476,436,2026-01-24T23:48:28.865721
ST_024,46000P,-28,2026-01-21T01:14:13.386442
ST_024,90003B,269,2026-02-01T07:59:26.276075
ST_024,21990,374,2026-01-20T07:14:51.993332
ST_024,82599,196,2026-02-01T12:32:30.784010
ST_024,16161P,227,2026-01-22T14:48:52.604890
ST_024,85132A,217,2026-01-24T14:07:44.829454
ST_024,84593,188,2026-02-07T14:18:12.948299
ST_024,22575,304,2026-01-21T08:35:58.686819
ST_024,23070,364,2026-02-03T15:54:14.852765
ST_024,90196B,294,2026-02-06T19:42:03.491970
ST_024,22737,186,2026-01-24T02:15:20.277836
ST_025,22876,330,2026-01-15T20:43:56.163709
ST_025,20934,284,2026-02-12T11:49:02.487173
ST_025,21682,33,2026-02-10T12:49:16.634764
ST_025,21910,2,2026-02-10T06:12:15.519936
ST_025,22158,480,2026-02-09T23:06:43.212093
ST_025,35819B,350,2026-02-13T04:27:54.503777
ST_025,20711,-19,2026-02-06T04:06:39.799022
ST_025,22406,-14,2026-02-07T23:56:08.018493
ST_025,90177E,299,2026-01-18T13:15:45.750866
ST_025,90123B,131,2026-01-15T07:17:47.587240
ST_025,21402,264,2026-01-21T19:54:46.744162
ST_025,21291,378,2026-01-22T19:05:54.610667
ST_025,35819P,303,2026-02-04T16:07:47.257453
ST_025,22399,66,2026-02-03T23:58:50.337869
ST_025,21261,310,2026-01-28T11:32:03.124238
ST_025,22430,336,2026-01-30T16:31:09.276864
ST_025,21918,134,2026-02-05T23:45:56.969876
ST_025,21232,388,2026-02-13T11:29:01.597225
ST_025,35610B,353,2026-01-28T13:36:55.019223
ST_025,23165,374,2026-02-05T21:00:01.630780
ST_025,23311,331,2026-02-03T17:37:33.861360
ST_025,22896,174,2026-01-30T14:33:42.148924
ST_025,85024C,288,2026-02-10T12:35:24.438495
ST_025,23570,87,2026-01-31T01:01:32.478272
ST_025,84666,424,2026-01-26T14:05:26.412894
ST_025,21865,213,2026-01-15T20:09:53.487516
ST_025,21678,331,2026-02-08T01:27:45.754341
ST_025,20752,216,2026-02-10T13:21:31.686866
ST_025,23434,60,2026-02-02T10:18:52.132056
ST_025,22038,238,2026-02-11T03:39:59.607699
ST_025,21289,337,2026-01-14T18:19:10.868376
ST_025,22034,94,2026-02-08T08:39:12.104503
ST_025,84660B,46,2026-02-05T19:26:43.236781
ST_025,16248B,461,2026-01-28T09:21:59.019287
ST_025,16259,198,2026-01-27T16:42:35.491513
ST_025,90125E,183,2026-02-02T05:25:55.275153
ST_025,21718,69,2026-02-10T13:47:36.172939
ST_025,35958,240,2026-01-25T04:04:26.135037
ST_025,22775,118,2026-02-09T13:42:46.776386
ST_025,84927E,225,2026-01-17T14:06:28.838543
ST_025,23412,149,2026-01-17T01:01:55.097957
ST_025,21802,427,2026-01-27T18:57:15.354254
ST_025,22700,386,2026-01-31T05:36:51.727924
ST_025,21792,65,2026-01-22T17:15:57.938429
ST_025,21126,405,2026-01-27T18:50:08.757311
ST_025,47481,498,2026-02-04T14:09:12.817697
ST_025,23000,298,2026-02-03T04:55:46.719594
ST_025,84461,59,2026-02-02T19:50:48.431540
ST_025,84963A,204,2026-01-20T18:30:14.794531
ST_025,90214Z,407,2026-02-05T07:10:07.389196
ST_025,90199C,93,2026-01-17T12:56:42.374013
ST_025,90125B,-26,2026-02-09T02:33:01.797271
ST_025,22315,214,2026-01-31T17:44:23.854435
ST_025,22636,264,2026-02-01T19:23:12.895930
ST_025,22408,208,2026-01-17T18:29:31.426582
ST_025,22517,442,2026-02-07T14:02:58.829457
ST_025,85159A,335,2026-01-31T07:19:44.366620
ST_025,23169,144,2026-01-21T19:45:13.811466
ST_025,23243,381,2026-02-06T17:43:38.754360
ST_025,84568,374,2026-02-07T21:07:55.811829
ST_025,22458,432,2026-02-04T21:24:29.005379
ST_025,21272,491,2026-02-05T04:06:01.532388
ST_025,84558A,-19,2026-01-30T15:33:32.180184
ST_025,90214I,391,2026-01-15T13:39:42.471651
ST_025,47369B,207,2026-02-09T23:58:52.834077
ST_025,23031,-19,2026-01-22T20:32:08.859598
ST_025,21106,468,2026-02-10T14:30:58.642748
ST_025,84380,324,2026-02-08T18:58:12.103871
ST_025,90152A,80,2026-02-04T21:03:13.702629
ST_025,48184,339,2026-01-22T03:25:36.780485
ST_025,90039C,77,2026-02-12T14:26:08.695819
ST_025,20677,23,2026-02-05T11:20:25.413367
ST_025,85135C,291,2026-01-15T04:30:33.469499
ST_025,85045,423,2026-01-15T09:11:43.324124
ST_025,23161,320,2026-02-01T06:54:39.886418
ST_025,23255,455,2026-02-06T17:07:26.824707
ST_025,23694,311,2026-01-19T20:19:30.706789
ST_025,90100,-39,2026-02-03T03:47:21.834234
ST_025,84798A,16,2026-02-08T09:20:09.883655
ST_025,22880,186,2026-02-01T13:03:05.044651
ST_025,21369,-40,2026-02-06T07:50:58.367318
ST_025,23100,260,2026-02-05T19:25:11.239375
ST_025,85211,323,2026-01-25T03:41:51.988712
ST_025,84659A,-36,2026-01-18T19:14:33.394246
ST_025,22655,440,2026-01-15T02:45:13.884371
ST_025,35599D,148,2026-01-19T21:57:10.879341
ST_025,84905,388,2026-01-28T16:26:39.963006
ST_025,21086,384,2026-01-17T07:44:39.208858
ST_025,23252,340,2026-01-25T12:33:14.304455
ST_025,22623,330,2026-01-18T19:18:49.046554
ST_025,M,148,2026-02-06T03:46:53.906368
ST_025,23356,147,2026-01-15T05:46:31.682941
ST_025,35004P,321,2026-01-27T07:01:04.463784
ST_025,21377,350,2026-02-11T02:03:56.352209
ST_025,21696,194,2026-01-21T20:59:34.256298
ST_025,20974,192,2026-01-21T22:38:03.176059
ST_025,85200,77,2026-02-11T16:11:16.524041
ST_025,22702,187,2026-02-07T05:47:27.906741
ST_025,21499,493,2026-02-01T21:30:00.382943
ST_025,22057,83,2026-02-07T04:27:59.183339
ST_025,47590A,118,2026-01-14T22:45:56.777463
ST_025,22558,22,2026-01-22T19:43:54.304743
ST_025,21986,238,2026-01-29T04:21:16.010120
ST_025,22112,-9,2026-01-25T22:42:04.482843
ST_025,23004,69,2026-02-02T01:25:17.480147
ST_025,22444,251,2026-01-18T02:36:13.206182
ST_025,22346,401,2026-01-15T10:20:18.975101
ST_025,72598,444,2026-01-19T12:42:03.300558
ST_025,23345,175,2026-02-05T01:56:05.300128
ST_025,23191,39,2026-01-17T08:34:25.888311
ST_025,23495,315,2026-02-04T04:57:45.685098
ST_025,22260,400,2026-01-24T14:44:13.569433
ST_025,23181,-46,2026-02-05T15:38:56.303503
ST_025,23553,377,2026-01-15T02:11:42.120830
ST_025,21418,-31,2026-01-16T07:15:19.562083
ST_025,21816,108,2026-01-20T20:14:13.942006
ST_025,90042A,434,2026-02-02T12:37:22.228584
ST_025,85178,274,2026-02-11T11:30:32.569654
ST_025,47578A,82,2026-01-14T18:46:41.693163
ST_025,23254,145,2026-01-31T07:48:28.118840
ST_025,71496A,441,2026-02-04T16:38:13.889086
ST_025,22897,435,2026-01-23T08:24:13.708251
ST_025,21426,37,2026-02-02T00:09:13.677074
ST_025,20668,29,2026-02-02T21:58:25.188865
ST_025,84707B,303,2026-02-12T21:52:25.723274
ST_025,21462,90,2026-01-27T16:54:24.601021
ST_025,22886,445,2026-02-07T00:24:39.410839
ST_025,35964,204,2026-02-07T13:25:41.879241
ST_025,23419,457,2026-02-03T13:38:05.296335
ST_025,84922,449,2026-02-04T16:04:34.634134
ST_025,22716,296,2026-02-12T12:22:29.033531
ST_025,21867,469,2026-01-15T21:47:17.156368
ST_025,21015,135,2026-01-22T05:36:40.431742
ST_025,85131B,239,2026-02-01T05:51:49.566320
ST_025,23456,410,2026-02-05T00:20:41.029910
ST_025,35972,19,2026-01-19T06:13:02.003481
ST_025,37488A,498,2026-02-09T07:20:50.793001
ST_025,20854,299,2026-02-13T07:24:48.120361
ST_025,85071B,366,2026-01-24T17:33:45.455411
ST_025,23325,484,2026-01-16T18:28:10.321220
ST_025,90093,365,2026-01-18T08:35:33.871126
ST_025,84870B,109,2026-02-07T05:27:28.644636
ST_025,23457,147,2026-01-22T03:20:04.929601
ST_025,22900,455,2026-02-04T10:25:38.907263
ST_025,90055,0,2026-01-19T14:50:21.528549
ST_025,21507,55,2026-01-28T16:52:34.508671
ST_025,40001,149,2026-02-09T15:33:46.374995
ST_025,23497,460,2026-01-24T06:51:02.723881
ST_025,22183,71,2026-01-16T13:13:14.633287
ST_025,22645,377,2026-02-01T21:46:37.085722
ST_025,90019C,102,2026-01-28T21:08:23.812679
ST_025,21054,-36,2026-01-19T14:36:40.017458
ST_025,90214O,61,2026-02-05T02:43:06.606881
ST_025,22195,-13,2026-02-12T10:41:45.488554
ST_025,85225,249,2026-01-24T23:01:45.645588
ST_025,22870,202,2026-01-31T14:25:52.493253
ST_025,22244,188,2026-01-17T09:20:50.622056
ST_025,90065B,434,2026-01-29T20:11:28.566439
ST_025,22936,157,2026-01-26T16:30:18.813640
ST_025,35001W,228,2026-02-12T22:02:44.643433
ST_025,85034A,373,2026-01-30T09:36:49.926276
ST_025,23145,312,2026-01-24T09:15:30.873833
ST_025,90129A,358,2026-02-04T19:00:36.692382
ST_025,90202D,301,2026-01-31T19:27:39.482963
ST_025,37444A,416,2026-01-31T17:10:17.553042
ST_025,22069,352,2026-02-08T17:17:10.171907
ST_025,23102,165,2026-02-10T05:56:00.255507
ST_025,21622,58,2026-02-06T11:55:00.031973
ST_025,20748,-44,2026-01-22T14:48:42.692991
ST_025,18097C,315,2026-01-23T23:35:57.329754
ST_025,22322,153,2026-01-28T17:15:16.790728
ST_025,21143,399,2026-01-19T19:33:26.456013
ST_025,16235,265,2026-02-02T09:30:41.512731
ST_025,22060,236,2026-01-21T12:55:23.316564
ST_025,23390,17,2026-02-08T08:42:11.536993
ST_025,21609,211,2026-01-26T08:04:42.122405
ST_025,23190,118,2026-01-23T03:46:37.976080
ST_025,22594,223,2026-01-15T17:11:52.785053
ST_025,90198B,345,2026-01-23T00:59:07.239359
ST_025,23209,120,2026-02-13T11:54:12.915322
ST_025,21955,415,2026-02-12T18:33:15.157369
ST_025,90190B,469,2026-02-03T20:13:35.786551
ST_025,11001,433,2026-02-06T16:42:33.599581
ST_025,21634,312,2026-01-27T20:14:48.621277
ST_025,22518,425,2026-01-14T21:33:22.024034
ST_025,22745,32,2026-01-16T16:36:14.947940
ST_025,90099,418,2026-01-15T19:30:43.589005
ST_025,35650,348,2026-01-15T21:36:21.808980
ST_025,85026B,60,2026-01-15T15:25:52.759755
ST_025,84750B,68,2026-02-09T22:46:20.043570
ST_025,90016A,-27,2026-02-01T04:08:09.868295
ST_025,72741,350,2026-02-09T03:08:40.266161
ST_025,16161M,427,2026-02-08T21:17:37.476486
ST_025,21681,213,2026-02-01T20:38:36.942549
ST_025,90086,124,2026-02-03T22:35:29.823174
ST_025,21706,230,2026-01-25T22:13:11.548233
ST_025,23121,454,2026-01-15T14:36:09.107295
ST_025,22136,91,2026-02-04T03:55:33.425538
ST_025,22086,-16,2026-01-28T00:10:42.775226
ST_025,84596F,152,2026-02-12T08:12:47.442759
ST_025,22545,265,2026-02-10T22:36:49.266005
ST_025,22964,50,2026-01-19T05:58:54.636351
ST_025,90155,-2,2026-01-31T06:38:13.635667
ST_025,84927F,16,2026-02-05T19:36:28.628048
ST_025,22077,339,2026-01-30T12:40:55.283159
ST_025,84596B,355,2026-01-26T05:26:55.884888
ST_025,84879,285,2026-01-29T21:03:50.683474
ST_025,84828,496,2026-01-25T01:58:02.262570
ST_025,85049G,273,2026-01-21T07:16:37.098112
ST_025,22461,186,2026-01-31T23:36:21.739551
ST_025,21275,83,2026-01-23T02:28:08.250180
ST_025,22971,151,2026-02-12T10:48:19.680651
ST_025,44235,373,2026-01-23T02:55:58.283923
ST_025,21705,91,2026-02-01T04:06:14.890440
ST_025,23264,-39,2026-01-15T22:33:08.609278
ST_025,21210,385,2026-02-12T07:15:17.580055
ST_025,84766,33,2026-01-18T17:53:18.793293
ST_025,21313,336,2026-02-02T02:17:23.083520
ST_025,21067,127,2026-02-08T11:37:32.226263
ST_025,21671,241,2026-01-27T22:23:22.746462
ST_025,84805B,10,2026-01-22T03:06:02.573258
ST_025,72709,380,2026-02-08T22:23:05.391659
ST_025,90158,118,2026-02-12T04:12:43.408937
ST_025,90120B,363,2026-02-12T10:38:30.236395
ST_025,84678,451,2026-01-21T22:07:18.000445
ST_025,23503,105,2026-02-12T08:03:21.182451
ST_025,21935,205,2026-01-24T03:24:16.809124
ST_025,90161A,126,2026-01-26T21:29:52.033504
ST_025,22908,264,2026-01-28T05:46:04.366048
ST_025,84854,71,2026-02-07T04:49:18.336690
ST_025,17191A,315,2026-02-11T05:34:02.807820
ST_025,20868,360,2026-01-18T10:56:35.145994
ST_025,20826,421,2026-01-26T13:33:28.306569
ST_025,20971,153,2026-02-05T04:33:37.972565
ST_025,23270,74,2026-02-07T11:54:31.680906
ST_025,21946,489,2026-02-11T19:07:33.899952
ST_025,47310M,122,2026-01-19T01:50:24.553691
ST_025,37446,466,2026-01-17T20:58:47.844769
ST_025,35638A,439,2026-02-01T16:08:46.347867
ST_025,85124B,275,2026-02-03T01:16:39.332105
ST_025,90094,-12,2026-01-22T00:28:19.316920
ST_025,23185,312,2026-02-05T09:20:09.963264
ST_025,17021,-9,2026-02-05T02:02:26.275574
ST_025,21032,14,2026-02-13T05:38:54.097047
ST_025,23224,281,2026-02-01T15:52:22.926665
ST_025,23473,261,2026-01-30T01:33:37.186525
ST_025,22563,413,2026-01-25T08:41:10.605082
ST_025,21156,184,2026-01-29T06:29:30.037746
ST_025,22786,243,2026-01-20T20:05:27.567604
ST_025,17136A,51,2026-01-16T05:06:07.960383
ST_025,37471,167,2026-01-30T08:55:39.537691
ST_025,16258A,8,2026-01-24T19:44:38.289474
ST_025,84915,29,2026-02-06T10:14:21.087832
ST_025,90202B,72,2026-02-10T03:48:11.728526
ST_025,90159,255,2026-02-01T23:34:56.158606
ST_025,22649,404,2026-02-06T20:31:55.175807
ST_025,84637,409,2026-01-31T19:32:36.242250
ST_025,22650,345,2026-01-28T22:03:17.101933
ST_025,22755,151,2026-01-17T11:57:53.388607
ST_025,21403,452,2026-02-03T12:09:10.267072
ST_025,23017,86,2026-02-02T03:57:50.972671
ST_025,22230,146,2026-01-23T08:45:35.929159
ST_025,90040B,241,2026-02-03T13:46:13.923922
ST_025,84465,219,2026-01-19T01:27:51.288611
ST_025,35909A,288,2026-02-05T23:12:12.456216
ST_025,16161G,488,2026-01-17T16:25:54.808840
ST_025,22324,378,2026-01-28T22:40:51.416716
ST_025,23193,197,2026-01-23T20:50:38.094422
ST_025,23155,325,2026-02-03T10:42:23.770279
ST_025,22602,224,2026-01-18T15:06:40.338529
ST_025,22993,224,2026-01-24T15:25:08.527143
ST_025,82582,345,2026-01-30T08:54:05.780298
ST_025,85202,32,2026-01-20T19:10:57.234338
ST_025,90021,0,2026-01-30T15:28:36.819579
ST_025,22948,206,2026-01-30T05:41:17.635279
ST_025,84192,-16,2026-02-08T10:26:52.229993
ST_025,22053,97,2026-02-09T14:44:40.401355
ST_025,84600,423,2026-01-22T03:58:33.021057
ST_025,20796,486,2026-02-04T03:20:28.054749
ST_025,20697,81,2026-01-21T00:08:39.393236
ST_025,22699,-3,2026-01-25T15:02:26.323715
ST_025,44091A,235,2026-01-16T05:44:44.405080
ST_025,21519,151,2026-02-09T17:58:32.255244
ST_025,22441,-36,2026-02-12T15:37:19.461204
ST_025,23297,118,2026-01-31T13:08:11.874594
ST_025,21915,229,2026-02-02T08:03:18.837123
ST_025,37449,370,2026-01-22T08:43:08.135210
ST_025,21667,428,2026-02-08T06:46:17.492425
ST_025,22476,488,2026-02-07T15:23:35.793299
ST_025,46000P,333,2026-02-01T03:28:35.281708
ST_025,90003B,56,2026-02-10T12:45:01.113238
ST_025,21990,177,2026-02-12T21:54:02.960054
ST_025,82599,262,2026-02-04T14:54:02.943139
ST_025,16161P,148,2026-01-18T13:47:06.722561
ST_025,85132A,-23,2026-02-11T17:35:19.028001
ST_025,84593,243,2026-02-08T19:27:17.394012
ST_025,22575,46,2026-01-27T15:09:16.400826
ST_025,23070,14,2026-02-01T14:45:48.661647
ST_025,90196B,308,2026-01-31T11:48:49.606408
ST_025,22737,471,2026-01-22T00:00:32.430385
ST_026,22876,205,2026-01-29T19:57:30.032403
ST_026,20934,499,2026-01-24T07:03:10.608840
ST_026,21682,486,2026-01-25T01:26:50.303646
ST_026,21910,32,2026-01-24T08:58:09.685114
ST_026,22158,381,2026-01-29T05:03:55.037861
ST_026,35819B,213,2026-01-22T01:49:28.345474
ST_026,20711,342,2026-01-19T07:43:51.406274
ST_026,22406,30,2026-02-10T10:14:44.461905
ST_026,90177E,389,2026-02-02T22:10:21.450951
ST_026,90123B,452,2026-02-09T09:48:21.284773
ST_026,21402,106,2026-01-15T15:30:06.198034
ST_026,21291,11,2026-01-26T11:53:39.266567
ST_026,35819P,175,2026-02-10T06:18:34.072950
ST_026,22399,158,2026-01-31T00:02:41.697724
ST_026,21261,111,2026-02-04T15:20:40.382862
ST_026,22430,39,2026-01-25T16:06:33.797886
ST_026,21918,382,2026-01-26T17:47:41.897861
ST_026,21232,157,2026-02-12T13:53:08.891359
ST_026,35610B,231,2026-01-30T07:07:31.297590
ST_026,23165,344,2026-01-26T06:57:57.817122
ST_026,23311,459,2026-02-03T10:07:57.811576
ST_026,22896,231,2026-02-07T21:13:41.955866
ST_026,85024C,119,2026-02-02T02:17:37.880152
ST_026,23570,453,2026-02-01T09:32:43.063201
ST_026,84666,378,2026-02-10T03:14:03.637139
ST_026,21865,130,2026-02-12T15:20:40.695461
ST_026,21678,54,2026-01-31T10:12:51.487400
ST_026,20752,-4,2026-02-11T18:32:03.217375
ST_026,23434,143,2026-01-24T13:04:05.028594
ST_026,22038,4,2026-01-24T15:44:05.959925
ST_026,21289,26,2026-01-21T11:57:22.663673
ST_026,22034,58,2026-01-22T00:41:36.310155
ST_026,84660B,442,2026-01-19T04:43:31.316976
ST_026,16248B,72,2026-01-27T17:39:02.350626
ST_026,16259,327,2026-01-15T20:43:16.853904
ST_026,90125E,380,2026-02-10T20:06:33.571438
ST_026,21718,-38,2026-01-18T02:25:17.931690
ST_026,35958,32,2026-01-18T21:54:11.669876
ST_026,22775,413,2026-01-25T22:10:07.099084
ST_026,84927E,369,2026-01-17T16:29:20.230225
ST_026,23412,484,2026-01-27T13:30:17.583741
ST_026,21802,280,2026-01-14T13:25:01.391703
ST_026,22700,495,2026-01-26T08:45:40.186426
ST_026,21792,258,2026-01-24T19:35:33.322348
ST_026,21126,60,2026-02-03T00:43:23.500731
ST_026,47481,148,2026-02-12T17:45:18.423334
ST_026,23000,292,2026-02-02T16:22:51.004694
ST_026,84461,-14,2026-01-18T23:55:50.456369
ST_026,84963A,4,2026-01-17T12:49:02.762134
ST_026,90214Z,441,2026-01-22T11:16:45.150612
ST_026,90199C,147,2026-02-05T01:19:41.730088
ST_026,90125B,108,2026-02-13T10:55:43.284976
ST_026,22315,301,2026-02-08T00:30:01.925647
ST_026,22636,378,2026-02-11T05:26:12.618642
ST_026,22408,248,2026-01-19T22:05:17.174925
ST_026,22517,245,2026-01-31T00:54:26.994504
ST_026,85159A,226,2026-01-30T05:49:43.304027
ST_026,23169,406,2026-01-23T11:59:11.844547
ST_026,23243,27,2026-01-26T12:39:03.041514
ST_026,84568,337,2026-01-15T06:47:26.886703
ST_026,22458,189,2026-01-26T15:14:31.973025
ST_026,21272,181,2026-01-20T12:16:57.531362
ST_026,84558A,192,2026-01-17T23:10:16.153338
ST_026,90214I,327,2026-02-07T10:47:47.255213
ST_026,47369B,494,2026-01-25T22:10:05.208172
ST_026,23031,412,2026-02-07T17:35:57.460200
ST_026,21106,319,2026-01-15T21:43:46.464408
ST_026,84380,219,2026-01-22T06:06:29.991716
ST_026,90152A,-18,2026-02-13T11:00:02.779593
ST_026,48184,488,2026-01-18T10:28:37.997622
ST_026,90039C,112,2026-01-24T00:28:42.996911
ST_026,20677,409,2026-01-16T02:17:06.714687
ST_026,85135C,496,2026-01-16T11:05:02.946671
ST_026,85045,165,2026-02-08T23:12:21.888519
ST_026,23161,377,2026-01-19T10:22:54.527334
ST_026,23255,36,2026-01-17T08:54:38.753471
ST_026,23694,260,2026-02-10T17:21:57.963741
ST_026,90100,136,2026-01-15T22:13:11.471558
ST_026,84798A,423,2026-02-04T10:09:52.683342
ST_026,22880,344,2026-01-22T04:30:51.078425
ST_026,21369,267,2026-01-31T10:59:23.294754
ST_026,23100,421,2026-02-12T08:52:33.404535
ST_026,85211,73,2026-01-25T01:10:42.700355
ST_026,84659A,-5,2026-02-08T10:19:07.682646
ST_026,22655,-11,2026-01-16T03:04:37.194671
ST_026,35599D,-47,2026-01-17T17:26:40.823040
ST_026,84905,41,2026-01-17T07:31:21.707441
ST_026,21086,272,2026-01-23T14:33:51.316664
ST_026,23252,318,2026-02-07T22:19:16.758274
ST_026,22623,341,2026-01-14T23:44:02.669639
ST_026,M,444,2026-02-12T04:14:15.811989
ST_026,23356,-21,2026-01-29T21:56:55.737775
ST_026,35004P,283,2026-01-27T21:02:54.927426
ST_026,21377,19,2026-01-14T19:47:58.794636
ST_026,21696,187,2026-01-30T20:38:59.400374
ST_026,20974,443,2026-02-02T08:54:37.748256
ST_026,85200,498,2026-02-01T01:59:58.525370
ST_026,22702,226,2026-01-29T19:36:35.405514
ST_026,21499,-1,2026-02-06T06:46:23.651746
ST_026,22057,190,2026-02-06T10:19:23.072818
ST_026,47590A,418,2026-02-07T20:24:10.599665
ST_026,22558,250,2026-02-03T17:46:52.593922
ST_026,21986,380,2026-01-20T06:55:48.096385
ST_026,22112,431,2026-02-10T08:32:11.781715
ST_026,23004,387,2026-01-20T02:48:21.948222
ST_026,22444,118,2026-01-29T02:50:01.475805
ST_026,22346,471,2026-02-12T12:19:35.243120
ST_026,72598,498,2026-02-01T19:21:14.345798
ST_026,23345,3,2026-01-21T22:47:09.495961
ST_026,23191,21,2026-02-08T23:57:09.397384
ST_026,23495,129,2026-02-13T01:31:44.640859
ST_026,22260,375,2026-02-07T02:07:34.915123
ST_026,23181,397,2026-02-06T14:28:29.026417
ST_026,23553,22,2026-01-31T10:01:03.801516
ST_026,21418,479,2026-01-30T08:05:54.946362
ST_026,21816,49,2026-02-10T18:16:57.880856
ST_026,90042A,492,2026-01-15T03:03:32.661445
ST_026,85178,382,2026-01-16T15:50:50.948989
ST_026,47578A,45,2026-02-06T21:59:24.711518
ST_026,23254,62,2026-01-18T15:39:23.949924
ST_026,71496A,200,2026-02-03T02:41:38.590071
ST_026,22897,152,2026-02-11T11:24:33.236989
ST_026,21426,286,2026-01-24T07:00:26.818420
ST_026,20668,327,2026-01-24T23:41:48.194734
ST_026,84707B,333,2026-01-21T09:49:58.209295
ST_026,21462,227,2026-01-31T01:36:20.532403
ST_026,22886,322,2026-01-30T14:42:11.352884
ST_026,35964,371,2026-01-19T10:09:08.476117
ST_026,23419,307,2026-01-20T13:25:49.090192
ST_026,84922,121,2026-01-31T11:03:36.907143
ST_026,22716,455,2026-01-31T22:08:32.664569
ST_026,21867,-47,2026-01-20T04:21:25.829374
ST_026,21015,373,2026-02-01T06:39:21.091047
ST_026,85131B,45,2026-01-29T20:51:20.450194
ST_026,23456,109,2026-01-20T07:14:27.739932
ST_026,35972,428,2026-02-10T21:15:20.052807
ST_026,37488A,316,2026-01-18T07:40:54.033987
ST_026,20854,486,2026-01-18T09:26:09.072255
ST_026,85071B,18,2026-01-21T11:48:42.399254
ST_026,23325,-48,2026-01-14T21:51:38.726510
ST_026,90093,52,2026-01-31T10:33:35.026705
ST_026,84870B,39,2026-02-01T18:45:06.478075
ST_026,23457,162,2026-01-31T05:27:59.702745
ST_026,22900,173,2026-01-14T22:17:20.934647
ST_026,90055,420,2026-02-10T22:06:07.107383
ST_026,21507,457,2026-01-24T11:46:22.180552
ST_026,40001,179,2026-01-25T18:05:02.108182
ST_026,23497,295,2026-01-22T00:01:14.996249
ST_026,22183,490,2026-01-23T05:49:12.258255
ST_026,22645,-35,2026-01-18T05:32:09.779050
ST_026,90019C,-30,2026-02-06T20:23:34.260107
ST_026,21054,-17,2026-02-13T09:10:49.655960
ST_026,90214O,264,2026-01-27T11:32:49.909569
ST_026,22195,368,2026-02-06T22:51:54.982458
ST_026,85225,117,2026-01-16T23:39:08.525558
ST_026,22870,185,2026-01-29T23:46:48.865313
ST_026,22244,424,2026-02-07T23:32:24.466866
ST_026,90065B,485,2026-02-09T14:01:50.174111
ST_026,22936,138,2026-01-22T12:30:16.440108
ST_026,35001W,494,2026-02-05T02:12:45.178097
ST_026,85034A,300,2026-02-06T16:42:46.072177
ST_026,23145,237,2026-02-12T10:48:16.083915
ST_026,90129A,188,2026-01-27T00:51:03.954136
ST_026,90202D,396,2026-01-15T00:31:28.506413
ST_026,37444A,479,2026-02-06T13:28:18.240232
ST_026,22069,178,2026-01-19T23:02:51.070977
ST_026,23102,497,2026-01-27T02:14:09.185887
ST_026,21622,313,2026-02-09T06:14:45.781603
ST_026,20748,482,2026-02-06T13:53:44.570803
ST_026,18097C,285,2026-02-05T15:20:32.889024
ST_026,22322,114,2026-02-10T23:29:51.180449
ST_026,21143,363,2026-02-09T06:16:39.062721
ST_026,16235,419,2026-02-01T00:33:33.277839
ST_026,22060,102,2026-02-06T11:29:43.694980
ST_026,23390,424,2026-02-13T07:35:22.644583
ST_026,21609,3,2026-02-01T22:52:31.549096
ST_026,23190,305,2026-02-04T11:27:03.834783
ST_026,22594,439,2026-01-21T22:17:37.624076
ST_026,90198B,-29,2026-02-13T03:22:56.012529
ST_026,23209,442,2026-01-20T13:06:00.252096
ST_026,21955,-41,2026-02-02T16:29:56.574308
ST_026,90190B,255,2026-01-26T16:56:07.988836
ST_026,11001,416,2026-01-22T22:55:11.834185
ST_026,21634,323,2026-01-31T13:20:22.132519
ST_026,22518,306,2026-01-24T01:44:08.469223
ST_026,22745,153,2026-02-01T21:26:43.627727
ST_026,90099,380,2026-02-10T18:43:15.612418
ST_026,35650,32,2026-01-19T23:48:51.917352
ST_026,85026B,-43,2026-02-05T16:04:56.621024
ST_026,84750B,403,2026-02-06T17:39:52.213399
ST_026,90016A,42,2026-01-29T10:50:42.235566
ST_026,72741,322,2026-01-17T23:14:40.004040
ST_026,16161M,257,2026-01-24T11:32:13.305979
ST_026,21681,255,2026-02-10T17:03:14.343728
ST_026,90086,80,2026-02-12T20:29:17.141373
ST_026,21706,74,2026-02-09T21:13:37.289815
ST_026,23121,176,2026-01-23T09:49:11.050706
ST_026,22136,465,2026-01-26T22:19:11.411316
ST_026,22086,224,2026-01-27T00:25:07.262364
ST_026,84596F,-13,2026-02-13T10:24:44.477333
ST_026,22545,454,2026-01-18T14:41:13.242200
ST_026,22964,-43,2026-01-19T23:32:09.537931
ST_026,90155,382,2026-01-30T19:29:20.826574
ST_026,84927F,348,2026-02-11T16:53:57.196190
ST_026,22077,474,2026-01-16T01:08:22.986944
ST_026,84596B,426,2026-01-17T10:37:20.430972
ST_026,84879,308,2026-01-27T20:54:37.817354
ST_026,84828,69,2026-02-04T06:10:25.673221
ST_026,85049G,330,2026-01-15T07:24:47.570741
ST_026,22461,118,2026-02-01T17:01:30.698585
ST_026,21275,463,2026-01-26T06:31:43.260526
ST_026,22971,271,2026-02-01T18:34:37.294034
ST_026,44235,48,2026-01-17T11:17:51.533885
ST_026,21705,357,2026-02-05T00:11:19.615611
ST_026,23264,258,2026-02-05T13:10:43.880111
ST_026,21210,254,2026-01-21T21:56:57.722405
ST_026,84766,176,2026-02-10T12:22:17.192439
ST_026,21313,222,2026-02-08T19:28:12.210968
ST_026,21067,66,2026-01-26T22:16:08.444229
ST_026,21671,164,2026-01-20T04:17:54.089565
ST_026,84805B,366,2026-02-09T05:33:12.684954
ST_026,72709,200,2026-01-16T10:00:19.768916
ST_026,90158,332,2026-02-05T00:32:36.026825
ST_026,90120B,377,2026-01-29T05:56:45.306666
ST_026,84678,203,2026-02-04T06:34:54.216575
ST_026,23503,193,2026-02-01T09:15:01.957841
ST_026,21935,401,2026-01-15T17:56:36.156148
ST_026,90161A,244,2026-01-20T07:27:13.257431
ST_026,22908,462,2026-01-16T17:49:03.850163
ST_026,84854,325,2026-02-02T15:46:45.524830
ST_026,17191A,34,2026-01-19T19:42:35.774319
ST_026,20868,490,2026-02-06T22:14:29.395757
ST_026,20826,370,2026-01-22T14:39:21.108844
ST_026,20971,138,2026-01-31T22:32:12.131064
ST_026,23270,135,2026-01-22T16:11:16.506639
ST_026,21946,1,2026-02-10T09:30:55.366977
ST_026,47310M,23,2026-01-23T20:06:54.539314
ST_026,37446,334,2026-01-17T21:04:35.731188
ST_026,35638A,404,2026-01-18T09:50:48.153626
ST_026,85124B,409,2026-02-08T13:21:21.529904
ST_026,90094,488,2026-02-02T03:13:44.696040
ST_026,23185,434,2026-01-21T10:27:55.139307
ST_026,17021,419,2026-02-06T15:48:13.963053
ST_026,21032,92,2026-01-26T10:56:06.313167
ST_026,23224,199,2026-02-03T00:58:42.348452
ST_026,23473,487,2026-01-23T04:03:59.964234
ST_026,22563,428,2026-01-21T08:44:08.426611
ST_026,21156,353,2026-02-03T08:26:11.427367
ST_026,22786,269,2026-02-12T01:27:24.148577
ST_026,17136A,152,2026-01-27T09:23:07.788265
ST_026,37471,476,2026-02-06T12:13:18.172227
ST_026,16258A,194,2026-01-16T17:30:56.787792
ST_026,84915,48,2026-02-11T15:20:49.614314
ST_026,90202B,396,2026-02-12T18:54:44.736610
ST_026,90159,317,2026-01-26T18:51:34.262908
ST_026,22649,59,2026-02-05T21:54:54.199823
ST_026,84637,442,2026-01-28T07:04:26.951460
ST_026,22650,107,2026-02-05T11:22:29.389959
ST_026,22755,438,2026-01-30T14:25:18.038406
ST_026,21403,332,2026-02-12T09:36:59.662585
ST_026,23017,240,2026-01-30T22:32:52.169866
ST_026,22230,25,2026-01-26T11:00:12.647312
ST_026,90040B,490,2026-02-11T14:04:39.658010
ST_026,84465,349,2026-02-03T03:55:53.530976
ST_026,35909A,273,2026-02-07T19:38:10.158920
ST_026,16161G,-2,2026-01-22T23:52:46.957850
ST_026,22324,430,2026-01-18T04:57:28.223341
ST_026,23193,424,2026-02-05T07:28:40.236753
ST_026,23155,450,2026-01-28T14:36:35.602544
ST_026,22602,217,2026-01-22T05:30:27.760884
ST_026,22993,493,2026-02-11T19:41:08.320363
ST_026,82582,129,2026-01-19T07:17:37.838667
ST_026,85202,366,2026-02-03T02:47:55.287035
ST_026,90021,219,2026-02-02T18:56:58.587438
ST_026,22948,473,2026-01-24T07:32:35.179063
ST_026,84192,157,2026-01-19T13:18:30.426946
ST_026,22053,2,2026-02-13T06:43:43.598737
ST_026,84600,85,2026-01-20T00:22:17.822134
ST_026,20796,220,2026-02-07T08:58:23.764861
ST_026,20697,427,2026-01-24T01:13:01.599217
ST_026,22699,240,2026-01-16T05:31:51.092646
ST_026,44091A,38,2026-02-09T00:10:32.136021
ST_026,21519,447,2026-02-01T03:11:23.786202
ST_026,22441,404,2026-02-13T12:25:24.935344
ST_026,23297,480,2026-01-27T04:47:32.846042
ST_026,21915,383,2026-02-07T01:24:16.499393
ST_026,37449,48,2026-01-31T06:46:37.366437
ST_026,21667,54,2026-01-18T12:47:25.448977
ST_026,22476,78,2026-01-19T17:47:04.893635
ST_026,46000P,472,2026-01-27T23:49:14.828068
ST_026,90003B,87,2026-01-31T08:54:56.254682
ST_026,21990,6,2026-02-11T21:33:23.013034
ST_026,82599,49,2026-01-26T11:47:54.774642
ST_026,16161P,145,2026-01-30T16:00:30.908176
ST_026,85132A,172,2026-02-01T05:58:12.052075
ST_026,84593,-42,2026-01-23T02:58:09.040003
ST_026,22575,358,2026-01-26T21:01:06.050465
ST_026,23070,324,2026-02-08T12:12:07.445448
ST_026,90196B,350,2026-01-31T02:50:16.287361
ST_026,22737,96,2026-02-07T20:30:55.772077
ST_027,22876,163,2026-01-19T09:44:34.843927
ST_027,20934,375,2026-01-14T13:45:51.974891
ST_027,21682,456,2026-01-29T18:06:25.412618
ST_027,21910,80,2026-01-22T10:51:55.709384
ST_027,22158,182,2026-01-19T22:41:58.737677
ST_027,35819B,291,2026-01-15T09:17:40.923929
ST_027,20711,161,2026-01-24T11:26:21.873238
ST_027,22406,475,2026-02-02T12:21:26.003276
ST_027,90177E,258,2026-01-23T22:38:57.813079
ST_027,90123B,237,2026-02-05T13:12:16.367402
ST_027,21402,192,2026-01-28T13:55:44.861657
ST_027,21291,-20,2026-01-27T07:23:22.081539
ST_027,35819P,6,2026-02-04T04:05:29.759100
ST_027,22399,352,2026-01-16T06:27:56.621638
ST_027,21261,-32,2026-02-11T03:49:20.893463
ST_027,22430,367,2026-01-14T16:06:19.918392
ST_027,21918,172,2026-02-09T20:52:13.726972
ST_027,21232,409,2026-02-04T13:28:15.104991
ST_027,35610B,79,2026-01-18T05:05:29.928191
ST_027,23165,63,2026-02-01T12:07:13.897502
ST_027,23311,91,2026-01-23T15:29:02.364311
ST_027,22896,454,2026-02-11T19:12:15.094524
ST_027,85024C,236,2026-01-22T00:45:07.191724
ST_027,23570,353,2026-01-19T18:49:26.507328
ST_027,84666,-31,2026-01-16T06:26:35.620247
ST_027,21865,187,2026-01-23T15:01:14.890981
ST_027,21678,193,2026-01-19T04:24:08.364108
ST_027,20752,340,2026-01-20T11:33:16.244307
ST_027,23434,315,2026-02-01T15:40:49.359976
ST_027,22038,24,2026-01-26T04:17:10.434983
ST_027,21289,342,2026-01-16T21:17:43.496547
ST_027,22034,33,2026-01-24T15:26:59.912915
ST_027,84660B,30,2026-01-21T03:58:21.994547
ST_027,16248B,400,2026-02-12T21:49:58.374345
ST_027,16259,333,2026-01-26T04:34:05.879325
ST_027,90125E,109,2026-02-07T03:53:41.381628
ST_027,21718,134,2026-01-14T15:03:48.972281
ST_027,35958,209,2026-02-04T20:39:16.860199
ST_027,22775,66,2026-01-24T09:49:03.535120
ST_027,84927E,-8,2026-01-20T16:55:08.776269
ST_027,23412,-42,2026-01-27T02:40:15.874182
ST_027,21802,120,2026-01-24T08:45:37.564389
ST_027,22700,76,2026-02-04T10:42:46.817526
ST_027,21792,348,2026-01-21T12:56:49.398345
ST_027,21126,291,2026-02-05T14:49:54.217716
ST_027,47481,441,2026-02-05T02:30:29.237095
ST_027,23000,267,2026-02-08T15:56:44.038851
ST_027,84461,179,2026-02-02T17:14:03.562819
ST_027,84963A,99,2026-01-21T17:55:58.705178
ST_027,90214Z,472,2026-01-21T13:10:14.866464
ST_027,90199C,43,2026-01-30T19:53:59.841106
ST_027,90125B,410,2026-02-01T22:19:28.525665
ST_027,22315,435,2026-01-22T08:08:02.986819
ST_027,22636,322,2026-01-26T01:34:13.553520
ST_027,22408,425,2026-02-01T23:02:27.875012
ST_027,22517,190,2026-01-18T02:01:25.275583
ST_027,85159A,201,2026-01-25T08:19:21.179497
ST_027,23169,133,2026-01-14T23:51:49.397757
ST_027,23243,332,2026-02-12T22:42:16.881803
ST_027,84568,260,2026-01-21T09:31:15.998038
ST_027,22458,36,2026-02-13T08:24:41.889028
ST_027,21272,222,2026-01-26T03:56:25.913355
ST_027,84558A,-44,2026-02-11T01:09:32.339657
ST_027,90214I,59,2026-01-17T06:23:53.894161
ST_027,47369B,-42,2026-01-19T17:23:32.574338
ST_027,23031,468,2026-01-29T14:36:09.702287
ST_027,21106,157,2026-01-15T04:35:38.595285
ST_027,84380,104,2026-01-18T15:51:34.590361
ST_027,90152A,2,2026-01-17T04:44:32.341730
ST_027,48184,426,2026-02-11T17:50:51.242910
ST_027,90039C,159,2026-01-31T17:43:18.123163
ST_027,20677,489,2026-01-26T18:04:03.041566
ST_027,85135C,10,2026-01-28T19:52:05.778186
ST_027,85045,228,2026-01-30T23:13:26.428314
ST_027,23161,318,2026-01-24T14:05:48.368257
ST_027,23255,186,2026-01-17T02:33:10.845875
ST_027,23694,213,2026-02-10T08:30:22.804611
ST_027,90100,98,2026-01-29T15:17:37.395885
ST_027,84798A,253,2026-01-24T08:09:46.636007
ST_027,22880,60,2026-01-23T13:35:39.688328
ST_027,21369,77,2026-01-25T00:45:51.963136
ST_027,23100,416,2026-02-05T09:56:01.300836
ST_027,85211,482,2026-02-10T10:01:46.869129
ST_027,84659A,389,2026-01-19T19:58:14.933670
ST_027,22655,304,2026-02-10T19:59:54.937054
ST_027,35599D,190,2026-01-29T05:02:08.914332
ST_027,84905,313,2026-01-26T21:24:25.364164
ST_027,21086,76,2026-01-22T09:36:22.469501
ST_027,23252,388,2026-01-23T23:47:11.722831
ST_027,22623,29,2026-02-02T06:31:06.246282
ST_027,M,317,2026-01-25T08:51:35.582983
ST_027,23356,407,2026-01-25T06:25:29.479716
ST_027,35004P,33,2026-02-05T04:12:20.031611
ST_027,21377,155,2026-02-05T08:18:50.348369
ST_027,21696,-39,2026-01-21T06:30:49.278699
ST_027,20974,103,2026-01-21T14:33:02.086526
ST_027,85200,62,2026-02-02T15:22:00.933627
ST_027,22702,117,2026-01-18T13:18:09.492343
ST_027,21499,115,2026-01-31T05:42:30.262050
ST_027,22057,24,2026-01-28T01:20:56.566541
ST_027,47590A,414,2026-02-06T15:25:56.846204
ST_027,22558,420,2026-01-24T17:30:19.690898
ST_027,21986,425,2026-01-21T11:59:14.177049
ST_027,22112,328,2026-02-06T07:02:24.777207
ST_027,23004,28,2026-01-25T06:53:53.883988
ST_027,22444,-18,2026-02-06T11:35:52.299108
ST_027,22346,151,2026-01-28T15:09:22.192496
ST_027,72598,282,2026-01-29T17:52:25.674974
ST_027,23345,113,2026-01-24T05:18:44.038025
ST_027,23191,338,2026-01-22T00:58:46.545159
ST_027,23495,16,2026-01-16T16:03:39.996097
ST_027,22260,98,2026-02-09T17:16:53.515250
ST_027,23181,353,2026-02-11T06:35:55.052038
ST_027,23553,351,2026-01-23T01:02:42.430008
ST_027,21418,425,2026-01-26T19:03:09.634266
ST_027,21816,27,2026-02-04T11:44:50.920053
ST_027,90042A,427,2026-02-12T07:20:53.401706
ST_027,85178,478,2026-01-29T00:27:11.030227
ST_027,47578A,275,2026-02-06T23:57:59.183095
ST_027,23254,-40,2026-01-21T19:04:42.147518
ST_027,71496A,163,2026-02-02T23:12:32.091052
ST_027,22897,307,2026-02-06T08:08:55.458141
ST_027,21426,201,2026-01-30T17:24:27.069032
ST_027,20668,241,2026-02-08T19:26:39.436764
ST_027,84707B,33,2026-02-11T23:12:08.468398
ST_027,21462,289,2026-02-10T22:34:09.616370
ST_027,22886,429,2026-02-10T09:00:33.636631
ST_027,35964,73,2026-02-05T21:32:08.346707
ST_027,23419,381,2026-02-12T01:23:28.071390
ST_027,84922,30,2026-02-05T01:51:17.169102
ST_027,22716,288,2026-01-21T02:49:59.880568
ST_027,21867,143,2026-01-21T06:03:58.969518
ST_027,21015,52,2026-02-12T19:01:16.779991
ST_027,85131B,108,2026-01-23T19:11:01.325520
ST_027,23456,106,2026-02-04T12:12:28.006764
ST_027,35972,290,2026-02-03T12:38:16.822741
ST_027,37488A,-35,2026-01-31T02:40:19.450967
ST_027,20854,166,2026-01-30T15:44:35.276340
ST_027,85071B,-12,2026-01-21T12:51:42.980660
ST_027,23325,69,2026-02-07T01:21:47.315054
ST_027,90093,22,2026-02-09T21:22:15.390767
ST_027,84870B,188,2026-02-03T23:52:49.614921
ST_027,23457,120,2026-01-18T02:49:35.370460
ST_027,22900,285,2026-02-11T16:39:33.385800
ST_027,90055,259,2026-01-25T11:58:46.333751
ST_027,21507,223,2026-01-24T20:44:01.070052
ST_027,40001,242,2026-01-19T07:08:01.053608
ST_027,23497,411,2026-02-05T06:44:35.337421
ST_027,22183,205,2026-01-17T06:11:10.325218
ST_027,22645,84,2026-02-08T02:24:25.795112
ST_027,90019C,476,2026-01-17T19:02:06.558766
ST_027,21054,221,2026-02-02T18:34:44.632347
ST_027,90214O,107,2026-01-31T14:59:43.186828
ST_027,22195,280,2026-01-15T05:33:38.376117
ST_027,85225,104,2026-02-09T13:30:23.144781
ST_027,22870,43,2026-01-20T06:50:54.312266
ST_027,22244,151,2026-02-08T00:27:06.581903
ST_027,90065B,79,2026-02-08T03:27:46.597562
ST_027,22936,83,2026-02-12T11:54:08.106568
ST_027,35001W,106,2026-02-06T06:50:21.580091
ST_027,85034A,456,2026-02-11T14:11:08.204471
ST_027,23145,-1,2026-01-15T18:03:48.019404
ST_027,90129A,302,2026-02-08T16:39:11.810758
ST_027,90202D,19,2026-02-01T21:37:45.817049
ST_027,37444A,45,2026-01-14T19:26:25.069001
ST_027,22069,92,2026-01-25T10:06:42.637808
ST_027,23102,358,2026-01-15T02:53:29.713766
ST_027,21622,495,2026-02-06T21:48:51.509206
ST_027,20748,0,2026-01-31T07:13:03.180688
ST_027,18097C,151,2026-01-30T14:54:35.714741
ST_027,22322,197,2026-02-09T01:44:39.660105
ST_027,21143,49,2026-02-12T21:31:24.159054
ST_027,16235,127,2026-02-05T16:30:52.816997
ST_027,22060,126,2026-01-15T10:25:10.464780
ST_027,23390,330,2026-01-23T08:35:31.253622
ST_027,21609,194,2026-02-10T01:47:01.946766
ST_027,23190,-30,2026-02-02T13:43:08.373693
ST_027,22594,404,2026-02-03T22:52:03.841761
ST_027,90198B,371,2026-01-24T18:31:27.753879
ST_027,23209,72,2026-01-25T09:18:55.603267
ST_027,21955,90,2026-02-03T05:04:08.052798
ST_027,90190B,183,2026-01-31T18:23:57.382339
ST_027,11001,360,2026-02-12T04:23:18.295226
ST_027,21634,378,2026-02-06T21:18:19.822908
ST_027,22518,86,2026-02-04T16:16:20.273601
ST_027,22745,497,2026-02-04T15:45:48.586195
ST_027,90099,167,2026-01-25T08:46:49.804179
ST_027,35650,117,2026-01-27T23:13:38.995359
ST_027,85026B,38,2026-01-31T15:23:17.605327
ST_027,84750B,101,2026-01-16T06:27:25.659814
ST_027,90016A,410,2026-01-26T09:07:21.367196
ST_027,72741,258,2026-02-06T23:59:04.785595
ST_027,16161M,196,2026-01-23T04:26:22.683782
ST_027,21681,9,2026-01-30T08:43:17.492721
ST_027,90086,92,2026-01-30T08:31:17.302622
ST_027,21706,107,2026-02-01T04:02:29.970757
ST_027,23121,383,2026-02-02T19:40:28.174897
ST_027,22136,60,2026-02-05T02:21:26.068788
ST_027,22086,338,2026-02-01T17:29:24.538622
ST_027,84596F,296,2026-02-04T07:17:48.860464
ST_027,22545,109,2026-01-21T01:45:33.538555
ST_027,22964,47,2026-01-17T19:24:13.606546
ST_027,90155,468,2026-01-20T03:43:17.821853
ST_027,84927F,360,2026-01-22T12:44:40.721701
ST_027,22077,359,2026-02-03T05:37:15.229750
ST_027,84596B,191,2026-01-21T04:14:03.762218
ST_027,84879,360,2026-01-16T18:47:27.671055
ST_027,84828,378,2026-02-12T03:27:51.663768
ST_027,85049G,123,2026-02-01T18:51:23.245007
ST_027,22461,426,2026-02-12T17:46:35.685348
ST_027,21275,390,2026-02-08T11:40:12.186316
ST_027,22971,337,2026-02-09T05:28:14.623822
ST_027,44235,18,2026-01-22T08:30:18.765681
ST_027,21705,-26,2026-01-16T07:50:28.814700
ST_027,23264,64,2026-01-16T10:44:59.448811
ST_027,21210,223,2026-01-17T03:16:24.757386
ST_027,84766,11,2026-02-12T15:52:49.108895
ST_027,21313,150,2026-02-02T14:37:27.765079
ST_027,21067,57,2026-01-22T06:43:50.857998
ST_027,21671,132,2026-01-18T05:24:22.529680
ST_027,84805B,122,2026-01-17T06:22:33.321593
ST_027,72709,153,2026-02-06T05:42:17.400543
ST_027,90158,181,2026-02-06T06:59:31.538633
ST_027,90120B,-27,2026-01-31T11:24:31.797130
ST_027,84678,13,2026-01-17T15:43:17.348893
ST_027,23503,434,2026-02-02T08:10:34.040380
ST_027,21935,85,2026-01-15T10:43:48.897444
ST_027,90161A,38,2026-01-25T16:12:34.179615
ST_027,22908,203,2026-02-02T17:11:51.693577
ST_027,84854,248,2026-01-24T08:16:50.405897
ST_027,17191A,471,2026-01-31T12:30:49.788145
ST_027,20868,-20,2026-01-16T12:05:55.177353
ST_027,20826,178,2026-02-01T05:11:55.822857
ST_027,20971,155,2026-01-21T12:55:11.580960
ST_027,23270,63,2026-01-16T09:53:18.023619
ST_027,21946,163,2026-01-15T22:49:38.730439
ST_027,47310M,350,2026-02-10T22:50:05.749693
ST_027,37446,168,2026-02-04T03:09:52.102049
ST_027,35638A,213,2026-02-09T05:13:33.481679
ST_027,85124B,387,2026-02-01T19:49:59.283359
ST_027,90094,326,2026-02-05T07:01:48.579818
ST_027,23185,337,2026-01-23T17:55:08.196158
ST_027,17021,355,2026-01-25T06:15:01.423613
ST_027,21032,-28,2026-01-18T10:57:10.015162
ST_027,23224,201,2026-01-14T17:30:05.961243
ST_027,23473,489,2026-02-09T16:22:38.946720
ST_027,22563,156,2026-02-07T05:44:16.953274
ST_027,21156,22,2026-01-16T07:25:49.815231
ST_027,22786,284,2026-01-29T19:12:30.021066
ST_027,17136A,189,2026-01-19T13:32:35.640010
ST_027,37471,91,2026-01-28T11:53:00.041860
ST_027,16258A,113,2026-01-23T07:16:07.074279
ST_027,84915,126,2026-02-11T12:32:14.863600
ST_027,90202B,212,2026-01-29T02:21:23.803601
ST_027,90159,476,2026-01-23T13:13:44.541821
ST_027,22649,-13,2026-01-15T04:58:37.146236
ST_027,84637,284,2026-01-21T16:39:00.473408
ST_027,22650,271,2026-01-30T02:07:27.886844
ST_027,22755,428,2026-01-16T01:05:21.183835
ST_027,21403,249,2026-02-06T11:15:26.511261
ST_027,23017,213,2026-02-07T18:29:57.501071
ST_027,22230,441,2026-01-18T13:01:50.552299
ST_027,90040B,360,2026-01-26T19:37:29.075523
ST_027,84465,303,2026-01-29T09:28:24.024800
ST_027,35909A,389,2026-02-10T18:16:50.729283
ST_027,16161G,442,2026-02-02T02:38:35.431012
ST_027,22324,289,2026-01-16T23:29:32.561828
ST_027,23193,153,2026-01-27T19:24:59.049903
ST_027,23155,452,2026-01-25T23:49:55.816056
ST_027,22602,68,2026-02-12T05:23:01.328913
ST_027,22993,344,2026-01-26T06:06:36.825245
ST_027,82582,297,2026-01-23T04:39:59.332788
ST_027,85202,381,2026-01-20T17:31:40.885470
ST_027,90021,178,2026-01-31T15:33:27.805096
ST_027,22948,291,2026-02-07T18:06:26.075752
ST_027,84192,157,2026-02-07T09:14:20.541541
ST_027,22053,391,2026-01-24T08:20:54.441744
ST_027,84600,493,2026-02-07T09:42:21.878339
ST_027,20796,439,2026-01-21T01:46:57.812315
ST_027,20697,245,2026-01-16T12:28:43.877035
ST_027,22699,60,2026-01-15T23:05:19.223712
ST_027,44091A,160,2026-01-18T18:29:14.128227
ST_027,21519,47,2026-01-26T11:43:42.032506
ST_027,22441,-44,2026-02-04T18:29:18.893446
ST_027,23297,407,2026-02-06T17:48:29.013917
ST_027,21915,270,2026-01-26T21:57:06.439945
ST_027,37449,198,2026-01-22T11:53:48.046866
ST_027,21667,136,2026-01-28T22:45:47.803609
ST_027,22476,388,2026-02-07T07:14:28.339388
ST_027,46000P,157,2026-01-24T10:40:04.804442
ST_027,90003B,462,2026-01-15T23:31:23.806313
ST_027,21990,280,2026-02-07T04:55:27.674714
ST_027,82599,203,2026-01-31T16:06:11.622931
ST_027,16161P,129,2026-02-04T11:45:21.744593
ST_027,85132A,-27,2026-02-01T10:58:06.982588
ST_027,84593,394,2026-01-20T07:48:38.578425
ST_027,22575,108,2026-01-22T10:38:38.970099
ST_027,23070,-48,2026-02-12T14:40:53.988401
ST_027,90196B,-28,2026-01-28T06:54:45.705116
ST_027,22737,251,2026-02-06T03:24:25.635500
ST_028,22876,98,2026-02-11T18:19:42.595996
ST_028,20934,360,2026-02-04T19:59:39.609579
ST_028,21682,239,2026-02-03T21:45:20.312012
ST_028,21910,238,2026-01-31T06:21:52.831209
ST_028,22158,243,2026-02-07T09:39:47.016333
ST_028,35819B,400,2026-01-14T14:20:36.579360
ST_028,20711,364,2026-01-16T03:10:20.397395
ST_028,22406,85,2026-02-05T19:33:48.039393
ST_028,90177E,71,2026-01-25T08:19:40.109061
ST_028,90123B,345,2026-02-02T07:18:32.507842
ST_028,21402,300,2026-01-17T14:31:24.635301
ST_028,21291,48,2026-01-28T10:37:49.711064
ST_028,35819P,142,2026-02-12T21:01:01.345428
ST_028,22399,88,2026-01-15T02:06:18.634070
ST_028,21261,338,2026-02-05T21:51:49.190952
ST_028,22430,206,2026-01-16T13:45:46.259747
ST_028,21918,-14,2026-01-26T20:37:34.090074
ST_028,21232,136,2026-01-23T20:51:41.344458
ST_028,35610B,48,2026-01-28T20:51:07.325697
ST_028,23165,101,2026-01-30T15:02:38.084075
ST_028,23311,286,2026-01-31T14:07:30.689364
ST_028,22896,89,2026-02-05T19:29:51.597320
ST_028,85024C,482,2026-01-19T10:05:08.957902
ST_028,23570,155,2026-01-21T06:12:20.709239
ST_028,84666,86,2026-02-03T08:27:42.031572
ST_028,21865,459,2026-01-24T01:17:32.898747
ST_028,21678,37,2026-02-10T02:14:22.950860
ST_028,20752,274,2026-01-19T13:41:17.228137
ST_028,23434,16,2026-01-25T03:31:41.677357
ST_028,22038,9,2026-01-20T16:17:00.697822
ST_028,21289,220,2026-02-06T00:04:38.256505
ST_028,22034,-15,2026-02-09T21:21:17.404914
ST_028,84660B,22,2026-01-16T07:52:11.433982
ST_028,16248B,389,2026-01-18T12:46:54.880009
ST_028,16259,284,2026-01-29T07:15:37.279804
ST_028,90125E,166,2026-01-15T10:11:38.239282
ST_028,21718,401,2026-01-31T15:34:35.937617
ST_028,35958,357,2026-02-01T16:20:11.339521
ST_028,22775,61,2026-02-05T09:35:59.097082
ST_028,84927E,393,2026-01-26T21:01:23.598071
ST_028,23412,2,2026-01-19T15:38:19.698038
ST_028,21802,229,2026-01-16T15:55:38.855697
ST_028,22700,207,2026-02-03T21:58:46.816594
ST_028,21792,438,2026-01-21T17:11:56.715483
ST_028,21126,31,2026-02-03T13:41:48.956621
ST_028,47481,403,2026-01-17T08:32:48.997149
ST_028,23000,-3,2026-02-07T17:12:00.295448
ST_028,84461,227,2026-01-21T10:22:35.743717
ST_028,84963A,56,2026-01-21T11:44:33.382801
ST_028,90214Z,133,2026-02-01T17:51:09.640295
ST_028,90199C,272,2026-02-06T19:18:17.742988
ST_028,90125B,46,2026-01-25T14:38:50.714854
ST_028,22315,479,2026-01-23T04:35:49.687942
ST_028,22636,109,2026-01-29T23:15:58.847939
ST_028,22408,416,2026-02-07T22:55:28.966758
ST_028,22517,421,2026-02-05T20:47:07.047608
ST_028,85159A,-21,2026-02-06T11:08:33.408999
ST_028,23169,-1,2026-01-27T21:43:13.246416
ST_028,23243,489,2026-02-05T11:56:23.067097
ST_028,84568,45,2026-02-12T17:52:19.234572
ST_028,22458,386,2026-02-12T12:56:50.940458
ST_028,21272,-24,2026-01-19T17:56:05.435289
ST_028,84558A,106,2026-02-09T06:51:07.739914
ST_028,90214I,-32,2026-01-23T10:02:47.227158
ST_028,47369B,219,2026-01-24T05:14:57.671251
ST_028,23031,-5,2026-02-10T00:44:32.062910
ST_028,21106,390,2026-02-09T21:02:02.443150
ST_028,84380,-33,2026-02-11T07:29:24.022691
ST_028,90152A,102,2026-02-13T10:28:52.134380
ST_028,48184,75,2026-01-21T17:51:01.415255
ST_028,90039C,159,2026-01-23T18:01:58.249672
ST_028,20677,193,2026-02-10T11:12:44.871393
ST_028,85135C,194,2026-01-21T19:22:52.639850
ST_028,85045,-50,2026-01-27T09:22:10.862320
ST_028,23161,129,2026-02-06T05:03:03.806748
ST_028,23255,68,2026-02-01T14:49:21.899254
ST_028,23694,368,2026-02-02T07:40:34.986094
ST_028,90100,6,2026-01-20T08:48:07.888942
ST_028,84798A,338,2026-02-04T02:20:20.801133
ST_028,22880,475,2026-02-03T17:42:38.731821
ST_028,21369,197,2026-01-27T13:10:07.884933
ST_028,23100,321,2026-02-12T13:15:09.322091
ST_028,85211,392,2026-01-18T14:11:31.768087
ST_028,84659A,324,2026-01-30T08:27:45.455726
ST_028,22655,-22,2026-02-05T07:09:58.373919
ST_028,35599D,334,2026-02-10T03:20:14.684924
ST_028,84905,199,2026-01-31T07:00:41.340208
ST_028,21086,112,2026-02-08T03:11:16.465609
ST_028,23252,102,2026-01-21T11:17:14.182764
ST_028,22623,54,2026-01-16T09:10:51.306627
ST_028,M,-28,2026-01-24T17:56:02.222692
ST_028,23356,164,2026-01-27T18:20:09.631041
ST_028,35004P,120,2026-02-09T22:30:47.554994
ST_028,21377,-12,2026-02-06T08:08:57.056417
ST_028,21696,37,2026-02-04T19:57:49.654622
ST_028,20974,111,2026-02-02T22:46:56.324988
ST_028,85200,412,2026-01-24T16:44:30.702270
ST_028,22702,360,2026-01-29T13:42:59.489631
ST_028,21499,447,2026-02-11T09:59:43.778651
ST_028,22057,390,2026-01-28T01:26:47.228857
ST_028,47590A,381,2026-01-30T23:08:04.893949
ST_028,22558,207,2026-01-26T22:15:39.802693
ST_028,21986,395,2026-02-13T05:33:18.204477
ST_028,22112,210,2026-02-05T07:18:53.297268
ST_028,23004,-39,2026-02-05T10:07:30.131330
ST_028,22444,293,2026-02-04T21:43:08.939897
ST_028,22346,246,2026-01-17T22:37:18.709266
ST_028,72598,34,2026-02-04T06:31:49.546977
ST_028,23345,343,2026-02-07T00:23:20.415775
ST_028,23191,7,2026-01-25T03:28:06.960705
ST_028,23495,16,2026-02-10T03:40:49.763640
ST_028,22260,406,2026-02-11T10:33:10.242537
ST_028,23181,73,2026-01-23T10:14:56.498110
ST_028,23553,377,2026-01-24T10:14:21.846323
ST_028,21418,450,2026-02-01T08:55:09.971174
ST_028,21816,394,2026-01-29T10:37:22.863206
ST_028,90042A,-15,2026-01-26T07:48:29.889457
ST_028,85178,333,2026-01-14T18:06:18.993436
ST_028,47578A,437,2026-02-03T19:25:28.145166
ST_028,23254,496,2026-01-28T23:24:07.918685
ST_028,71496A,442,2026-02-05T14:01:21.151215
ST_028,22897,53,2026-01-23T07:47:06.008338
ST_028,21426,114,2026-02-11T23:09:54.756993
ST_028,20668,469,2026-02-01T07:06:54.985743
ST_028,84707B,105,2026-01-24T02:05:28.449199
ST_028,21462,311,2026-02-11T22:59:17.289415
ST_028,22886,383,2026-01-15T10:41:56.585315
ST_028,35964,452,2026-02-06T08:29:04.266120
ST_028,23419,394,2026-01-14T12:57:31.087645
ST_028,84922,392,2026-01-28T10:59:53.215720
ST_028,22716,163,2026-02-08T09:41:27.160565
ST_028,21867,-47,2026-02-03T11:07:05.742005
ST_028,21015,363,2026-02-02T13:29:09.449341
ST_028,85131B,139,2026-02-03T11:47:25.851316
ST_028,23456,398,2026-01-18T21:37:48.435741
ST_028,35972,415,2026-01-21T21:55:20.442062
ST_028,37488A,381,2026-01-18T22:44:21.971284
ST_028,20854,0,2026-01-20T01:19:21.481178
ST_028,85071B,277,2026-02-11T05:43:45.741578
ST_028,23325,231,2026-02-04T04:52:18.314010
ST_028,90093,23,2026-01-30T08:09:19.847389
ST_028,84870B,439,2026-02-10T14:29:52.711277
ST_028,23457,140,2026-02-13T12:23:03.349251
ST_028,22900,486,2026-02-02T12:34:12.050052
ST_028,90055,-33,2026-02-03T09:19:30.961882
ST_028,21507,114,2026-02-01T05:26:18.970140
ST_028,40001,20,2026-02-12T18:26:01.218712
ST_028,23497,125,2026-01-16T20:55:22.758558
ST_028,22183,72,2026-02-12T04:19:56.574334
ST_028,22645,327,2026-01-22T12:55:28.948397
ST_028,90019C,52,2026-01-14T15:15:28.354189
ST_028,21054,184,2026-01-26T23:20:45.150217
ST_028,90214O,258,2026-01-31T13:34:31.319156
ST_028,22195,-23,2026-01-20T06:24:43.776586
ST_028,85225,456,2026-01-19T14:55:32.682693
ST_028,22870,-41,2026-02-01T21:41:52.732327
ST_028,22244,-40,2026-01-21T21:28:44.939993
ST_028,90065B,164,2026-01-25T10:59:42.771154
ST_028,22936,422,2026-02-11T04:23:28.871288
ST_028,35001W,-28,2026-01-20T06:30:53.906061
ST_028,85034A,-18,2026-01-25T04:19:45.446172
ST_028,23145,353,2026-01-16T10:27:40.099716
ST_028,90129A,449,2026-01-25T21:47:21.126717
ST_028,90202D,381,2026-01-17T08:56:38.555876
ST_028,37444A,469,2026-01-21T00:49:35.850557
ST_028,22069,290,2026-01-20T11:24:27.188280
ST_028,23102,176,2026-01-31T22:15:46.866289
ST_028,21622,186,2026-02-08T06:05:11.730860
ST_028,20748,92,2026-01-16T05:11:18.090315
ST_028,18097C,474,2026-01-29T13:24:21.352611
ST_028,22322,72,2026-02-10T16:06:11.659841
ST_028,21143,438,2026-02-13T11:41:44.382154
ST_028,16235,371,2026-01-17T22:38:48.647851
ST_028,22060,112,2026-01-17T05:06:48.019358
ST_028,23390,-3,2026-02-02T05:22:25.206567
ST_028,21609,89,2026-02-04T18:08:11.995119
ST_028,23190,-22,2026-02-01T11:17:50.758502
ST_028,22594,423,2026-02-11T17:00:04.623962
ST_028,90198B,330,2026-02-09T13:10:23.202351
ST_028,23209,453,2026-01-27T21:36:10.112402
ST_028,21955,255,2026-01-25T22:59:31.895230
ST_028,90190B,409,2026-02-06T12:10:18.815482
ST_028,11001,169,2026-02-05T05:48:03.362778
ST_028,21634,376,2026-02-11T15:32:37.594195
ST_028,22518,492,2026-01-23T20:21:27.329383
ST_028,22745,66,2026-02-08T03:15:39.644441
ST_028,90099,247,2026-01-15T06:59:27.806412
ST_028,35650,362,2026-02-11T00:45:34.504448
ST_028,85026B,487,2026-01-31T15:52:16.222289
ST_028,84750B,139,2026-02-05T14:54:48.786808
ST_028,90016A,-45,2026-01-24T05:26:02.420827
ST_028,72741,9,2026-02-06T02:57:49.878552
ST_028,16161M,102,2026-01-15T01:33:55.499155
ST_028,21681,398,2026-02-12T10:37:09.346996
ST_028,90086,492,2026-01-25T06:06:03.749802
ST_028,21706,16,2026-01-16T20:47:23.690441
ST_028,23121,260,2026-02-10T14:45:05.099586
ST_028,22136,252,2026-02-09T03:27:37.943369
ST_028,22086,259,2026-01-28T08:12:33.820575
ST_028,84596F,449,2026-02-13T01:29:21.908256
ST_028,22545,206,2026-01-22T15:12:48.379648
ST_028,22964,292,2026-01-15T09:19:33.779821
ST_028,90155,466,2026-01-20T12:02:58.229149
ST_028,84927F,191,2026-02-01T05:58:45.726040
ST_028,22077,80,2026-01-14T23:10:52.228325
ST_028,84596B,498,2026-01-25T23:11:10.355470
ST_028,84879,70,2026-02-07T03:18:47.549762
ST_028,84828,473,2026-01-29T03:52:32.798719
ST_028,85049G,-2,2026-02-13T09:16:43.738836
ST_028,22461,422,2026-02-01T04:06:54.143790
ST_028,21275,-13,2026-02-04T02:22:59.747656
ST_028,22971,475,2026-01-26T19:11:15.518910
ST_028,44235,144,2026-01-22T22:15:16.598954
ST_028,21705,491,2026-01-23T12:26:39.909775
ST_028,23264,173,2026-02-10T02:42:38.785799
ST_028,21210,50,2026-01-27T13:53:00.737644
ST_028,84766,25,2026-01-22T03:31:05.040592
ST_028,21313,58,2026-02-07T14:11:19.462859
ST_028,21067,171,2026-02-13T07:20:02.417669
ST_028,21671,86,2026-01-28T05:02:07.948084
ST_028,84805B,402,2026-01-23T01:44:01.729968
ST_028,72709,171,2026-01-30T04:26:23.515875
ST_028,90158,51,2026-01-24T23:11:32.367880
ST_028,90120B,167,2026-01-21T05:51:05.734164
ST_028,84678,347,2026-01-21T07:02:08.966542
ST_028,23503,94,2026-02-01T14:47:31.479609
ST_028,21935,412,2026-01-25T19:47:05.429868
ST_028,90161A,261,2026-01-31T13:02:09.146341
ST_028,22908,390,2026-01-18T16:12:17.417116
ST_028,84854,262,2026-01-27T04:37:05.494935
ST_028,17191A,367,2026-01-30T18:19:37.342925
ST_028,20868,295,2026-01-25T21:37:08.179506
ST_028,20826,387,2026-01-14T13:59:09.825399
ST_028,20971,450,2026-01-30T14:27:22.270354
ST_028,23270,68,2026-01-27T06:35:23.840506
ST_028,21946,82,2026-01-16T06:45:14.569021
ST_028,47310M,393,2026-02-09T22:34:29.476554
ST_028,37446,416,2026-01-23T21:16:30.919961
ST_028,35638A,297,2026-01-30T15:41:19.404081
ST_028,85124B,307,2026-02-07T18:19:44.082962
ST_028,90094,480,2026-02-09T00:00:15.275545
ST_028,23185,245,2026-01-15T16:24:44.314259
ST_028,17021,-42,2026-01-29T06:33:28.287471
ST_028,21032,184,2026-02-03T02:03:37.323428
ST_028,23224,467,2026-02-11T13:28:39.282006
ST_028,23473,16,2026-01-22T22:56:39.392048
ST_028,22563,236,2026-01-15T08:29:28.840706
ST_028,21156,497,2026-02-09T01:19:54.865611
ST_028,22786,458,2026-01-15T08:59:01.732435
ST_028,17136A,409,2026-02-07T17:46:56.870018
ST_028,37471,-38,2026-01-31T01:06:16.161837
ST_028,16258A,71,2026-01-21T01:48:31.309916
ST_028,84915,318,2026-01-28T11:14:26.490365
ST_028,90202B,397,2026-01-26T15:05:53.663677
ST_028,90159,67,2026-01-25T14:31:21.136749
ST_028,22649,2,2026-01-21T08:19:55.917291
ST_028,84637,-39,2026-02-06T10:45:30.389757
ST_028,22650,255,2026-01-29T16:02:11.974244
ST_028,22755,127,2026-02-03T08:31:03.383617
ST_028,21403,243,2026-01-27T10:57:45.818274
ST_028,23017,456,2026-02-11T18:11:37.363138
ST_028,22230,169,2026-01-22T23:35:11.102076
ST_028,90040B,69,2026-02-03T13:10:28.447586
ST_028,84465,341,2026-02-02T19:09:42.894387
ST_028,35909A,20,2026-01-23T22:25:40.877040
ST_028,16161G,99,2026-01-19T08:48:35.361554
ST_028,22324,483,2026-01-30T11:54:58.684131
ST_028,23193,476,2026-02-12T12:37:11.979591
ST_028,23155,88,2026-01-18T12:30:47.133914
ST_028,22602,366,2026-02-06T00:59:57.886101
ST_028,22993,198,2026-02-03T18:12:35.924150
ST_028,82582,226,2026-02-06T11:34:10.980095
ST_028,85202,132,2026-01-15T16:19:46.369193
ST_028,90021,454,2026-01-22T16:00:27.007739
ST_028,22948,154,2026-01-24T00:44:54.507371
ST_028,84192,21,2026-02-08T04:28:55.072706
ST_028,22053,33,2026-02-13T02:13:44.517779
ST_028,84600,-11,2026-01-27T21:32:03.363141
ST_028,20796,461,2026-02-01T04:10:37.507424
ST_028,20697,22,2026-02-01T10:15:49.082846
ST_028,22699,190,2026-01-20T23:34:52.084442
ST_028,44091A,12,2026-02-13T10:34:14.797423
ST_028,21519,197,2026-02-11T02:28:45.232468
ST_028,22441,408,2026-02-05T14:14:39.679618
ST_028,23297,348,2026-01-30T01:56:32.376618
ST_028,21915,43,2026-02-12T10:38:55.534867
ST_028,37449,268,2026-01-26T17:19:44.897118
ST_028,21667,352,2026-02-04T18:00:22.721566
ST_028,22476,41,2026-02-08T11:36:33.227978
ST_028,46000P,446,2026-02-06T06:57:52.255977
ST_028,90003B,122,2026-01-29T18:13:00.548592
ST_028,21990,76,2026-01-23T09:59:34.513108
ST_028,82599,253,2026-01-27T21:19:50.871094
ST_028,16161P,145,2026-01-30T14:35:33.540977
ST_028,85132A,52,2026-01-29T00:08:41.762675
ST_028,84593,4,2026-01-17T12:05:49.282004
ST_028,22575,250,2026-01-24T21:21:20.655687
ST_028,23070,227,2026-02-06T20:04:14.303259
ST_028,90196B,-35,2026-02-01T16:37:45.287155
ST_028,22737,316,2026-01-20T18:46:21.758710
ST_029,22876,89,2026-02-09T06:59:36.316381
ST_029,20934,132,2026-01-16T00:26:54.039809
ST_029,21682,254,2026-01-15T10:36:42.125976
ST_029,21910,46,2026-02-04T02:45:39.559451
ST_029,22158,-32,2026-02-08T02:08:06.366774
ST_029,35819B,221,2026-01-30T04:07:21.943767
ST_029,20711,151,2026-01-21T21:58:58.417220
ST_029,22406,75,2026-02-04T18:42:47.170294
ST_029,90177E,33,2026-02-02T05:05:31.613482
ST_029,90123B,338,2026-02-03T09:15:06.328856
ST_029,21402,165,2026-02-06T17:22:03.119746
ST_029,21291,8,2026-02-08T04:44:09.537864
ST_029,35819P,448,2026-01-30T02:07:48.109316
ST_029,22399,455,2026-01-25T21:01:15.506315
ST_029,21261,48,2026-01-24T02:44:27.254426
ST_029,22430,33,2026-02-03T02:52:55.562584
ST_029,21918,279,2026-01-20T17:10:24.730767
ST_029,21232,307,2026-01-17T12:27:53.059796
ST_029,35610B,190,2026-01-26T06:31:03.661871
ST_029,23165,355,2026-02-08T13:16:59.733338
ST_029,23311,50,2026-02-10T05:39:35.707714
ST_029,22896,406,2026-02-13T02:23:43.660774
ST_029,85024C,139,2026-02-01T11:27:11.353996
ST_029,23570,-15,2026-01-26T17:55:35.053758
ST_029,84666,6,2026-01-18T09:21:22.376610
ST_029,21865,29,2026-01-27T01:14:44.903631
ST_029,21678,-37,2026-02-10T09:03:22.563905
ST_029,20752,145,2026-02-05T13:38:51.732359
ST_029,23434,38,2026-01-16T03:45:36.031934
ST_029,22038,328,2026-01-24T04:26:59.428681
ST_029,21289,246,2026-01-15T07:53:15.618485
ST_029,22034,31,2026-02-05T03:33:15.101217
ST_029,84660B,16,2026-02-03T23:16:11.463040
ST_029,16248B,194,2026-02-12T11:27:54.750201
ST_029,16259,118,2026-02-03T01:55:35.029887
ST_029,90125E,189,2026-01-28T07:59:12.555030
ST_029,21718,213,2026-02-13T11:32:58.763164
ST_029,35958,171,2026-01-14T18:04:47.531029
ST_029,22775,149,2026-01-25T20:00:12.843713
ST_029,84927E,-28,2026-01-19T20:05:07.111297
ST_029,23412,5,2026-01-28T21:48:41.018172
ST_029,21802,150,2026-02-01T13:49:51.983554
ST_029,22700,201,2026-01-22T03:41:53.572941
ST_029,21792,7,2026-01-20T10:07:31.407666
ST_029,21126,244,2026-02-12T08:22:04.571174
ST_029,47481,366,2026-02-06T07:52:12.789958
ST_029,23000,436,2026-01-21T20:26:49.727743
ST_029,84461,480,2026-01-26T16:30:01.828621
ST_029,84963A,426,2026-02-02T10:37:25.157559
ST_029,90214Z,-37,2026-02-03T04:06:02.586838
ST_029,90199C,162,2026-01-27T07:40:14.580031
ST_029,90125B,373,2026-02-10T11:25:17.667321
ST_029,22315,308,2026-01-29T06:31:06.418217
ST_029,22636,363,2026-02-10T15:23:38.102607
ST_029,22408,386,2026-01-30T07:42:43.854571
ST_029,22517,356,2026-01-25T04:13:37.751538
ST_029,85159A,82,2026-01-24T11:07:11.127861
ST_029,23169,402,2026-02-05T08:16:21.782276
ST_029,23243,276,2026-02-03T11:21:39.492865
ST_029,84568,190,2026-02-12T13:06:51.150391
ST_029,22458,219,2026-01-29T15:04:56.346172
ST_029,21272,414,2026-01-21T20:35:38.864346
ST_029,84558A,200,2026-01-21T10:28:31.490280
ST_029,90214I,416,2026-02-07T06:44:55.527134
ST_029,47369B,19,2026-02-06T11:30:49.855052
ST_029,23031,114,2026-01-26T13:58:57.004380
ST_029,21106,398,2026-02-05T08:56:58.650178
ST_029,84380,137,2026-02-11T11:56:40.896311
ST_029,90152A,478,2026-02-05T09:59:37.740022
ST_029,48184,109,2026-02-05T07:26:58.018074
ST_029,90039C,210,2026-01-30T12:10:10.696081
ST_029,20677,-5,2026-01-17T14:30:06.615962
ST_029,85135C,160,2026-01-16T19:21:00.009374
ST_029,85045,193,2026-01-15T18:42:34.786160
ST_029,23161,170,2026-01-28T00:15:18.223740
ST_029,23255,-21,2026-01-25T03:47:33.036131
ST_029,23694,325,2026-02-02T15:09:26.016616
ST_029,90100,138,2026-02-05T06:56:50.337829
ST_029,84798A,228,2026-01-17T02:14:34.377858
ST_029,22880,-34,2026-01-21T03:30:45.131043
ST_029,21369,97,2026-01-17T14:35:30.885481
ST_029,23100,390,2026-01-23T01:44:35.569091
ST_029,85211,63,2026-02-09T13:15:57.644696
ST_029,84659A,441,2026-02-11T16:12:54.764776
ST_029,22655,221,2026-01-20T07:21:08.897073
ST_029,35599D,158,2026-01-29T17:55:41.407435
ST_029,84905,345,2026-02-05T10:53:30.365782
ST_029,21086,459,2026-01-18T11:02:18.358299
ST_029,23252,485,2026-02-13T08:42:06.459859
ST_029,22623,44,2026-02-03T04:46:15.067464
ST_029,M,314,2026-02-11T08:31:42.925994
ST_029,23356,434,2026-01-17T14:05:49.958076
ST_029,35004P,77,2026-02-12T12:18:40.053677
ST_029,21377,47,2026-01-25T14:29:07.990201
ST_029,21696,-33,2026-02-01T01:35:22.025377
ST_029,20974,266,2026-01-15T20:39:06.540917
ST_029,85200,200,2026-01-14T14:14:45.891465
ST_029,22702,168,2026-01-25T22:07:18.365024
ST_029,21499,238,2026-01-23T03:48:28.983859
ST_029,22057,419,2026-02-13T02:48:24.878067
ST_029,47590A,1,2026-01-18T08:31:18.942195
ST_029,22558,266,2026-01-23T08:42:15.591597
ST_029,21986,86,2026-01-26T20:52:50.828328
ST_029,22112,403,2026-01-23T19:07:02.259008
ST_029,23004,141,2026-01-28T14:09:17.138373
ST_029,22444,44,2026-02-06T07:42:23.218459
ST_029,22346,235,2026-02-03T22:56:38.029231
ST_029,72598,366,2026-01-25T15:11:49.080101
ST_029,23345,-26,2026-02-02T10:19:40.687567
ST_029,23191,486,2026-01-23T15:57:58.342638
ST_029,23495,89,2026-02-03T14:06:38.147608
ST_029,22260,144,2026-01-17T11:51:04.460002
ST_029,23181,330,2026-01-18T23:14:10.388435
ST_029,23553,196,2026-01-24T00:50:47.333920
ST_029,21418,195,2026-02-10T05:37:33.569056
ST_029,21816,408,2026-01-19T17:01:46.582276
ST_029,90042A,98,2026-01-28T14:05:23.889771
ST_029,85178,132,2026-01-23T21:39:05.772439
ST_029,47578A,435,2026-01-31T21:24:23.152315
ST_029,23254,201,2026-02-10T01:27:05.503913
ST_029,71496A,32,2026-02-04T07:34:24.426273
ST_029,22897,197,2026-01-29T12:36:54.151788
ST_029,21426,4,2026-02-11T21:49:05.029583
ST_029,20668,15,2026-01-16T18:32:36.810076
ST_029,84707B,288,2026-01-15T08:52:01.633327
ST_029,21462,130,2026-02-06T16:24:05.933754
ST_029,22886,49,2026-02-12T18:06:31.995307
ST_029,35964,364,2026-02-10T05:35:59.718060
ST_029,23419,444,2026-01-27T19:01:53.699035
ST_029,84922,13,2026-02-04T19:30:48.004332
ST_029,22716,341,2026-02-02T19:56:01.050590
ST_029,21867,47,2026-02-02T11:27:56.119613
ST_029,21015,115,2026-01-15T07:08:37.145772
ST_029,85131B,97,2026-02-06T03:16:27.788829
ST_029,23456,341,2026-01-31T10:51:16.723490
ST_029,35972,358,2026-01-30T17:42:33.563037
ST_029,37488A,171,2026-01-17T10:07:34.629728
ST_029,20854,281,2026-01-17T20:00:41.913283
ST_029,85071B,200,2026-02-08T17:31:47.592390
ST_029,23325,498,2026-02-10T02:14:15.197465
ST_029,90093,86,2026-01-25T05:05:18.306706
ST_029,84870B,392,2026-01-19T22:32:06.246805
ST_029,23457,397,2026-02-06T22:48:09.396746
ST_029,22900,14,2026-01-19T10:15:28.270543
ST_029,90055,206,2026-01-28T08:32:47.860680
ST_029,21507,-44,2026-02-07T06:04:50.862824
ST_029,40001,330,2026-02-13T04:28:36.405143
ST_029,23497,-42,2026-01-28T23:57:32.093985
ST_029,22183,30,2026-01-26T19:52:57.469086
ST_029,22645,272,2026-01-19T20:43:56.208476
ST_029,90019C,215,2026-01-28T08:20:42.365743
ST_029,21054,285,2026-02-01T01:03:04.977898
ST_029,90214O,458,2026-01-25T15:16:30.820618
ST_029,22195,429,2026-02-03T10:47:29.429664
ST_029,85225,301,2026-01-23T18:02:46.076995
ST_029,22870,68,2026-02-11T22:35:01.658125
ST_029,22244,-14,2026-02-12T08:15:50.709081
ST_029,90065B,382,2026-01-14T14:29:42.004282
ST_029,22936,373,2026-01-21T15:54:11.109778
ST_029,35001W,390,2026-01-18T07:21:35.288513
ST_029,85034A,50,2026-01-20T17:12:52.905259
ST_029,23145,184,2026-02-02T22:13:52.876423
ST_029,90129A,149,2026-01-26T22:43:50.574089
ST_029,90202D,132,2026-02-01T20:55:08.704708
ST_029,37444A,319,2026-02-05T18:07:17.641807
ST_029,22069,81,2026-02-04T21:01:00.054729
ST_029,23102,360,2026-01-24T23:41:27.854304
ST_029,21622,107,2026-01-15T10:14:12.765073
ST_029,20748,31,2026-02-07T01:50:31.683185
ST_029,18097C,281,2026-01-24T03:36:17.936873
ST_029,22322,370,2026-01-31T01:36:42.354852
ST_029,21143,366,2026-02-11T10:41:09.477266
ST_029,16235,15,2026-02-04T12:10:23.643662
ST_029,22060,74,2026-02-12T06:54:13.876689
ST_029,23390,114,2026-02-12T17:29:37.372999
ST_029,21609,238,2026-01-23T03:31:53.232056
ST_029,23190,246,2026-02-08T04:29:53.877325
ST_029,22594,-49,2026-01-17T12:56:43.791319
ST_029,90198B,111,2026-02-08T07:54:15.103115
ST_029,23209,179,2026-01-29T06:30:10.552789
ST_029,21955,153,2026-01-24T22:31:30.137272
ST_029,90190B,-38,2026-01-16T18:28:16.611984
ST_029,11001,383,2026-02-10T01:46:47.359030
ST_029,21634,70,2026-02-02T03:20:19.259723
ST_029,22518,76,2026-01-23T06:13:51.355379
ST_029,22745,109,2026-02-13T10:29:40.940023
ST_029,90099,144,2026-01-25T09:04:27.850171
ST_029,35650,260,2026-01-16T18:35:06.788898
ST_029,85026B,330,2026-01-15T21:03:46.713460
ST_029,84750B,64,2026-01-18T02:00:53.877744
ST_029,90016A,178,2026-02-11T04:32:53.991173
ST_029,72741,261,2026-02-07T06:23:29.161784
ST_029,16161M,1,2026-01-24T19:40:21.676284
ST_029,21681,382,2026-01-25T14:31:51.610785
ST_029,90086,143,2026-02-12T15:32:30.905762
ST_029,21706,362,2026-02-11T11:00:57.955345
ST_029,23121,223,2026-01-19T04:26:56.058821
ST_029,22136,81,2026-02-01T12:03:56.047165
ST_029,22086,55,2026-01-29T07:26:18.934611
ST_029,84596F,31,2026-02-12T21:37:00.611882
ST_029,22545,-40,2026-01-16T22:02:46.802106
ST_029,22964,339,2026-01-26T16:17:43.280669
ST_029,90155,484,2026-01-14T17:23:43.632242
ST_029,84927F,451,2026-02-10T18:52:35.270837
ST_029,22077,441,2026-01-26T13:38:33.826669
ST_029,84596B,340,2026-01-17T06:53:31.392797
ST_029,84879,337,2026-02-04T06:52:21.013096
ST_029,84828,-42,2026-01-19T06:33:09.200993
ST_029,85049G,358,2026-01-28T22:14:23.666390
ST_029,22461,355,2026-01-29T08:57:01.771585
ST_029,21275,13,2026-02-11T20:22:40.512354
ST_029,22971,44,2026-01-25T17:25:14.599058
ST_029,44235,259,2026-02-09T05:46:14.706506
ST_029,21705,279,2026-01-30T16:39:44.679914
ST_029,23264,307,2026-01-31T10:00:31.214725
ST_029,21210,259,2026-01-23T11:15:43.742042
ST_029,84766,468,2026-01-21T04:18:16.610393
ST_029,21313,338,2026-02-01T02:07:03.914129
ST_029,21067,281,2026-01-22T17:59:30.598959
ST_029,21671,247,2026-01-22T11:28:58.767696
ST_029,84805B,66,2026-01-24T10:32:15.150229
ST_029,72709,43,2026-01-22T19:36:19.663208
ST_029,90158,311,2026-02-07T03:37:54.483686
ST_029,90120B,381,2026-01-28T20:07:01.315243
ST_029,84678,487,2026-01-22T20:09:18.479851
ST_029,23503,264,2026-02-01T21:02:44.446075
ST_029,21935,336,2026-01-19T22:05:28.599472
ST_029,90161A,140,2026-01-31T00:55:27.554967
ST_029,22908,393,2026-01-31T05:29:29.826842
ST_029,84854,482,2026-01-26T08:51:52.850945
ST_029,17191A,27,2026-01-29T08:19:56.068264
ST_029,20868,187,2026-01-18T03:30:12.294641
ST_029,20826,372,2026-02-11T13:50:34.847424
ST_029,20971,233,2026-01-18T15:45:06.171690
ST_029,23270,297,2026-01-18T13:32:07.243014
ST_029,21946,-16,2026-01-26T22:41:48.045365
ST_029,47310M,298,2026-02-10T16:15:27.491234
ST_029,37446,254,2026-01-17T12:49:05.265441
ST_029,35638A,145,2026-01-30T20:36:09.048888
ST_029,85124B,60,2026-01-17T21:38:22.405991
ST_029,90094,40,2026-01-29T04:28:36.305478
ST_029,23185,455,2026-01-25T07:15:33.723691
ST_029,17021,-38,2026-01-22T18:53:49.635716
ST_029,21032,489,2026-01-17T07:51:39.894064
ST_029,23224,186,2026-01-25T03:36:49.779884
ST_029,23473,0,2026-01-16T09:34:16.850685
ST_029,22563,443,2026-01-27T22:49:49.537848
ST_029,21156,31,2026-01-30T20:50:02.701459
ST_029,22786,368,2026-01-26T20:29:15.982120
ST_029,17136A,68,2026-01-16T05:51:17.101996
ST_029,37471,57,2026-01-26T15:23:16.548183
ST_029,16258A,400,2026-01-17T17:53:57.834308
ST_029,84915,-26,2026-01-28T10:44:35.591978
ST_029,90202B,251,2026-01-18T06:55:45.717014
ST_029,90159,165,2026-01-22T11:01:24.171906
ST_029,22649,468,2026-01-17T07:42:27.990118
ST_029,84637,381,2026-01-19T04:22:30.884363
ST_029,22650,245,2026-01-18T08:02:52.899342
ST_029,22755,24,2026-01-15T18:44:14.246306
ST_029,21403,293,2026-02-07T17:47:32.464160
ST_029,23017,475,2026-02-01T12:48:36.222059
ST_029,22230,500,2026-02-11T20:33:14.947798
ST_029,90040B,164,2026-02-10T13:20:56.433251
ST_029,84465,369,2026-01-18T19:52:24.031823
ST_029,35909A,20,2026-02-04T06:38:39.687048
ST_029,16161G,205,2026-01-26T07:34:52.175598
ST_029,22324,224,2026-02-03T22:59:20.530939
ST_029,23193,146,2026-02-09T22:12:47.451782
ST_029,23155,214,2026-01-22T18:53:00.705679
ST_029,22602,405,2026-01-19T19:22:23.459302
ST_029,22993,-47,2026-01-23T01:32:33.777754
ST_029,82582,155,2026-02-08T08:25:42.914799
ST_029,85202,147,2026-01-31T09:27:36.693013
ST_029,90021,357,2026-02-10T07:30:25.960814
ST_029,22948,177,2026-01-16T08:10:40.725137
ST_029,84192,41,2026-02-01T19:52:26.177200
ST_029,22053,223,2026-01-30T19:34:39.277432
ST_029,84600,304,2026-01-26T16:20:19.925396
ST_029,20796,253,2026-01-24T22:17:54.547179
ST_029,20697,-35,2026-02-04T06:07:28.701568
ST_029,22699,182,2026-01-31T18:19:59.729944
ST_029,44091A,245,2026-02-09T15:29:58.853436
ST_029,21519,91,2026-01-19T06:26:54.060135
ST_029,22441,472,2026-02-08T20:48:55.664263
ST_029,23297,497,2026-02-13T09:46:40.658585
ST_029,21915,128,2026-02-12T10:58:15.009652
ST_029,37449,250,2026-01-27T04:31:52.194032
ST_029,21667,-37,2026-01-19T13:13:12.688902
ST_029,22476,7,2026-02-05T11:20:24.727182
ST_029,46000P,115,2026-01-23T15:20:13.129877
ST_029,90003B,132,2026-01-31T09:37:44.665844
ST_029,21990,473,2026-01-26T19:28:37.030865
ST_029,82599,164,2026-02-09T21:37:43.077739
ST_029,16161P,5,2026-01-14T21:15:13.907079
ST_029,85132A,351,2026-02-07T23:20:28.727618
ST_029,84593,67,2026-02-13T06:15:49.984485
ST_029,22575,76,2026-01-26T21:52:57.988591
ST_029,23070,-26,2026-01-30T07:46:58.647207
ST_029,90196B,117,2026-01-27T15:51:31.787297
ST_029,22737,19,2026-01-30T12:40:36.285370
ST_030,22876,156,2026-02-11T05:12:09.160054
ST_030,20934,479,2026-02-06T09:26:57.601890
ST_030,21682,471,2026-01-31T11:09:51.431282
ST_030,21910,216,2026-01-30T11:49:50.485567
ST_030,22158,379,2026-02-05T22:42:57.754897
ST_030,35819B,191,2026-02-04T08:04:35.702781
ST_030,20711,-35,2026-01-28T12:45:06.424803
ST_030,22406,-18,2026-01-23T22:11:46.106015
ST_030,90177E,214,2026-01-26T15:05:41.956637
ST_030,90123B,110,2026-02-06T15:27:18.137338
ST_030,21402,487,2026-01-23T02:39:12.323356
ST_030,21291,86,2026-02-13T09:44:05.871277
ST_030,35819P,476,2026-01-17T16:25:13.135144
ST_030,22399,320,2026-02-03T19:49:32.586463
ST_030,21261,226,2026-01-17T09:31:40.090211
ST_030,22430,399,2026-01-30T00:25:21.556119
ST_030,21918,-47,2026-01-29T20:07:37.195845
ST_030,21232,160,2026-01-27T03:21:00.587910
ST_030,35610B,-49,2026-02-09T17:42:42.629240
ST_030,23165,288,2026-02-07T17:07:09.125157
ST_030,23311,391,2026-01-24T17:00:30.205710
ST_030,22896,18,2026-01-18T13:14:27.786719
ST_030,85024C,442,2026-02-08T09:03:22.323020
ST_030,23570,219,2026-01-15T13:26:07.538152
ST_030,84666,188,2026-01-28T15:08:58.288708
ST_030,21865,174,2026-01-18T16:15:29.661381
ST_030,21678,275,2026-01-23T22:10:19.113553
ST_030,20752,202,2026-01-25T13:58:28.914613
ST_030,23434,417,2026-01-18T07:18:04.261324
ST_030,22038,345,2026-02-09T10:34:39.545567
ST_030,21289,303,2026-01-23T07:03:03.000670
ST_030,22034,55,2026-01-20T11:26:42.796855
ST_030,84660B,380,2026-01-24T08:32:03.577269
ST_030,16248B,-26,2026-01-31T06:00:39.577524
ST_030,16259,47,2026-02-07T09:19:24.542395
ST_030,90125E,458,2026-02-12T17:20:26.165823
ST_030,21718,225,2026-02-06T05:57:26.117965
ST_030,35958,60,2026-01-25T02:40:58.006407
ST_030,22775,284,2026-02-05T05:26:33.598456
ST_030,84927E,329,2026-02-02T06:37:41.278990
ST_030,23412,75,2026-02-08T04:24:18.674088
ST_030,21802,285,2026-01-26T04:42:01.718827
ST_030,22700,161,2026-01-29T03:27:13.712032
ST_030,21792,66,2026-02-03T10:24:36.629558
ST_030,21126,-10,2026-02-11T06:47:27.276628
ST_030,47481,364,2026-01-22T04:06:23.621290
ST_030,23000,146,2026-01-19T23:36:39.305410
ST_030,84461,-26,2026-02-12T19:13:24.612083
ST_030,84963A,217,2026-01-15T09:23:58.870131
ST_030,90214Z,315,2026-01-15T12:44:26.327628
ST_030,90199C,-35,2026-02-05T06:50:57.204410
ST_030,90125B,384,2026-02-10T13:19:17.905849
ST_030,22315,266,2026-01-17T05:01:04.676466
ST_030,22636,104,2026-02-10T11:38:42.342648
ST_030,22408,138,2026-01-15T04:21:42.938779
ST_030,22517,107,2026-02-06T18:08:37.253321
ST_030,85159A,353,2026-02-06T00:02:08.373535
ST_030,23169,446,2026-01-20T19:52:33.578741
ST_030,23243,411,2026-01-26T06:14:08.703053
ST_030,84568,106,2026-01-19T21:51:42.324911
ST_030,22458,-45,2026-02-08T18:31:39.245223
ST_030,21272,378,2026-02-08T18:41:40.096470
ST_030,84558A,-11,2026-01-22T09:42:55.615594
ST_030,90214I,195,2026-01-20T08:09:33.276823
ST_030,47369B,430,2026-02-01T08:30:22.274701
ST_030,23031,30,2026-02-05T18:33:57.936784
ST_030,21106,486,2026-01-26T01:07:07.149695
ST_030,84380,310,2026-01-26T13:01:26.277570
ST_030,90152A,450,2026-01-23T05:17:41.728336
ST_030,48184,291,2026-02-12T10:32:54.072870
ST_030,90039C,115,2026-02-05T07:58:13.529839
ST_030,20677,469,2026-01-24T19:44:44.163021
ST_030,85135C,487,2026-01-17T07:12:16.166473
ST_030,85045,203,2026-01-17T22:11:18.133541
ST_030,23161,481,2026-02-03T19:09:11.202175
ST_030,23255,98,2026-01-28T04:43:35.625766
ST_030,23694,218,2026-01-28T18:28:10.861264
ST_030,90100,471,2026-01-28T09:18:20.214361
ST_030,84798A,365,2026-02-06T00:41:38.509654
ST_030,22880,84,2026-02-09T16:37:42.695135
ST_030,21369,194,2026-02-11T08:14:11.991836
ST_030,23100,402,2026-01-17T09:43:19.287129
ST_030,85211,67,2026-01-15T15:38:56.575646
ST_030,84659A,204,2026-01-16T05:09:28.792319
ST_030,22655,415,2026-02-01T06:40:43.072898
ST_030,35599D,331,2026-01-31T12:39:28.258715
ST_030,84905,36,2026-01-18T21:37:54.774995
ST_030,21086,58,2026-01-23T14:39:12.725281
ST_030,23252,76,2026-01-29T04:17:15.659683
ST_030,22623,378,2026-01-27T01:00:45.324430
ST_030,M,467,2026-01-26T12:21:36.727943
ST_030,23356,277,2026-01-20T04:10:33.306011
ST_030,35004P,458,2026-02-02T16:06:41.572513
ST_030,21377,410,2026-01-31T05:14:57.416188
ST_030,21696,-49,2026-01-22T15:45:08.052425
ST_030,20974,236,2026-01-27T07:00:14.461780
ST_030,85200,330,2026-01-23T23:31:07.501016
ST_030,22702,130,2026-02-08T03:59:36.725675
ST_030,21499,405,2026-01-28T16:28:49.021155
ST_030,22057,306,2026-01-29T18:34:03.744487
ST_030,47590A,316,2026-02-02T14:43:02.969008
ST_030,22558,367,2026-01-21T09:05:38.545958
ST_030,21986,55,2026-02-13T11:10:21.938103
ST_030,22112,155,2026-02-07T04:11:14.713990
ST_030,23004,239,2026-01-23T03:06:03.573495
ST_030,22444,294,2026-01-23T11:28:14.799995
ST_030,22346,463,2026-02-06T09:59:20.693092
ST_030,72598,49,2026-01-15T15:51:23.212867
ST_030,23345,12,2026-01-27T22:14:58.559000
ST_030,23191,-20,2026-02-02T14:33:47.182400
ST_030,23495,49,2026-02-08T04:28:13.886270
ST_030,22260,42,2026-01-14T21:32:45.680171
ST_030,23181,233,2026-02-12T19:23:02.665325
ST_030,23553,433,2026-01-24T14:34:59.639203
ST_030,21418,236,2026-01-28T04:12:29.895036
ST_030,21816,129,2026-02-11T03:19:58.905352
ST_030,90042A,-1,2026-01-15T04:52:11.062348
ST_030,85178,76,2026-02-10T13:01:08.020402
ST_030,47578A,216,2026-01-30T07:58:40.983808
ST_030,23254,206,2026-02-09T06:51:17.626819
ST_030,71496A,364,2026-01-29T13:15:56.343835
ST_030,22897,415,2026-01-17T02:03:45.553422
ST_030,21426,481,2026-02-08T14:29:34.624792
ST_030,20668,25,2026-01-20T08:10:02.564622
ST_030,84707B,205,2026-01-23T03:55:39.964041
ST_030,21462,185,2026-02-08T08:19:09.946544
ST_030,22886,435,2026-02-02T13:29:42.185428
ST_030,35964,421,2026-01-27T05:34:30.082434
ST_030,23419,95,2026-01-22T02:52:54.020637
ST_030,84922,158,2026-01-31T15:21:40.018868
ST_030,22716,33,2026-01-30T02:38:21.409876
ST_030,21867,45,2026-01-17T06:22:32.845219
ST_030,21015,482,2026-01-16T21:20:09.919244
ST_030,85131B,-16,2026-01-15T12:43:08.243401
ST_030,23456,295,2026-02-12T01:21:20.923679
ST_030,35972,140,2026-01-20T18:27:37.149505
ST_030,37488A,54,2026-01-31T14:11:02.272271
ST_030,20854,242,2026-02-05T21:50:06.125854
ST_030,85071B,201,2026-01-30T18:10:44.257333
ST_030,23325,52,2026-02-02T11:44:47.679786
ST_030,90093,487,2026-02-01T10:11:16.748538
ST_030,84870B,-17,2026-02-08T10:50:31.463780
ST_030,23457,383,2026-01-26T05:39:26.702274
ST_030,22900,171,2026-01-27T19:34:18.077783
ST_030,90055,233,2026-01-26T16:41:35.938995
ST_030,21507,-9,2026-02-01T09:40:59.971394
ST_030,40001,421,2026-01-28T23:07:14.680601
ST_030,23497,191,2026-01-29T15:47:52.143697
ST_030,22183,333,2026-01-30T18:26:32.035013
ST_030,22645,253,2026-02-01T01:18:24.779622
ST_030,90019C,358,2026-02-09T09:42:23.875054
ST_030,21054,127,2026-01-19T10:38:24.321884
ST_030,90214O,372,2026-02-07T03:46:26.689864
ST_030,22195,386,2026-02-06T09:17:37.816998
ST_030,85225,342,2026-01-29T00:16:56.847542
ST_030,22870,-10,2026-01-15T03:51:19.595674
ST_030,22244,283,2026-01-28T08:22:47.019775
ST_030,90065B,276,2026-01-31T16:13:25.757750
ST_030,22936,222,2026-01-14T21:09:09.110009
ST_030,35001W,-10,2026-01-14T18:28:57.022325
ST_030,85034A,22,2026-01-17T23:54:45.291642
ST_030,23145,153,2026-01-20T23:51:21.892791
ST_030,90129A,178,2026-01-16T21:35:02.091181
ST_030,90202D,190,2026-01-25T21:16:02.529623
ST_030,37444A,211,2026-01-19T12:43:38.012349
ST_030,22069,350,2026-02-07T07:20:03.396317
ST_030,23102,383,2026-01-28T16:32:27.030044
ST_030,21622,79,2026-02-01T13:52:15.045796
ST_030,20748,-14,2026-01-19T15:11:58.663489
ST_030,18097C,343,2026-01-29T05:57:27.918713
ST_030,22322,164,2026-01-29T00:36:30.847708
ST_030,21143,228,2026-02-08T21:10:56.240758
ST_030,16235,155,2026-02-01T09:44:30.635846
ST_030,22060,303,2026-01-22T04:19:16.105173
ST_030,23390,500,2026-01-14T13:55:07.543216
ST_030,21609,377,2026-01-28T18:10:22.364014
ST_030,23190,234,2026-01-22T13:49:48.172088
ST_030,22594,119,2026-02-01T14:08:17.730572
ST_030,90198B,315,2026-02-11T18:53:25.067605
ST_030,23209,228,2026-02-04T17:38:25.757299
ST_030,21955,21,2026-02-05T17:20:53.269603
ST_030,90190B,414,2026-02-05T17:23:14.997423
ST_030,11001,87,2026-02-11T21:00:19.240049
ST_030,21634,53,2026-02-07T02:05:26.564907
ST_030,22518,420,2026-02-09T12:22:03.742760
ST_030,22745,68,2026-01-21T22:35:12.780066
ST_030,90099,92,2026-02-05T01:08:10.230641
ST_030,35650,130,2026-01-30T12:26:15.144010
ST_030,85026B,253,2026-02-06T18:59:29.804599
ST_030,84750B,333,2026-01-24T08:42:39.153503
ST_030,90016A,413,2026-01-16T11:18:57.505246
ST_030,72741,269,2026-02-09T23:02:29.509109
ST_030,16161M,60,2026-02-08T02:09:02.487701
ST_030,21681,120,2026-01-25T16:14:34.860197
ST_030,90086,96,2026-01-21T19:47:47.302671
ST_030,21706,447,2026-01-15T00:50:47.806708
ST_030,23121,439,2026-01-16T14:50:41.168157
ST_030,22136,302,2026-01-16T10:49:41.432509
ST_030,22086,31,2026-02-07T07:13:34.635545
ST_030,84596F,70,2026-01-31T17:14:52.162233
ST_030,22545,288,2026-02-01T03:21:02.237407
ST_030,22964,312,2026-02-10T18:51:46.706027
ST_030,90155,267,2026-01-15T16:25:55.787189
ST_030,84927F,148,2026-01-16T08:25:53.493173
ST_030,22077,188,2026-01-16T18:04:21.076886
ST_030,84596B,197,2026-02-02T22:38:24.727686
ST_030,84879,168,2026-01-31T03:58:28.451499
ST_030,84828,143,2026-01-30T00:54:57.804240
ST_030,85049G,41,2026-01-29T10:28:33.052211
ST_030,22461,308,2026-02-01T13:18:53.828456
ST_030,21275,150,2026-01-23T09:50:07.632668
ST_030,22971,295,2026-01-17T06:31:39.682506
ST_030,44235,260,2026-01-25T23:24:04.231850
ST_030,21705,196,2026-01-20T19:28:56.920645
ST_030,23264,411,2026-01-20T06:18:02.204836
ST_030,21210,22,2026-02-07T04:11:34.569619
ST_030,84766,493,2026-02-04T13:46:19.267606
ST_030,21313,-30,2026-02-06T04:00:56.403699
ST_030,21067,298,2026-02-09T21:56:55.667816
ST_030,21671,207,2026-01-16T07:42:59.150415
ST_030,84805B,-23,2026-02-13T09:04:12.097279
ST_030,72709,160,2026-01-24T09:44:59.855198
ST_030,90158,137,2026-02-04T07:49:36.298942
ST_030,90120B,320,2026-02-05T05:42:12.676177
ST_030,84678,317,2026-01-26T23:04:37.416818
ST_030,23503,487,2026-01-17T21:02:33.676587
ST_030,21935,108,2026-01-30T11:34:29.738579
ST_030,90161A,387,2026-01-22T13:13:59.478139
ST_030,22908,23,2026-01-29T16:12:08.244886
ST_030,84854,292,2026-02-03T13:10:30.914615
ST_030,17191A,-19,2026-01-28T09:33:12.087967
ST_030,20868,485,2026-02-03T15:41:52.534699
ST_030,20826,-23,2026-01-15T03:40:26.390514
ST_030,20971,279,2026-01-29T09:28:48.637615
ST_030,23270,68,2026-02-08T15:04:00.113855
ST_030,21946,382,2026-02-09T02:27:00.965758
ST_030,47310M,126,2026-02-08T10:22:52.586300
ST_030,37446,428,2026-01-23T23:57:21.860690
ST_030,35638A,118,2026-01-18T04:15:14.679311
ST_030,85124B,161,2026-01-30T17:09:46.442706
ST_030,90094,213,2026-01-18T17:57:21.288723
ST_030,23185,47,2026-01-30T22:12:04.469430
ST_030,17021,300,2026-01-15T00:07:21.655486
ST_030,21032,-33,2026-01-16T10:49:25.247435
ST_030,23224,372,2026-02-09T22:55:02.613729
ST_030,23473,74,2026-02-13T06:42:19.867784
ST_030,22563,215,2026-02-02T09:29:08.857644
ST_030,21156,492,2026-01-17T22:19:32.408499
ST_030,22786,-38,2026-01-31T14:32:08.932095
ST_030,17136A,113,2026-02-03T15:10:55.488038
ST_030,37471,-41,2026-01-27T12:31:21.890149
ST_030,16258A,335,2026-02-08T02:27:49.940199
ST_030,84915,419,2026-01-27T21:49:27.038930
ST_030,90202B,33,2026-02-04T17:07:50.910606
ST_030,90159,279,2026-02-05T10:57:27.437454
ST_030,22649,349,2026-02-01T01:49:34.746626
ST_030,84637,181,2026-01-21T09:45:33.573074
ST_030,22650,78,2026-01-25T17:05:03.261662
ST_030,22755,340,2026-01-27T21:21:21.624617
ST_030,21403,256,2026-01-19T19:49:57.475010
ST_030,23017,336,2026-02-09T03:46:18.516852
ST_030,22230,388,2026-01-23T20:27:07.962115
ST_030,90040B,55,2026-01-21T05:42:34.474791
ST_030,84465,-48,2026-01-15T01:25:31.152236
ST_030,35909A,112,2026-02-11T14:54:35.030685
ST_030,16161G,209,2026-01-25T11:37:28.095892
ST_030,22324,-44,2026-01-23T06:30:53.993712
ST_030,23193,196,2026-01-29T17:13:45.256197
ST_030,23155,432,2026-01-22T02:44:08.707173
ST_030,22602,54,2026-01-22T15:07:17.350775
ST_030,22993,225,2026-01-27T03:16:33.990731
ST_030,82582,344,2026-01-21T05:12:34.714172
ST_030,85202,64,2026-02-03T09:03:15.132760
ST_030,90021,194,2026-01-25T23:48:10.629752
ST_030,22948,250,2026-01-22T06:44:56.762369
ST_030,84192,443,2026-02-01T05:30:04.200806
ST_030,22053,407,2026-01-15T11:42:43.073614
ST_030,84600,308,2026-01-28T15:57:35.560501
ST_030,20796,394,2026-02-12T15:58:05.338160
ST_030,20697,-3,2026-01-24T19:35:25.540938
ST_030,22699,218,2026-01-27T07:33:46.404568
ST_030,44091A,392,2026-02-11T10:41:05.749204
ST_030,21519,201,2026-02-01T11:15:57.746673
ST_030,22441,290,2026-02-04T17:08:38.595620
ST_030,23297,141,2026-02-12T06:11:17.103993
ST_030,21915,402,2026-01-31T03:37:25.380265
ST_030,37449,59,2026-01-15T12:24:05.933549
ST_030,21667,-23,2026-01-22T07:03:52.039865
ST_030,22476,181,2026-01-25T21:10:46.170073
ST_030,46000P,-4,2026-01-28T00:01:55.271547
ST_030,90003B,203,2026-02-01T17:29:36.591175
ST_030,21990,-15,2026-01-21T11:43:11.653248
ST_030,82599,245,2026-01-31T20:56:20.040681
ST_030,16161P,440,2026-02-09T03:39:59.893365
ST_030,85132A,161,2026-02-10T01:47:40.732868
ST_030,84593,240,2026-01-18T23:49:24.657380
ST_030,22575,438,2026-01-17T17:23:02.282568
ST_030,23070,6,2026-01-31T05:03:12.361327
ST_030,90196B,259,2026-01-18T03:30:53.401547
ST_030,22737,334,2026-01-18T01:48:28.105402
ST_031,22876,198,2026-02-12T15:43:43.100671
ST_031,20934,470,2026-02-04T17:31:43.119623
ST_031,21682,230,2026-01-16T07:12:14.257941
ST_031,21910,131,2026-01-15T16:40:33.494019
ST_031,22158,73,2026-01-28T23:44:48.725036
ST_031,35819B,-26,2026-02-06T12:15:30.107280
ST_031,20711,52,2026-01-30T08:09:44.148249
ST_031,22406,217,2026-01-20T05:50:15.185236
ST_031,90177E,370,2026-01-29T05:53:35.015098
ST_031,90123B,29,2026-01-18T11:13:39.983793
ST_031,21402,34,2026-01-31T02:48:39.127445
ST_031,21291,75,2026-01-28T14:32:50.854535
ST_031,35819P,154,2026-01-19T06:19:39.421792
ST_031,22399,253,2026-02-11T21:53:37.825613
ST_031,21261,16,2026-02-08T09:12:36.757637
ST_031,22430,490,2026-01-28T17:15:03.613630
ST_031,21918,191,2026-01-17T14:29:51.106406
ST_031,21232,366,2026-02-03T13:22:28.558988
ST_031,35610B,468,2026-02-04T21:44:07.500233
ST_031,23165,64,2026-01-28T18:05:30.277025
ST_031,23311,220,2026-02-02T09:24:53.061303
ST_031,22896,248,2026-02-09T14:29:22.346639
ST_031,85024C,469,2026-02-13T04:55:32.219886
ST_031,23570,20,2026-01-14T14:31:45.091208
ST_031,84666,373,2026-02-03T16:12:27.265272
ST_031,21865,153,2026-01-15T08:49:23.875363
ST_031,21678,417,2026-02-01T03:39:06.898538
ST_031,20752,367,2026-02-07T04:12:18.080568
ST_031,23434,241,2026-02-02T01:18:27.230158
ST_031,22038,89,2026-02-05T18:47:04.380149
ST_031,21289,437,2026-02-08T12:35:47.311235
ST_031,22034,224,2026-01-16T19:51:15.106731
ST_031,84660B,84,2026-02-13T01:00:15.583989
ST_031,16248B,444,2026-02-05T02:38:49.585592
ST_031,16259,278,2026-02-05T14:36:34.537026
ST_031,90125E,449,2026-02-03T02:40:38.273123
ST_031,21718,167,2026-01-19T07:22:43.622789
ST_031,35958,285,2026-01-15T22:40:10.272682
ST_031,22775,-10,2026-02-02T13:55:36.396642
ST_031,84927E,294,2026-02-11T19:24:14.402135
ST_031,23412,239,2026-02-05T04:55:21.849490
ST_031,21802,445,2026-01-27T22:01:33.780403
ST_031,22700,-30,2026-01-30T08:07:03.876004
ST_031,21792,101,2026-02-06T18:31:54.158866
ST_031,21126,-42,2026-02-13T06:44:50.504241
ST_031,47481,359,2026-02-07T10:08:43.803596
ST_031,23000,234,2026-01-25T03:05:15.174072
ST_031,84461,230,2026-02-07T01:31:19.898456
ST_031,84963A,262,2026-01-18T13:08:29.105056
ST_031,90214Z,254,2026-01-23T09:34:02.837220
ST_031,90199C,162,2026-02-07T10:15:58.431564
ST_031,90125B,116,2026-01-15T19:35:20.897287
ST_031,22315,245,2026-02-01T21:27:33.348640
ST_031,22636,209,2026-01-15T11:49:32.803388
ST_031,22408,314,2026-01-27T03:16:10.144294
ST_031,22517,322,2026-01-29T23:47:08.812763
ST_031,85159A,40,2026-01-20T22:56:30.239201
ST_031,23169,160,2026-02-01T06:13:01.311585
ST_031,23243,457,2026-02-05T22:32:06.518257
ST_031,84568,326,2026-02-02T22:27:24.202291
ST_031,22458,429,2026-02-04T01:18:44.427061
ST_031,21272,409,2026-02-12T06:12:57.759171
ST_031,84558A,290,2026-02-08T17:35:04.866724
ST_031,90214I,143,2026-01-29T13:02:15.106008
ST_031,47369B,491,2026-01-27T06:08:09.348883
ST_031,23031,196,2026-02-01T01:57:57.509978
ST_031,21106,401,2026-02-04T00:53:33.134076
ST_031,84380,374,2026-01-22T00:01:42.455976
ST_031,90152A,485,2026-01-30T05:15:27.961598
ST_031,48184,310,2026-02-11T17:41:21.982413
ST_031,90039C,65,2026-01-24T14:23:31.781248
ST_031,20677,91,2026-02-07T01:27:17.529366
ST_031,85135C,111,2026-01-18T11:22:01.820155
ST_031,85045,82,2026-02-03T03:47:22.797749
ST_031,23161,317,2026-02-02T14:51:53.150494
ST_031,23255,291,2026-02-10T12:14:29.602710
ST_031,23694,221,2026-01-23T00:19:39.710740
ST_031,90100,324,2026-01-22T11:13:44.536280
ST_031,84798A,309,2026-01-15T11:30:38.945257
ST_031,22880,91,2026-01-30T04:48:29.618855
ST_031,21369,421,2026-02-09T08:06:35.533318
ST_031,23100,215,2026-02-09T01:29:40.841549
ST_031,85211,195,2026-01-27T21:32:30.279516
ST_031,84659A,72,2026-01-24T16:17:34.274971
ST_031,22655,403,2026-01-17T07:59:49.477601
ST_031,35599D,-28,2026-02-09T19:20:24.153937
ST_031,84905,135,2026-01-24T22:17:46.113085
ST_031,21086,339,2026-02-12T23:32:40.623748
ST_031,23252,114,2026-02-12T09:56:01.778891
ST_031,22623,167,2026-02-03T21:53:43.554298
ST_031,M,391,2026-01-28T09:30:29.940988
ST_031,23356,107,2026-02-11T20:46:52.389659
ST_031,35004P,-8,2026-02-07T04:01:19.300987
ST_031,21377,118,2026-01-21T15:10:04.294127
ST_031,21696,19,2026-01-31T08:04:20.720155
ST_031,20974,82,2026-02-10T17:06:55.583834
ST_031,85200,188,2026-02-03T01:20:22.622318
ST_031,22702,442,2026-01-15T07:56:39.168540
ST_031,21499,136,2026-01-20T06:30:42.377503
ST_031,22057,41,2026-01-25T11:14:06.994591
ST_031,47590A,86,2026-02-06T11:04:54.220848
ST_031,22558,249,2026-01-22T06:51:14.159404
ST_031,21986,451,2026-01-29T19:23:58.909453
ST_031,22112,64,2026-01-22T12:01:45.665725
ST_031,23004,339,2026-01-18T00:32:41.321433
ST_031,22444,335,2026-01-26T04:11:20.623204
ST_031,22346,-29,2026-01-24T01:11:40.293343
ST_031,72598,397,2026-02-12T02:37:23.022319
ST_031,23345,-21,2026-01-27T20:10:28.571093
ST_031,23191,234,2026-01-15T21:24:53.324262
ST_031,23495,133,2026-02-10T08:03:12.359293
ST_031,22260,201,2026-02-12T13:10:53.134750
ST_031,23181,122,2026-02-12T17:32:41.399510
ST_031,23553,85,2026-01-22T15:24:04.743015
ST_031,21418,402,2026-01-23T08:53:59.592000
ST_031,21816,187,2026-01-24T22:40:40.753717
ST_031,90042A,465,2026-02-09T13:13:26.986826
ST_031,85178,470,2026-01-24T10:08:52.798723
ST_031,47578A,-15,2026-01-22T09:34:21.364669
ST_031,23254,44,2026-02-01T22:20:48.185841
ST_031,71496A,-15,2026-02-13T03:30:38.458106
ST_031,22897,440,2026-01-27T15:28:23.216751
ST_031,21426,356,2026-01-25T23:38:08.180839
ST_031,20668,342,2026-01-27T04:14:37.607223
ST_031,84707B,45,2026-02-01T23:53:13.592200
ST_031,21462,417,2026-01-23T15:47:31.057302
ST_031,22886,316,2026-02-06T23:59:06.165816
ST_031,35964,-31,2026-01-28T06:00:57.731064
ST_031,23419,16,2026-02-10T08:48:03.724913
ST_031,84922,177,2026-02-07T18:14:27.492038
ST_031,22716,28,2026-01-21T20:35:20.583318
ST_031,21867,74,2026-02-10T16:09:33.158959
ST_031,21015,178,2026-01-27T04:42:03.707151
ST_031,85131B,475,2026-01-21T02:34:13.865565
ST_031,23456,151,2026-02-01T18:52:02.601607
ST_031,35972,126,2026-01-31T23:15:25.221176
ST_031,37488A,228,2026-01-25T17:10:03.419772
ST_031,20854,304,2026-02-05T16:49:46.280270
ST_031,85071B,-8,2026-02-10T12:49:29.563599
ST_031,23325,87,2026-01-28T10:12:44.019070
ST_031,90093,432,2026-02-09T13:47:42.930443
ST_031,84870B,463,2026-02-07T13:12:04.937215
ST_031,23457,118,2026-01-27T10:18:17.541302
ST_031,22900,219,2026-02-07T14:56:12.111288
ST_031,90055,-48,2026-01-23T21:35:35.037894
ST_031,21507,169,2026-01-17T11:21:19.724371
ST_031,40001,433,2026-01-24T15:48:27.315824
ST_031,23497,58,2026-01-14T20:33:12.808650
ST_031,22183,313,2026-01-22T21:26:24.925070
ST_031,22645,68,2026-01-24T20:52:08.046997
ST_031,90019C,60,2026-01-29T22:39:36.016772
ST_031,21054,288,2026-01-29T13:19:18.156951
ST_031,90214O,353,2026-01-23T11:33:54.918868
ST_031,22195,104,2026-02-11T02:15:10.108610
ST_031,85225,358,2026-01-19T12:11:03.650924
ST_031,22870,368,2026-01-28T13:33:12.302001
ST_031,22244,394,2026-02-02T07:22:21.289434
ST_031,90065B,223,2026-01-22T08:20:29.098759
ST_031,22936,321,2026-01-19T07:53:33.679291
ST_031,35001W,43,2026-02-11T07:44:57.041433
ST_031,85034A,5,2026-01-21T11:38:43.032894
ST_031,23145,3,2026-02-06T23:25:32.075536
ST_031,90129A,19,2026-02-01T16:42:32.076239
ST_031,90202D,196,2026-01-24T03:45:18.333779
ST_031,37444A,343,2026-02-13T00:21:18.928154
ST_031,22069,-25,2026-01-20T06:46:31.814027
ST_031,23102,-28,2026-01-20T04:06:05.755643
ST_031,21622,341,2026-01-19T15:24:53.392184
ST_031,20748,200,2026-02-07T21:07:25.591502
ST_031,18097C,162,2026-01-15T08:10:26.280635
ST_031,22322,478,2026-01-30T22:50:29.903592
ST_031,21143,466,2026-01-30T14:26:11.516080
ST_031,16235,258,2026-01-30T16:41:13.465640
ST_031,22060,341,2026-01-19T12:01:08.761526
ST_031,23390,351,2026-02-12T14:16:03.187017
ST_031,21609,459,2026-02-06T20:31:46.970826
ST_031,23190,43,2026-01-31T12:13:29.188246
ST_031,22594,134,2026-02-08T01:51:13.134681
ST_031,90198B,150,2026-01-30T11:47:52.729731
ST_031,23209,14,2026-01-28T04:00:18.463811
ST_031,21955,450,2026-01-16T16:01:33.040047
ST_031,90190B,133,2026-02-05T13:36:05.561394
ST_031,11001,297,2026-01-29T16:39:40.689021
ST_031,21634,411,2026-01-18T18:12:15.237773
ST_031,22518,58,2026-01-22T11:30:31.603556
ST_031,22745,-23,2026-01-24T15:26:24.157611
ST_031,90099,432,2026-01-17T07:55:31.422956
ST_031,35650,368,2026-01-24T06:22:08.248544
ST_031,85026B,2,2026-01-30T21:28:25.835635
ST_031,84750B,227,2026-02-09T10:56:44.117429
ST_031,90016A,134,2026-02-02T23:39:34.274642
ST_031,72741,295,2026-02-10T13:46:29.835133
ST_031,16161M,454,2026-02-08T20:20:33.750527
ST_031,21681,67,2026-01-30T02:25:25.271029
ST_031,90086,368,2026-02-11T17:50:05.859953
ST_031,21706,467,2026-01-25T16:23:26.101771
ST_031,23121,350,2026-01-26T21:05:35.775476
ST_031,22136,393,2026-01-17T15:59:30.948186
ST_031,22086,81,2026-02-03T19:30:37.316718
ST_031,84596F,445,2026-02-09T11:59:32.768432
ST_031,22545,493,2026-01-31T15:37:11.585714
ST_031,22964,264,2026-01-25T23:21:29.434228
ST_031,90155,119,2026-01-28T08:09:14.676718
ST_031,84927F,184,2026-01-23T03:34:02.245887
ST_031,22077,161,2026-01-22T00:23:41.897287
ST_031,84596B,-18,2026-01-29T05:37:56.459386
ST_031,84879,235,2026-01-15T06:16:47.961328
ST_031,84828,167,2026-01-23T22:23:53.712273
ST_031,85049G,456,2026-01-14T21:05:40.126466
ST_031,22461,358,2026-02-13T09:49:16.905419
ST_031,21275,389,2026-02-09T06:58:05.157190
ST_031,22971,446,2026-01-20T07:13:25.890877
ST_031,44235,388,2026-02-08T15:59:24.429182
ST_031,21705,142,2026-01-17T14:31:05.759992
ST_031,23264,374,2026-02-12T02:37:48.447348
ST_031,21210,396,2026-02-12T02:40:16.281630
ST_031,84766,138,2026-01-22T05:54:34.274609
ST_031,21313,92,2026-01-31T03:42:06.253802
ST_031,21067,293,2026-01-26T06:03:40.119052
ST_031,21671,383,2026-01-21T18:08:07.716685
ST_031,84805B,362,2026-02-08T07:28:09.095321
ST_031,72709,244,2026-01-24T16:56:25.949213
ST_031,90158,469,2026-02-09T13:20:47.651952
ST_031,90120B,494,2026-01-26T09:39:13.364937
ST_031,84678,327,2026-02-04T12:01:46.151742
ST_031,23503,63,2026-01-25T19:20:07.198304
ST_031,21935,422,2026-01-28T07:16:17.208722
ST_031,90161A,17,2026-02-05T21:47:03.743556
ST_031,22908,371,2026-01-15T08:04:23.161660
ST_031,84854,297,2026-02-08T17:18:30.089016
ST_031,17191A,138,2026-01-27T09:21:38.556654
ST_031,20868,72,2026-01-26T07:27:41.339335
ST_031,20826,16,2026-02-03T14:15:17.978723
ST_031,20971,410,2026-01-17T20:15:44.225928
ST_031,23270,382,2026-02-09T19:22:14.626579
ST_031,21946,109,2026-01-30T19:48:42.320930
ST_031,47310M,129,2026-01-27T12:17:21.593585
ST_031,37446,291,2026-01-21T03:51:45.288424
ST_031,35638A,69,2026-01-17T17:45:51.328857
ST_031,85124B,80,2026-01-16T20:55:08.757944
ST_031,90094,-30,2026-02-06T14:59:05.310066
ST_031,23185,261,2026-02-09T10:22:20.174021
ST_031,17021,417,2026-02-02T07:03:12.255052
ST_031,21032,311,2026-02-12T07:22:09.787488
ST_031,23224,-24,2026-02-07T08:39:43.151577
ST_031,23473,183,2026-02-12T22:50:48.170734
ST_031,22563,337,2026-01-28T19:19:03.767865
ST_031,21156,281,2026-02-10T16:42:01.098752
ST_031,22786,308,2026-01-31T07:35:43.410895
ST_031,17136A,30,2026-01-24T20:32:51.691631
ST_031,37471,82,2026-02-09T01:39:41.441612
ST_031,16258A,22,2026-02-01T23:20:40.452529
ST_031,84915,253,2026-02-07T18:17:40.968723
ST_031,90202B,282,2026-01-26T04:26:11.376150
ST_031,90159,33,2026-01-29T21:25:15.631781
ST_031,22649,-28,2026-01-16T01:45:17.992757
ST_031,84637,42,2026-02-12T03:20:33.301026
ST_031,22650,245,2026-01-22T20:55:30.315449
ST_031,22755,398,2026-01-22T23:03:24.878633
ST_031,21403,349,2026-01-26T21:08:50.163702
ST_031,23017,24,2026-01-24T20:32:30.762130
ST_031,22230,273,2026-01-29T23:52:31.321553
ST_031,90040B,412,2026-02-02T22:00:49.248636
ST_031,84465,-46,2026-01-18T14:31:47.912819
ST_031,35909A,176,2026-01-28T13:54:04.740313
ST_031,16161G,-49,2026-01-31T19:08:56.418180
ST_031,22324,206,2026-01-16T06:53:13.751195
ST_031,23193,171,2026-01-19T02:04:39.934204
ST_031,23155,207,2026-01-19T04:33:39.077627
ST_031,22602,323,2026-01-28T16:01:00.859627
ST_031,22993,280,2026-02-10T17:39:53.902839
ST_031,82582,294,2026-01-21T02:21:19.943248
ST_031,85202,295,2026-01-19T04:39:17.941077
ST_031,90021,44,2026-01-25T21:26:16.790269
ST_031,22948,429,2026-01-19T20:49:07.691580
ST_031,84192,-23,2026-01-21T06:08:10.943466
ST_031,22053,364,2026-02-01T21:14:54.093759
ST_031,84600,367,2026-01-21T15:26:39.778636
ST_031,20796,492,2026-02-09T19:43:57.238273
ST_031,20697,42,2026-01-15T09:59:38.720122
ST_031,22699,325,2026-01-15T00:10:33.243227
ST_031,44091A,96,2026-01-17T20:21:07.692544
ST_031,21519,482,2026-01-25T18:25:48.141399
ST_031,22441,484,2026-02-02T16:44:45.700005
ST_031,23297,-40,2026-01-23T23:57:25.824372
ST_031,21915,104,2026-01-30T08:32:40.150926
ST_031,37449,455,2026-01-21T07:37:21.920321
ST_031,21667,348,2026-01-23T06:52:51.643023
ST_031,22476,154,2026-02-02T06:07:17.363359
ST_031,46000P,473,2026-01-29T03:22:42.910914
ST_031,90003B,499,2026-02-02T22:49:13.638660
ST_031,21990,61,2026-02-10T19:54:01.409099
ST_031,82599,-44,2026-01-24T11:55:19.300595
ST_031,16161P,392,2026-01-29T12:22:09.414098
ST_031,85132A,206,2026-02-01T18:27:36.232056
ST_031,84593,285,2026-01-24T07:12:50.612906
ST_031,22575,123,2026-01-16T04:19:51.963090
ST_031,23070,446,2026-02-10T12:31:04.514153
ST_031,90196B,-10,2026-02-05T17:37:52.160671
ST_031,22737,492,2026-01-28T12:03:46.662558
ST_032,22876,175,2026-01-18T04:19:11.327204
ST_032,20934,197,2026-02-05T11:51:16.341480
ST_032,21682,449,2026-01-28T00:14:18.113172
ST_032,21910,278,2026-02-04T06:44:59.570072
ST_032,22158,183,2026-01-29T00:57:39.103738
ST_032,35819B,284,2026-01-25T20:20:29.526480
ST_032,20711,426,2026-01-25T16:21:30.745580
ST_032,22406,-44,2026-01-15T02:16:44.796755
ST_032,90177E,12,2026-01-22T22:49:58.963579
ST_032,90123B,478,2026-02-12T20:27:17.118372
ST_032,21402,363,2026-01-25T06:37:09.478936
ST_032,21291,-36,2026-01-14T17:50:08.179855
ST_032,35819P,41,2026-02-08T08:25:06.031844
ST_032,22399,406,2026-02-12T10:58:53.810107
ST_032,21261,493,2026-02-02T05:03:51.790609
ST_032,22430,366,2026-02-07T09:17:32.641527
ST_032,21918,344,2026-01-31T08:05:35.098394
ST_032,21232,100,2026-02-04T10:52:50.536335
ST_032,35610B,75,2026-02-04T02:31:45.043533
ST_032,23165,-14,2026-01-15T17:35:41.867908
ST_032,23311,206,2026-01-22T05:58:39.011383
ST_032,22896,268,2026-01-25T03:02:16.199917
ST_032,85024C,348,2026-02-07T22:48:11.726053
ST_032,23570,224,2026-02-07T13:15:03.205313
ST_032,84666,325,2026-01-31T23:39:46.214081
ST_032,21865,203,2026-01-19T05:30:16.904932
ST_032,21678,253,2026-01-25T00:20:51.993405
ST_032,20752,423,2026-01-15T03:06:31.503726
ST_032,23434,480,2026-01-31T02:06:29.587800
ST_032,22038,259,2026-01-15T07:07:57.141711
ST_032,21289,454,2026-01-18T01:58:30.857258
ST_032,22034,181,2026-02-06T11:44:43.242352
ST_032,84660B,-7,2026-01-24T19:51:22.019513
ST_032,16248B,492,2026-02-01T15:30:32.079769
ST_032,16259,320,2026-02-10T03:41:13.630887
ST_032,90125E,97,2026-02-01T18:02:24.636483
ST_032,21718,54,2026-01-27T10:18:49.900246
ST_032,35958,218,2026-01-28T06:54:19.010136
ST_032,22775,371,2026-01-26T19:56:45.972006
ST_032,84927E,-5,2026-01-22T06:42:38.175777
ST_032,23412,291,2026-01-18T03:49:15.739489
ST_032,21802,365,2026-02-05T04:11:18.173566
ST_032,22700,274,2026-02-04T16:54:49.917392
ST_032,21792,496,2026-01-31T21:21:04.279808
ST_032,21126,244,2026-01-19T04:12:33.838192
ST_032,47481,493,2026-02-11T06:43:39.328457
ST_032,23000,347,2026-01-30T17:38:40.373556
ST_032,84461,83,2026-01-18T11:10:01.238886
ST_032,84963A,49,2026-02-06T07:23:24.325852
ST_032,90214Z,309,2026-01-18T22:08:08.665313
ST_032,90199C,118,2026-01-26T23:20:11.767222
ST_032,90125B,98,2026-01-22T18:11:50.748992
ST_032,22315,457,2026-02-02T06:21:54.069001
ST_032,22636,252,2026-01-24T11:22:31.872771
ST_032,22408,73,2026-02-07T00:49:13.346049
ST_032,22517,37,2026-01-28T12:52:10.367244
ST_032,85159A,-5,2026-01-15T01:51:10.907999
ST_032,23169,253,2026-01-28T07:47:22.437171
ST_032,23243,469,2026-02-08T01:00:47.391602
ST_032,84568,475,2026-01-27T01:09:41.271503
ST_032,22458,372,2026-02-06T11:11:03.275514
ST_032,21272,116,2026-01-26T18:48:09.700011
ST_032,84558A,379,2026-01-27T21:44:32.165036
ST_032,90214I,-34,2026-01-25T10:48:40.878278
ST_032,47369B,-13,2026-01-27T13:34:23.723872
ST_032,23031,149,2026-02-09T13:18:56.991405
ST_032,21106,89,2026-01-16T00:51:22.417447
ST_032,84380,287,2026-01-16T20:42:30.909735
ST_032,90152A,244,2026-01-28T02:14:53.063574
ST_032,48184,248,2026-01-22T05:08:11.136620
ST_032,90039C,208,2026-02-01T19:11:45.652344
ST_032,20677,210,2026-01-31T18:42:15.884792
ST_032,85135C,381,2026-01-18T06:31:26.008923
ST_032,85045,440,2026-01-15T12:13:06.281145
ST_032,23161,192,2026-02-10T05:26:49.211300
ST_032,23255,302,2026-02-05T23:06:46.001499
ST_032,23694,482,2026-01-22T04:21:32.430181
ST_032,90100,121,2026-01-15T23:06:08.198636
ST_032,84798A,177,2026-01-31T23:00:04.110669
ST_032,22880,43,2026-02-06T09:55:23.225764
ST_032,21369,100,2026-02-09T03:13:00.565197
ST_032,23100,473,2026-01-31T16:33:51.400146
ST_032,85211,260,2026-01-26T06:47:46.460638
ST_032,84659A,330,2026-02-08T04:30:34.696403
ST_032,22655,110,2026-01-29T20:43:52.718934
ST_032,35599D,235,2026-01-15T11:01:17.040470
ST_032,84905,355,2026-02-08T05:05:48.932549
ST_032,21086,105,2026-02-07T08:29:49.921613
ST_032,23252,226,2026-02-07T01:19:26.346345
ST_032,22623,322,2026-01-26T10:12:37.802157
ST_032,M,149,2026-02-11T10:25:31.522450
ST_032,23356,306,2026-01-25T21:58:58.602563
ST_032,35004P,174,2026-02-12T13:52:14.176006
ST_032,21377,51,2026-02-08T02:46:20.943343
ST_032,21696,36,2026-02-10T12:05:16.248465
ST_032,20974,213,2026-01-25T08:52:28.301904
ST_032,85200,-19,2026-01-27T06:02:57.847684
ST_032,22702,416,2026-01-19T22:37:47.021321
ST_032,21499,467,2026-01-25T14:59:15.547161
ST_032,22057,5,2026-01-23T08:00:39.195908
ST_032,47590A,85,2026-02-13T11:31:09.251134
ST_032,22558,147,2026-02-01T10:04:34.614421
ST_032,21986,363,2026-01-17T03:50:37.595789
ST_032,22112,-17,2026-01-24T02:05:46.073084
ST_032,23004,-46,2026-02-13T02:33:14.069453
ST_032,22444,497,2026-01-31T08:55:48.805160
ST_032,22346,40,2026-02-06T18:03:04.554592
ST_032,72598,364,2026-01-31T08:57:13.296065
ST_032,23345,-23,2026-01-14T15:28:45.628107
ST_032,23191,370,2026-02-09T12:41:38.006919
ST_032,23495,445,2026-02-02T08:43:21.388944
ST_032,22260,39,2026-02-06T23:00:05.435388
ST_032,23181,250,2026-01-20T15:38:00.366951
ST_032,23553,396,2026-02-01T22:01:16.024179
ST_032,21418,137,2026-01-23T19:26:18.233554
ST_032,21816,443,2026-01-31T06:50:23.649231
ST_032,90042A,29,2026-02-05T11:25:34.546783
ST_032,85178,120,2026-02-01T16:06:54.576678
ST_032,47578A,365,2026-02-06T04:44:48.013621
ST_032,23254,238,2026-02-10T01:49:23.613038
ST_032,71496A,106,2026-01-21T00:47:02.653264
ST_032,22897,339,2026-01-23T02:44:40.996952
ST_032,21426,392,2026-02-12T01:32:46.448066
ST_032,20668,225,2026-02-05T15:09:45.950623
ST_032,84707B,177,2026-01-30T04:58:24.306670
ST_032,21462,211,2026-01-29T05:38:27.538466
ST_032,22886,233,2026-01-19T13:45:54.254890
ST_032,35964,110,2026-01-28T19:06:38.808742
ST_032,23419,267,2026-02-06T04:56:41.711913
ST_032,84922,100,2026-02-12T06:25:17.878068
ST_032,22716,110,2026-01-16T03:53:52.515289
ST_032,21867,232,2026-01-25T23:44:10.626626
ST_032,21015,310,2026-01-15T04:27:20.371327
ST_032,85131B,76,2026-01-24T17:43:08.385150
ST_032,23456,142,2026-01-18T08:47:10.607579
ST_032,35972,48,2026-01-22T07:03:56.321126
ST_032,37488A,80,2026-02-08T17:08:47.371802
ST_032,20854,26,2026-02-06T10:28:17.581271
ST_032,85071B,108,2026-02-07T16:26:01.470084
ST_032,23325,380,2026-01-29T19:50:55.083725
ST_032,90093,365,2026-01-15T07:48:37.389367
ST_032,84870B,170,2026-01-17T22:07:43.178723
ST_032,23457,315,2026-01-21T10:29:34.012191
ST_032,22900,270,2026-01-18T11:49:52.962873
ST_032,90055,216,2026-02-06T04:46:41.162925
ST_032,21507,213,2026-02-12T00:54:28.560710
ST_032,40001,47,2026-01-15T17:02:33.431404
ST_032,23497,108,2026-02-06T01:56:07.903165
ST_032,22183,314,2026-02-01T23:38:53.416951
ST_032,22645,339,2026-01-23T09:10:40.288208
ST_032,90019C,16,2026-01-17T11:14:58.114524
ST_032,21054,489,2026-01-16T10:12:10.275256
ST_032,90214O,475,2026-02-12T03:50:23.114195
ST_032,22195,214,2026-01-19T09:40:44.125491
ST_032,85225,13,2026-02-10T21:40:01.841743
ST_032,22870,167,2026-02-02T21:54:29.358852
ST_032,22244,34,2026-01-15T11:41:00.071336
ST_032,90065B,169,2026-01-15T04:35:15.621013
ST_032,22936,306,2026-01-30T23:38:17.210202
ST_032,35001W,234,2026-01-24T06:35:29.715545
ST_032,85034A,254,2026-01-31T13:20:26.048816
ST_032,23145,177,2026-02-02T10:35:17.226999
ST_032,90129A,109,2026-01-31T11:58:22.458575
ST_032,90202D,343,2026-01-20T05:58:12.358157
ST_032,37444A,76,2026-02-09T15:50:46.280771
ST_032,22069,183,2026-02-09T03:05:15.196703
ST_032,23102,269,2026-02-05T09:36:40.463006
ST_032,21622,55,2026-01-26T19:35:08.890463
ST_032,20748,428,2026-02-06T16:04:48.403078
ST_032,18097C,170,2026-02-02T10:47:42.896460
ST_032,22322,239,2026-01-22T11:47:38.936246
ST_032,21143,318,2026-01-21T22:15:41.915850
ST_032,16235,-16,2026-01-15T18:47:14.026088
ST_032,22060,221,2026-01-15T05:40:42.086064
ST_032,23390,204,2026-02-05T10:09:12.630992
ST_032,21609,26,2026-01-28T17:08:15.531832
ST_032,23190,129,2026-02-02T23:44:12.038090
ST_032,22594,478,2026-02-05T05:43:46.708730
ST_032,90198B,-26,2026-01-31T02:40:19.333350
ST_032,23209,24,2026-02-05T02:24:32.979369
ST_032,21955,128,2026-02-10T10:04:01.821353
ST_032,90190B,72,2026-02-06T18:48:55.616926
ST_032,11001,491,2026-01-23T07:01:14.139865
ST_032,21634,300,2026-01-21T22:49:00.045149
ST_032,22518,412,2026-02-06T07:27:34.649890
ST_032,22745,164,2026-01-30T02:23:39.502372
ST_032,90099,450,2026-01-19T06:54:57.752955
ST_032,35650,350,2026-01-25T19:45:18.604182
ST_032,85026B,182,2026-01-30T18:56:53.083786
ST_032,84750B,61,2026-02-10T14:06:58.454155
ST_032,90016A,399,2026-02-09T14:59:45.035567
ST_032,72741,308,2026-02-04T15:36:00.863454
ST_032,16161M,227,2026-01-22T11:22:12.127905
ST_032,21681,499,2026-01-16T03:56:08.309521
ST_032,90086,335,2026-01-28T20:01:45.038026
ST_032,21706,409,2026-01-27T09:38:59.528510
ST_032,23121,355,2026-01-16T08:43:10.520660
ST_032,22136,343,2026-01-17T19:27:09.599652
ST_032,22086,18,2026-01-18T22:20:28.165396
ST_032,84596F,297,2026-01-25T04:59:22.519597
ST_032,22545,31,2026-02-10T11:02:21.540757
ST_032,22964,479,2026-01-24T19:22:17.864283
ST_032,90155,158,2026-01-17T06:48:05.237996
ST_032,84927F,400,2026-01-29T09:24:51.195826
ST_032,22077,399,2026-01-21T02:36:01.585771
ST_032,84596B,161,2026-01-28T09:53:47.184125
ST_032,84879,-7,2026-02-06T22:01:23.764198
ST_032,84828,213,2026-01-27T03:27:29.647440
ST_032,85049G,171,2026-01-30T16:32:47.402280
ST_032,22461,154,2026-01-25T17:14:17.471600
ST_032,21275,100,2026-02-05T02:13:40.873630
ST_032,22971,163,2026-01-26T22:56:44.273657
ST_032,44235,25,2026-01-15T12:19:23.245037
ST_032,21705,-38,2026-01-24T04:06:24.192168
ST_032,23264,398,2026-02-10T04:05:02.936090
ST_032,21210,83,2026-01-24T02:55:15.640223
ST_032,84766,203,2026-01-26T07:46:51.286657
ST_032,21313,447,2026-01-20T12:51:39.619166
ST_032,21067,232,2026-01-23T09:56:33.428913
ST_032,21671,212,2026-02-09T01:55:58.460570
ST_032,84805B,437,2026-02-12T06:59:10.010039
ST_032,72709,150,2026-01-25T15:55:25.197648
ST_032,90158,480,2026-01-25T05:30:59.286018
ST_032,90120B,228,2026-02-11T22:00:36.310507
ST_032,84678,490,2026-01-30T04:10:48.895581
ST_032,23503,259,2026-01-31T03:19:17.032489
ST_032,21935,-16,2026-01-30T00:17:34.066783
ST_032,90161A,41,2026-01-26T07:32:47.991197
ST_032,22908,234,2026-01-21T14:34:07.976977
ST_032,84854,298,2026-01-27T03:15:33.985990
ST_032,17191A,388,2026-01-19T22:30:11.607754
ST_032,20868,324,2026-01-29T17:50:00.837201
ST_032,20826,330,2026-01-26T17:12:23.048675
ST_032,20971,21,2026-02-11T07:20:42.389483
ST_032,23270,239,2026-01-19T20:23:45.030054
ST_032,21946,76,2026-02-03T19:00:04.423462
ST_032,47310M,209,2026-02-01T05:16:10.048199
ST_032,37446,495,2026-01-21T08:40:06.415232
ST_032,35638A,143,2026-02-08T09:50:22.904726
ST_032,85124B,102,2026-01-24T02:15:35.307136
ST_032,90094,443,2026-02-05T14:32:53.994365
ST_032,23185,415,2026-02-06T01:43:45.434925
ST_032,17021,206,2026-01-31T23:30:41.970385
ST_032,21032,190,2026-01-22T15:03:54.055054
ST_032,23224,72,2026-01-28T16:41:50.031945
ST_032,23473,322,2026-02-12T11:54:46.940592
ST_032,22563,395,2026-01-17T04:06:15.001442
ST_032,21156,111,2026-01-31T03:28:43.083031
ST_032,22786,326,2026-01-23T12:07:27.703571
ST_032,17136A,-13,2026-02-09T02:44:11.833156
ST_032,37471,33,2026-01-21T07:05:38.020024
ST_032,16258A,396,2026-02-07T07:17:20.725020
ST_032,84915,268,2026-01-30T20:26:36.489593
ST_032,90202B,203,2026-02-07T20:58:56.448580
ST_032,90159,365,2026-01-20T01:38:38.386538
ST_032,22649,119,2026-02-04T04:46:13.401402
ST_032,84637,203,2026-01-18T20:25:56.395165
ST_032,22650,313,2026-01-25T02:50:04.344655
ST_032,22755,94,2026-02-06T00:20:01.174980
ST_032,21403,222,2026-01-28T15:52:21.804536
ST_032,23017,468,2026-01-19T00:23:50.653223
ST_032,22230,152,2026-02-07T02:03:50.131555
ST_032,90040B,141,2026-01-30T18:58:14.260490
ST_032,84465,176,2026-01-26T17:37:38.508915
ST_032,35909A,62,2026-01-21T10:29:28.882664
ST_032,16161G,-9,2026-01-29T17:57:31.630782
ST_032,22324,149,2026-02-10T10:37:18.790387
ST_032,23193,20,2026-01-28T07:29:00.388726
ST_032,23155,-50,2026-02-01T20:52:39.613739
ST_032,22602,239,2026-01-25T11:14:43.224212
ST_032,22993,335,2026-01-21T03:03:56.006817
ST_032,82582,149,2026-01-21T06:43:21.384354
ST_032,85202,428,2026-02-04T21:32:37.669250
ST_032,90021,271,2026-01-29T11:07:47.623098
ST_032,22948,265,2026-01-20T09:13:21.522326
ST_032,84192,339,2026-01-21T04:17:45.247529
ST_032,22053,114,2026-01-29T02:37:43.512274
ST_032,84600,454,2026-02-11T11:37:05.232091
ST_032,20796,318,2026-01-23T23:15:36.584098
ST_032,20697,26,2026-01-18T14:03:33.452682
ST_032,22699,226,2026-02-08T21:34:28.466317
ST_032,44091A,497,2026-01-28T22:39:55.003825
ST_032,21519,175,2026-01-28T02:02:27.102926
ST_032,22441,67,2026-01-30T20:06:59.378363
ST_032,23297,195,2026-02-01T00:46:41.658781
ST_032,21915,245,2026-02-10T13:06:45.371846
ST_032,37449,288,2026-02-08T05:08:11.686768
ST_032,21667,248,2026-01-26T01:42:10.599310
ST_032,22476,120,2026-02-04T19:13:42.222640
ST_032,46000P,499,2026-01-22T04:39:03.904842
ST_032,90003B,387,2026-01-26T23:03:08.668589
ST_032,21990,461,2026-01-19T05:17:06.903282
ST_032,82599,88,2026-01-24T11:04:23.292446
ST_032,16161P,384,2026-02-09T13:31:43.094143
ST_032,85132A,98,2026-01-20T16:30:05.181216
ST_032,84593,396,2026-01-29T06:49:59.706334
ST_032,22575,256,2026-02-08T03:02:43.101219
ST_032,23070,456,2026-02-09T05:21:43.887286
ST_032,90196B,193,2026-02-04T01:21:11.456048
ST_032,22737,437,2026-02-04T10:19:16.848098
ST_033,22876,451,2026-01-20T18:39:26.623115
ST_033,20934,50,2026-01-28T02:42:41.843166
ST_033,21682,424,2026-01-27T13:25:00.647152
ST_033,21910,257,2026-02-11T16:30:54.151076
ST_033,22158,353,2026-02-01T22:42:21.872906
ST_033,35819B,328,2026-01-14T14:20:14.833040
ST_033,20711,25,2026-01-23T05:53:35.056949
ST_033,22406,173,2026-02-12T15:10:35.038625
ST_033,90177E,216,2026-02-04T11:01:24.824120
ST_033,90123B,62,2026-02-09T12:02:37.615859
ST_033,21402,278,2026-02-07T22:05:08.138138
ST_033,21291,111,2026-02-09T23:18:35.570544
ST_033,35819P,5,2026-02-12T01:28:22.721451
ST_033,22399,285,2026-01-25T03:46:05.843426
ST_033,21261,470,2026-01-22T05:34:08.139567
ST_033,22430,70,2026-02-10T08:59:01.311435
ST_033,21918,176,2026-01-29T19:03:25.004907
ST_033,21232,483,2026-02-01T08:42:19.796673
ST_033,35610B,449,2026-01-22T11:03:56.468148
ST_033,23165,-50,2026-02-09T03:05:27.270338
ST_033,23311,263,2026-02-09T12:08:44.536923
ST_033,22896,131,2026-02-08T05:59:08.007764
ST_033,85024C,6,2026-02-07T09:29:00.141278
ST_033,23570,52,2026-01-26T20:03:16.077724
ST_033,84666,107,2026-01-25T04:04:00.804369
ST_033,21865,215,2026-01-17T11:35:58.491399
ST_033,21678,273,2026-02-08T12:44:13.643059
ST_033,20752,289,2026-01-30T15:46:31.805613
ST_033,23434,332,2026-01-19T02:54:39.151073
ST_033,22038,395,2026-01-26T06:06:48.652704
ST_033,21289,-4,2026-01-21T16:27:13.802203
ST_033,22034,214,2026-01-16T23:51:08.021834
ST_033,84660B,476,2026-01-28T04:33:36.004173
ST_033,16248B,139,2026-02-12T21:54:00.381186
ST_033,16259,328,2026-02-07T11:56:00.390789
ST_033,90125E,250,2026-01-26T23:16:55.631596
ST_033,21718,71,2026-01-19T06:10:15.573014
ST_033,35958,43,2026-02-03T23:27:40.031769
ST_033,22775,31,2026-01-21T13:49:21.457090
ST_033,84927E,0,2026-02-01T03:59:47.654006
ST_033,23412,11,2026-01-16T03:35:05.470452
ST_033,21802,397,2026-02-07T10:49:10.790691
ST_033,22700,0,2026-01-26T22:47:44.165267
ST_033,21792,460,2026-02-09T04:13:54.101499
ST_033,21126,263,2026-01-27T23:05:07.000341
ST_033,47481,491,2026-02-04T15:01:51.591987
ST_033,23000,448,2026-01-25T18:44:12.755172
ST_033,84461,320,2026-01-27T05:34:10.361854
ST_033,84963A,364,2026-02-13T12:21:09.772449
ST_033,90214Z,274,2026-01-31T20:12:49.307030
ST_033,90199C,38,2026-01-21T09:09:09.386898
ST_033,90125B,312,2026-01-21T09:09:11.377813
ST_033,22315,306,2026-01-21T21:07:19.134228
ST_033,22636,-1,2026-01-24T03:57:12.586717
ST_033,22408,405,2026-02-04T22:53:11.615663
ST_033,22517,54,2026-02-05T02:31:04.603207
ST_033,85159A,342,2026-01-25T12:34:51.458945
ST_033,23169,31,2026-02-09T19:35:47.219833
ST_033,23243,292,2026-01-28T13:19:06.910209
ST_033,84568,27,2026-01-31T06:29:31.415667
ST_033,22458,441,2026-02-02T21:31:45.133537
ST_033,21272,72,2026-01-19T10:15:42.967642
ST_033,84558A,462,2026-02-04T21:11:40.471127
ST_033,90214I,-50,2026-01-29T23:05:44.578286
ST_033,47369B,358,2026-01-25T16:50:25.078957
ST_033,23031,220,2026-02-12T11:59:19.208546
ST_033,21106,472,2026-02-02T03:08:22.744460
ST_033,84380,197,2026-02-04T23:15:52.286066
ST_033,90152A,137,2026-01-14T17:43:37.980273
ST_033,48184,427,2026-01-31T04:01:50.186966
ST_033,90039C,87,2026-02-12T01:51:33.189430
ST_033,20677,44,2026-01-19T04:29:03.697435
ST_033,85135C,492,2026-02-05T09:46:51.233438
ST_033,85045,263,2026-01-14T18:03:13.160364
ST_033,23161,33,2026-02-10T16:41:34.263502
ST_033,23255,94,2026-01-17T08:16:30.536263
ST_033,23694,24,2026-01-23T03:31:40.826216
ST_033,90100,445,2026-02-06T07:19:13.719958
ST_033,84798A,-50,2026-01-25T18:52:29.807689
ST_033,22880,-48,2026-02-08T09:17:47.702748
ST_033,21369,168,2026-01-24T09:42:40.476703
ST_033,23100,476,2026-01-24T04:19:47.507128
ST_033,85211,187,2026-02-09T11:45:30.780547
ST_033,84659A,414,2026-02-04T11:07:06.727152
ST_033,22655,255,2026-02-02T18:55:21.323908
ST_033,35599D,347,2026-01-25T08:10:07.636418
ST_033,84905,102,2026-02-08T21:11:43.350332
ST_033,21086,268,2026-01-28T15:39:42.382291
ST_033,23252,47,2026-01-21T05:51:53.818479
ST_033,22623,-38,2026-01-27T01:27:44.178193
ST_033,M,-38,2026-01-28T23:36:35.598879
ST_033,23356,335,2026-02-05T05:38:27.328504
ST_033,35004P,447,2026-01-18T18:56:22.889158
ST_033,21377,-18,2026-01-28T12:41:58.839235
ST_033,21696,450,2026-01-23T03:33:39.344523
ST_033,20974,78,2026-02-08T15:01:17.135741
ST_033,85200,-3,2026-01-27T03:15:47.336258
ST_033,22702,407,2026-01-21T13:41:04.194551
ST_033,21499,137,2026-02-08T09:20:28.604872
ST_033,22057,175,2026-01-28T16:36:30.670533
ST_033,47590A,386,2026-02-04T00:49:14.544818
ST_033,22558,306,2026-01-21T01:50:36.745500
ST_033,21986,269,2026-01-24T03:33:23.018212
ST_033,22112,400,2026-01-25T19:35:29.007706
ST_033,23004,286,2026-01-31T19:45:27.434952
ST_033,22444,361,2026-01-26T02:26:55.422423
ST_033,22346,82,2026-02-08T22:36:03.730453
ST_033,72598,246,2026-02-11T23:02:03.995544
ST_033,23345,61,2026-01-29T11:52:33.054693
ST_033,23191,395,2026-02-02T18:32:51.399057
ST_033,23495,-50,2026-01-16T06:14:41.115191
ST_033,22260,316,2026-02-06T04:02:57.936831
ST_033,23181,19,2026-01-28T06:01:51.681316
ST_033,23553,462,2026-01-15T12:02:32.958201
ST_033,21418,390,2026-01-19T20:40:07.786503
ST_033,21816,343,2026-01-29T16:27:46.849666
ST_033,90042A,238,2026-02-11T12:37:09.493891
ST_033,85178,74,2026-02-08T20:47:24.565228
ST_033,47578A,11,2026-01-20T04:08:24.125967
ST_033,23254,-31,2026-02-10T10:28:25.332078
ST_033,71496A,323,2026-01-15T10:50:03.082263
ST_033,22897,487,2026-01-20T14:28:12.885743
ST_033,21426,24,2026-02-10T20:35:04.020163
ST_033,20668,264,2026-01-22T20:57:48.509765
ST_033,84707B,27,2026-02-07T20:39:44.591135
ST_033,21462,159,2026-02-05T07:15:40.771164
ST_033,22886,23,2026-02-06T16:49:58.317537
ST_033,35964,367,2026-01-23T00:55:50.578377
ST_033,23419,181,2026-01-28T19:18:31.067931
ST_033,84922,8,2026-02-06T10:10:28.397733
ST_033,22716,338,2026-02-06T10:01:50.157434
ST_033,21867,-1,2026-02-05T07:22:11.962939
ST_033,21015,401,2026-01-17T01:04:14.009717
ST_033,85131B,327,2026-02-10T08:28:47.773466
ST_033,23456,286,2026-01-28T15:52:18.633910
ST_033,35972,478,2026-02-02T22:58:04.761159
ST_033,37488A,234,2026-01-15T12:44:57.329663
ST_033,20854,396,2026-01-26T23:36:51.244318
ST_033,85071B,77,2026-02-10T21:31:32.529210
ST_033,23325,363,2026-01-28T20:39:48.618733
ST_033,90093,214,2026-02-03T00:38:26.187811
ST_033,84870B,226,2026-02-05T03:44:23.125908
ST_033,23457,19,2026-02-05T19:12:55.626710
ST_033,22900,248,2026-01-29T20:40:05.664332
ST_033,90055,175,2026-02-08T00:48:04.172352
ST_033,21507,184,2026-01-29T09:34:43.004936
ST_033,40001,271,2026-01-23T14:09:45.859924
ST_033,23497,347,2026-01-27T04:30:30.572971
ST_033,22183,43,2026-02-02T10:10:08.408505
ST_033,22645,173,2026-02-11T19:56:34.488842
ST_033,90019C,158,2026-01-28T10:28:59.135229
ST_033,21054,375,2026-01-27T05:32:37.590088
ST_033,90214O,314,2026-02-09T05:38:10.408602
ST_033,22195,214,2026-01-29T20:17:35.759475
ST_033,85225,406,2026-01-25T02:47:36.616061
ST_033,22870,4,2026-01-25T11:07:10.173948
ST_033,22244,430,2026-01-29T08:33:48.366560
ST_033,90065B,273,2026-01-31T11:01:50.959137
ST_033,22936,-50,2026-02-04T22:16:10.822296
ST_033,35001W,261,2026-01-22T03:19:51.369647
ST_033,85034A,-29,2026-01-26T07:46:44.485216
ST_033,23145,145,2026-01-14T20:27:42.894993
ST_033,90129A,-20,2026-01-23T11:23:44.820982
ST_033,90202D,175,2026-01-14T19:59:51.985821
ST_033,37444A,-18,2026-01-24T19:40:53.568962
ST_033,22069,298,2026-02-09T11:10:54.373193
ST_033,23102,408,2026-01-31T13:55:07.383698
ST_033,21622,181,2026-02-12T17:20:20.481467
ST_033,20748,363,2026-02-11T04:41:51.029427
ST_033,18097C,222,2026-02-08T05:05:35.638539
ST_033,22322,8,2026-01-29T03:40:30.778796
ST_033,21143,234,2026-02-11T07:36:04.396456
ST_033,16235,189,2026-01-24T03:29:57.090429
ST_033,22060,496,2026-01-29T15:52:46.729801
ST_033,23390,9,2026-02-03T05:10:03.940490
ST_033,21609,71,2026-01-16T12:57:06.528740
ST_033,23190,500,2026-01-16T00:34:36.369717
ST_033,22594,48,2026-01-22T20:08:00.734452
ST_033,90198B,325,2026-01-28T05:29:33.190063
ST_033,23209,252,2026-01-18T15:32:38.072819
ST_033,21955,346,2026-01-19T17:09:12.510323
ST_033,90190B,235,2026-02-08T09:02:37.407635
ST_033,11001,-3,2026-02-04T09:09:43.742893
ST_033,21634,386,2026-01-15T04:45:08.914224
ST_033,22518,64,2026-02-01T04:28:27.482088
ST_033,22745,278,2026-02-07T05:18:49.594334
ST_033,90099,349,2026-02-01T00:05:27.856732
ST_033,35650,215,2026-01-22T20:10:48.562426
ST_033,85026B,265,2026-02-11T17:06:30.505308
ST_033,84750B,39,2026-02-01T19:37:51.083222
ST_033,90016A,-22,2026-01-27T03:38:50.431955
ST_033,72741,3,2026-02-12T14:30:45.026497
ST_033,16161M,239,2026-01-25T07:17:35.675564
ST_033,21681,72,2026-01-23T14:30:24.659318
ST_033,90086,312,2026-01-17T09:02:26.022643
ST_033,21706,279,2026-02-07T22:20:16.559261
ST_033,23121,13,2026-02-04T19:21:27.115669
ST_033,22136,191,2026-01-23T13:15:41.473161
ST_033,22086,14,2026-01-28T16:15:37.251533
ST_033,84596F,212,2026-01-29T20:44:15.962346
ST_033,22545,131,2026-02-05T06:43:03.963314
ST_033,22964,240,2026-01-14T17:48:33.074283
ST_033,90155,455,2026-01-27T01:52:42.524662
ST_033,84927F,58,2026-01-31T20:24:57.108935
ST_033,22077,0,2026-01-29T17:35:26.027472
ST_033,84596B,135,2026-01-30T14:01:21.072170
ST_033,84879,115,2026-01-23T15:20:53.891679
ST_033,84828,148,2026-01-20T02:15:50.311631
ST_033,85049G,176,2026-01-17T06:20:50.858809
ST_033,22461,171,2026-01-20T19:49:27.702326
ST_033,21275,-22,2026-01-16T20:03:23.047818
ST_033,22971,204,2026-02-05T11:44:38.051567
ST_033,44235,376,2026-01-20T11:46:01.806005
ST_033,21705,192,2026-02-04T18:37:07.015323
ST_033,23264,91,2026-01-21T12:04:46.719805
ST_033,21210,136,2026-01-18T14:53:19.432547
ST_033,84766,93,2026-01-26T22:24:42.536616
ST_033,21313,71,2026-01-18T16:43:16.790488
ST_033,21067,53,2026-01-26T01:59:05.662915
ST_033,21671,-26,2026-01-28T10:33:56.515212
ST_033,84805B,368,2026-01-24T10:58:53.845162
ST_033,72709,209,2026-01-24T16:27:08.410239
ST_033,90158,308,2026-01-24T17:40:59.209944
ST_033,90120B,266,2026-01-27T21:42:28.931681
ST_033,84678,20,2026-02-07T16:42:15.359449
ST_033,23503,150,2026-01-22T08:06:12.252436
ST_033,21935,385,2026-01-14T13:57:26.492582
ST_033,90161A,182,2026-02-04T13:53:16.648009
ST_033,22908,374,2026-02-07T08:44:53.904732
ST_033,84854,326,2026-02-10T16:56:35.796619
ST_033,17191A,384,2026-01-23T15:56:56.045463
ST_033,20868,181,2026-02-04T17:58:49.862348
ST_033,20826,392,2026-01-18T19:26:43.967002
ST_033,20971,28,2026-02-10T23:56:57.003235
ST_033,23270,80,2026-01-21T04:01:31.250023
ST_033,21946,26,2026-02-09T22:45:41.967167
ST_033,47310M,167,2026-01-19T09:49:40.011933
ST_033,37446,488,2026-01-22T13:52:05.465373
ST_033,35638A,442,2026-01-25T23:11:58.564934
ST_033,85124B,480,2026-01-24T21:19:52.206748
ST_033,90094,137,2026-02-01T22:47:52.641550
ST_033,23185,284,2026-02-10T00:22:40.433882
ST_033,17021,496,2026-02-05T02:30:56.146141
ST_033,21032,-28,2026-01-30T15:22:45.025026
ST_033,23224,210,2026-02-11T01:50:44.936723
ST_033,23473,374,2026-01-20T03:59:10.284640
ST_033,22563,88,2026-02-01T19:46:43.693007
ST_033,21156,327,2026-01-26T08:28:31.683693
ST_033,22786,488,2026-02-08T23:54:11.316237
ST_033,17136A,242,2026-01-19T08:15:46.832504
ST_033,37471,318,2026-01-20T12:56:48.909322
ST_033,16258A,168,2026-01-31T14:34:09.077943
ST_033,84915,114,2026-01-16T20:19:57.912174
ST_033,90202B,493,2026-02-03T18:28:15.323985
ST_033,90159,154,2026-02-08T01:54:43.357918
ST_033,22649,48,2026-01-20T03:42:21.930557
ST_033,84637,11,2026-02-13T03:38:47.488200
ST_033,22650,195,2026-02-04T01:17:20.439320
ST_033,22755,49,2026-01-17T16:55:18.458070
ST_033,21403,395,2026-01-27T20:16:01.736741
ST_033,23017,440,2026-01-17T20:37:58.121202
ST_033,22230,-34,2026-01-18T14:17:16.581969
ST_033,90040B,3,2026-01-27T01:21:29.856801
ST_033,84465,393,2026-01-21T13:35:50.245653
ST_033,35909A,-9,2026-02-06T11:28:37.568666
ST_033,16161G,177,2026-01-16T04:34:28.269060
ST_033,22324,84,2026-01-20T05:01:03.202957
ST_033,23193,453,2026-01-23T14:49:23.866700
ST_033,23155,380,2026-02-01T23:15:06.216512
ST_033,22602,450,2026-01-25T10:27:57.361753
ST_033,22993,189,2026-01-18T14:00:25.666442
ST_033,82582,306,2026-01-28T03:43:41.807301
ST_033,85202,55,2026-02-05T04:11:39.690816
ST_033,90021,455,2026-02-08T13:18:20.831101
ST_033,22948,408,2026-02-03T06:44:02.628476
ST_033,84192,269,2026-01-26T18:56:17.653647
ST_033,22053,166,2026-01-30T19:37:06.701028
ST_033,84600,10,2026-02-07T15:13:18.254824
ST_033,20796,82,2026-01-27T05:49:10.874465
ST_033,20697,-45,2026-01-20T11:55:44.481062
ST_033,22699,69,2026-02-03T13:03:03.367728
ST_033,44091A,88,2026-01-15T14:26:07.000271
ST_033,21519,252,2026-01-22T15:11:19.660843
ST_033,22441,266,2026-01-21T16:09:37.956206
ST_033,23297,220,2026-02-08T04:33:44.463141
ST_033,21915,423,2026-01-21T22:45:24.826964
ST_033,37449,472,2026-01-27T09:07:28.262755
ST_033,21667,-42,2026-02-01T16:20:24.974181
ST_033,22476,384,2026-01-25T15:15:57.901027
ST_033,46000P,93,2026-02-02T12:52:52.661573
ST_033,90003B,-44,2026-01-30T11:00:32.446606
ST_033,21990,499,2026-02-05T03:20:01.555266
ST_033,82599,138,2026-01-29T03:29:38.008212
ST_033,16161P,362,2026-01-18T08:15:10.805464
ST_033,85132A,288,2026-01-31T16:28:36.796514
ST_033,84593,188,2026-01-22T22:23:38.116848
ST_033,22575,23,2026-02-05T09:38:04.314941
ST_033,23070,-20,2026-02-10T04:34:30.542158
ST_033,90196B,286,2026-01-24T03:08:02.741158
ST_033,22737,-40,2026-02-08T05:10:00.877120
ST_034,22876,427,2026-01-14T19:34:15.632083
ST_034,20934,-29,2026-01-28T21:48:17.873220
ST_034,21682,119,2026-01-18T22:05:35.462552
ST_034,21910,101,2026-01-22T02:44:18.587024
ST_034,22158,227,2026-02-13T01:31:40.052985
ST_034,35819B,86,2026-01-21T10:21:38.896435
ST_034,20711,201,2026-02-11T04:06:33.089678
ST_034,22406,381,2026-02-02T20:28:02.789194
ST_034,90177E,249,2026-01-21T07:36:08.514835
ST_034,90123B,52,2026-01-24T09:17:13.669128
ST_034,21402,213,2026-01-18T12:06:54.201382
ST_034,21291,324,2026-01-15T14:26:59.441258
ST_034,35819P,351,2026-01-25T16:28:04.621613
ST_034,22399,468,2026-01-28T03:50:21.574353
ST_034,21261,372,2026-02-09T16:06:07.901901
ST_034,22430,329,2026-01-17T02:35:57.056654
ST_034,21918,266,2026-01-31T11:18:56.649760
ST_034,21232,384,2026-02-07T22:24:38.930197
ST_034,35610B,250,2026-01-30T05:54:53.584108
ST_034,23165,311,2026-01-29T15:06:11.231389
ST_034,23311,391,2026-02-05T14:04:52.692931
ST_034,22896,393,2026-02-02T21:02:23.072475
ST_034,85024C,437,2026-01-19T07:03:40.137297
ST_034,23570,235,2026-02-12T20:29:07.945209
ST_034,84666,421,2026-01-22T20:16:57.896688
ST_034,21865,30,2026-01-31T19:42:33.420525
ST_034,21678,225,2026-01-29T11:25:57.089036
ST_034,20752,255,2026-01-29T16:00:27.927954
ST_034,23434,429,2026-02-05T08:08:48.702464
ST_034,22038,227,2026-01-24T22:43:54.534629
ST_034,21289,328,2026-01-28T15:23:26.557630
ST_034,22034,29,2026-01-23T22:34:23.103645
ST_034,84660B,248,2026-02-03T20:41:07.253120
ST_034,16248B,-39,2026-02-02T02:37:49.172086
ST_034,16259,170,2026-02-11T13:21:03.949446
ST_034,90125E,469,2026-01-30T20:33:26.061370
ST_034,21718,463,2026-02-03T05:44:29.902556
ST_034,35958,479,2026-02-02T08:22:54.751521
ST_034,22775,216,2026-01-16T01:22:24.823113
ST_034,84927E,274,2026-02-03T03:18:15.833405
ST_034,23412,363,2026-01-19T03:33:19.367647
ST_034,21802,372,2026-01-16T20:42:32.226329
ST_034,22700,414,2026-01-29T01:11:52.337186
ST_034,21792,304,2026-02-12T17:03:47.316793
ST_034,21126,325,2026-01-30T18:31:07.372345
ST_034,47481,266,2026-01-19T18:24:30.667052
ST_034,23000,386,2026-02-01T15:37:53.257240
ST_034,84461,-8,2026-01-21T23:08:42.297267
ST_034,84963A,76,2026-01-15T00:19:14.241954
ST_034,90214Z,137,2026-01-24T13:55:11.028130
ST_034,90199C,130,2026-01-15T16:54:19.036866
ST_034,90125B,430,2026-02-04T13:45:40.233562
ST_034,22315,288,2026-01-14T17:27:14.866445
ST_034,22636,466,2026-01-28T05:57:31.473917
ST_034,22408,92,2026-02-01T07:00:23.497313
ST_034,22517,163,2026-02-01T10:54:29.154787
ST_034,85159A,398,2026-02-03T15:12:05.753049
ST_034,23169,147,2026-02-02T16:59:03.533141
ST_034,23243,402,2026-02-01T07:57:18.286745
ST_034,84568,-24,2026-01-16T03:52:36.110897
ST_034,22458,108,2026-01-18T01:07:49.576582
ST_034,21272,-10,2026-01-18T08:16:13.114625
ST_034,84558A,223,2026-02-06T04:59:23.953154
ST_034,90214I,356,2026-02-11T08:37:32.802027
ST_034,47369B,334,2026-01-25T14:44:23.910453
ST_034,23031,70,2026-02-10T02:05:13.278396
ST_034,21106,456,2026-02-12T01:09:27.339907
ST_034,84380,100,2026-01-16T07:42:09.787531
ST_034,90152A,500,2026-02-03T03:32:22.711054
ST_034,48184,303,2026-01-30T22:48:51.051366
ST_034,90039C,117,2026-02-12T10:39:24.520200
ST_034,20677,349,2026-01-27T04:55:54.616848
ST_034,85135C,-33,2026-02-03T17:21:51.543890
ST_034,85045,38,2026-01-25T10:13:51.783895
ST_034,23161,25,2026-01-19T15:43:27.308104
ST_034,23255,143,2026-02-13T08:26:57.345458
ST_034,23694,499,2026-01-21T10:55:11.112850
ST_034,90100,378,2026-02-09T22:06:00.226234
ST_034,84798A,90,2026-02-02T23:19:55.668273
ST_034,22880,353,2026-01-22T04:13:32.896630
ST_034,21369,301,2026-02-11T00:28:59.815959
ST_034,23100,340,2026-01-22T17:41:46.309999
ST_034,85211,135,2026-01-25T09:36:33.399491
ST_034,84659A,310,2026-02-04T04:38:53.114546
ST_034,22655,424,2026-01-15T17:28:59.472276
ST_034,35599D,29,2026-01-15T10:28:44.379889
ST_034,84905,127,2026-01-23T16:46:21.218051
ST_034,21086,494,2026-01-22T07:58:55.341973
ST_034,23252,-23,2026-02-01T16:06:12.828398
ST_034,22623,-41,2026-01-21T07:19:02.622923
ST_034,M,6,2026-02-01T04:38:19.435625
ST_034,23356,409,2026-01-20T03:16:00.214094
ST_034,35004P,357,2026-02-02T14:47:04.297352
ST_034,21377,205,2026-02-06T19:00:23.392270
ST_034,21696,424,2026-02-10T09:36:53.497087
ST_034,20974,-31,2026-01-27T17:59:51.503704
ST_034,85200,432,2026-02-03T12:46:13.274942
ST_034,22702,166,2026-01-27T15:41:46.059399
ST_034,21499,29,2026-01-22T06:26:48.623493
ST_034,22057,156,2026-01-27T08:18:28.279222
ST_034,47590A,210,2026-02-01T17:39:00.366626
ST_034,22558,257,2026-01-17T03:08:19.225354
ST_034,21986,230,2026-01-24T23:40:43.981302
ST_034,22112,181,2026-01-26T02:16:51.282125
ST_034,23004,-13,2026-01-23T08:35:23.790867
ST_034,22444,249,2026-01-26T19:04:49.616941
ST_034,22346,287,2026-01-20T22:03:52.023109
ST_034,72598,413,2026-02-01T18:45:11.771395
ST_034,23345,231,2026-02-03T20:11:28.928190
ST_034,23191,72,2026-01-18T20:12:29.513991
ST_034,23495,264,2026-01-29T01:46:40.554242
ST_034,22260,79,2026-01-16T22:20:11.696422
ST_034,23181,43,2026-01-28T17:10:00.061083
ST_034,23553,336,2026-01-18T11:26:08.069085
ST_034,21418,10,2026-02-06T07:03:25.893537
ST_034,21816,26,2026-01-25T20:59:39.112566
ST_034,90042A,309,2026-01-26T00:00:13.090808
ST_034,85178,290,2026-02-10T04:42:50.943590
ST_034,47578A,179,2026-02-07T22:22:25.867045
ST_034,23254,59,2026-01-17T01:24:03.344745
ST_034,71496A,6,2026-01-20T06:21:16.155607
ST_034,22897,260,2026-02-02T23:47:46.704253
ST_034,21426,45,2026-01-25T11:02:11.006250
ST_034,20668,271,2026-01-28T14:47:55.020046
ST_034,84707B,51,2026-01-25T01:30:48.267151
ST_034,21462,-46,2026-02-02T17:20:51.012417
ST_034,22886,362,2026-01-22T09:37:54.479254
ST_034,35964,463,2026-02-11T14:41:07.888077
ST_034,23419,306,2026-01-25T18:53:04.823482
ST_034,84922,46,2026-01-26T18:24:00.901701
ST_034,22716,186,2026-01-17T11:23:56.123173
ST_034,21867,443,2026-02-10T16:12:06.229225
ST_034,21015,272,2026-01-24T13:25:02.783435
ST_034,85131B,88,2026-01-19T16:14:43.146224
ST_034,23456,-30,2026-02-13T09:56:11.566413
ST_034,35972,203,2026-02-01T17:12:10.099930
ST_034,37488A,49,2026-02-05T15:55:42.532019
ST_034,20854,310,2026-02-04T20:27:58.124854
ST_034,85071B,487,2026-01-31T15:51:32.964789
ST_034,23325,459,2026-01-16T10:13:08.904826
ST_034,90093,435,2026-01-26T04:02:25.415156
ST_034,84870B,450,2026-01-20T04:38:22.005136
ST_034,23457,394,2026-02-06T13:51:08.764897
ST_034,22900,428,2026-01-25T03:41:45.049115
ST_034,90055,268,2026-01-18T16:47:41.549103
ST_034,21507,357,2026-02-03T16:57:30.135771
ST_034,40001,392,2026-02-13T01:21:31.001412
ST_034,23497,50,2026-01-20T01:16:16.047122
ST_034,22183,24,2026-01-22T17:44:31.626771
ST_034,22645,396,2026-02-04T12:36:39.654424
ST_034,90019C,132,2026-01-24T19:18:32.347825
ST_034,21054,253,2026-01-21T08:07:43.904276
ST_034,90214O,213,2026-02-12T21:54:33.807972
ST_034,22195,379,2026-01-28T18:49:07.045037
ST_034,85225,180,2026-01-15T14:41:52.765045
ST_034,22870,465,2026-01-15T20:05:55.690516
ST_034,22244,-36,2026-02-10T12:17:06.371989
ST_034,90065B,405,2026-01-22T14:20:14.128258
ST_034,22936,-46,2026-02-05T05:41:18.354630
ST_034,35001W,325,2026-01-21T20:01:06.586845
ST_034,85034A,191,2026-02-02T06:27:16.820716
ST_034,23145,456,2026-02-01T18:30:50.083521
ST_034,90129A,445,2026-01-27T20:25:13.805406
ST_034,90202D,50,2026-02-07T18:54:02.426816
ST_034,37444A,492,2026-01-21T14:16:53.144804
ST_034,22069,230,2026-02-02T10:53:44.149417
ST_034,23102,110,2026-01-29T00:33:46.844480
ST_034,21622,-23,2026-02-05T09:29:00.329591
ST_034,20748,467,2026-01-28T13:43:48.101722
ST_034,18097C,255,2026-01-22T04:54:24.603596
ST_034,22322,65,2026-01-28T06:54:52.504571
ST_034,21143,188,2026-01-17T14:25:48.777565
ST_034,16235,477,2026-01-21T10:18:53.805806
ST_034,22060,478,2026-02-06T22:02:32.936971
ST_034,23390,418,2026-02-08T20:47:20.992799
ST_034,21609,282,2026-02-02T03:15:36.845899
ST_034,23190,356,2026-02-07T03:30:45.630339
ST_034,22594,281,2026-01-27T11:52:08.365214
ST_034,90198B,188,2026-02-07T16:57:34.302738
ST_034,23209,211,2026-01-24T09:38:43.699236
ST_034,21955,271,2026-01-15T18:01:25.832021
ST_034,90190B,477,2026-02-04T04:52:14.476987
ST_034,11001,279,2026-01-31T01:32:40.381425
ST_034,21634,12,2026-01-28T01:46:40.776068
ST_034,22518,432,2026-01-16T11:30:11.993470
ST_034,22745,471,2026-02-06T09:35:10.569190
ST_034,90099,200,2026-02-12T06:17:23.915951
ST_034,35650,-32,2026-01-17T02:31:38.517514
ST_034,85026B,92,2026-02-13T10:36:10.820327
ST_034,84750B,202,2026-02-01T15:51:11.185264
ST_034,90016A,439,2026-01-26T09:40:41.743226
ST_034,72741,-8,2026-02-01T08:38:48.962645
ST_034,16161M,377,2026-02-07T03:10:56.908506
ST_034,21681,6,2026-02-03T23:51:06.541250
ST_034,90086,35,2026-02-01T06:37:41.231852
ST_034,21706,319,2026-01-25T21:32:10.170171
ST_034,23121,359,2026-02-08T03:20:35.605175
ST_034,22136,217,2026-02-03T09:15:24.827554
ST_034,22086,-9,2026-01-22T09:47:42.826637
ST_034,84596F,128,2026-01-29T03:13:45.670399
ST_034,22545,-32,2026-01-30T02:40:34.965283
ST_034,22964,17,2026-01-21T04:46:05.002115
ST_034,90155,159,2026-01-16T06:27:12.384131
ST_034,84927F,8,2026-02-09T05:36:57.778867
ST_034,22077,495,2026-01-31T08:13:40.377505
ST_034,84596B,266,2026-01-29T08:01:06.068536
ST_034,84879,148,2026-01-21T04:14:41.344427
ST_034,84828,158,2026-02-09T17:23:19.168810
ST_034,85049G,137,2026-01-19T00:49:32.449165
ST_034,22461,459,2026-01-28T16:41:32.865180
ST_034,21275,10,2026-01-24T00:04:41.328784
ST_034,22971,195,2026-01-17T21:41:57.736991
ST_034,44235,-39,2026-01-29T12:53:38.538698
ST_034,21705,23,2026-02-01T05:34:07.938541
ST_034,23264,153,2026-02-08T22:51:31.385780
ST_034,21210,302,2026-02-01T00:44:26.610021
ST_034,84766,7,2026-01-17T14:09:32.906856
ST_034,21313,359,2026-01-21T05:00:50.551569
ST_034,21067,10,2026-02-06T10:57:38.386496
ST_034,21671,480,2026-01-21T03:55:00.841446
ST_034,84805B,-12,2026-01-22T05:13:07.808761
ST_034,72709,307,2026-01-20T19:41:41.616621
ST_034,90158,2,2026-02-04T08:04:59.038616
ST_034,90120B,380,2026-01-22T20:51:08.852685
ST_034,84678,402,2026-01-24T22:37:02.652818
ST_034,23503,41,2026-01-28T09:31:12.129237
ST_034,21935,388,2026-01-17T16:36:53.317829
ST_034,90161A,196,2026-01-21T02:48:50.510756
ST_034,22908,499,2026-02-02T17:28:42.107745
ST_034,84854,-2,2026-02-01T20:08:44.666286
ST_034,17191A,154,2026-01-26T07:06:58.945199
ST_034,20868,394,2026-01-25T18:26:05.379151
ST_034,20826,448,2026-01-26T06:55:05.153885
ST_034,20971,324,2026-01-27T14:49:53.616047
ST_034,23270,379,2026-01-21T01:19:43.757068
ST_034,21946,67,2026-02-07T14:27:31.848574
ST_034,47310M,306,2026-02-10T02:30:55.686908
ST_034,37446,471,2026-01-15T13:45:09.210584
ST_034,35638A,464,2026-02-01T00:41:26.547549
ST_034,85124B,71,2026-01-27T10:10:03.313208
ST_034,90094,405,2026-01-20T22:40:56.237832
ST_034,23185,-16,2026-01-17T07:54:23.509924
ST_034,17021,119,2026-01-15T17:00:48.050930
ST_034,21032,323,2026-02-05T14:20:36.610456
ST_034,23224,323,2026-01-14T14:47:55.863963
ST_034,23473,44,2026-01-31T15:02:22.390028
ST_034,22563,0,2026-01-17T07:59:14.982099
ST_034,21156,264,2026-01-19T16:40:23.254347
ST_034,22786,-18,2026-01-15T10:48:20.042564
ST_034,17136A,332,2026-01-26T17:34:20.349608
ST_034,37471,195,2026-02-10T09:44:50.159496
ST_034,16258A,152,2026-01-27T18:09:23.297320
ST_034,84915,404,2026-01-16T17:08:29.394816
ST_034,90202B,-28,2026-02-13T01:00:35.360395
ST_034,90159,141,2026-01-25T17:58:29.685685
ST_034,22649,242,2026-01-31T02:35:20.611173
ST_034,84637,185,2026-01-18T16:36:48.761468
ST_034,22650,156,2026-01-20T06:55:50.430922
ST_034,22755,137,2026-01-14T20:55:02.363033
ST_034,21403,277,2026-02-11T18:02:43.120899
ST_034,23017,-45,2026-01-28T07:20:13.362870
ST_034,22230,46,2026-01-15T07:29:47.225000
ST_034,90040B,51,2026-01-16T17:05:11.142262
ST_034,84465,-1,2026-02-10T09:18:44.144835
ST_034,35909A,434,2026-01-25T06:08:46.654206
ST_034,16161G,399,2026-02-12T21:38:55.464931
ST_034,22324,350,2026-02-03T14:18:32.616801
ST_034,23193,246,2026-02-04T01:57:47.629592
ST_034,23155,290,2026-02-09T09:52:44.164064
ST_034,22602,312,2026-01-14T16:05:05.502502
ST_034,22993,97,2026-01-27T22:31:46.868527
ST_034,82582,185,2026-02-02T15:53:11.585839
ST_034,85202,254,2026-02-11T17:55:41.847212
ST_034,90021,366,2026-01-27T22:06:39.047998
ST_034,22948,330,2026-01-18T01:20:36.953173
ST_034,84192,50,2026-02-11T03:56:54.908248
ST_034,22053,33,2026-01-23T17:58:29.716035
ST_034,84600,349,2026-01-27T19:21:09.636505
ST_034,20796,350,2026-01-17T05:09:58.645714
ST_034,20697,50,2026-01-24T07:38:40.505294
ST_034,22699,36,2026-01-26T07:12:45.318344
ST_034,44091A,211,2026-02-06T22:31:05.488323
ST_034,21519,85,2026-01-20T09:55:09.527493
ST_034,22441,87,2026-01-14T14:44:31.962611
ST_034,23297,449,2026-02-11T04:16:26.185722
ST_034,21915,222,2026-01-18T06:49:10.561754
ST_034,37449,37,2026-01-26T18:15:29.387324
ST_034,21667,76,2026-01-17T23:28:44.422800
ST_034,22476,165,2026-02-02T18:27:37.069935
ST_034,46000P,90,2026-01-19T01:12:17.314287
ST_034,90003B,81,2026-02-13T02:28:58.053294
ST_034,21990,-23,2026-01-17T16:47:50.093525
ST_034,82599,483,2026-02-04T07:32:12.367492
ST_034,16161P,28,2026-01-18T16:14:22.140420
ST_034,85132A,391,2026-02-04T08:43:02.550016
ST_034,84593,476,2026-01-27T17:36:00.914493
ST_034,22575,115,2026-01-31T17:10:39.039594
ST_034,23070,305,2026-01-25T13:33:39.844222
ST_034,90196B,50,2026-01-29T13:51:18.748074
ST_034,22737,209,2026-02-08T01:04:19.952830
ST_035,22876,63,2026-02-05T05:34:56.267592
ST_035,20934,248,2026-02-09T03:54:07.012010
ST_035,21682,294,2026-02-12T06:31:02.131200
ST_035,21910,456,2026-01-20T22:24:26.327950
ST_035,22158,-32,2026-02-06T16:15:45.537420
ST_035,35819B,126,2026-02-04T11:57:57.328331
ST_035,20711,75,2026-02-02T14:24:43.298971
ST_035,22406,338,2026-01-16T03:35:20.123533
ST_035,90177E,300,2026-01-28T10:56:52.194381
ST_035,90123B,215,2026-02-09T05:46:02.987142
ST_035,21402,486,2026-02-01T06:49:55.829619
ST_035,21291,140,2026-02-12T16:44:30.559516
ST_035,35819P,69,2026-01-31T23:01:56.817587
ST_035,22399,299,2026-01-28T05:08:04.488183
ST_035,21261,100,2026-01-31T07:03:33.131144
ST_035,22430,186,2026-02-12T17:38:23.910196
ST_035,21918,414,2026-01-18T20:08:43.034779
ST_035,21232,125,2026-02-05T12:56:34.196577
ST_035,35610B,53,2026-02-03T04:24:33.384265
ST_035,23165,499,2026-01-14T15:10:20.668718
ST_035,23311,-5,2026-02-06T08:08:50.072675
ST_035,22896,458,2026-02-11T00:53:50.198895
ST_035,85024C,100,2026-02-06T07:25:20.913841
ST_035,23570,120,2026-01-17T19:06:29.903572
ST_035,84666,376,2026-01-21T09:38:28.684399
ST_035,21865,361,2026-01-24T10:13:59.582557
ST_035,21678,-22,2026-01-19T06:03:11.094631
ST_035,20752,227,2026-01-14T20:29:53.934442
ST_035,23434,116,2026-01-15T08:35:00.239795
ST_035,22038,11,2026-02-06T16:18:10.702426
ST_035,21289,113,2026-01-26T18:24:15.883910
ST_035,22034,168,2026-01-20T08:49:12.880055
ST_035,84660B,173,2026-01-29T11:04:45.742055
ST_035,16248B,390,2026-02-12T17:56:18.502572
ST_035,16259,386,2026-01-23T14:29:56.728844
ST_035,90125E,431,2026-01-26T05:51:37.264776
ST_035,21718,-18,2026-02-01T14:15:56.932328
ST_035,35958,10,2026-01-22T15:37:32.540365
ST_035,22775,434,2026-01-17T03:27:34.550470
ST_035,84927E,113,2026-01-15T20:30:05.854127
ST_035,23412,488,2026-02-10T21:51:38.596174
ST_035,21802,202,2026-02-02T04:08:12.864607
ST_035,22700,396,2026-02-13T01:28:06.205378
ST_035,21792,405,2026-02-01T05:29:58.156964
ST_035,21126,172,2026-02-05T23:03:35.204653
ST_035,47481,209,2026-01-30T21:17:43.567808
ST_035,23000,120,2026-01-27T20:03:19.175807
ST_035,84461,168,2026-02-09T08:59:33.617871
ST_035,84963A,104,2026-02-04T02:36:43.215562
ST_035,90214Z,80,2026-01-19T22:50:31.406147
ST_035,90199C,205,2026-01-17T17:54:46.572887
ST_035,90125B,443,2026-01-16T23:27:18.552142
ST_035,22315,47,2026-02-01T00:24:25.775267
ST_035,22636,227,2026-01-21T02:20:38.085044
ST_035,22408,493,2026-01-17T18:07:31.474159
ST_035,22517,468,2026-01-18T22:32:08.970613
ST_035,85159A,350,2026-02-06T23:54:11.949424
ST_035,23169,226,2026-01-24T11:13:53.638819
ST_035,23243,183,2026-01-31T10:21:00.121496
ST_035,84568,300,2026-01-22T00:49:20.064080
ST_035,22458,41,2026-01-30T19:44:30.178893
ST_035,21272,124,2026-01-30T01:47:12.206528
ST_035,84558A,7,2026-02-12T11:48:46.622567
ST_035,90214I,58,2026-01-28T04:15:36.201175
ST_035,47369B,15,2026-01-23T17:06:51.664876
ST_035,23031,405,2026-02-09T02:46:06.978871
ST_035,21106,362,2026-01-29T17:10:58.396828
ST_035,84380,359,2026-02-02T22:15:20.146567
ST_035,90152A,148,2026-01-28T04:43:36.403561
ST_035,48184,48,2026-01-22T14:45:58.355848
ST_035,90039C,496,2026-02-07T20:26:53.416151
ST_035,20677,-47,2026-01-20T21:19:51.545962
ST_035,85135C,89,2026-01-26T03:36:40.905070
ST_035,85045,427,2026-02-12T23:41:44.162060
ST_035,23161,3,2026-01-29T23:16:44.457797
ST_035,23255,359,2026-01-24T22:12:25.730948
ST_035,23694,496,2026-02-06T05:24:02.722576
ST_035,90100,97,2026-01-29T00:59:49.985103
ST_035,84798A,-8,2026-02-08T00:05:29.132390
ST_035,22880,254,2026-01-15T11:15:01.449853
ST_035,21369,107,2026-02-09T03:03:12.436015
ST_035,23100,179,2026-01-18T21:08:59.697206
ST_035,85211,491,2026-02-12T09:13:37.392826
ST_035,84659A,193,2026-01-18T11:12:41.310112
ST_035,22655,178,2026-01-24T08:43:16.801367
ST_035,35599D,137,2026-01-22T00:13:41.867347
ST_035,84905,445,2026-01-18T00:17:35.534074
ST_035,21086,459,2026-01-22T12:13:55.718902
ST_035,23252,343,2026-01-16T20:42:12.444000
ST_035,22623,402,2026-01-14T17:10:33.591983
ST_035,M,450,2026-02-02T23:14:28.677089
ST_035,23356,290,2026-01-31T09:50:41.957278
ST_035,35004P,422,2026-02-05T19:13:37.493539
ST_035,21377,64,2026-01-16T19:05:22.012734
ST_035,21696,231,2026-01-23T06:01:12.252203
ST_035,20974,-23,2026-02-02T03:42:56.605332
ST_035,85200,82,2026-02-13T10:51:30.261633
ST_035,22702,12,2026-02-04T13:20:08.471468
ST_035,21499,498,2026-01-28T09:37:56.522835
ST_035,22057,406,2026-02-11T07:36:22.179424
ST_035,47590A,-31,2026-01-20T23:55:39.314712
ST_035,22558,355,2026-02-11T02:48:21.589618
ST_035,21986,184,2026-01-15T04:24:43.598703
ST_035,22112,226,2026-02-10T18:57:33.791727
ST_035,23004,42,2026-02-07T12:38:55.653811
ST_035,22444,251,2026-02-11T20:56:46.650176
ST_035,22346,57,2026-02-11T06:53:10.843057
ST_035,72598,362,2026-02-12T13:22:59.554204
ST_035,23345,324,2026-01-20T04:01:18.702034
ST_035,23191,199,2026-01-15T20:51:51.605675
ST_035,23495,324,2026-02-04T13:15:08.250356
ST_035,22260,135,2026-02-13T04:03:09.519742
ST_035,23181,208,2026-01-28T01:26:57.821093
ST_035,23553,225,2026-02-01T01:35:43.624410
ST_035,21418,254,2026-02-03T10:43:25.950820
ST_035,21816,63,2026-02-07T06:53:00.117202
ST_035,90042A,172,2026-02-03T19:36:11.198255
ST_035,85178,382,2026-01-30T03:40:37.878180
ST_035,47578A,470,2026-01-30T14:42:11.774286
ST_035,23254,26,2026-02-09T15:27:31.179786
ST_035,71496A,54,2026-01-14T16:36:41.997741
ST_035,22897,486,2026-01-26T06:08:23.475590
ST_035,21426,485,2026-01-26T17:59:33.080919
ST_035,20668,417,2026-02-09T18:07:05.643517
ST_035,84707B,398,2026-02-06T00:32:52.501153
ST_035,21462,232,2026-01-24T18:41:57.267379
ST_035,22886,425,2026-01-20T07:18:42.000133
ST_035,35964,-48,2026-02-07T02:47:34.734325
ST_035,23419,353,2026-02-09T10:27:29.452514
ST_035,84922,474,2026-01-18T09:10:40.687792
ST_035,22716,302,2026-01-15T22:52:46.202734
ST_035,21867,115,2026-02-12T15:40:47.093996
ST_035,21015,-47,2026-01-20T07:05:47.492357
ST_035,85131B,326,2026-01-20T14:58:47.062392
ST_035,23456,30,2026-02-04T10:14:41.893216
ST_035,35972,373,2026-01-14T20:54:01.184615
ST_035,37488A,352,2026-02-09T13:03:45.778659
ST_035,20854,80,2026-02-11T13:50:58.665695
ST_035,85071B,2,2026-02-03T12:39:45.622076
ST_035,23325,361,2026-02-08T23:57:39.425511
ST_035,90093,281,2026-01-30T20:39:57.570078
ST_035,84870B,186,2026-02-10T20:00:26.038568
ST_035,23457,30,2026-01-27T11:41:48.051049
ST_035,22900,68,2026-02-09T15:35:25.526904
ST_035,90055,213,2026-02-01T22:27:54.888610
ST_035,21507,78,2026-01-27T13:17:51.071038
ST_035,40001,146,2026-01-16T17:46:12.261229
ST_035,23497,-24,2026-02-05T08:18:32.886885
ST_035,22183,144,2026-01-31T05:26:29.889851
ST_035,22645,380,2026-01-25T02:54:33.661868
ST_035,90019C,60,2026-01-29T20:10:29.559846
ST_035,21054,134,2026-01-31T02:03:48.720722
ST_035,90214O,6,2026-01-17T18:22:14.961121
ST_035,22195,270,2026-02-04T13:08:58.991337
ST_035,85225,15,2026-01-17T17:23:43.049465
ST_035,22870,376,2026-01-15T21:10:01.687325
ST_035,22244,72,2026-02-10T00:45:35.925163
ST_035,90065B,76,2026-02-07T01:48:07.767915
ST_035,22936,464,2026-01-29T00:14:27.537723
ST_035,35001W,463,2026-02-02T16:05:32.461655
ST_035,85034A,270,2026-02-03T05:19:22.850613
ST_035,23145,-47,2026-01-21T07:40:10.433904
ST_035,90129A,360,2026-02-10T11:17:05.177004
ST_035,90202D,191,2026-01-31T20:04:41.832448
ST_035,37444A,300,2026-02-07T00:03:31.621001
ST_035,22069,194,2026-01-30T22:57:41.894606
ST_035,23102,261,2026-02-06T14:42:31.153383
ST_035,21622,43,2026-01-24T07:32:20.280053
ST_035,20748,276,2026-01-23T07:21:46.191993
ST_035,18097C,233,2026-01-18T15:50:47.523193
ST_035,22322,-45,2026-01-28T00:05:05.118795
ST_035,21143,241,2026-01-27T16:59:53.593798
ST_035,16235,-32,2026-02-06T18:46:30.160128
ST_035,22060,140,2026-02-08T19:43:25.040316
ST_035,23390,431,2026-01-15T00:27:49.229421
ST_035,21609,107,2026-01-19T05:12:09.454024
ST_035,23190,26,2026-01-20T17:41:01.112407
ST_035,22594,297,2026-02-13T00:27:43.996698
ST_035,90198B,358,2026-02-05T11:55:09.954763
ST_035,23209,134,2026-01-31T22:31:47.293256
ST_035,21955,483,2026-01-15T00:18:48.156798
ST_035,90190B,202,2026-01-19T04:12:19.202276
ST_035,11001,78,2026-01-30T14:12:00.642159
ST_035,21634,257,2026-02-06T23:54:45.097651
ST_035,22518,-8,2026-01-22T12:03:24.982742
ST_035,22745,361,2026-01-25T11:30:43.493696
ST_035,90099,-42,2026-02-09T08:58:45.915962
ST_035,35650,445,2026-02-12T06:42:00.498415
ST_035,85026B,296,2026-01-30T15:05:27.001371
ST_035,84750B,354,2026-01-18T10:33:25.022654
ST_035,90016A,380,2026-02-12T15:05:13.952848
ST_035,72741,337,2026-01-29T16:59:48.473363
ST_035,16161M,64,2026-01-27T22:39:40.376962
ST_035,21681,405,2026-02-08T10:02:34.786074
ST_035,90086,464,2026-01-15T17:41:21.972283
ST_035,21706,390,2026-02-01T02:23:26.856557
ST_035,23121,174,2026-01-20T21:52:24.813345
ST_035,22136,228,2026-01-14T19:01:07.049587
ST_035,22086,485,2026-01-21T13:45:43.160837
ST_035,84596F,67,2026-01-20T20:56:50.749103
ST_035,22545,69,2026-02-02T22:31:10.880373
ST_035,22964,495,2026-01-20T00:14:05.193318
ST_035,90155,330,2026-02-13T12:25:03.670325
ST_035,84927F,300,2026-01-23T06:17:30.458283
ST_035,22077,384,2026-01-31T06:20:38.280550
ST_035,84596B,24,2026-02-12T09:55:03.808630
ST_035,84879,257,2026-02-03T07:13:38.579124
ST_035,84828,288,2026-01-21T07:09:32.078069
ST_035,85049G,33,2026-02-08T13:15:26.255235
ST_035,22461,6,2026-01-18T02:57:04.150863
ST_035,21275,-18,2026-02-10T16:20:55.722185
ST_035,22971,453,2026-01-31T06:12:02.683493
ST_035,44235,102,2026-01-26T20:38:47.481361
ST_035,21705,75,2026-01-26T09:29:28.700199
ST_035,23264,-30,2026-02-01T18:45:25.433964
ST_035,21210,475,2026-01-20T20:29:50.798159
ST_035,84766,107,2026-02-08T00:04:33.931606
ST_035,21313,489,2026-01-16T13:43:06.921441
ST_035,21067,-48,2026-01-18T02:21:33.609982
ST_035,21671,465,2026-02-02T19:53:19.086524
ST_035,84805B,123,2026-01-30T07:47:18.652367
ST_035,72709,151,2026-02-01T19:55:56.008822
ST_035,90158,384,2026-01-28T04:09:25.037349
ST_035,90120B,6,2026-01-27T08:06:19.679438
ST_035,84678,443,2026-02-06T05:31:07.605058
ST_035,23503,426,2026-01-27T21:52:05.398367
ST_035,21935,345,2026-02-11T06:16:34.775674
ST_035,90161A,243,2026-02-10T20:39:32.958741
ST_035,22908,447,2026-01-22T13:16:26.043071
ST_035,84854,396,2026-02-06T12:43:11.072059
ST_035,17191A,424,2026-01-19T02:33:08.738217
ST_035,20868,334,2026-01-30T23:43:01.660594
ST_035,20826,3,2026-02-06T00:09:50.102862
ST_035,20971,462,2026-02-11T15:08:57.461323
ST_035,23270,30,2026-02-08T16:52:42.322919
ST_035,21946,468,2026-02-04T18:09:20.603757
ST_035,47310M,44,2026-02-05T01:14:25.016963
ST_035,37446,309,2026-01-23T02:07:51.660340
ST_035,35638A,54,2026-02-06T07:52:18.589466
ST_035,85124B,327,2026-02-13T11:19:28.218276
ST_035,90094,199,2026-01-27T09:02:53.709492
ST_035,23185,-48,2026-01-23T04:09:34.678199
ST_035,17021,492,2026-01-29T23:33:09.203738
ST_035,21032,30,2026-01-28T13:33:50.579951
ST_035,23224,323,2026-01-28T09:44:26.683171
ST_035,23473,120,2026-01-27T12:34:37.307247
ST_035,22563,35,2026-02-01T22:21:53.667921
ST_035,21156,191,2026-02-05T06:17:45.461878
ST_035,22786,29,2026-01-22T09:07:58.193698
ST_035,17136A,264,2026-02-08T08:16:28.874734
ST_035,37471,69,2026-02-01T00:13:54.537640
ST_035,16258A,-3,2026-01-14T23:03:02.783022
ST_035,84915,241,2026-01-16T20:14:27.514641
ST_035,90202B,423,2026-01-21T10:09:05.111252
ST_035,90159,374,2026-02-02T10:23:15.049442
ST_035,22649,261,2026-01-20T20:20:52.540565
ST_035,84637,450,2026-01-17T14:09:47.910732
ST_035,22650,176,2026-01-29T02:12:05.549811
ST_035,22755,100,2026-01-24T06:08:34.378922
ST_035,21403,31,2026-02-09T17:28:43.277488
ST_035,23017,174,2026-01-27T05:21:52.360533
ST_035,22230,175,2026-02-13T00:46:12.296023
ST_035,90040B,362,2026-01-30T23:58:55.307067
ST_035,84465,448,2026-01-30T23:52:30.202274
ST_035,35909A,108,2026-01-25T06:00:05.735478
ST_035,16161G,168,2026-01-30T03:34:58.209094
ST_035,22324,50,2026-02-04T06:50:58.785901
ST_035,23193,448,2026-02-11T06:31:24.739266
ST_035,23155,143,2026-01-31T20:54:30.134910
ST_035,22602,35,2026-02-09T20:37:59.814814
ST_035,22993,47,2026-02-13T06:09:22.086835
ST_035,82582,335,2026-01-25T02:59:43.943075
ST_035,85202,76,2026-01-20T15:50:07.880239
ST_035,90021,191,2026-01-26T21:28:50.782294
ST_035,22948,307,2026-02-03T13:01:29.547976
ST_035,84192,276,2026-01-28T05:56:04.530121
ST_035,22053,132,2026-01-31T13:19:10.916147
ST_035,84600,15,2026-01-28T05:47:29.987633
ST_035,20796,258,2026-02-13T01:33:35.755044
ST_035,20697,487,2026-01-14T22:38:18.938380
ST_035,22699,110,2026-02-04T00:58:46.946681
ST_035,44091A,174,2026-02-04T05:58:45.749238
ST_035,21519,154,2026-01-20T17:39:35.098942
ST_035,22441,-10,2026-01-18T11:26:53.563601
ST_035,23297,35,2026-01-28T07:53:59.523193
ST_035,21915,412,2026-02-01T17:54:18.468729
ST_035,37449,345,2026-01-16T17:17:12.060658
ST_035,21667,476,2026-02-08T03:57:31.884712
ST_035,22476,471,2026-01-20T07:40:34.784440
ST_035,46000P,413,2026-01-23T21:31:02.168528
ST_035,90003B,337,2026-01-15T06:09:27.287215
ST_035,21990,187,2026-01-27T09:46:03.996385
ST_035,82599,88,2026-01-22T07:01:24.276403
ST_035,16161P,154,2026-01-21T20:24:43.939878
ST_035,85132A,266,2026-02-04T23:17:06.519766
ST_035,84593,163,2026-02-09T04:03:18.901582
ST_035,22575,220,2026-01-15T08:21:44.832148
ST_035,23070,240,2026-01-19T09:24:52.526941
ST_035,90196B,88,2026-02-03T08:04:58.870854
ST_035,22737,266,2026-02-08T21:29:48.352648
ST_036,22876,184,2026-02-02T22:04:23.627192
ST_036,20934,311,2026-02-05T10:23:38.819867
ST_036,21682,88,2026-01-19T06:57:17.416821
ST_036,21910,161,2026-02-05T23:42:50.912504
ST_036,22158,219,2026-02-08T09:40:15.830383
ST_036,35819B,45,2026-01-29T21:02:13.399518
ST_036,20711,182,2026-02-08T08:18:30.700423
ST_036,22406,53,2026-01-27T06:08:47.057783
ST_036,90177E,244,2026-02-04T15:50:06.318878
ST_036,90123B,241,2026-02-11T19:32:10.720008
ST_036,21402,479,2026-01-28T19:28:40.391109
ST_036,21291,147,2026-01-22T13:00:11.381268
ST_036,35819P,91,2026-02-03T17:08:24.532455
ST_036,22399,113,2026-02-06T08:50:23.284457
ST_036,21261,96,2026-01-21T03:52:32.172770
ST_036,22430,306,2026-01-24T04:54:19.936579
ST_036,21918,127,2026-02-09T12:34:24.639621
ST_036,21232,233,2026-02-12T07:55:47.379013
ST_036,35610B,472,2026-02-04T10:35:20.952248
ST_036,23165,-11,2026-01-29T17:53:26.622196
ST_036,23311,251,2026-01-27T05:42:36.538910
ST_036,22896,256,2026-01-18T12:12:18.439300
ST_036,85024C,276,2026-01-16T01:47:56.176607
ST_036,23570,425,2026-01-29T23:59:49.379800
ST_036,84666,-30,2026-01-19T20:52:38.568710
ST_036,21865,497,2026-01-28T21:15:58.024659
ST_036,21678,224,2026-02-05T08:35:51.158946
ST_036,20752,78,2026-01-17T13:03:43.580559
ST_036,23434,404,2026-01-23T01:34:07.065729
ST_036,22038,383,2026-01-29T19:06:08.572466
ST_036,21289,98,2026-01-20T12:56:39.800301
ST_036,22034,491,2026-01-14T19:06:31.226664
ST_036,84660B,48,2026-01-19T14:11:39.731985
ST_036,16248B,476,2026-02-05T07:00:00.106904
ST_036,16259,348,2026-01-26T07:52:54.430684
ST_036,90125E,256,2026-01-25T08:20:12.707882
ST_036,21718,194,2026-02-04T12:37:57.772703
ST_036,35958,22,2026-01-24T12:29:52.870368
ST_036,22775,-47,2026-02-02T15:03:10.067893
ST_036,84927E,148,2026-01-22T21:56:39.965620
ST_036,23412,193,2026-02-05T21:50:56.983123
ST_036,21802,395,2026-02-06T09:10:29.514949
ST_036,22700,231,2026-02-05T22:02:08.001284
ST_036,21792,431,2026-02-02T05:30:22.839558
ST_036,21126,-13,2026-01-19T06:54:53.257350
ST_036,47481,26,2026-02-10T01:06:34.233540
ST_036,23000,41,2026-01-24T16:16:12.538860
ST_036,84461,-50,2026-02-05T18:18:05.591933
ST_036,84963A,100,2026-02-05T06:32:15.407861
ST_036,90214Z,68,2026-01-18T19:43:14.183989
ST_036,90199C,220,2026-02-12T17:50:13.523831
ST_036,90125B,384,2026-02-12T02:18:11.401824
ST_036,22315,405,2026-01-20T06:04:31.477396
ST_036,22636,490,2026-02-09T18:50:49.666245
ST_036,22408,448,2026-01-31T23:56:46.526602
ST_036,22517,315,2026-02-03T04:18:43.351239
ST_036,85159A,322,2026-01-19T08:18:22.915742
ST_036,23169,60,2026-02-10T14:01:07.651264
ST_036,23243,180,2026-02-04T02:38:08.002600
ST_036,84568,89,2026-01-27T01:32:40.640562
ST_036,22458,177,2026-01-17T08:56:06.618018
ST_036,21272,23,2026-02-04T00:53:41.359032
ST_036,84558A,405,2026-01-20T05:41:13.113161
ST_036,90214I,409,2026-01-14T12:46:46.830297
ST_036,47369B,103,2026-02-12T17:37:06.642852
ST_036,23031,32,2026-02-09T16:32:07.774948
ST_036,21106,10,2026-02-06T09:46:39.402768
ST_036,84380,165,2026-01-15T05:09:56.726648
ST_036,90152A,169,2026-02-04T11:45:18.023605
ST_036,48184,12,2026-02-05T02:29:14.004682
ST_036,90039C,251,2026-02-06T00:50:07.358575
ST_036,20677,314,2026-01-26T22:41:16.351617
ST_036,85135C,135,2026-02-05T00:35:03.829203
ST_036,85045,-39,2026-02-06T08:29:39.277595
ST_036,23161,472,2026-02-03T15:21:25.649496
ST_036,23255,374,2026-01-29T21:10:42.111044
ST_036,23694,380,2026-01-29T11:51:16.017692
ST_036,90100,416,2026-01-30T10:31:22.539393
ST_036,84798A,489,2026-02-09T20:22:32.969821
ST_036,22880,77,2026-01-22T21:34:35.533256
ST_036,21369,451,2026-02-08T07:19:30.696559
ST_036,23100,185,2026-01-24T00:00:11.293418
ST_036,85211,45,2026-01-23T07:17:57.642509
ST_036,84659A,396,2026-02-04T10:29:25.216656
ST_036,22655,173,2026-01-24T06:55:43.219100
ST_036,35599D,157,2026-02-06T15:49:39.832461
ST_036,84905,390,2026-02-02T10:59:45.675232
ST_036,21086,-21,2026-01-14T15:49:42.772282
ST_036,23252,142,2026-01-27T00:55:55.364048
ST_036,22623,143,2026-01-22T01:54:55.061081
ST_036,M,430,2026-02-11T14:25:26.127766
ST_036,23356,53,2026-02-02T05:40:47.326977
ST_036,35004P,202,2026-01-16T14:16:50.591231
ST_036,21377,133,2026-01-28T14:48:16.764172
ST_036,21696,155,2026-01-30T10:26:45.351211
ST_036,20974,243,2026-01-21T13:37:51.371917
ST_036,85200,80,2026-02-05T16:49:48.829951
ST_036,22702,-44,2026-02-07T13:08:42.706715
ST_036,21499,-1,2026-01-29T02:48:15.542832
ST_036,22057,-43,2026-01-23T01:15:55.851803
ST_036,47590A,420,2026-01-30T14:59:14.382931
ST_036,22558,380,2026-02-08T09:59:55.824032
ST_036,21986,23,2026-01-16T16:12:51.066432
ST_036,22112,169,2026-02-07T05:19:59.846998
ST_036,23004,422,2026-02-01T19:25:46.000465
ST_036,22444,410,2026-01-20T00:03:57.343151
ST_036,22346,-19,2026-01-14T18:17:28.046655
ST_036,72598,-40,2026-02-04T18:51:45.138722
ST_036,23345,496,2026-01-29T08:03:08.255245
ST_036,23191,32,2026-01-31T03:15:23.531396
ST_036,23495,117,2026-01-21T06:03:05.467770
ST_036,22260,164,2026-01-29T18:59:47.189597
ST_036,23181,429,2026-01-19T07:26:04.728683
ST_036,23553,333,2026-01-29T03:56:18.037572
ST_036,21418,271,2026-01-29T19:02:40.884595
ST_036,21816,43,2026-02-03T03:46:05.261481
ST_036,90042A,134,2026-01-23T17:03:12.372524
ST_036,85178,68,2026-01-23T12:35:31.806606
ST_036,47578A,106,2026-02-09T11:44:08.668024
ST_036,23254,278,2026-02-09T01:41:44.505516
ST_036,71496A,244,2026-01-20T09:54:46.720804
ST_036,22897,-26,2026-01-19T18:47:15.016422
ST_036,21426,162,2026-02-10T00:45:43.232527
ST_036,20668,90,2026-01-23T17:34:05.711291
ST_036,84707B,33,2026-02-06T08:08:04.054258
ST_036,21462,331,2026-01-28T22:08:36.566880
ST_036,22886,112,2026-01-24T17:54:29.832182
ST_036,35964,16,2026-01-28T14:47:27.263146
ST_036,23419,44,2026-01-27T20:41:18.025980
ST_036,84922,63,2026-02-07T08:58:00.686256
ST_036,22716,280,2026-02-10T21:52:26.156355
ST_036,21867,431,2026-01-15T05:24:44.761951
ST_036,21015,252,2026-02-07T21:49:10.680638
ST_036,85131B,277,2026-02-11T20:06:18.486445
ST_036,23456,-19,2026-02-07T03:02:31.329999
ST_036,35972,90,2026-01-30T15:31:55.087337
ST_036,37488A,72,2026-01-31T17:33:51.881632
ST_036,20854,358,2026-01-25T06:03:37.658190
ST_036,85071B,184,2026-01-26T03:16:07.550118
ST_036,23325,129,2026-01-22T23:19:16.660070
ST_036,90093,108,2026-01-15T14:50:42.227703
ST_036,84870B,-42,2026-01-20T10:54:40.244391
ST_036,23457,453,2026-01-17T08:14:46.493198
ST_036,22900,250,2026-01-26T08:25:00.400949
ST_036,90055,498,2026-02-10T05:34:19.628322
ST_036,21507,111,2026-02-10T11:12:19.140877
ST_036,40001,170,2026-01-18T03:46:36.410230
ST_036,23497,297,2026-02-09T03:29:35.335347
ST_036,22183,393,2026-02-06T04:38:54.719896
ST_036,22645,63,2026-02-01T05:41:19.827494
ST_036,90019C,416,2026-01-23T20:11:46.560813
ST_036,21054,92,2026-01-26T18:32:01.061230
ST_036,90214O,353,2026-01-20T01:26:10.926197
ST_036,22195,201,2026-02-13T02:56:26.442481
ST_036,85225,198,2026-01-24T21:41:48.178050
ST_036,22870,202,2026-02-10T04:20:34.441121
ST_036,22244,419,2026-02-07T10:09:53.656574
ST_036,90065B,84,2026-01-28T07:15:38.842029
ST_036,22936,117,2026-01-20T17:33:09.547842
ST_036,35001W,392,2026-02-07T15:51:53.837072
ST_036,85034A,146,2026-02-05T09:12:48.996997
ST_036,23145,488,2026-02-10T08:57:33.123149
ST_036,90129A,31,2026-02-02T07:04:08.187687
ST_036,90202D,457,2026-01-27T06:18:52.218875
ST_036,37444A,58,2026-02-10T10:08:33.441409
ST_036,22069,178,2026-01-15T12:52:18.667379
ST_036,23102,-48,2026-01-17T15:15:38.389619
ST_036,21622,288,2026-02-02T06:45:22.858553
ST_036,20748,247,2026-01-28T11:00:38.913242
ST_036,18097C,163,2026-01-27T21:19:12.794764
ST_036,22322,357,2026-01-15T05:10:18.615332
ST_036,21143,500,2026-02-08T12:55:57.344729
ST_036,16235,361,2026-02-09T19:10:44.477019
ST_036,22060,-9,2026-01-27T11:29:04.116815
ST_036,23390,135,2026-01-17T18:30:41.745595
ST_036,21609,-32,2026-01-20T14:25:20.134971
ST_036,23190,378,2026-01-16T15:55:10.401594
ST_036,22594,448,2026-01-25T23:20:23.704584
ST_036,90198B,78,2026-02-12T06:04:01.636084
ST_036,23209,301,2026-02-05T18:09:14.993810
ST_036,21955,201,2026-02-12T19:04:45.934191
ST_036,90190B,71,2026-02-02T09:54:06.917686
ST_036,11001,399,2026-02-12T19:08:30.644393
ST_036,21634,219,2026-01-24T11:20:03.706950
ST_036,22518,218,2026-02-04T04:18:11.142430
ST_036,22745,-42,2026-01-26T22:55:40.707297
ST_036,90099,240,2026-02-11T11:45:37.461248
ST_036,35650,167,2026-01-21T21:12:44.715022
ST_036,85026B,368,2026-01-18T11:58:56.704787
ST_036,84750B,413,2026-01-23T07:32:33.238975
ST_036,90016A,187,2026-02-11T09:14:53.177419
ST_036,72741,9,2026-01-21T20:31:10.739416
ST_036,16161M,461,2026-01-23T13:46:25.529463
ST_036,21681,189,2026-02-08T21:36:45.535628
ST_036,90086,353,2026-01-29T11:53:35.518245
ST_036,21706,39,2026-01-23T09:12:50.950664
ST_036,23121,241,2026-01-18T10:09:55.472784
ST_036,22136,137,2026-01-22T20:54:39.399568
ST_036,22086,421,2026-02-10T00:10:21.589500
ST_036,84596F,323,2026-01-16T20:49:26.159256
ST_036,22545,62,2026-02-02T04:29:58.983934
ST_036,22964,287,2026-01-21T12:02:46.625175
ST_036,90155,487,2026-02-07T01:40:15.308955
ST_036,84927F,163,2026-01-19T06:54:32.137787
ST_036,22077,361,2026-01-25T18:00:28.405493
ST_036,84596B,191,2026-01-30T19:36:52.009907
ST_036,84879,500,2026-01-27T21:10:31.883070
ST_036,84828,-2,2026-02-02T02:36:32.200608
ST_036,85049G,128,2026-01-26T14:15:38.156541
ST_036,22461,-34,2026-01-28T08:36:21.530352
ST_036,21275,19,2026-02-06T00:26:38.407686
ST_036,22971,338,2026-01-28T12:15:13.200542
ST_036,44235,365,2026-01-19T07:12:21.161341
ST_036,21705,181,2026-01-27T18:34:07.064636
ST_036,23264,244,2026-02-08T17:17:33.314845
ST_036,21210,297,2026-02-03T17:42:17.976699
ST_036,84766,143,2026-02-05T06:12:48.872579
ST_036,21313,176,2026-02-02T10:07:04.350794
ST_036,21067,81,2026-01-26T18:32:21.433964
ST_036,21671,486,2026-02-04T08:43:37.880075
ST_036,84805B,-26,2026-01-28T04:53:27.182971
ST_036,72709,50,2026-01-26T00:15:32.133492
ST_036,90158,382,2026-01-31T05:19:59.583828
ST_036,90120B,17,2026-02-05T01:15:30.235163
ST_036,84678,-42,2026-02-06T14:28:12.543893
ST_036,23503,335,2026-01-19T08:26:26.530057
ST_036,21935,33,2026-02-13T04:52:57.181759
ST_036,90161A,390,2026-01-30T21:52:48.884150
ST_036,22908,472,2026-01-20T21:58:34.322939
ST_036,84854,334,2026-01-24T08:16:47.969358
ST_036,17191A,254,2026-01-20T11:20:57.960732
ST_036,20868,-27,2026-02-03T00:05:28.426761
ST_036,20826,300,2026-01-17T22:47:45.021028
ST_036,20971,10,2026-01-19T08:31:46.390007
ST_036,23270,487,2026-02-06T14:04:38.585848
ST_036,21946,276,2026-01-25T02:11:39.006407
ST_036,47310M,498,2026-02-10T17:28:33.712176
ST_036,37446,-41,2026-02-12T13:26:49.169663
ST_036,35638A,49,2026-01-31T00:03:01.500182
ST_036,85124B,110,2026-01-25T00:31:56.661891
ST_036,90094,231,2026-01-21T17:38:48.793894
ST_036,23185,412,2026-01-31T06:03:44.182964
ST_036,17021,284,2026-02-11T09:56:06.312612
ST_036,21032,-45,2026-01-28T11:08:14.159579
ST_036,23224,447,2026-02-07T12:17:09.969484
ST_036,23473,456,2026-02-08T07:36:29.455422
ST_036,22563,445,2026-01-26T09:45:26.847590
ST_036,21156,471,2026-01-19T03:34:25.408171
ST_036,22786,185,2026-02-07T02:13:03.613016
ST_036,17136A,-42,2026-01-17T16:34:59.251127
ST_036,37471,436,2026-02-05T11:45:53.767869
ST_036,16258A,386,2026-02-10T14:14:45.107439
ST_036,84915,259,2026-01-15T17:16:30.386117
ST_036,90202B,21,2026-01-23T12:48:40.011667
ST_036,90159,478,2026-01-26T06:02:36.608471
ST_036,22649,75,2026-01-22T06:11:19.662463
ST_036,84637,372,2026-01-19T22:53:47.987356
ST_036,22650,-36,2026-01-18T23:30:54.612134
ST_036,22755,265,2026-02-01T08:05:18.608836
ST_036,21403,151,2026-01-25T21:19:33.520864
ST_036,23017,59,2026-02-08T22:06:34.579743
ST_036,22230,145,2026-01-20T16:59:35.185745
ST_036,90040B,92,2026-02-04T11:38:45.627533
ST_036,84465,33,2026-01-31T20:23:11.740131
ST_036,35909A,76,2026-02-13T00:32:52.288562
ST_036,16161G,477,2026-02-11T18:46:10.098973
ST_036,22324,101,2026-01-22T05:24:38.293748
ST_036,23193,101,2026-01-30T06:25:03.529283
ST_036,23155,286,2026-02-10T20:37:41.424638
ST_036,22602,1,2026-02-02T16:57:34.301302
ST_036,22993,-35,2026-02-13T11:43:42.018782
ST_036,82582,19,2026-02-07T05:43:50.809944
ST_036,85202,153,2026-02-10T13:29:58.887399
ST_036,90021,235,2026-02-06T05:17:06.923386
ST_036,22948,180,2026-01-21T14:15:50.966225
ST_036,84192,36,2026-01-21T15:53:37.164214
ST_036,22053,450,2026-02-03T18:56:59.405695
ST_036,84600,-38,2026-02-13T02:54:52.240289
ST_036,20796,12,2026-02-03T03:04:14.965105
ST_036,20697,145,2026-01-22T23:05:15.067783
ST_036,22699,163,2026-02-02T10:57:09.898004
ST_036,44091A,7,2026-01-17T19:46:09.418684
ST_036,21519,0,2026-02-09T04:05:32.106125
ST_036,22441,190,2026-02-11T17:16:31.422839
ST_036,23297,44,2026-01-20T02:57:39.651541
ST_036,21915,254,2026-02-05T22:16:11.076326
ST_036,37449,215,2026-02-09T19:34:03.795407
ST_036,21667,403,2026-01-30T17:18:53.721030
ST_036,22476,216,2026-01-14T16:41:01.938976
ST_036,46000P,112,2026-01-23T04:20:32.527301
ST_036,90003B,47,2026-02-03T07:02:29.540515
ST_036,21990,40,2026-01-16T05:25:32.459371
ST_036,82599,422,2026-01-16T05:42:08.530598
ST_036,16161P,28,2026-02-11T07:08:44.488758
ST_036,85132A,347,2026-02-06T15:12:09.970625
ST_036,84593,457,2026-02-12T19:13:56.218107
ST_036,22575,-38,2026-01-23T13:58:48.462836
ST_036,23070,500,2026-01-30T23:06:43.007909
ST_036,90196B,107,2026-01-31T08:03:10.022226
ST_036,22737,18,2026-01-29T14:42:24.561903
ST_037,22876,430,2026-02-09T16:13:16.965294
ST_037,20934,299,2026-02-09T09:06:28.279907
ST_037,21682,-43,2026-02-09T17:33:56.626287
ST_037,21910,62,2026-01-28T01:28:26.523851
ST_037,22158,-23,2026-01-23T01:06:59.703072
ST_037,35819B,242,2026-01-22T22:58:29.083032
ST_037,20711,328,2026-01-20T12:33:41.930007
ST_037,22406,485,2026-01-22T22:41:58.550675
ST_037,90177E,279,2026-01-19T19:08:49.332496
ST_037,90123B,241,2026-02-06T19:46:23.239171
ST_037,21402,283,2026-02-10T01:50:05.635643
ST_037,21291,222,2026-02-08T11:16:22.385070
ST_037,35819P,-37,2026-01-29T11:22:17.312288
ST_037,22399,482,2026-02-07T14:47:21.426081
ST_037,21261,413,2026-01-27T20:10:12.851972
ST_037,22430,119,2026-01-19T06:08:06.842126
ST_037,21918,30,2026-01-28T16:56:02.082626
ST_037,21232,183,2026-01-30T14:55:05.699867
ST_037,35610B,305,2026-02-06T16:08:34.454371
ST_037,23165,457,2026-01-22T08:06:29.016004
ST_037,23311,380,2026-01-22T03:37:13.024538
ST_037,22896,304,2026-02-02T13:55:17.946651
ST_037,85024C,197,2026-01-27T10:20:39.376171
ST_037,23570,152,2026-02-04T15:48:10.404111
ST_037,84666,484,2026-01-18T15:50:32.939943
ST_037,21865,367,2026-01-31T22:12:07.322559
ST_037,21678,-16,2026-02-08T03:13:13.423083
ST_037,20752,211,2026-01-17T10:50:19.249202
ST_037,23434,400,2026-01-21T03:18:00.260456
ST_037,22038,225,2026-01-20T10:45:59.111531
ST_037,21289,83,2026-01-20T04:31:05.580614
ST_037,22034,96,2026-02-10T12:02:33.086690
ST_037,84660B,395,2026-01-24T04:02:42.013083
ST_037,16248B,420,2026-01-29T02:02:00.351003
ST_037,16259,393,2026-01-20T20:48:29.771810
ST_037,90125E,98,2026-01-20T08:23:20.013337
ST_037,21718,182,2026-02-12T22:17:03.361156
ST_037,35958,140,2026-01-20T03:22:11.699370
ST_037,22775,-4,2026-01-20T08:54:53.218699
ST_037,84927E,114,2026-01-31T19:53:27.631115
ST_037,23412,117,2026-01-15T08:45:35.178318
ST_037,21802,192,2026-02-08T19:39:42.415665
ST_037,22700,397,2026-01-26T13:24:09.114819
ST_037,21792,470,2026-01-15T17:22:56.652914
ST_037,21126,-36,2026-02-01T07:11:41.899064
ST_037,47481,457,2026-02-01T10:59:42.387060
ST_037,23000,495,2026-02-03T21:19:32.808313
ST_037,84461,85,2026-01-17T18:34:04.125875
ST_037,84963A,2,2026-01-19T06:50:28.717928
ST_037,90214Z,401,2026-02-02T21:36:35.847120
ST_037,90199C,-15,2026-02-05T13:05:53.640419
ST_037,90125B,-22,2026-02-08T07:30:42.176073
ST_037,22315,-47,2026-01-17T16:49:17.127486
ST_037,22636,119,2026-01-20T04:02:16.273197
ST_037,22408,276,2026-01-24T21:59:07.879324
ST_037,22517,484,2026-01-23T07:15:11.392996
ST_037,85159A,47,2026-02-05T22:35:13.937730
ST_037,23169,226,2026-02-04T09:52:49.773491
ST_037,23243,0,2026-01-21T14:00:40.830795
ST_037,84568,306,2026-01-19T13:28:30.378580
ST_037,22458,174,2026-02-10T16:22:17.832757
ST_037,21272,224,2026-01-15T09:57:20.965584
ST_037,84558A,499,2026-02-05T08:18:17.579333
ST_037,90214I,259,2026-01-19T02:11:09.931200
ST_037,47369B,312,2026-01-31T05:15:52.749043
ST_037,23031,15,2026-02-01T01:25:34.274918
ST_037,21106,456,2026-01-20T13:29:41.660547
ST_037,84380,278,2026-02-07T10:21:23.718263
ST_037,90152A,-19,2026-01-18T02:34:10.111352
ST_037,48184,218,2026-01-16T15:47:33.614498
ST_037,90039C,112,2026-01-17T23:52:42.404601
ST_037,20677,336,2026-01-17T00:39:27.823880
ST_037,85135C,277,2026-02-06T12:15:47.664430
ST_037,85045,115,2026-01-17T06:28:47.734851
ST_037,23161,323,2026-02-09T02:20:11.320303
ST_037,23255,62,2026-02-12T21:02:57.056340
ST_037,23694,436,2026-02-10T04:55:38.776209
ST_037,90100,447,2026-02-09T02:28:27.528449
ST_037,84798A,314,2026-02-03T09:28:40.997207
ST_037,22880,430,2026-01-29T19:02:24.599396
ST_037,21369,85,2026-01-14T16:22:08.577656
ST_037,23100,261,2026-01-16T20:25:59.899310
ST_037,85211,209,2026-01-25T22:30:46.576484
ST_037,84659A,-7,2026-02-12T19:15:13.261564
ST_037,22655,280,2026-02-11T13:51:03.766480
ST_037,35599D,90,2026-02-03T23:52:58.115653
ST_037,84905,278,2026-02-13T11:13:24.394323
ST_037,21086,384,2026-01-15T12:22:05.164336
ST_037,23252,154,2026-01-15T08:32:23.451766
ST_037,22623,193,2026-02-07T00:54:52.789924
ST_037,M,433,2026-02-09T16:54:23.082018
ST_037,23356,219,2026-01-22T22:41:05.944770
ST_037,35004P,181,2026-02-09T02:42:18.339271
ST_037,21377,308,2026-01-16T10:20:40.285923
ST_037,21696,218,2026-01-18T15:25:28.004973
ST_037,20974,208,2026-02-03T09:12:10.362485
ST_037,85200,466,2026-02-07T05:10:07.157305
ST_037,22702,125,2026-01-28T03:11:52.268565
ST_037,21499,99,2026-02-05T03:29:03.038065
ST_037,22057,19,2026-02-11T04:40:39.608273
ST_037,47590A,338,2026-02-11T18:33:08.612741
ST_037,22558,46,2026-01-16T15:11:53.042849
ST_037,21986,357,2026-01-19T08:22:44.820174
ST_037,22112,418,2026-01-20T18:23:27.533664
ST_037,23004,177,2026-02-13T01:06:31.204450
ST_037,22444,295,2026-02-07T19:29:11.239570
ST_037,22346,293,2026-01-28T00:34:36.923274
ST_037,72598,261,2026-02-08T07:15:21.898252
ST_037,23345,24,2026-01-14T16:00:40.449556
ST_037,23191,253,2026-01-18T01:33:24.785181
ST_037,23495,223,2026-02-11T14:01:37.366007
ST_037,22260,133,2026-01-30T14:28:34.605996
ST_037,23181,227,2026-01-29T15:46:06.475667
ST_037,23553,36,2026-01-26T17:41:21.932862
ST_037,21418,493,2026-01-31T09:58:05.753234
ST_037,21816,270,2026-02-11T14:43:33.940996
ST_037,90042A,393,2026-01-27T07:25:34.745075
ST_037,85178,138,2026-01-24T16:39:11.695122
ST_037,47578A,410,2026-01-29T23:49:48.485642
ST_037,23254,500,2026-01-19T22:27:28.627926
ST_037,71496A,122,2026-02-02T00:57:39.430179
ST_037,22897,325,2026-01-14T17:08:31.296777
ST_037,21426,70,2026-02-07T06:15:52.656174
ST_037,20668,313,2026-02-12T22:09:38.894799
ST_037,84707B,197,2026-02-08T15:03:57.802116
ST_037,21462,132,2026-01-22T04:51:18.351846
ST_037,22886,268,2026-02-05T11:14:25.724455
ST_037,35964,470,2026-02-01T08:09:42.763672
ST_037,23419,37,2026-01-19T08:38:31.485673
ST_037,84922,365,2026-01-27T18:31:37.194247
ST_037,22716,200,2026-01-21T21:32:08.612440
ST_037,21867,95,2026-02-09T08:06:07.242456
ST_037,21015,174,2026-01-25T21:21:35.162097
ST_037,85131B,316,2026-02-05T13:56:54.866318
ST_037,23456,292,2026-01-23T04:23:40.137350
ST_037,35972,28,2026-01-24T19:13:21.837275
ST_037,37488A,69,2026-01-25T10:07:19.697936
ST_037,20854,288,2026-01-18T01:55:16.267857
ST_037,85071B,496,2026-01-26T22:51:12.475916
ST_037,23325,-48,2026-02-10T21:28:54.520911
ST_037,90093,460,2026-02-10T08:26:06.204127
ST_037,84870B,48,2026-01-21T11:18:33.517968
ST_037,23457,360,2026-02-02T00:59:22.832221
ST_037,22900,257,2026-01-24T22:15:04.898353
ST_037,90055,273,2026-02-01T14:49:14.840979
ST_037,21507,-17,2026-02-06T04:23:26.571732
ST_037,40001,332,2026-01-17T02:35:48.675424
ST_037,23497,84,2026-01-27T10:52:36.268175
ST_037,22183,18,2026-01-23T15:07:07.884685
ST_037,22645,265,2026-02-07T21:19:09.102463
ST_037,90019C,22,2026-01-30T03:29:01.462639
ST_037,21054,-1,2026-02-06T03:34:23.138637
ST_037,90214O,180,2026-01-19T20:34:06.734275
ST_037,22195,2,2026-01-18T09:28:57.749532
ST_037,85225,111,2026-01-31T07:05:23.925606
ST_037,22870,489,2026-01-28T06:03:26.012584
ST_037,22244,380,2026-01-29T13:18:22.751700
ST_037,90065B,-3,2026-01-30T11:50:41.227181
ST_037,22936,408,2026-01-21T19:48:56.219874
ST_037,35001W,334,2026-02-08T06:36:29.132079
ST_037,85034A,477,2026-02-01T04:51:20.132460
ST_037,23145,436,2026-02-03T18:36:47.637340
ST_037,90129A,427,2026-01-19T13:02:14.525002
ST_037,90202D,158,2026-01-18T12:27:28.093315
ST_037,37444A,351,2026-01-18T02:39:12.602755
ST_037,22069,112,2026-01-30T07:50:30.108843
ST_037,23102,330,2026-01-21T22:14:05.911270
ST_037,21622,-38,2026-02-11T14:42:57.413191
ST_037,20748,-38,2026-02-10T10:05:43.586173
ST_037,18097C,344,2026-02-12T16:10:23.046376
ST_037,22322,387,2026-02-01T07:46:31.764831
ST_037,21143,433,2026-02-13T08:55:18.182976
ST_037,16235,160,2026-01-30T11:24:38.433752
ST_037,22060,10,2026-02-02T03:54:34.193413
ST_037,23390,462,2026-01-30T01:04:55.494301
ST_037,21609,48,2026-01-22T17:21:08.026564
ST_037,23190,422,2026-01-15T08:54:15.405580
ST_037,22594,255,2026-01-19T07:26:48.442069
ST_037,90198B,57,2026-01-29T04:00:14.377223
ST_037,23209,464,2026-02-13T00:59:54.963566
ST_037,21955,497,2026-01-27T05:21:44.251963
ST_037,90190B,491,2026-02-08T01:27:42.526933
ST_037,11001,257,2026-01-29T23:17:54.538212
ST_037,21634,281,2026-01-15T14:32:00.053885
ST_037,22518,26,2026-01-22T09:32:46.716407
ST_037,22745,-5,2026-01-25T15:15:33.220920
ST_037,90099,176,2026-01-18T01:28:56.536351
ST_037,35650,26,2026-01-22T15:29:13.549864
ST_037,85026B,223,2026-01-16T00:54:23.161552
ST_037,84750B,384,2026-01-21T00:02:43.660939
ST_037,90016A,347,2026-01-26T03:50:53.955902
ST_037,72741,243,2026-02-08T08:44:13.157823
ST_037,16161M,475,2026-01-26T03:07:59.917206
ST_037,21681,372,2026-01-19T20:45:33.335126
ST_037,90086,102,2026-02-01T03:46:57.429964
ST_037,21706,85,2026-01-26T18:26:06.028606
ST_037,23121,218,2026-01-15T10:30:11.009981
ST_037,22136,35,2026-01-19T08:25:12.442224
ST_037,22086,219,2026-01-22T07:14:34.742413
ST_037,84596F,72,2026-01-26T06:24:58.843983
ST_037,22545,109,2026-01-29T04:02:30.815495
ST_037,22964,195,2026-02-09T13:43:57.301116
ST_037,90155,327,2026-01-15T02:57:12.769791
ST_037,84927F,30,2026-01-22T04:47:00.190779
ST_037,22077,155,2026-02-05T08:24:24.989706
ST_037,84596B,16,2026-01-26T07:05:54.747412
ST_037,84879,75,2026-01-25T09:23:14.273344
ST_037,84828,262,2026-01-25T17:15:04.982324
ST_037,85049G,141,2026-02-02T02:57:37.739084
ST_037,22461,105,2026-01-17T19:57:09.079227
ST_037,21275,72,2026-02-01T18:39:18.876833
ST_037,22971,-5,2026-01-22T03:49:58.888280
ST_037,44235,15,2026-01-28T15:33:01.641185
ST_037,21705,194,2026-02-06T07:06:29.874606
ST_037,23264,451,2026-02-13T00:03:41.990258
ST_037,21210,499,2026-02-10T12:34:41.675493
ST_037,84766,172,2026-02-01T00:57:27.725806
ST_037,21313,179,2026-02-10T02:38:05.681648
ST_037,21067,429,2026-02-10T11:16:08.052126
ST_037,21671,58,2026-02-04T21:34:07.428152
ST_037,84805B,450,2026-01-28T11:03:59.507870
ST_037,72709,195,2026-01-19T21:51:29.086262
ST_037,90158,174,2026-01-31T12:36:40.500389
ST_037,90120B,351,2026-02-01T21:08:47.326191
ST_037,84678,222,2026-01-25T22:48:19.436772
ST_037,23503,367,2026-02-03T07:57:21.237362
ST_037,21935,494,2026-01-21T08:29:52.842467
ST_037,90161A,287,2026-02-12T05:16:26.358706
ST_037,22908,484,2026-01-29T00:53:14.107630
ST_037,84854,-47,2026-01-21T17:03:13.218386
ST_037,17191A,95,2026-01-18T01:39:11.653927
ST_037,20868,483,2026-02-02T18:44:13.605268
ST_037,20826,93,2026-01-30T02:02:21.834426
ST_037,20971,341,2026-01-27T04:26:11.005683
ST_037,23270,241,2026-01-26T17:58:59.589219
ST_037,21946,298,2026-02-03T04:24:19.294977
ST_037,47310M,229,2026-01-27T17:00:23.274260
ST_037,37446,142,2026-01-16T00:29:12.159741
ST_037,35638A,43,2026-01-22T08:31:33.868937
ST_037,85124B,201,2026-02-04T01:35:07.372015
ST_037,90094,240,2026-02-06T02:44:38.118120
ST_037,23185,275,2026-02-11T15:01:48.812516
ST_037,17021,61,2026-02-03T04:39:26.329995
ST_037,21032,192,2026-02-11T05:40:23.201939
ST_037,23224,7,2026-02-04T06:33:36.122063
ST_037,23473,205,2026-02-02T09:25:19.716922
ST_037,22563,369,2026-02-08T23:50:42.707266
ST_037,21156,-7,2026-01-27T19:19:10.197750
ST_037,22786,302,2026-02-01T05:42:32.643985
ST_037,17136A,495,2026-01-18T12:53:15.242288
ST_037,37471,249,2026-01-19T03:46:42.794322
ST_037,16258A,208,2026-02-01T09:11:00.411041
ST_037,84915,187,2026-02-07T09:29:00.798576
ST_037,90202B,361,2026-02-09T05:31:57.312738
ST_037,90159,240,2026-02-04T04:08:44.635782
ST_037,22649,119,2026-01-15T10:31:31.309155
ST_037,84637,381,2026-02-11T12:35:53.364002
ST_037,22650,-29,2026-01-30T05:36:08.910007
ST_037,22755,493,2026-01-19T10:55:09.337815
ST_037,21403,220,2026-01-30T08:54:06.294278
ST_037,23017,476,2026-01-31T20:55:54.450193
ST_037,22230,400,2026-01-18T10:25:58.813215
ST_037,90040B,66,2026-02-10T19:19:48.135184
ST_037,84465,-12,2026-01-19T12:26:58.629593
ST_037,35909A,55,2026-02-02T07:13:48.943142
ST_037,16161G,294,2026-01-28T13:00:23.775283
ST_037,22324,377,2026-02-03T19:21:06.126451
ST_037,23193,24,2026-02-05T11:27:20.957115
ST_037,23155,-39,2026-01-22T14:23:50.602541
ST_037,22602,295,2026-01-18T16:58:13.587555
ST_037,22993,433,2026-02-10T00:10:55.556229
ST_037,82582,-40,2026-01-29T02:03:44.446414
ST_037,85202,388,2026-01-25T09:53:20.119120
ST_037,90021,20,2026-02-05T17:55:26.868368
ST_037,22948,403,2026-02-05T11:37:47.887058
ST_037,84192,2,2026-01-30T02:24:30.922248
ST_037,22053,-4,2026-01-23T22:02:41.771681
ST_037,84600,359,2026-01-23T22:26:06.889325
ST_037,20796,16,2026-01-16T03:42:01.791708
ST_037,20697,0,2026-02-03T03:07:31.818933
ST_037,22699,206,2026-01-21T08:16:38.290309
ST_037,44091A,69,2026-02-11T22:39:25.567991
ST_037,21519,402,2026-02-06T04:01:22.921793
ST_037,22441,51,2026-01-16T03:16:18.503553
ST_037,23297,163,2026-01-14T23:22:52.519361
ST_037,21915,473,2026-01-24T12:35:18.625297
ST_037,37449,135,2026-02-03T11:49:58.518374
ST_037,21667,-3,2026-01-18T05:41:31.266653
ST_037,22476,122,2026-01-28T12:18:39.431724
ST_037,46000P,493,2026-01-28T07:58:34.530267
ST_037,90003B,14,2026-02-02T00:40:54.960700
ST_037,21990,93,2026-01-21T00:01:33.164411
ST_037,82599,417,2026-01-30T12:50:32.546957
ST_037,16161P,7,2026-01-31T02:16:23.634424
ST_037,85132A,219,2026-01-30T15:22:53.222089
ST_037,84593,85,2026-01-30T17:48:00.231800
ST_037,22575,38,2026-02-11T20:30:07.320700
ST_037,23070,338,2026-02-06T21:59:07.562924
ST_037,90196B,466,2026-01-18T11:02:55.246365
ST_037,22737,378,2026-01-18T12:54:14.423462
ST_038,22876,293,2026-01-23T15:24:19.261380
ST_038,20934,48,2026-01-31T15:08:33.401735
ST_038,21682,196,2026-02-01T09:13:11.481156
ST_038,21910,298,2026-02-05T02:16:36.684573
ST_038,22158,392,2026-01-26T08:57:49.209328
ST_038,35819B,268,2026-01-31T02:28:06.422962
ST_038,20711,321,2026-02-05T00:20:58.612706
ST_038,22406,484,2026-01-27T23:47:05.768052
ST_038,90177E,39,2026-02-05T08:51:04.051110
ST_038,90123B,229,2026-01-23T16:11:54.217504
ST_038,21402,397,2026-01-28T05:59:15.311666
ST_038,21291,22,2026-01-20T21:47:03.310589
ST_038,35819P,284,2026-01-15T13:21:33.121658
ST_038,22399,447,2026-02-01T03:24:49.299790
ST_038,21261,384,2026-01-25T08:20:06.714686
ST_038,22430,494,2026-01-16T09:32:27.345100
ST_038,21918,485,2026-01-21T21:18:05.143375
ST_038,21232,475,2026-02-09T08:50:58.517347
ST_038,35610B,294,2026-01-24T03:37:03.391227
ST_038,23165,115,2026-01-25T22:57:10.975751
ST_038,23311,404,2026-02-13T10:24:40.478145
ST_038,22896,-23,2026-02-10T05:59:13.747285
ST_038,85024C,217,2026-02-04T21:51:33.617236
ST_038,23570,-32,2026-01-19T19:49:13.648042
ST_038,84666,190,2026-02-13T07:56:16.452899
ST_038,21865,46,2026-01-19T19:56:40.252598
ST_038,21678,472,2026-01-30T02:39:56.923235
ST_038,20752,316,2026-01-17T11:12:12.287308
ST_038,23434,479,2026-02-04T15:05:50.627283
ST_038,22038,135,2026-02-11T01:20:29.574795
ST_038,21289,-40,2026-01-30T12:11:43.273300
ST_038,22034,289,2026-01-22T23:28:39.793274
ST_038,84660B,498,2026-02-11T07:35:20.231319
ST_038,16248B,26,2026-01-25T17:42:27.661304
ST_038,16259,167,2026-01-28T17:15:59.773103
ST_038,90125E,102,2026-01-18T18:01:54.015079
ST_038,21718,-23,2026-02-11T19:51:05.609090
ST_038,35958,250,2026-01-28T05:49:02.289589
ST_038,22775,344,2026-01-20T03:01:05.594044
ST_038,84927E,294,2026-02-08T13:26:50.128893
ST_038,23412,63,2026-02-03T13:54:03.534125
ST_038,21802,244,2026-02-09T00:17:40.671946
ST_038,22700,63,2026-01-17T14:09:02.678534
ST_038,21792,92,2026-01-30T06:29:02.893888
ST_038,21126,306,2026-02-12T02:44:32.104074
ST_038,47481,-3,2026-02-01T13:30:43.660182
ST_038,23000,201,2026-01-20T12:03:14.667326
ST_038,84461,189,2026-02-08T11:36:03.073766
ST_038,84963A,82,2026-02-11T18:59:42.139361
ST_038,90214Z,-27,2026-02-03T03:27:43.789497
ST_038,90199C,150,2026-01-23T04:44:29.147767
ST_038,90125B,274,2026-01-24T13:58:55.076495
ST_038,22315,282,2026-02-10T01:10:32.708396
ST_038,22636,240,2026-01-19T08:43:02.292692
ST_038,22408,76,2026-02-08T20:27:55.734116
ST_038,22517,-37,2026-01-25T23:27:33.325754
ST_038,85159A,162,2026-01-20T18:00:25.420523
ST_038,23169,-8,2026-01-20T10:23:39.681110
ST_038,23243,109,2026-01-29T22:54:02.001910
ST_038,84568,476,2026-01-24T06:30:03.787696
ST_038,22458,170,2026-02-03T10:59:34.738981
ST_038,21272,-2,2026-02-05T04:46:12.930151
ST_038,84558A,92,2026-01-22T02:04:24.693923
ST_038,90214I,168,2026-02-06T09:03:54.523701
ST_038,47369B,459,2026-01-17T22:05:20.518934
ST_038,23031,438,2026-01-18T08:30:45.028819
ST_038,21106,184,2026-01-20T00:54:38.313400
ST_038,84380,435,2026-02-01T15:18:46.706403
ST_038,90152A,-40,2026-01-20T17:54:04.424216
ST_038,48184,168,2026-02-07T20:51:41.155614
ST_038,90039C,394,2026-01-31T06:36:04.148960
ST_038,20677,44,2026-01-17T17:43:43.314779
ST_038,85135C,45,2026-01-17T14:04:25.621783
ST_038,85045,359,2026-01-19T09:12:24.352821
ST_038,23161,473,2026-01-19T17:42:09.455834
ST_038,23255,396,2026-01-21T19:17:59.296825
ST_038,23694,-42,2026-01-28T15:54:21.658972
ST_038,90100,-32,2026-01-20T20:36:43.845206
ST_038,84798A,-32,2026-02-08T12:43:23.142659
ST_038,22880,408,2026-01-21T01:19:46.956115
ST_038,21369,194,2026-01-25T01:50:18.517262
ST_038,23100,-7,2026-01-27T05:53:54.446024
ST_038,85211,215,2026-02-05T09:09:18.975434
ST_038,84659A,275,2026-01-27T12:55:57.482654
ST_038,22655,475,2026-01-26T12:27:32.945382
ST_038,35599D,281,2026-01-26T21:56:51.931357
ST_038,84905,247,2026-01-29T08:05:29.466263
ST_038,21086,133,2026-01-24T23:31:05.135101
ST_038,23252,204,2026-01-23T06:20:57.825358
ST_038,22623,313,2026-02-12T13:44:38.820348
ST_038,M,131,2026-01-27T09:36:00.548220
ST_038,23356,497,2026-01-18T01:05:57.058697
ST_038,35004P,13,2026-01-23T17:01:39.131446
ST_038,21377,35,2026-02-10T13:55:50.252347
ST_038,21696,232,2026-01-31T09:43:14.549732
ST_038,20974,231,2026-01-24T19:51:20.809824
ST_038,85200,479,2026-01-19T09:56:18.283067
ST_038,22702,268,2026-02-06T01:44:16.626998
ST_038,21499,410,2026-01-27T19:30:17.916806
ST_038,22057,277,2026-02-08T07:45:29.349184
ST_038,47590A,444,2026-02-01T16:38:24.445985
ST_038,22558,112,2026-01-15T07:55:28.095891
ST_038,21986,99,2026-02-10T22:17:37.261697
ST_038,22112,238,2026-02-04T16:52:11.393824
ST_038,23004,464,2026-01-20T11:23:37.054147
ST_038,22444,456,2026-01-21T00:42:08.316211
ST_038,22346,309,2026-02-05T20:57:20.767599
ST_038,72598,193,2026-02-10T21:18:51.380913
ST_038,23345,176,2026-01-31T00:37:05.582659
ST_038,23191,346,2026-02-08T19:23:40.286261
ST_038,23495,418,2026-01-24T08:13:27.750714
ST_038,22260,431,2026-01-26T22:36:23.707658
ST_038,23181,214,2026-01-21T11:05:26.050472
ST_038,23553,69,2026-01-29T17:19:33.832693
ST_038,21418,85,2026-01-25T23:24:08.946535
ST_038,21816,213,2026-02-01T02:07:49.384054
ST_038,90042A,414,2026-01-14T16:55:52.374215
ST_038,85178,53,2026-01-14T16:19:49.311430
ST_038,47578A,394,2026-01-20T21:55:21.062992
ST_038,23254,111,2026-01-15T10:17:53.324590
ST_038,71496A,-21,2026-02-03T07:00:58.655544
ST_038,22897,216,2026-01-18T04:46:14.737414
ST_038,21426,-2,2026-01-20T15:16:17.273042
ST_038,20668,257,2026-02-02T15:30:12.505123
ST_038,84707B,218,2026-01-29T01:08:11.978895
ST_038,21462,117,2026-02-08T23:04:21.095201
ST_038,22886,-49,2026-01-18T20:51:01.053988
ST_038,35964,308,2026-01-16T08:02:57.392644
ST_038,23419,124,2026-01-22T06:36:55.995052
ST_038,84922,167,2026-01-15T23:55:03.752638
ST_038,22716,104,2026-02-07T05:00:14.387384
ST_038,21867,201,2026-01-22T13:10:05.293512
ST_038,21015,381,2026-01-31T14:39:39.325325
ST_038,85131B,480,2026-01-16T14:06:57.783547
ST_038,23456,56,2026-02-03T13:54:22.650914
ST_038,35972,247,2026-01-26T22:20:46.582734
ST_038,37488A,142,2026-01-30T16:35:17.864109
ST_038,20854,51,2026-01-25T12:53:42.314601
ST_038,85071B,257,2026-01-30T18:00:01.415885
ST_038,23325,343,2026-01-28T23:36:43.961313
ST_038,90093,158,2026-02-11T00:50:22.143491
ST_038,84870B,481,2026-01-17T06:39:40.510362
ST_038,23457,319,2026-01-25T16:55:00.724721
ST_038,22900,231,2026-01-23T20:02:34.020140
ST_038,90055,335,2026-01-18T16:51:45.587203
ST_038,21507,497,2026-01-22T13:39:12.676063
ST_038,40001,137,2026-01-28T04:33:48.114137
ST_038,23497,244,2026-01-24T18:54:05.743684
ST_038,22183,357,2026-01-30T03:07:32.564439
ST_038,22645,480,2026-01-31T21:16:34.566258
ST_038,90019C,185,2026-01-15T09:15:18.127520
ST_038,21054,-21,2026-02-10T09:14:41.415803
ST_038,90214O,123,2026-02-07T04:24:01.757568
ST_038,22195,88,2026-02-10T20:14:53.909711
ST_038,85225,145,2026-02-06T03:46:05.021547
ST_038,22870,189,2026-02-10T22:55:42.919465
ST_038,22244,239,2026-02-12T01:56:44.054058
ST_038,90065B,332,2026-02-05T19:55:30.196088
ST_038,22936,469,2026-01-28T19:42:53.461194
ST_038,35001W,166,2026-01-27T00:24:14.050395
ST_038,85034A,252,2026-01-30T17:14:13.276279
ST_038,23145,262,2026-01-26T15:06:27.871728
ST_038,90129A,150,2026-01-24T23:03:09.400895
ST_038,90202D,15,2026-01-26T04:03:59.269201
ST_038,37444A,152,2026-01-28T23:22:09.809348
ST_038,22069,68,2026-02-03T12:48:20.252896
ST_038,23102,340,2026-02-13T08:17:22.655140
ST_038,21622,99,2026-01-28T14:05:19.961622
ST_038,20748,437,2026-02-03T13:53:48.980222
ST_038,18097C,95,2026-01-27T10:04:38.788002
ST_038,22322,210,2026-01-24T00:29:47.804315
ST_038,21143,432,2026-01-23T23:09:10.478749
ST_038,16235,397,2026-01-28T19:55:54.467310
ST_038,22060,206,2026-02-11T22:12:25.474805
ST_038,23390,18,2026-01-20T23:39:10.998213
ST_038,21609,-48,2026-02-03T08:07:09.455002
ST_038,23190,170,2026-01-23T21:15:13.187928
ST_038,22594,401,2026-01-16T09:49:31.211957
ST_038,90198B,-49,2026-01-25T23:06:36.566706
ST_038,23209,31,2026-02-04T12:19:18.352418
ST_038,21955,493,2026-01-21T13:55:14.147767
ST_038,90190B,42,2026-02-08T19:05:04.216449
ST_038,11001,130,2026-01-23T05:02:29.773274
ST_038,21634,73,2026-01-19T02:04:04.365085
ST_038,22518,29,2026-01-25T21:03:01.591029
ST_038,22745,146,2026-02-12T08:53:39.735785
ST_038,90099,216,2026-01-14T13:06:45.434145
ST_038,35650,-31,2026-02-02T06:33:25.729907
ST_038,85026B,138,2026-01-19T22:26:27.782838
ST_038,84750B,169,2026-01-30T02:55:06.370096
ST_038,90016A,313,2026-01-24T20:55:04.107597
ST_038,72741,272,2026-02-01T13:40:11.918550
ST_038,16161M,-39,2026-01-19T21:31:22.446195
ST_038,21681,140,2026-02-08T15:28:29.515441
ST_038,90086,430,2026-02-09T23:48:45.506327
ST_038,21706,10,2026-02-02T17:28:16.441386
ST_038,23121,274,2026-02-07T02:06:42.223804
ST_038,22136,133,2026-01-20T06:40:05.990395
ST_038,22086,264,2026-02-10T03:03:14.016372
ST_038,84596F,256,2026-02-01T03:55:37.332798
ST_038,22545,469,2026-02-06T12:30:17.544770
ST_038,22964,181,2026-01-31T00:31:45.054580
ST_038,90155,73,2026-01-23T07:42:09.696317
ST_038,84927F,411,2026-01-31T07:13:20.479558
ST_038,22077,85,2026-02-09T19:20:12.065301
ST_038,84596B,214,2026-01-15T08:04:13.251025
ST_038,84879,293,2026-01-16T02:58:47.044181
ST_038,84828,461,2026-01-16T03:59:58.800506
ST_038,85049G,127,2026-01-22T19:25:19.939957
ST_038,22461,415,2026-01-24T13:17:56.804003
ST_038,21275,397,2026-01-19T10:57:44.202951
ST_038,22971,328,2026-01-17T18:46:22.912701
ST_038,44235,7,2026-01-30T09:45:41.879144
ST_038,21705,199,2026-02-10T07:58:23.657920
ST_038,23264,355,2026-01-30T23:01:23.170592
ST_038,21210,-14,2026-01-27T08:06:10.399548
ST_038,84766,426,2026-02-02T00:35:47.594110
ST_038,21313,332,2026-01-29T03:36:21.565924
ST_038,21067,16,2026-02-07T09:03:52.407378
ST_038,21671,444,2026-02-04T16:33:59.225810
ST_038,84805B,234,2026-01-22T19:23:42.394168
ST_038,72709,242,2026-02-08T04:13:16.115069
ST_038,90158,455,2026-02-05T09:02:46.264977
ST_038,90120B,180,2026-01-25T16:37:46.671491
ST_038,84678,469,2026-01-24T11:44:59.209978
ST_038,23503,305,2026-01-23T12:08:57.019263
ST_038,21935,299,2026-01-31T07:27:42.594560
ST_038,90161A,193,2026-01-17T16:00:56.152691
ST_038,22908,103,2026-01-31T00:11:09.339800
ST_038,84854,-13,2026-02-07T19:40:55.444270
ST_038,17191A,460,2026-01-29T14:58:19.217928
ST_038,20868,243,2026-01-15T16:04:11.574287
ST_038,20826,422,2026-02-01T04:09:20.661383
ST_038,20971,210,2026-02-11T22:50:08.522933
ST_038,23270,339,2026-01-28T03:32:14.484169
ST_038,21946,29,2026-02-08T05:25:14.847874
ST_038,47310M,-36,2026-01-15T06:58:14.192037
ST_038,37446,313,2026-01-16T03:51:39.920966
ST_038,35638A,357,2026-01-30T06:35:56.667103
ST_038,85124B,486,2026-01-19T15:38:10.474100
ST_038,90094,269,2026-02-09T12:23:52.826653
ST_038,23185,205,2026-01-20T05:23:58.049259
ST_038,17021,131,2026-02-02T21:53:06.687575
ST_038,21032,205,2026-01-30T13:06:05.426152
ST_038,23224,201,2026-01-19T03:10:12.220090
ST_038,23473,426,2026-02-03T04:39:28.544354
ST_038,22563,290,2026-01-18T22:19:26.733545
ST_038,21156,452,2026-01-26T18:24:05.612105
ST_038,22786,-45,2026-01-18T07:36:03.173656
ST_038,17136A,471,2026-01-31T04:41:33.764511
ST_038,37471,443,2026-01-19T11:22:21.642658
ST_038,16258A,420,2026-02-02T13:13:42.494628
ST_038,84915,259,2026-02-01T08:40:49.822100
ST_038,90202B,-31,2026-01-29T15:55:48.725734
ST_038,90159,-42,2026-01-18T15:38:00.210430
ST_038,22649,-10,2026-01-19T17:36:22.946264
ST_038,84637,341,2026-01-14T18:45:42.820545
ST_038,22650,96,2026-01-16T10:45:18.708625
ST_038,22755,300,2026-02-08T00:28:45.700477
ST_038,21403,153,2026-02-10T06:20:04.911406
ST_038,23017,161,2026-02-01T14:24:12.910959
ST_038,22230,363,2026-02-01T16:54:17.480596
ST_038,90040B,227,2026-01-27T02:34:17.918221
ST_038,84465,149,2026-02-12T13:31:50.571474
ST_038,35909A,188,2026-01-15T03:30:47.945404
ST_038,16161G,-1,2026-01-29T16:10:59.070233
ST_038,22324,195,2026-02-03T11:19:41.781826
ST_038,23193,313,2026-02-08T01:17:04.187032
ST_038,23155,212,2026-01-17T12:57:32.792730
ST_038,22602,160,2026-02-13T11:34:50.223820
ST_038,22993,121,2026-02-10T08:29:16.022949
ST_038,82582,295,2026-02-08T13:26:36.337415
ST_038,85202,-35,2026-02-11T19:10:48.398729
ST_038,90021,268,2026-01-23T20:06:46.020446
ST_038,22948,160,2026-01-21T13:39:12.163161
ST_038,84192,444,2026-01-30T14:53:06.898567
ST_038,22053,1,2026-02-12T03:25:25.869191
ST_038,84600,167,2026-02-11T07:58:29.099869
ST_038,20796,360,2026-01-16T19:56:35.206170
ST_038,20697,101,2026-02-02T07:45:18.643397
ST_038,22699,201,2026-02-10T05:56:42.369411
ST_038,44091A,96,2026-02-01T08:29:41.992304
ST_038,21519,470,2026-02-04T15:26:12.636947
ST_038,22441,34,2026-02-01T03:26:12.312575
ST_038,23297,235,2026-01-17T15:38:51.378834
ST_038,21915,41,2026-02-02T05:59:56.751448
ST_038,37449,181,2026-01-14T18:26:04.153106
ST_038,21667,177,2026-01-25T19:19:10.240273
ST_038,22476,321,2026-02-06T23:08:53.436426
ST_038,46000P,-50,2026-01-17T15:32:01.589409
ST_038,90003B,233,2026-01-28T15:16:45.611592
ST_038,21990,423,2026-02-02T03:12:25.789709
ST_038,82599,-33,2026-02-11T23:58:50.277374
ST_038,16161P,452,2026-01-17T04:01:07.883804
ST_038,85132A,438,2026-01-24T07:20:53.935727
ST_038,84593,229,2026-02-10T14:37:53.286510
ST_038,22575,451,2026-02-10T02:51:36.330067
ST_038,23070,52,2026-01-17T13:59:46.903996
ST_038,90196B,254,2026-01-31T12:57:09.430473
ST_038,22737,17,2026-02-02T09:47:58.784165
ST_039,22876,43,2026-01-27T20:39:06.663319
ST_039,20934,47,2026-01-18T13:11:01.738129
ST_039,21682,307,2026-02-05T23:12:18.939711
ST_039,21910,-47,2026-02-10T22:31:25.644403
ST_039,22158,256,2026-01-19T22:19:54.271783
ST_039,35819B,372,2026-01-19T13:59:24.806225
ST_039,20711,378,2026-01-25T13:56:54.272094
ST_039,22406,181,2026-01-23T08:35:29.634626
ST_039,90177E,118,2026-01-27T09:58:53.215627
ST_039,90123B,352,2026-02-03T14:47:52.776796
ST_039,21402,313,2026-02-09T20:46:11.442260
ST_039,21291,262,2026-02-02T20:57:25.753877
ST_039,35819P,300,2026-02-08T13:33:01.096293
ST_039,22399,168,2026-01-31T23:59:55.223471
ST_039,21261,247,2026-01-23T01:34:42.769589
ST_039,22430,284,2026-02-08T12:58:51.017964
ST_039,21918,273,2026-02-12T02:41:01.830311
ST_039,21232,305,2026-02-08T06:53:09.056447
ST_039,35610B,46,2026-01-19T02:48:44.271342
ST_039,23165,467,2026-01-16T11:50:51.837187
ST_039,23311,397,2026-02-10T19:26:09.413977
ST_039,22896,-1,2026-01-14T22:13:38.394128
ST_039,85024C,376,2026-02-11T21:06:20.008723
ST_039,23570,473,2026-01-16T00:06:43.624128
ST_039,84666,18,2026-01-25T17:57:41.219826
ST_039,21865,267,2026-01-25T03:34:25.788320
ST_039,21678,302,2026-01-21T18:32:19.178374
ST_039,20752,229,2026-01-30T11:33:58.494203
ST_039,23434,322,2026-01-28T22:40:59.951686
ST_039,22038,368,2026-02-06T13:59:14.678521
ST_039,21289,444,2026-01-29T05:06:01.427930
ST_039,22034,367,2026-01-18T16:34:54.775308
ST_039,84660B,-17,2026-01-24T18:17:36.347526
ST_039,16248B,395,2026-01-20T10:47:01.480672
ST_039,16259,-40,2026-02-09T05:58:12.291228
ST_039,90125E,-28,2026-01-26T02:10:32.372042
ST_039,21718,469,2026-02-06T00:50:44.590280
ST_039,35958,330,2026-02-09T00:24:15.427216
ST_039,22775,347,2026-02-02T09:10:36.396635
ST_039,84927E,358,2026-01-20T14:16:39.974380
ST_039,23412,351,2026-01-25T02:25:10.453681
ST_039,21802,-38,2026-01-20T06:30:57.448874
ST_039,22700,456,2026-02-11T10:54:56.835270
ST_039,21792,494,2026-02-05T02:21:55.312034
ST_039,21126,-41,2026-01-20T14:07:30.256774
ST_039,47481,364,2026-02-04T19:09:50.189195
ST_039,23000,-4,2026-01-31T08:07:25.331437
ST_039,84461,458,2026-01-15T05:37:36.914717
ST_039,84963A,15,2026-02-04T17:31:02.976146
ST_039,90214Z,432,2026-01-16T02:29:07.279115
ST_039,90199C,483,2026-02-12T11:30:35.079767
ST_039,90125B,482,2026-01-21T22:27:20.085358
ST_039,22315,120,2026-01-16T11:10:21.513300
ST_039,22636,309,2026-01-26T08:41:01.836069
ST_039,22408,-30,2026-01-23T22:50:55.636633
ST_039,22517,420,2026-02-01T15:55:55.232399
ST_039,85159A,337,2026-01-23T15:13:36.339986
ST_039,23169,115,2026-02-06T00:03:39.321168
ST_039,23243,289,2026-01-27T23:05:04.690173
ST_039,84568,-28,2026-01-30T21:29:19.894354
ST_039,22458,255,2026-01-16T01:07:39.532051
ST_039,21272,290,2026-02-04T01:58:26.403337
ST_039,84558A,173,2026-01-20T04:08:28.347589
ST_039,90214I,0,2026-01-23T15:28:42.525890
ST_039,47369B,400,2026-01-18T10:40:02.801165
ST_039,23031,75,2026-02-10T18:08:41.159260
ST_039,21106,177,2026-02-06T07:03:01.131897
ST_039,84380,11,2026-01-24T14:00:46.088159
ST_039,90152A,186,2026-01-29T15:20:52.891128
ST_039,48184,357,2026-02-10T07:22:59.863827
ST_039,90039C,183,2026-02-03T16:47:29.947297
ST_039,20677,-30,2026-02-12T14:14:52.968462
ST_039,85135C,136,2026-01-30T20:12:49.042162
ST_039,85045,165,2026-01-27T06:28:38.662363
ST_039,23161,388,2026-01-28T19:04:25.072833
ST_039,23255,333,2026-01-20T20:37:33.872285
ST_039,23694,382,2026-01-30T00:55:33.984131
ST_039,90100,366,2026-01-15T02:40:00.689961
ST_039,84798A,14,2026-01-19T13:25:50.424608
ST_039,22880,316,2026-02-08T12:19:02.176257
ST_039,21369,453,2026-01-15T07:28:48.947621
ST_039,23100,383,2026-02-05T13:44:38.593109
ST_039,85211,128,2026-02-05T07:38:37.119772
ST_039,84659A,178,2026-02-13T07:09:54.116327
ST_039,22655,327,2026-01-19T16:19:37.859910
ST_039,35599D,94,2026-01-17T19:47:52.142273
ST_039,84905,467,2026-01-16T02:00:47.550655
ST_039,21086,60,2026-01-30T09:35:24.099143
ST_039,23252,92,2026-02-11T02:09:28.502818
ST_039,22623,455,2026-01-23T20:06:46.251132
ST_039,M,124,2026-01-24T13:40:13.819077
ST_039,23356,182,2026-01-17T14:36:12.695013
ST_039,35004P,397,2026-01-16T04:00:41.730151
ST_039,21377,189,2026-02-04T11:53:57.779144
ST_039,21696,456,2026-02-06T17:14:36.785002
ST_039,20974,499,2026-01-26T02:10:48.804545
ST_039,85200,420,2026-02-10T21:12:05.299649
ST_039,22702,-44,2026-02-06T10:14:55.369787
ST_039,21499,298,2026-02-13T02:32:23.112299
ST_039,22057,452,2026-02-04T10:00:24.616806
ST_039,47590A,496,2026-01-23T00:41:28.901205
ST_039,22558,181,2026-01-25T11:31:33.617494
ST_039,21986,176,2026-02-05T12:07:43.245322
ST_039,22112,86,2026-01-21T22:25:56.928572
ST_039,23004,226,2026-02-11T13:07:53.460796
ST_039,22444,295,2026-02-06T20:03:03.152515
ST_039,22346,-47,2026-01-23T00:50:48.956262
ST_039,72598,259,2026-01-31T01:27:20.049041
ST_039,23345,-6,2026-02-02T21:55:59.368324
ST_039,23191,423,2026-01-22T14:12:31.000177
ST_039,23495,442,2026-01-15T16:17:56.751199
ST_039,22260,290,2026-01-17T16:40:10.090900
ST_039,23181,-19,2026-01-26T06:21:22.850032
ST_039,23553,311,2026-01-21T17:51:01.483367
ST_039,21418,209,2026-01-24T09:11:25.361854
ST_039,21816,454,2026-02-11T13:21:25.899797
ST_039,90042A,12,2026-01-27T07:19:13.246528
ST_039,85178,385,2026-02-06T23:44:05.721691
ST_039,47578A,409,2026-01-28T13:42:00.065115
ST_039,23254,372,2026-01-30T09:55:25.359373
ST_039,71496A,176,2026-01-23T05:00:07.410966
ST_039,22897,89,2026-01-20T04:47:37.041986
ST_039,21426,61,2026-02-10T07:49:48.263417
ST_039,20668,476,2026-02-01T11:57:58.606313
ST_039,84707B,449,2026-01-15T10:05:11.860030
ST_039,21462,262,2026-02-08T07:40:16.475295
ST_039,22886,447,2026-01-22T04:55:17.512097
ST_039,35964,253,2026-02-03T03:27:27.793953
ST_039,23419,3,2026-02-08T21:02:18.375251
ST_039,84922,194,2026-02-08T20:28:10.496747
ST_039,22716,265,2026-01-31T22:13:29.545284
ST_039,21867,184,2026-02-03T09:26:23.803395
ST_039,21015,392,2026-02-07T12:01:27.127536
ST_039,85131B,7,2026-01-23T09:10:42.376494
ST_039,23456,-14,2026-01-26T21:21:13.801554
ST_039,35972,430,2026-01-27T08:12:10.061407
ST_039,37488A,99,2026-02-11T22:40:36.996172
ST_039,20854,73,2026-02-09T12:00:32.451974
ST_039,85071B,400,2026-02-09T06:41:17.609455
ST_039,23325,212,2026-02-04T13:30:12.898122
ST_039,90093,35,2026-02-07T09:52:19.116609
ST_039,84870B,187,2026-01-18T23:14:47.465739
ST_039,23457,28,2026-01-24T06:53:48.484800
ST_039,22900,0,2026-02-05T16:25:32.359809
ST_039,90055,295,2026-01-19T23:58:11.401579
ST_039,21507,490,2026-01-23T16:54:43.072989
ST_039,40001,464,2026-02-13T10:03:17.485688
ST_039,23497,115,2026-02-12T10:05:25.537253
ST_039,22183,139,2026-02-01T00:58:30.713350
ST_039,22645,139,2026-01-31T21:51:52.943836
ST_039,90019C,93,2026-02-10T06:50:44.972728
ST_039,21054,33,2026-02-06T10:02:36.909642
ST_039,90214O,255,2026-01-30T01:34:29.245389
ST_039,22195,492,2026-01-14T13:37:46.695884
ST_039,85225,215,2026-02-08T14:45:11.674280
ST_039,22870,321,2026-01-15T13:08:53.940712
ST_039,22244,249,2026-01-22T09:50:45.091784
ST_039,90065B,103,2026-02-08T00:24:49.561841
ST_039,22936,172,2026-01-14T14:13:14.489062
ST_039,35001W,39,2026-02-11T13:34:48.449289
ST_039,85034A,98,2026-02-06T16:11:05.002471
ST_039,23145,217,2026-01-31T06:05:56.706459
ST_039,90129A,262,2026-01-31T06:11:47.050923
ST_039,90202D,220,2026-02-05T06:29:09.395198
ST_039,37444A,64,2026-02-11T17:25:54.224431
ST_039,22069,241,2026-02-04T02:55:41.612316
ST_039,23102,241,2026-01-18T10:58:18.312838
ST_039,21622,94,2026-02-01T00:24:17.571397
ST_039,20748,290,2026-01-18T09:47:13.355224
ST_039,18097C,8,2026-02-06T00:40:50.792352
ST_039,22322,26,2026-01-15T22:33:25.024236
ST_039,21143,482,2026-01-30T09:48:58.659601
ST_039,16235,47,2026-02-09T11:18:47.386522
ST_039,22060,151,2026-02-13T04:40:20.492758
ST_039,23390,125,2026-01-30T09:49:28.647404
ST_039,21609,28,2026-01-29T23:23:13.488477
ST_039,23190,353,2026-02-05T01:26:00.822162
ST_039,22594,270,2026-01-24T18:24:51.120718
ST_039,90198B,224,2026-01-29T16:56:59.363735
ST_039,23209,485,2026-01-21T20:27:38.265100
ST_039,21955,211,2026-02-11T17:10:54.511802
ST_039,90190B,235,2026-02-08T23:55:22.320919
ST_039,11001,-40,2026-01-19T01:59:16.051557
ST_039,21634,276,2026-02-09T18:40:00.144046
ST_039,22518,57,2026-01-28T17:24:07.559150
ST_039,22745,402,2026-01-25T05:21:57.220051
ST_039,90099,17,2026-02-04T13:02:05.576279
ST_039,35650,216,2026-01-17T06:07:22.316230
ST_039,85026B,165,2026-01-23T01:35:10.034565
ST_039,84750B,39,2026-02-10T21:53:05.918372
ST_039,90016A,179,2026-01-26T08:18:48.084630
ST_039,72741,413,2026-02-07T23:03:43.013763
ST_039,16161M,167,2026-01-15T01:58:10.676173
ST_039,21681,271,2026-01-22T14:25:00.199782
ST_039,90086,201,2026-01-16T01:14:20.230509
ST_039,21706,10,2026-02-01T08:29:50.711085
ST_039,23121,300,2026-02-03T16:36:55.605756
ST_039,22136,206,2026-01-22T15:33:45.010822
ST_039,22086,290,2026-01-19T02:15:51.384807
ST_039,84596F,404,2026-02-11T23:44:48.580044
ST_039,22545,183,2026-01-22T08:44:42.815749
ST_039,22964,435,2026-01-23T01:23:16.056682
ST_039,90155,313,2026-02-04T03:29:37.667338
ST_039,84927F,-9,2026-02-09T20:23:56.490849
ST_039,22077,7,2026-01-18T05:21:33.841424
ST_039,84596B,280,2026-02-01T16:47:30.949409
ST_039,84879,70,2026-01-20T12:58:01.850377
ST_039,84828,169,2026-01-28T12:09:03.357709
ST_039,85049G,142,2026-02-08T18:51:34.144651
ST_039,22461,75,2026-01-25T11:07:29.793728
ST_039,21275,257,2026-01-19T07:44:20.855648
ST_039,22971,41,2026-02-02T02:32:04.897264
ST_039,44235,374,2026-02-07T15:37:03.334913
ST_039,21705,138,2026-01-31T16:14:30.808106
ST_039,23264,325,2026-01-17T11:22:19.603431
ST_039,21210,473,2026-01-22T00:58:25.756063
ST_039,84766,28,2026-02-07T09:07:54.624503
ST_039,21313,363,2026-01-16T09:52:23.738706
ST_039,21067,60,2026-01-27T23:27:04.491485
ST_039,21671,388,2026-02-07T11:29:20.301102
ST_039,84805B,249,2026-01-28T03:54:17.402235
ST_039,72709,129,2026-01-14T22:23:37.145491
ST_039,90158,227,2026-01-14T17:00:23.674899
ST_039,90120B,-47,2026-02-11T08:03:49.789079
ST_039,84678,93,2026-01-19T12:46:01.697821
ST_039,23503,114,2026-02-07T12:00:31.322335
ST_039,21935,-27,2026-01-15T06:53:50.101604
ST_039,90161A,453,2026-02-04T03:39:44.041089
ST_039,22908,477,2026-01-19T06:50:07.799572
ST_039,84854,434,2026-01-28T03:43:30.604049
ST_039,17191A,122,2026-01-28T03:50:03.413702
ST_039,20868,93,2026-01-30T20:53:38.888047
ST_039,20826,326,2026-02-13T07:53:28.681291
ST_039,20971,180,2026-01-18T05:30:53.421575
ST_039,23270,448,2026-01-14T16:35:25.122899
ST_039,21946,320,2026-02-03T10:12:51.226306
ST_039,47310M,154,2026-02-03T07:23:33.996164
ST_039,37446,449,2026-01-31T04:35:36.860353
ST_039,35638A,43,2026-02-10T17:01:05.200564
ST_039,85124B,327,2026-01-19T12:29:09.538585
ST_039,90094,62,2026-01-25T07:00:32.561020
ST_039,23185,66,2026-01-18T20:56:24.182884
ST_039,17021,-48,2026-01-26T12:58:55.820349
ST_039,21032,18,2026-01-26T11:03:58.909841
ST_039,23224,293,2026-01-24T03:36:05.125102
ST_039,23473,373,2026-01-17T20:02:12.505509
ST_039,22563,334,2026-02-05T20:18:29.240208
ST_039,21156,470,2026-01-16T02:51:07.941956
ST_039,22786,357,2026-01-17T15:18:53.071974
ST_039,17136A,23,2026-01-24T19:38:56.053695
ST_039,37471,-43,2026-02-04T07:28:41.631722
ST_039,16258A,-28,2026-02-02T02:50:19.118453
ST_039,84915,371,2026-01-24T23:12:46.556713
ST_039,90202B,85,2026-02-10T17:43:17.967404
ST_039,90159,2,2026-02-03T17:19:14.411467
ST_039,22649,454,2026-01-25T07:08:03.860257
ST_039,84637,-43,2026-01-29T16:12:10.816603
ST_039,22650,125,2026-02-05T14:00:40.670279
ST_039,22755,-28,2026-02-10T10:27:04.043489
ST_039,21403,234,2026-01-26T14:29:21.975281
ST_039,23017,73,2026-01-29T13:30:12.152006
ST_039,22230,498,2026-02-02T09:32:19.563313
ST_039,90040B,45,2026-01-17T20:53:44.727155
ST_039,84465,141,2026-02-07T21:21:43.273986
ST_039,35909A,56,2026-01-28T21:50:13.923130
ST_039,16161G,438,2026-02-08T17:16:53.503546
ST_039,22324,341,2026-01-26T04:51:28.665000
ST_039,23193,364,2026-01-25T12:06:41.763959
ST_039,23155,62,2026-01-18T16:24:12.492366
ST_039,22602,-40,2026-01-18T15:45:50.001757
ST_039,22993,282,2026-01-27T02:24:38.407519
ST_039,82582,86,2026-02-07T05:37:12.220561
ST_039,85202,23,2026-02-05T08:30:57.290390
ST_039,90021,27,2026-02-07T18:09:58.286249
ST_039,22948,294,2026-01-27T00:06:41.601127
ST_039,84192,-21,2026-01-30T14:11:37.454847
ST_039,22053,3,2026-02-08T17:49:23.239694
ST_039,84600,401,2026-01-26T02:02:45.715480
ST_039,20796,450,2026-01-21T11:56:54.298581
ST_039,20697,126,2026-01-15T18:57:31.508929
ST_039,22699,394,2026-01-21T08:38:25.055548
ST_039,44091A,171,2026-01-16T13:25:48.360455
ST_039,21519,407,2026-01-15T10:25:50.611600
ST_039,22441,-22,2026-02-07T14:30:41.271256
ST_039,23297,71,2026-01-20T18:26:59.358429
ST_039,21915,73,2026-02-06T21:00:40.869240
ST_039,37449,410,2026-01-22T18:46:07.752633
ST_039,21667,451,2026-01-22T12:13:49.404510
ST_039,22476,424,2026-01-17T05:30:49.090791
ST_039,46000P,324,2026-02-05T18:02:58.937211
ST_039,90003B,416,2026-02-13T08:42:01.208948
ST_039,21990,238,2026-02-05T08:20:04.744611
ST_039,82599,247,2026-01-27T04:31:56.885484
ST_039,16161P,267,2026-02-09T11:22:35.883024
ST_039,85132A,402,2026-01-25T14:27:04.441783
ST_039,84593,103,2026-01-26T09:46:09.655812
ST_039,22575,102,2026-01-20T14:26:23.285959
ST_039,23070,358,2026-01-20T23:22:52.169199
ST_039,90196B,36,2026-01-28T17:20:54.528295
ST_039,22737,346,2026-01-18T12:59:44.269843
ST_040,22876,421,2026-01-14T21:12:14.345773
ST_040,20934,481,2026-01-23T20:50:29.088505
ST_040,21682,67,2026-01-19T14:48:50.243968
ST_040,21910,68,2026-02-02T09:08:54.721526
ST_040,22158,197,2026-01-30T22:01:27.358492
ST_040,35819B,198,2026-02-03T06:24:01.573117
ST_040,20711,-15,2026-01-22T14:13:04.177821
ST_040,22406,236,2026-01-16T11:43:56.236346
ST_040,90177E,-42,2026-02-11T06:30:54.059858
ST_040,90123B,278,2026-01-20T15:11:47.861355
ST_040,21402,331,2026-02-06T09:59:38.180263
ST_040,21291,414,2026-02-10T21:06:19.051217
ST_040,35819P,77,2026-01-28T08:16:10.777629
ST_040,22399,267,2026-01-14T13:17:48.066227
ST_040,21261,191,2026-02-05T21:22:05.551071
ST_040,22430,295,2026-02-09T01:46:22.801891
ST_040,21918,391,2026-01-24T21:11:08.592447
ST_040,21232,-30,2026-02-11T04:09:59.573261
ST_040,35610B,418,2026-02-08T09:08:24.575515
ST_040,23165,223,2026-02-12T06:25:39.963423
ST_040,23311,263,2026-02-08T11:10:56.818974
ST_040,22896,400,2026-02-11T03:23:59.575825
ST_040,85024C,-34,2026-01-27T08:01:32.975109
ST_040,23570,325,2026-01-17T20:34:10.466439
ST_040,84666,65,2026-01-24T20:07:19.989816
ST_040,21865,137,2026-02-12T10:09:50.067446
ST_040,21678,314,2026-01-19T03:42:40.969565
ST_040,20752,241,2026-01-26T08:02:01.372133
ST_040,23434,402,2026-02-10T22:23:38.698862
ST_040,22038,336,2026-01-27T11:19:45.839188
ST_040,21289,489,2026-01-26T14:14:19.134061
ST_040,22034,278,2026-01-27T09:21:03.057443
ST_040,84660B,55,2026-01-31T06:41:56.746915
ST_040,16248B,223,2026-02-01T05:18:24.447817
ST_040,16259,383,2026-01-18T01:32:18.830380
ST_040,90125E,92,2026-02-11T12:44:18.258784
ST_040,21718,-15,2026-02-03T15:04:03.655091
ST_040,35958,370,2026-01-17T01:34:32.192030
ST_040,22775,6,2026-01-20T07:01:31.573924
ST_040,84927E,372,2026-02-03T00:04:19.973373
ST_040,23412,458,2026-01-30T20:56:46.520978
ST_040,21802,428,2026-01-27T04:28:46.101795
ST_040,22700,461,2026-02-05T10:26:53.770107
ST_040,21792,274,2026-02-01T22:07:09.552540
ST_040,21126,66,2026-01-20T03:05:39.638190
ST_040,47481,119,2026-01-24T22:33:16.383254
ST_040,23000,455,2026-01-25T03:13:46.955311
ST_040,84461,451,2026-01-28T11:35:25.780051
ST_040,84963A,422,2026-01-31T00:12:55.255588
ST_040,90214Z,135,2026-01-15T12:32:53.367431
ST_040,90199C,349,2026-02-11T20:43:09.431715
ST_040,90125B,360,2026-01-22T04:54:26.009149
ST_040,22315,265,2026-02-03T19:14:28.006085
ST_040,22636,211,2026-01-30T04:16:31.986158
ST_040,22408,330,2026-01-19T22:55:27.927993
ST_040,22517,42,2026-01-29T21:11:23.186098
ST_040,85159A,480,2026-02-07T21:45:26.051172
ST_040,23169,495,2026-02-07T04:04:35.023767
ST_040,23243,144,2026-01-22T16:32:21.814991
ST_040,84568,415,2026-02-06T00:01:34.361693
ST_040,22458,39,2026-01-15T08:44:28.103946
ST_040,21272,24,2026-01-18T19:53:13.063461
ST_040,84558A,30,2026-01-31T12:07:47.443103
ST_040,90214I,-8,2026-01-16T04:02:02.152731
ST_040,47369B,470,2026-01-17T09:14:27.384283
ST_040,23031,151,2026-02-04T23:06:31.341780
ST_040,21106,388,2026-01-26T15:18:19.585073
ST_040,84380,413,2026-02-05T21:47:01.270068
ST_040,90152A,-16,2026-02-06T23:02:09.114234
ST_040,48184,451,2026-02-09T15:30:29.129021
ST_040,90039C,48,2026-02-13T03:49:46.209695
ST_040,20677,245,2026-01-29T01:37:01.526872
ST_040,85135C,230,2026-02-13T07:23:15.935270
ST_040,85045,289,2026-01-26T04:38:25.331933
ST_040,23161,329,2026-01-28T10:06:50.250152
ST_040,23255,395,2026-02-07T23:52:57.973833
ST_040,23694,122,2026-01-31T18:34:24.145861
ST_040,90100,3,2026-02-13T02:29:41.010409
ST_040,84798A,39,2026-01-18T07:28:03.026290
ST_040,22880,104,2026-02-10T09:52:13.397945
ST_040,21369,-12,2026-01-17T12:54:49.439816
ST_040,23100,397,2026-02-01T07:24:57.594322
ST_040,85211,-44,2026-01-30T15:35:58.643437
ST_040,84659A,463,2026-01-16T10:00:37.155907
ST_040,22655,468,2026-02-09T04:35:53.933186
ST_040,35599D,-19,2026-01-21T17:14:05.822397
ST_040,84905,417,2026-01-27T14:00:14.351205
ST_040,21086,404,2026-01-22T06:05:14.799381
ST_040,23252,-26,2026-01-18T04:43:42.993698
ST_040,22623,493,2026-01-29T00:33:17.563479
ST_040,M,175,2026-01-15T00:51:35.543680
ST_040,23356,-15,2026-01-28T14:58:11.939064
ST_040,35004P,99,2026-02-09T22:18:28.113207
ST_040,21377,370,2026-01-28T13:53:14.575574
ST_040,21696,333,2026-01-27T21:10:57.863949
ST_040,20974,1,2026-01-22T10:00:41.134389
ST_040,85200,2,2026-01-29T11:43:57.224931
ST_040,22702,413,2026-01-19T17:40:17.785480
ST_040,21499,209,2026-01-23T08:43:42.109482
ST_040,22057,99,2026-02-07T08:38:07.621476
ST_040,47590A,91,2026-01-14T12:49:33.091261
ST_040,22558,12,2026-02-06T15:07:58.350978
ST_040,21986,-26,2026-02-10T00:29:16.773423
ST_040,22112,141,2026-01-15T09:37:38.087219
ST_040,23004,42,2026-01-21T09:34:22.078449
ST_040,22444,110,2026-01-24T16:29:09.137755
ST_040,22346,377,2026-02-12T01:31:07.192327
ST_040,72598,466,2026-02-01T13:27:04.020199
ST_040,23345,16,2026-02-03T02:56:24.693882
ST_040,23191,130,2026-02-08T05:09:57.122387
ST_040,23495,387,2026-02-06T15:32:11.543384
ST_040,22260,410,2026-01-22T19:32:22.005035
ST_040,23181,470,2026-01-30T13:31:47.786117
ST_040,23553,40,2026-01-19T12:26:35.089759
ST_040,21418,126,2026-02-07T21:17:41.849866
ST_040,21816,254,2026-02-04T21:43:01.659950
ST_040,90042A,432,2026-02-11T05:42:41.228895
ST_040,85178,294,2026-01-17T11:21:59.993390
ST_040,47578A,303,2026-01-23T18:10:25.481575
ST_040,23254,3,2026-01-27T18:08:51.571222
ST_040,71496A,378,2026-02-09T11:54:58.236461
ST_040,22897,487,2026-02-03T17:06:49.909010
ST_040,21426,265,2026-02-08T04:48:26.457552
ST_040,20668,-20,2026-01-14T14:31:13.315568
ST_040,84707B,35,2026-01-16T19:58:10.200014
ST_040,21462,-5,2026-02-10T23:48:59.990196
ST_040,22886,3,2026-01-21T02:03:06.968130
ST_040,35964,331,2026-01-16T11:25:31.095579
ST_040,23419,45,2026-01-22T20:44:47.706704
ST_040,84922,77,2026-02-11T07:05:19.197083
ST_040,22716,215,2026-01-26T08:01:40.549267
ST_040,21867,-3,2026-01-16T17:39:35.688844
ST_040,21015,359,2026-01-28T18:39:52.548107
ST_040,85131B,39,2026-01-22T07:51:56.919045
ST_040,23456,236,2026-01-26T02:57:19.372408
ST_040,35972,197,2026-01-28T02:03:49.571985
ST_040,37488A,268,2026-01-31T23:02:48.310299
ST_040,20854,406,2026-01-24T10:42:53.956763
ST_040,85071B,391,2026-01-23T16:09:49.946773
ST_040,23325,7,2026-01-23T18:00:57.363879
ST_040,90093,493,2026-02-05T22:54:56.450878
ST_040,84870B,88,2026-02-05T01:30:54.939441
ST_040,23457,476,2026-01-29T16:48:16.635975
ST_040,22900,325,2026-01-31T22:45:35.405458
ST_040,90055,439,2026-01-21T07:07:15.998726
ST_040,21507,225,2026-01-16T05:31:16.719984
ST_040,40001,227,2026-01-17T23:08:19.361758
ST_040,23497,493,2026-01-27T00:29:35.714164
ST_040,22183,406,2026-02-02T20:56:24.057384
ST_040,22645,35,2026-01-30T13:19:44.996816
ST_040,90019C,7,2026-02-12T01:00:21.313506
ST_040,21054,192,2026-01-16T00:08:27.057580
ST_040,90214O,118,2026-01-20T04:45:57.895508
ST_040,22195,383,2026-01-25T06:22:10.062867
ST_040,85225,286,2026-02-10T20:23:38.454094
ST_040,22870,279,2026-01-16T06:01:31.275167
ST_040,22244,253,2026-01-21T08:25:36.881453
ST_040,90065B,-36,2026-02-13T02:04:52.249275
ST_040,22936,-49,2026-02-12T21:35:07.697438
ST_040,35001W,187,2026-01-25T11:20:24.978838
ST_040,85034A,434,2026-01-15T13:15:36.282873
ST_040,23145,141,2026-02-05T03:25:29.108130
ST_040,90129A,119,2026-02-04T23:23:23.391200
ST_040,90202D,489,2026-02-06T03:31:18.569718
ST_040,37444A,445,2026-01-15T11:06:39.460423
ST_040,22069,275,2026-02-12T04:06:48.131454
ST_040,23102,-16,2026-01-26T14:22:56.434430
ST_040,21622,-43,2026-01-27T21:13:46.935432
ST_040,20748,487,2026-02-03T20:21:24.928107
ST_040,18097C,500,2026-02-01T15:37:40.785199
ST_040,22322,3,2026-02-12T11:35:34.467813
ST_040,21143,303,2026-01-29T16:43:10.232861
ST_040,16235,393,2026-02-04T19:58:21.739039
ST_040,22060,173,2026-01-23T01:33:25.775578
ST_040,23390,373,2026-02-04T09:30:11.528671
ST_040,21609,301,2026-01-22T12:57:32.576862
ST_040,23190,18,2026-02-02T01:00:44.859996
ST_040,22594,349,2026-01-25T09:52:38.087909
ST_040,90198B,447,2026-01-27T23:26:52.538450
ST_040,23209,408,2026-01-16T02:41:01.031781
ST_040,21955,-47,2026-01-18T03:56:34.338308
ST_040,90190B,374,2026-01-25T13:51:30.766358
ST_040,11001,329,2026-02-07T16:18:31.228318
ST_040,21634,486,2026-01-22T13:46:29.147357
ST_040,22518,-41,2026-02-01T18:23:12.579124
ST_040,22745,287,2026-02-09T11:02:27.008519
ST_040,90099,129,2026-01-17T18:04:59.538779
ST_040,35650,406,2026-01-26T00:49:53.522516
ST_040,85026B,193,2026-02-08T15:06:33.493643
ST_040,84750B,391,2026-01-21T04:58:16.390341
ST_040,90016A,59,2026-01-28T18:43:16.397440
ST_040,72741,-24,2026-01-31T18:46:33.603162
ST_040,16161M,283,2026-01-20T06:59:23.521700
ST_040,21681,433,2026-02-05T00:22:07.112005
ST_040,90086,499,2026-02-02T09:01:06.564566
ST_040,21706,143,2026-01-27T08:16:35.236448
ST_040,23121,493,2026-02-12T02:22:54.682772
ST_040,22136,291,2026-02-04T09:45:59.996569
ST_040,22086,261,2026-02-12T17:38:18.202920
ST_040,84596F,405,2026-02-10T21:28:10.571023
ST_040,22545,88,2026-01-25T10:55:56.532726
ST_040,22964,395,2026-02-06T14:56:30.928272
ST_040,90155,-13,2026-01-30T20:40:54.660726
ST_040,84927F,159,2026-02-01T07:39:51.838369
ST_040,22077,447,2026-01-31T16:34:13.800334
ST_040,84596B,483,2026-01-28T05:51:39.578710
ST_040,84879,334,2026-01-25T04:15:03.756430
ST_040,84828,222,2026-02-02T05:12:13.039650
ST_040,85049G,337,2026-01-29T08:21:44.130921
ST_040,22461,480,2026-01-31T01:19:19.353084
ST_040,21275,260,2026-01-18T19:36:55.204737
ST_040,22971,181,2026-02-13T00:26:12.154657
ST_040,44235,322,2026-01-15T23:51:34.171800
ST_040,21705,27,2026-01-27T18:56:18.441623
ST_040,23264,105,2026-01-20T14:10:15.377482
ST_040,21210,455,2026-01-18T11:09:02.285197
ST_040,84766,373,2026-01-15T07:59:09.522507
ST_040,21313,-15,2026-02-10T10:40:53.657600
ST_040,21067,-14,2026-02-09T15:16:47.708915
ST_040,21671,-19,2026-01-28T00:37:55.532782
ST_040,84805B,305,2026-01-27T07:55:30.537712
ST_040,72709,6,2026-02-10T16:53:35.019369
ST_040,90158,105,2026-02-07T16:10:42.689428
ST_040,90120B,151,2026-01-23T07:20:56.098066
ST_040,84678,148,2026-01-19T15:12:11.468261
ST_040,23503,129,2026-01-29T22:26:32.632864
ST_040,21935,383,2026-01-27T23:03:00.116543
ST_040,90161A,-26,2026-02-09T15:39:15.453381
ST_040,22908,53,2026-01-21T09:26:17.931874
ST_040,84854,379,2026-02-01T23:59:25.071714
ST_040,17191A,439,2026-01-27T02:36:42.989895
ST_040,20868,333,2026-02-05T00:13:51.327911
ST_040,20826,-18,2026-02-08T21:29:49.808449
ST_040,20971,101,2026-01-28T12:10:55.120455
ST_040,23270,94,2026-02-06T14:37:16.333825
ST_040,21946,55,2026-01-19T15:14:31.847912
ST_040,47310M,336,2026-02-02T23:36:00.865423
ST_040,37446,351,2026-01-17T05:17:32.921164
ST_040,35638A,174,2026-02-11T09:38:22.773771
ST_040,85124B,158,2026-01-15T16:39:52.724376
ST_040,90094,408,2026-01-26T07:25:13.495281
ST_040,23185,135,2026-02-12T23:58:23.596454
ST_040,17021,10,2026-02-09T14:52:03.993019
ST_040,21032,271,2026-02-05T22:51:32.306130
ST_040,23224,210,2026-02-03T02:36:51.806160
ST_040,23473,8,2026-01-24T09:39:10.903791
ST_040,22563,182,2026-02-10T03:46:59.288188
ST_040,21156,219,2026-01-24T22:16:02.069624
ST_040,22786,455,2026-02-04T11:13:57.104295
ST_040,17136A,96,2026-01-17T11:45:55.275457
ST_040,37471,359,2026-02-11T01:02:38.453530
ST_040,16258A,182,2026-02-04T17:25:53.199356
ST_040,84915,211,2026-01-24T10:56:59.387875
ST_040,90202B,424,2026-02-07T19:55:59.338498
ST_040,90159,99,2026-01-20T07:57:15.854453
ST_040,22649,464,2026-02-01T21:02:10.146502
ST_040,84637,283,2026-01-31T21:27:07.595591
ST_040,22650,300,2026-02-03T00:02:38.465180
ST_040,22755,319,2026-01-18T22:03:30.962884
ST_040,21403,76,2026-01-31T17:24:36.792367
ST_040,23017,340,2026-02-08T11:43:33.916352
ST_040,22230,170,2026-02-04T17:00:47.498597
ST_040,90040B,50,2026-01-22T10:23:09.176282
ST_040,84465,355,2026-02-11T12:55:01.251788
ST_040,35909A,499,2026-01-19T21:30:05.438619
ST_040,16161G,267,2026-01-20T22:27:04.133187
ST_040,22324,18,2026-02-12T11:40:19.979086
ST_040,23193,358,2026-02-01T05:16:53.332678
ST_040,23155,239,2026-02-07T01:49:30.383310
ST_040,22602,233,2026-01-22T00:03:29.282806
ST_040,22993,170,2026-01-19T04:48:08.164126
ST_040,82582,59,2026-02-06T18:57:42.228421
ST_040,85202,47,2026-02-10T15:30:28.888030
ST_040,90021,467,2026-01-16T00:44:03.210784
ST_040,22948,6,2026-02-07T19:24:19.143484
ST_040,84192,177,2026-02-04T21:47:51.733847
ST_040,22053,120,2026-01-20T19:55:33.404044
ST_040,84600,215,2026-02-05T22:37:07.603224
ST_040,20796,144,2026-02-03T11:29:45.371267
ST_040,20697,-49,2026-02-09T00:53:58.492287
ST_040,22699,5,2026-02-01T23:34:10.126668
ST_040,44091A,155,2026-02-12T06:50:11.680341
ST_040,21519,216,2026-01-29T14:36:49.438148
ST_040,22441,58,2026-01-20T15:03:12.294712
ST_040,23297,-40,2026-01-24T02:38:26.128941
ST_040,21915,192,2026-02-09T04:58:45.879527
ST_040,37449,117,2026-01-23T05:46:05.195210
ST_040,21667,484,2026-01-18T14:52:12.466369
ST_040,22476,-39,2026-01-23T07:45:45.920970
ST_040,46000P,105,2026-01-27T08:21:56.519338
ST_040,90003B,447,2026-01-15T11:22:23.467573
ST_040,21990,376,2026-01-19T01:08:25.204569
ST_040,82599,498,2026-01-15T20:05:54.852974
ST_040,16161P,-41,2026-01-19T09:17:58.766922
ST_040,85132A,204,2026-02-02T19:04:59.122997
ST_040,84593,496,2026-02-05T17:02:00.060782
ST_040,22575,485,2026-02-08T01:31:27.333322
ST_040,23070,353,2026-01-30T21:02:07.562315
ST_040,90196B,362,2026-01-24T08:20:08.717011
ST_040,22737,201,2026-01-20T08:29:30.037944
ST_041,22876,64,2026-01-23T07:02:56.415975
ST_041,20934,375,2026-02-02T19:23:08.292747
ST_041,21682,121,2026-02-08T19:05:32.387946
ST_041,21910,103,2026-01-25T21:02:20.815188
ST_041,22158,-15,2026-02-09T11:44:41.446821
ST_041,35819B,386,2026-02-04T17:18:13.284123
ST_041,20711,167,2026-01-17T00:14:17.133811
ST_041,22406,378,2026-02-05T14:43:20.940986
ST_041,90177E,165,2026-01-14T16:10:06.345912
ST_041,90123B,133,2026-01-21T18:32:45.503332
ST_041,21402,260,2026-01-27T23:09:55.158134
ST_041,21291,84,2026-02-10T04:19:53.378343
ST_041,35819P,169,2026-01-31T15:48:27.018995
ST_041,22399,36,2026-01-31T11:14:46.524673
ST_041,21261,43,2026-02-10T04:57:08.958353
ST_041,22430,475,2026-02-02T23:42:48.024646
ST_041,21918,449,2026-02-03T15:54:13.718719
ST_041,21232,424,2026-01-21T08:17:23.131467
ST_041,35610B,201,2026-02-01T18:13:40.911704
ST_041,23165,120,2026-02-01T06:39:24.026047
ST_041,23311,12,2026-01-24T14:19:40.344693
ST_041,22896,0,2026-02-03T13:21:22.925624
ST_041,85024C,450,2026-01-28T03:43:34.345465
ST_041,23570,282,2026-01-29T21:28:38.634049
ST_041,84666,63,2026-01-23T15:48:17.733561
ST_041,21865,216,2026-02-02T18:00:56.675756
ST_041,21678,317,2026-02-10T06:49:23.992512
ST_041,20752,0,2026-01-15T06:48:39.560197
ST_041,23434,215,2026-02-09T09:12:35.689483
ST_041,22038,113,2026-02-06T20:12:11.540467
ST_041,21289,-26,2026-01-22T05:12:22.255694
ST_041,22034,467,2026-01-17T17:58:19.816178
ST_041,84660B,90,2026-02-03T13:48:05.571594
ST_041,16248B,252,2026-01-31T13:07:18.248561
ST_041,16259,264,2026-02-09T08:04:17.169240
ST_041,90125E,379,2026-01-26T01:41:49.176215
ST_041,21718,402,2026-02-04T21:21:07.282309
ST_041,35958,216,2026-01-16T05:17:36.916540
ST_041,22775,318,2026-01-29T23:26:13.485492
ST_041,84927E,87,2026-01-14T12:53:08.499824
ST_041,23412,21,2026-01-23T16:22:55.496886
ST_041,21802,82,2026-01-29T04:17:16.039556
ST_041,22700,233,2026-01-16T14:45:20.122209
ST_041,21792,142,2026-01-26T04:46:32.716544
ST_041,21126,142,2026-01-29T02:35:13.388346
ST_041,47481,-5,2026-01-16T21:44:08.239170
ST_041,23000,364,2026-02-05T17:53:35.858610
ST_041,84461,291,2026-01-17T00:33:22.006682
ST_041,84963A,262,2026-01-21T03:04:37.598848
ST_041,90214Z,235,2026-02-05T09:55:01.353709
ST_041,90199C,96,2026-02-04T07:57:30.703783
ST_041,90125B,112,2026-01-15T17:12:05.567686
ST_041,22315,12,2026-02-02T10:21:14.955089
ST_041,22636,81,2026-01-27T05:50:00.241467
ST_041,22408,194,2026-02-02T23:28:18.891644
ST_041,22517,248,2026-01-22T12:25:45.262274
ST_041,85159A,481,2026-02-04T04:21:37.046095
ST_041,23169,444,2026-02-11T12:08:05.555797
ST_041,23243,481,2026-02-01T14:42:12.491386
ST_041,84568,168,2026-01-23T02:59:16.556571
ST_041,22458,198,2026-02-04T18:56:33.189981
ST_041,21272,430,2026-02-10T03:56:52.773528
ST_041,84558A,412,2026-01-24T12:55:25.007410
ST_041,90214I,130,2026-01-15T12:46:35.048719
ST_041,47369B,15,2026-01-23T16:48:25.633859
ST_041,23031,333,2026-02-05T18:52:43.767738
ST_041,21106,253,2026-02-12T21:55:29.626548
ST_041,84380,313,2026-01-16T23:25:07.258595
ST_041,90152A,295,2026-01-18T04:58:47.557796
ST_041,48184,54,2026-01-28T00:40:18.944762
ST_041,90039C,24,2026-01-17T04:19:05.899556
ST_041,20677,433,2026-01-31T01:13:18.032414
ST_041,85135C,153,2026-02-02T00:05:56.501884
ST_041,85045,410,2026-02-03T11:11:10.160981
ST_041,23161,500,2026-01-18T04:15:58.441814
ST_041,23255,174,2026-01-27T15:30:27.582810
ST_041,23694,274,2026-01-16T08:11:54.732320
ST_041,90100,128,2026-02-05T23:02:45.490626
ST_041,84798A,95,2026-02-12T08:20:55.305115
ST_041,22880,37,2026-01-16T05:16:28.877723
ST_041,21369,-4,2026-02-04T12:58:05.817770
ST_041,23100,81,2026-02-06T04:38:15.596955
ST_041,85211,227,2026-01-23T05:46:17.044307
ST_041,84659A,433,2026-01-20T20:13:24.290892
ST_041,22655,-30,2026-01-17T00:36:31.370004
ST_041,35599D,93,2026-01-24T18:10:19.017445
ST_041,84905,16,2026-02-01T12:53:32.782458
ST_041,21086,140,2026-01-18T18:14:06.574697
ST_041,23252,146,2026-01-28T10:34:41.077135
ST_041,22623,117,2026-02-02T13:48:09.256642
ST_041,M,337,2026-01-25T09:00:22.450856
ST_041,23356,-37,2026-01-28T08:34:15.392676
ST_041,35004P,84,2026-02-07T05:58:23.812562
ST_041,21377,173,2026-01-29T22:46:14.065936
ST_041,21696,215,2026-02-11T14:33:37.405104
ST_041,20974,47,2026-02-09T07:47:35.936331
ST_041,85200,89,2026-02-12T08:14:34.901186
ST_041,22702,33,2026-01-30T22:38:54.441015
ST_041,21499,-4,2026-02-08T16:06:27.078650
ST_041,22057,463,2026-01-29T10:11:02.133358
ST_041,47590A,267,2026-02-12T17:31:52.869847
ST_041,22558,24,2026-02-09T14:00:20.041296
ST_041,21986,88,2026-01-28T22:20:54.257519
ST_041,22112,22,2026-02-10T15:09:14.171072
ST_041,23004,118,2026-02-09T04:47:09.171879
ST_041,22444,199,2026-01-23T00:14:00.950819
ST_041,22346,-44,2026-01-14T17:45:46.383299
ST_041,72598,-7,2026-02-02T03:05:12.487059
ST_041,23345,147,2026-01-14T22:07:42.218016
ST_041,23191,332,2026-01-19T22:55:17.149928
ST_041,23495,332,2026-02-05T11:53:37.370788
ST_041,22260,385,2026-01-27T10:59:06.720234
ST_041,23181,193,2026-01-23T05:34:23.535663
ST_041,23553,444,2026-02-01T13:53:32.848991
ST_041,21418,232,2026-02-04T03:36:17.393781
ST_041,21816,432,2026-01-22T06:09:24.254487
ST_041,90042A,227,2026-02-12T18:44:49.392760
ST_041,85178,365,2026-02-11T16:30:48.056781
ST_041,47578A,263,2026-01-24T05:46:53.756322
ST_041,23254,232,2026-01-18T15:00:51.183269
ST_041,71496A,423,2026-01-18T05:24:39.381956
ST_041,22897,466,2026-01-15T08:51:11.929044
ST_041,21426,148,2026-01-20T17:21:56.837530
ST_041,20668,258,2026-01-25T10:32:17.619370
ST_041,84707B,304,2026-02-11T04:41:50.694564
ST_041,21462,-20,2026-02-02T22:19:37.174906
ST_041,22886,483,2026-01-14T12:47:50.936655
ST_041,35964,42,2026-01-23T00:45:17.038147
ST_041,23419,-34,2026-01-22T01:17:45.629351
ST_041,84922,391,2026-01-31T00:40:56.132720
ST_041,22716,96,2026-02-11T05:34:46.973125
ST_041,21867,-15,2026-02-10T10:50:29.267813
ST_041,21015,422,2026-02-10T03:15:19.320684
ST_041,85131B,296,2026-01-28T20:45:17.497729
ST_041,23456,27,2026-01-22T00:14:51.856597
ST_041,35972,329,2026-02-05T12:24:08.687565
ST_041,37488A,122,2026-01-23T21:14:46.870816
ST_041,20854,492,2026-02-11T02:01:23.153091
ST_041,85071B,451,2026-01-15T22:37:21.981333
ST_041,23325,236,2026-01-19T09:21:41.680817
ST_041,90093,342,2026-02-12T07:09:36.258032
ST_041,84870B,252,2026-01-29T17:59:57.999362
ST_041,23457,57,2026-02-11T13:54:45.899408
ST_041,22900,18,2026-02-11T18:22:16.682813
ST_041,90055,59,2026-01-31T20:18:00.877272
ST_041,21507,282,2026-02-05T07:04:58.416550
ST_041,40001,230,2026-02-11T10:25:22.680254
ST_041,23497,-27,2026-02-01T14:45:37.129150
ST_041,22183,396,2026-01-29T00:21:29.454396
ST_041,22645,66,2026-01-23T18:11:19.721211
ST_041,90019C,147,2026-02-07T12:02:12.080836
ST_041,21054,409,2026-01-27T03:18:08.111881
ST_041,90214O,464,2026-02-05T01:06:16.513113
ST_041,22195,459,2026-01-20T04:05:35.032153
ST_041,85225,14,2026-02-08T02:16:10.050025
ST_041,22870,-31,2026-01-19T18:45:31.484674
ST_041,22244,401,2026-01-25T19:42:12.456581
ST_041,90065B,219,2026-02-09T19:32:57.447597
ST_041,22936,158,2026-01-16T04:45:40.197562
ST_041,35001W,273,2026-01-28T01:07:32.581880
ST_041,85034A,171,2026-01-21T21:00:52.603068
ST_041,23145,230,2026-02-07T01:58:45.527808
ST_041,90129A,407,2026-01-15T14:22:43.136390
ST_041,90202D,272,2026-01-25T12:53:36.170346
ST_041,37444A,279,2026-02-12T16:49:53.624767
ST_041,22069,246,2026-02-03T03:32:12.591470
ST_041,23102,49,2026-02-11T21:58:05.435912
ST_041,21622,74,2026-01-23T04:14:31.095832
ST_041,20748,438,2026-02-09T08:25:32.077276
ST_041,18097C,30,2026-02-03T23:38:54.029031
ST_041,22322,367,2026-01-25T19:37:14.116395
ST_041,21143,456,2026-01-23T05:12:41.903803
ST_041,16235,-50,2026-02-02T13:27:19.226281
ST_041,22060,428,2026-02-02T15:10:56.981071
ST_041,23390,403,2026-02-09T11:32:22.128233
ST_041,21609,121,2026-01-17T06:39:07.484946
ST_041,23190,239,2026-01-15T20:07:10.733789
ST_041,22594,20,2026-02-08T23:47:22.201519
ST_041,90198B,418,2026-01-21T01:13:28.442342
ST_041,23209,-27,2026-02-05T12:02:09.158051
ST_041,21955,163,2026-01-21T21:09:37.598808
ST_041,90190B,2,2026-01-31T13:59:23.582528
ST_041,11001,356,2026-01-27T10:09:07.379035
ST_041,21634,113,2026-02-12T14:58:02.670536
ST_041,22518,356,2026-02-08T09:20:31.098554
ST_041,22745,476,2026-01-19T11:58:00.453628
ST_041,90099,404,2026-01-30T08:11:15.346575
ST_041,35650,343,2026-02-06T17:13:57.335000
ST_041,85026B,131,2026-02-12T20:24:35.902994
ST_041,84750B,425,2026-01-16T20:58:57.459469
ST_041,90016A,148,2026-02-10T17:36:18.841351
ST_041,72741,37,2026-01-25T15:25:19.190560
ST_041,16161M,388,2026-01-28T08:40:22.518849
ST_041,21681,124,2026-02-13T01:26:45.654613
ST_041,90086,107,2026-02-10T13:08:51.040850
ST_041,21706,375,2026-01-22T00:42:27.613083
ST_041,23121,186,2026-02-06T19:03:16.350738
ST_041,22136,-25,2026-02-13T05:05:53.262384
ST_041,22086,378,2026-01-29T01:41:46.505580
ST_041,84596F,173,2026-02-04T21:11:02.750804
ST_041,22545,426,2026-01-27T05:46:28.770187
ST_041,22964,464,2026-02-13T08:24:04.913527
ST_041,90155,265,2026-02-03T08:53:34.826329
ST_041,84927F,104,2026-02-03T06:16:22.572597
ST_041,22077,181,2026-02-08T03:53:37.322259
ST_041,84596B,1,2026-01-21T18:12:58.979570
ST_041,84879,66,2026-01-30T23:18:53.128493
ST_041,84828,209,2026-01-18T08:39:31.008180
ST_041,85049G,240,2026-02-09T07:16:17.356708
ST_041,22461,281,2026-01-21T01:37:02.914476
ST_041,21275,161,2026-02-01T21:07:37.258512
ST_041,22971,165,2026-01-30T09:26:16.453486
ST_041,44235,123,2026-01-30T17:44:21.006254
ST_041,21705,385,2026-02-04T17:40:47.068225
ST_041,23264,346,2026-02-04T07:32:58.654758
ST_041,21210,254,2026-02-07T06:57:19.260093
ST_041,84766,-33,2026-02-09T04:57:30.458345
ST_041,21313,271,2026-02-08T07:09:44.126576
ST_041,21067,148,2026-02-10T23:30:06.916039
ST_041,21671,404,2026-02-07T05:28:36.320439
ST_041,84805B,498,2026-02-10T22:22:14.699662
ST_041,72709,427,2026-01-23T17:07:12.493712
ST_041,90158,27,2026-02-09T01:25:51.150308
ST_041,90120B,-14,2026-02-11T01:36:59.811930
ST_041,84678,280,2026-02-13T05:23:38.894052
ST_041,23503,166,2026-01-18T13:37:01.883980
ST_041,21935,376,2026-01-29T23:13:25.703873
ST_041,90161A,-47,2026-02-04T03:56:42.783990
ST_041,22908,325,2026-01-21T23:30:25.124859
ST_041,84854,326,2026-01-27T10:22:53.930948
ST_041,17191A,403,2026-02-05T07:41:35.370852
ST_041,20868,360,2026-02-03T12:56:11.455232
ST_041,20826,4,2026-02-09T13:30:26.797451
ST_041,20971,16,2026-01-31T15:15:52.785731
ST_041,23270,303,2026-01-18T07:03:30.522136
ST_041,21946,30,2026-01-27T06:13:46.921846
ST_041,47310M,11,2026-02-04T00:20:30.939959
ST_041,37446,90,2026-02-01T19:44:38.661037
ST_041,35638A,68,2026-01-18T00:14:37.110805
ST_041,85124B,110,2026-02-06T08:28:03.238069
ST_041,90094,214,2026-01-25T21:35:02.887909
ST_041,23185,119,2026-02-06T10:43:41.498998
ST_041,17021,476,2026-02-08T05:12:02.119566
ST_041,21032,213,2026-01-27T16:18:11.006979
ST_041,23224,273,2026-02-11T04:46:14.399601
ST_041,23473,162,2026-01-21T05:32:17.432928
ST_041,22563,340,2026-01-26T04:34:49.434323
ST_041,21156,-5,2026-02-12T17:28:04.544102
ST_041,22786,328,2026-02-02T23:24:58.762233
ST_041,17136A,115,2026-01-21T21:29:37.055659
ST_041,37471,305,2026-01-15T23:55:38.689229
ST_041,16258A,113,2026-01-23T22:32:20.858431
ST_041,84915,145,2026-02-04T16:10:05.117265
ST_041,90202B,409,2026-02-08T12:08:25.179601
ST_041,90159,51,2026-02-07T16:11:27.822088
ST_041,22649,229,2026-02-11T18:54:39.260797
ST_041,84637,308,2026-02-09T13:49:09.434549
ST_041,22650,269,2026-02-07T15:29:55.372256
ST_041,22755,65,2026-01-28T15:34:41.521000
ST_041,21403,378,2026-01-28T04:32:25.954584
ST_041,23017,213,2026-02-10T12:55:04.859467
ST_041,22230,474,2026-01-26T09:00:47.761868
ST_041,90040B,370,2026-02-01T20:46:34.203618
ST_041,84465,456,2026-01-21T07:03:29.084981
ST_041,35909A,421,2026-02-05T01:27:16.628348
ST_041,16161G,357,2026-01-15T17:01:58.591181
ST_041,22324,73,2026-01-19T16:38:18.717318
ST_041,23193,109,2026-01-20T13:10:39.400310
ST_041,23155,422,2026-02-08T03:10:31.261056
ST_041,22602,-3,2026-01-18T21:02:11.351504
ST_041,22993,258,2026-01-24T14:47:12.520192
ST_041,82582,111,2026-01-31T10:13:54.917146
ST_041,85202,-42,2026-02-09T14:00:48.518495
ST_041,90021,449,2026-01-19T19:15:04.289435
ST_041,22948,490,2026-01-30T02:26:48.305780
ST_041,84192,318,2026-01-18T02:44:36.543140
ST_041,22053,318,2026-01-18T16:32:27.950431
ST_041,84600,339,2026-02-07T19:38:57.765003
ST_041,20796,495,2026-01-25T17:45:38.688020
ST_041,20697,362,2026-01-31T17:12:40.709510
ST_041,22699,89,2026-01-28T21:02:40.984794
ST_041,44091A,43,2026-01-26T04:55:13.780871
ST_041,21519,-18,2026-01-15T09:42:25.715258
ST_041,22441,396,2026-02-03T06:15:13.167799
ST_041,23297,198,2026-02-10T17:56:10.169111
ST_041,21915,120,2026-02-09T16:53:57.256805
ST_041,37449,342,2026-02-08T14:38:25.422519
ST_041,21667,343,2026-01-23T13:17:35.706666
ST_041,22476,482,2026-01-24T17:27:47.460805
ST_041,46000P,318,2026-02-08T16:31:27.283338
ST_041,90003B,404,2026-01-26T16:34:32.030252
ST_041,21990,-12,2026-01-15T03:52:42.301461
ST_041,82599,247,2026-01-15T01:57:54.942063
ST_041,16161P,12,2026-01-23T10:22:03.657112
ST_041,85132A,184,2026-01-20T01:32:48.803697
ST_041,84593,94,2026-01-21T13:36:38.369560
ST_041,22575,495,2026-02-03T08:26:07.403764
ST_041,23070,364,2026-01-19T17:36:19.276961
ST_041,90196B,65,2026-01-25T21:35:58.503253
ST_041,22737,368,2026-02-09T19:00:30.068210
ST_042,22876,-44,2026-01-15T10:12:24.460204
ST_042,20934,470,2026-02-02T16:55:26.300563
ST_042,21682,225,2026-02-11T23:02:32.940944
ST_042,21910,416,2026-01-23T16:07:13.220802
ST_042,22158,198,2026-02-11T16:42:31.852660
ST_042,35819B,82,2026-02-02T07:03:09.011548
ST_042,20711,306,2026-01-16T22:27:01.555643
ST_042,22406,351,2026-02-09T07:25:57.843062
ST_042,90177E,223,2026-02-11T22:07:29.217760
ST_042,90123B,423,2026-02-07T20:28:55.425767
ST_042,21402,193,2026-01-25T04:10:55.580981
ST_042,21291,494,2026-01-21T09:12:37.778933
ST_042,35819P,468,2026-01-30T14:22:56.116762
ST_042,22399,376,2026-02-08T16:23:58.123936
ST_042,21261,148,2026-01-29T01:20:05.803971
ST_042,22430,367,2026-01-28T18:18:29.604085
ST_042,21918,-29,2026-02-13T10:28:35.858699
ST_042,21232,188,2026-01-28T05:29:22.311821
ST_042,35610B,48,2026-01-29T01:53:49.068244
ST_042,23165,142,2026-01-19T01:07:14.842228
ST_042,23311,103,2026-01-20T18:50:05.133440
ST_042,22896,35,2026-02-13T10:36:19.213903
ST_042,85024C,195,2026-01-30T20:33:26.914186
ST_042,23570,61,2026-02-02T22:08:58.334419
ST_042,84666,367,2026-01-27T00:04:34.901372
ST_042,21865,228,2026-01-29T01:05:47.911206
ST_042,21678,16,2026-02-09T17:23:53.432235
ST_042,20752,66,2026-01-26T14:47:51.320521
ST_042,23434,-33,2026-01-15T21:07:37.556837
ST_042,22038,78,2026-01-29T22:20:13.204247
ST_042,21289,157,2026-01-23T03:54:52.507293
ST_042,22034,437,2026-01-19T03:24:29.150522
ST_042,84660B,104,2026-01-14T20:32:18.348089
ST_042,16248B,128,2026-01-29T09:28:36.221965
ST_042,16259,470,2026-01-24T04:13:27.712258
ST_042,90125E,322,2026-01-16T02:28:22.653847
ST_042,21718,404,2026-02-04T19:30:03.450784
ST_042,35958,73,2026-01-16T18:17:12.498954
ST_042,22775,124,2026-01-18T01:20:15.057837
ST_042,84927E,-42,2026-02-01T11:44:27.885567
ST_042,23412,-44,2026-01-20T15:46:42.739698
ST_042,21802,-13,2026-01-26T19:00:45.690916
ST_042,22700,496,2026-01-18T19:48:48.885022
ST_042,21792,324,2026-02-12T08:01:26.838807
ST_042,21126,467,2026-01-28T05:37:48.425833
ST_042,47481,155,2026-01-26T09:36:58.376010
ST_042,23000,105,2026-01-25T01:28:56.924155
ST_042,84461,201,2026-01-31T17:56:27.412870
ST_042,84963A,326,2026-02-07T13:16:06.741777
ST_042,90214Z,3,2026-02-01T23:36:04.180151
ST_042,90199C,99,2026-02-11T08:42:31.541929
ST_042,90125B,462,2026-02-09T10:35:53.673015
ST_042,22315,316,2026-02-05T08:49:24.345852
ST_042,22636,446,2026-01-20T02:24:01.611528
ST_042,22408,87,2026-01-28T05:12:34.646840
ST_042,22517,112,2026-01-26T01:40:07.811655
ST_042,85159A,276,2026-01-21T21:35:33.894883
ST_042,23169,-34,2026-01-15T06:06:56.311831
ST_042,23243,404,2026-01-30T02:57:30.046711
ST_042,84568,-20,2026-02-02T19:32:14.750082
ST_042,22458,178,2026-02-11T04:43:45.440295
ST_042,21272,24,2026-01-28T23:46:46.996617
ST_042,84558A,302,2026-02-11T13:46:02.756923
ST_042,90214I,-12,2026-01-21T21:02:59.997675
ST_042,47369B,367,2026-01-19T23:47:33.994955
ST_042,23031,425,2026-01-23T07:22:21.892839
ST_042,21106,104,2026-02-04T23:25:13.470416
ST_042,84380,189,2026-01-30T23:13:13.109040
ST_042,90152A,397,2026-02-07T00:24:33.935671
ST_042,48184,-29,2026-01-14T16:23:51.319368
ST_042,90039C,280,2026-01-24T07:57:06.143929
ST_042,20677,475,2026-01-29T18:42:32.959643
ST_042,85135C,424,2026-02-04T08:40:01.896286
ST_042,85045,22,2026-01-27T16:44:27.387750
ST_042,23161,305,2026-02-02T12:22:40.160228
ST_042,23255,15,2026-01-19T11:16:03.814983
ST_042,23694,64,2026-01-18T22:25:58.009648
ST_042,90100,165,2026-02-07T08:02:58.574241
ST_042,84798A,67,2026-01-21T06:57:10.495461
ST_042,22880,387,2026-02-11T09:27:29.227738
ST_042,21369,496,2026-02-13T09:04:15.885501
ST_042,23100,-38,2026-01-21T17:16:51.014221
ST_042,85211,52,2026-01-27T16:00:25.621909
ST_042,84659A,222,2026-02-11T12:35:44.108908
ST_042,22655,180,2026-01-23T08:50:06.472299
ST_042,35599D,373,2026-01-23T05:39:44.468179
ST_042,84905,446,2026-01-23T05:30:00.021776
ST_042,21086,227,2026-02-11T03:00:14.569991
ST_042,23252,292,2026-02-01T18:14:31.112528
ST_042,22623,352,2026-01-20T02:47:47.492126
ST_042,M,369,2026-02-13T07:26:44.184192
ST_042,23356,214,2026-01-27T17:33:29.087317
ST_042,35004P,477,2026-02-03T00:17:07.827270
ST_042,21377,316,2026-02-02T01:02:19.163048
ST_042,21696,359,2026-01-29T04:52:58.890211
ST_042,20974,168,2026-02-09T11:24:18.800214
ST_042,85200,386,2026-01-19T02:14:12.451118
ST_042,22702,207,2026-02-02T15:28:52.128993
ST_042,21499,278,2026-01-29T00:28:05.116532
ST_042,22057,-26,2026-01-30T12:27:36.584284
ST_042,47590A,222,2026-01-31T08:42:12.646091
ST_042,22558,228,2026-02-02T02:56:00.240099
ST_042,21986,91,2026-02-11T08:56:27.961979
ST_042,22112,155,2026-02-05T03:01:47.453243
ST_042,23004,476,2026-01-16T02:23:05.776867
ST_042,22444,320,2026-01-24T18:26:16.435611
ST_042,22346,399,2026-02-10T13:57:20.292975
ST_042,72598,379,2026-01-30T15:12:00.942391
ST_042,23345,73,2026-02-10T05:54:07.938919
ST_042,23191,403,2026-02-02T10:59:13.544999
ST_042,23495,427,2026-02-01T20:34:45.945417
ST_042,22260,362,2026-02-07T18:05:59.450873
ST_042,23181,90,2026-02-02T11:37:45.589636
ST_042,23553,289,2026-02-04T05:18:15.815631
ST_042,21418,263,2026-02-01T23:40:12.401703
ST_042,21816,233,2026-02-09T18:58:25.790002
ST_042,90042A,261,2026-02-12T20:54:12.587693
ST_042,85178,166,2026-02-06T15:33:58.272333
ST_042,47578A,133,2026-01-20T14:34:42.106634
ST_042,23254,191,2026-02-09T23:32:37.007436
ST_042,71496A,-26,2026-01-19T17:06:11.061063
ST_042,22897,22,2026-01-20T20:06:30.442572
ST_042,21426,233,2026-01-27T09:56:09.187842
ST_042,20668,233,2026-01-20T21:38:53.965382
ST_042,84707B,157,2026-01-29T15:03:51.417021
ST_042,21462,197,2026-01-24T13:02:48.521682
ST_042,22886,76,2026-01-30T04:50:12.380826
ST_042,35964,73,2026-02-09T19:17:42.452035
ST_042,23419,215,2026-02-09T16:26:23.399799
ST_042,84922,386,2026-01-26T08:57:33.246405
ST_042,22716,104,2026-02-12T16:23:08.150546
ST_042,21867,330,2026-02-07T15:33:51.402944
ST_042,21015,342,2026-01-28T13:59:48.138465
ST_042,85131B,393,2026-02-10T16:15:40.065219
ST_042,23456,382,2026-01-17T08:17:09.931966
ST_042,35972,364,2026-01-26T14:29:45.971669
ST_042,37488A,478,2026-02-10T22:10:39.665764
ST_042,20854,184,2026-01-17T08:03:14.931781
ST_042,85071B,80,2026-02-05T14:15:00.804261
ST_042,23325,451,2026-02-04T20:45:08.047484
ST_042,90093,367,2026-02-07T12:38:27.811437
ST_042,84870B,358,2026-01-24T01:57:32.989515
ST_042,23457,200,2026-01-16T19:56:42.653897
ST_042,22900,273,2026-01-26T04:02:45.328635
ST_042,90055,-3,2026-01-19T11:29:59.679451
ST_042,21507,149,2026-01-25T06:49:36.242999
ST_042,40001,475,2026-02-12T10:00:51.398568
ST_042,23497,308,2026-02-13T08:40:34.355635
ST_042,22183,327,2026-01-27T00:48:34.811751
ST_042,22645,447,2026-02-07T21:58:00.421516
ST_042,90019C,256,2026-02-10T17:38:33.708683
ST_042,21054,68,2026-01-28T19:27:54.464616
ST_042,90214O,-18,2026-02-11T04:19:45.476973
ST_042,22195,458,2026-01-15T21:00:55.380485
ST_042,85225,32,2026-01-16T05:37:10.220543
ST_042,22870,8,2026-02-03T08:00:31.828664
ST_042,22244,387,2026-01-22T05:58:04.793185
ST_042,90065B,45,2026-02-12T04:51:25.642719
ST_042,22936,370,2026-01-22T09:50:50.732136
ST_042,35001W,383,2026-02-08T04:36:26.880967
ST_042,85034A,345,2026-02-08T12:04:04.522821
ST_042,23145,266,2026-02-11T14:55:40.507336
ST_042,90129A,454,2026-01-27T21:55:41.163414
ST_042,90202D,389,2026-01-23T01:41:39.487016
ST_042,37444A,64,2026-01-26T22:14:02.139235
ST_042,22069,147,2026-02-11T08:08:12.386299
ST_042,23102,84,2026-02-05T21:30:04.921679
ST_042,21622,257,2026-01-21T10:22:27.109495
ST_042,20748,96,2026-02-09T05:45:27.415666
ST_042,18097C,94,2026-02-05T14:38:52.601511
ST_042,22322,37,2026-02-01T11:52:13.304932
ST_042,21143,37,2026-02-01T14:47:09.846123
ST_042,16235,364,2026-01-15T20:15:06.423354
ST_042,22060,-48,2026-01-26T21:30:00.057031
ST_042,23390,425,2026-02-01T12:25:09.352945
ST_042,21609,415,2026-02-01T17:38:47.452849
ST_042,23190,313,2026-01-16T22:48:13.179021
ST_042,22594,479,2026-01-20T10:08:59.031730
ST_042,90198B,228,2026-01-16T15:27:05.346920
ST_042,23209,156,2026-01-31T06:45:00.907233
ST_042,21955,458,2026-02-05T06:28:06.269074
ST_042,90190B,171,2026-02-06T17:55:57.915333
ST_042,11001,266,2026-01-31T07:32:35.166895
ST_042,21634,59,2026-02-11T12:17:43.237357
ST_042,22518,370,2026-01-18T12:06:24.566690
ST_042,22745,29,2026-02-05T09:23:17.932218
ST_042,90099,238,2026-01-15T22:53:08.545594
ST_042,35650,135,2026-02-07T22:00:33.728203
ST_042,85026B,195,2026-01-17T13:05:08.252663
ST_042,84750B,345,2026-02-06T09:38:56.010129
ST_042,90016A,171,2026-01-20T20:51:38.763052
ST_042,72741,461,2026-02-06T00:41:38.008481
ST_042,16161M,228,2026-02-07T22:08:07.838956
ST_042,21681,427,2026-01-27T23:22:41.978794
ST_042,90086,98,2026-01-27T23:24:07.324111
ST_042,21706,166,2026-01-27T16:43:58.995348
ST_042,23121,171,2026-01-26T18:18:38.438650
ST_042,22136,146,2026-01-25T01:22:27.818277
ST_042,22086,135,2026-01-28T14:54:28.422570
ST_042,84596F,364,2026-01-19T04:34:01.104629
ST_042,22545,133,2026-02-10T17:59:19.681929
ST_042,22964,206,2026-01-22T21:19:28.393961
ST_042,90155,248,2026-02-11T17:26:39.775309
ST_042,84927F,320,2026-01-31T04:22:19.615737
ST_042,22077,45,2026-01-29T03:54:56.930093
ST_042,84596B,442,2026-02-07T02:00:40.991827
ST_042,84879,-39,2026-01-24T07:55:17.725665
ST_042,84828,494,2026-01-31T18:13:26.932086
ST_042,85049G,188,2026-02-07T07:53:07.422894
ST_042,22461,171,2026-01-16T09:38:02.334705
ST_042,21275,212,2026-01-21T01:33:46.977204
ST_042,22971,346,2026-02-08T03:08:33.194981
ST_042,44235,360,2026-01-28T18:52:07.058770
ST_042,21705,163,2026-02-09T05:25:35.166761
ST_042,23264,406,2026-02-13T02:56:07.170676
ST_042,21210,169,2026-01-16T02:26:36.361213
ST_042,84766,273,2026-01-30T03:11:25.331806
ST_042,21313,61,2026-02-08T00:07:34.686132
ST_042,21067,237,2026-01-25T17:43:05.838472
ST_042,21671,119,2026-02-08T01:12:40.627711
ST_042,84805B,24,2026-01-20T17:18:31.740015
ST_042,72709,-24,2026-01-19T16:34:23.372264
ST_042,90158,341,2026-02-05T03:43:52.120145
ST_042,90120B,499,2026-01-19T00:08:12.922743
ST_042,84678,21,2026-02-07T06:37:18.134983
ST_042,23503,203,2026-02-09T22:12:28.643011
ST_042,21935,224,2026-02-09T07:11:44.073272
ST_042,90161A,6,2026-01-27T19:33:06.766631
ST_042,22908,101,2026-01-24T13:00:13.328613
ST_042,84854,313,2026-01-26T01:59:27.750818
ST_042,17191A,462,2026-02-12T16:38:24.222620
ST_042,20868,58,2026-01-25T12:31:29.382550
ST_042,20826,479,2026-02-02T04:33:18.971367
ST_042,20971,454,2026-01-23T07:00:31.199298
ST_042,23270,290,2026-02-07T06:28:07.632435
ST_042,21946,30,2026-01-19T05:51:39.778114
ST_042,47310M,-9,2026-01-29T10:01:23.925616
ST_042,37446,157,2026-01-31T03:06:37.361891
ST_042,35638A,-30,2026-02-03T03:31:58.635912
ST_042,85124B,341,2026-01-31T22:53:37.360404
ST_042,90094,29,2026-01-24T03:57:58.513398
ST_042,23185,-50,2026-01-23T02:33:06.583997
ST_042,17021,442,2026-02-01T19:34:07.220919
ST_042,21032,364,2026-02-05T09:55:18.882074
ST_042,23224,171,2026-01-14T19:41:26.733029
ST_042,23473,454,2026-02-12T07:39:56.459212
ST_042,22563,258,2026-02-07T11:06:51.371272
ST_042,21156,454,2026-01-30T11:58:33.060833
ST_042,22786,41,2026-02-12T18:30:44.921139
ST_042,17136A,13,2026-01-21T03:57:04.314267
ST_042,37471,264,2026-01-31T16:30:55.919099
ST_042,16258A,103,2026-01-15T20:20:55.172985
ST_042,84915,18,2026-02-08T00:42:07.118469
ST_042,90202B,447,2026-02-06T15:50:05.656169
ST_042,90159,138,2026-02-04T13:07:19.379845
ST_042,22649,168,2026-02-09T00:24:15.723424
ST_042,84637,359,2026-01-16T21:01:19.719392
ST_042,22650,279,2026-01-20T13:19:30.935164
ST_042,22755,213,2026-01-17T20:01:58.170111
ST_042,21403,292,2026-01-22T03:47:22.261113
ST_042,23017,8,2026-02-11T18:17:11.203379
ST_042,22230,273,2026-01-20T23:51:10.527301
ST_042,90040B,-13,2026-01-21T04:54:26.177342
ST_042,84465,163,2026-02-10T10:02:37.416372
ST_042,35909A,146,2026-01-17T00:47:20.721862
ST_042,16161G,441,2026-01-21T20:38:30.568455
ST_042,22324,394,2026-02-11T11:38:56.902315
ST_042,23193,338,2026-01-16T18:42:23.386195
ST_042,23155,391,2026-02-03T22:53:42.677707
ST_042,22602,43,2026-01-22T09:00:50.529101
ST_042,22993,348,2026-02-07T23:46:10.639875
ST_042,82582,90,2026-02-13T10:47:15.078735
ST_042,85202,-50,2026-01-26T11:07:02.030541
ST_042,90021,36,2026-02-04T22:02:38.815373
ST_042,22948,292,2026-02-04T14:22:04.566331
ST_042,84192,154,2026-01-23T21:33:56.887451
ST_042,22053,312,2026-02-05T13:44:53.367615
ST_042,84600,493,2026-02-04T08:00:17.608515
ST_042,20796,402,2026-01-31T01:21:15.207246
ST_042,20697,25,2026-02-06T01:05:34.912845
ST_042,22699,187,2026-02-12T03:01:57.047947
ST_042,44091A,208,2026-02-03T01:48:01.578963
ST_042,21519,311,2026-02-09T22:01:35.955897
ST_042,22441,348,2026-02-11T17:04:00.918115
ST_042,23297,94,2026-02-02T09:16:44.756190
ST_042,21915,76,2026-01-21T16:23:43.389651
ST_042,37449,487,2026-01-26T03:35:05.382565
ST_042,21667,69,2026-02-05T22:40:08.262801
ST_042,22476,61,2026-01-23T14:11:10.760087
ST_042,46000P,346,2026-02-10T10:23:51.560749
ST_042,90003B,-21,2026-02-10T15:51:59.965759
ST_042,21990,96,2026-01-17T22:05:44.711348
ST_042,82599,306,2026-02-12T09:38:31.836062
ST_042,16161P,264,2026-02-13T09:34:13.956821
ST_042,85132A,164,2026-01-20T09:57:04.761553
ST_042,84593,118,2026-01-31T14:56:21.729983
ST_042,22575,327,2026-02-05T22:12:59.804884
ST_042,23070,259,2026-01-29T04:07:05.375339
ST_042,90196B,214,2026-02-06T03:42:23.684165
ST_042,22737,99,2026-01-17T19:12:17.146566
ST_043,22876,405,2026-01-16T08:02:53.706827
ST_043,20934,141,2026-01-14T18:29:52.751868
ST_043,21682,109,2026-01-23T06:16:11.201643
ST_043,21910,240,2026-01-21T21:35:35.104048
ST_043,22158,265,2026-01-27T16:45:36.734955
ST_043,35819B,172,2026-02-10T07:23:21.728930
ST_043,20711,-22,2026-01-31T23:30:35.808104
ST_043,22406,142,2026-01-16T22:19:41.903011
ST_043,90177E,119,2026-01-29T19:50:34.158967
ST_043,90123B,-14,2026-02-06T16:03:12.202604
ST_043,21402,141,2026-01-30T16:03:14.826565
ST_043,21291,19,2026-01-26T23:06:26.167121
ST_043,35819P,313,2026-01-30T20:30:09.844446
ST_043,22399,184,2026-02-02T00:22:06.467625
ST_043,21261,410,2026-01-14T19:14:38.262569
ST_043,22430,426,2026-02-02T07:24:36.526361
ST_043,21918,325,2026-01-24T14:23:58.301749
ST_043,21232,277,2026-02-11T11:38:13.481889
ST_043,35610B,149,2026-02-03T06:41:55.347344
ST_043,23165,210,2026-02-10T21:59:14.592359
ST_043,23311,298,2026-02-11T09:38:15.362481
ST_043,22896,-35,2026-02-09T10:27:48.384786
ST_043,85024C,-20,2026-01-17T23:13:31.972686
ST_043,23570,386,2026-01-24T09:56:33.548968
ST_043,84666,355,2026-01-21T09:57:21.513145
ST_043,21865,-20,2026-01-24T22:22:44.612583
ST_043,21678,131,2026-02-10T22:33:01.176229
ST_043,20752,176,2026-01-18T06:59:17.362458
ST_043,23434,83,2026-01-15T08:22:46.676908
ST_043,22038,252,2026-01-15T22:20:44.040749
ST_043,21289,57,2026-01-25T17:11:40.336311
ST_043,22034,82,2026-02-09T14:09:03.696182
ST_043,84660B,468,2026-01-19T04:19:42.328136
ST_043,16248B,288,2026-02-02T03:23:48.633691
ST_043,16259,378,2026-02-03T23:18:17.290452
ST_043,90125E,183,2026-01-16T09:51:54.206068
ST_043,21718,217,2026-01-27T04:45:47.218535
ST_043,35958,335,2026-02-07T20:33:50.112359
ST_043,22775,-43,2026-02-12T00:24:51.061458
ST_043,84927E,266,2026-02-06T21:02:48.468899
ST_043,23412,155,2026-02-02T12:42:12.885733
ST_043,21802,120,2026-02-02T06:03:53.902772
ST_043,22700,312,2026-02-04T00:35:49.555568
ST_043,21792,134,2026-01-19T11:18:46.586554
ST_043,21126,-44,2026-02-01T04:32:19.577137
ST_043,47481,140,2026-02-02T16:05:52.406623
ST_043,23000,484,2026-02-02T01:45:37.579660
ST_043,84461,370,2026-02-06T21:11:52.567274
ST_043,84963A,269,2026-02-06T10:37:58.878660
ST_043,90214Z,127,2026-01-16T15:56:41.520549
ST_043,90199C,434,2026-01-31T19:35:56.053558
ST_043,90125B,453,2026-01-21T00:35:10.981166
ST_043,22315,224,2026-01-30T17:17:28.359737
ST_043,22636,472,2026-01-17T02:30:39.550272
ST_043,22408,132,2026-02-09T10:35:57.541797
ST_043,22517,358,2026-02-03T16:28:18.167692
ST_043,85159A,487,2026-02-12T12:01:30.998833
ST_043,23169,-40,2026-01-17T05:38:14.989186
ST_043,23243,38,2026-02-03T13:42:46.789960
ST_043,84568,429,2026-01-14T23:44:30.382442
ST_043,22458,459,2026-02-07T10:22:07.693992
ST_043,21272,105,2026-02-01T18:50:04.436328
ST_043,84558A,-45,2026-02-12T08:13:08.297026
ST_043,90214I,337,2026-01-25T00:11:35.426191
ST_043,47369B,126,2026-01-23T19:38:03.267629
ST_043,23031,421,2026-01-24T13:03:41.115233
ST_043,21106,222,2026-01-18T09:09:20.369586
ST_043,84380,463,2026-02-09T09:07:13.449916
ST_043,90152A,498,2026-01-20T17:11:51.784704
ST_043,48184,385,2026-01-28T15:41:36.889374
ST_043,90039C,393,2026-01-24T03:50:07.282842
ST_043,20677,-45,2026-02-03T20:50:51.520061
ST_043,85135C,107,2026-02-10T14:46:10.762304
ST_043,85045,349,2026-01-21T23:59:29.462219
ST_043,23161,218,2026-02-02T15:27:51.694278
ST_043,23255,203,2026-01-27T13:58:58.779495
ST_043,23694,260,2026-02-08T18:12:39.717528
ST_043,90100,472,2026-02-09T01:39:14.513023
ST_043,84798A,447,2026-02-10T17:36:21.910545
ST_043,22880,403,2026-01-26T06:27:01.975558
ST_043,21369,335,2026-02-11T18:55:28.150457
ST_043,23100,216,2026-01-21T10:17:45.196306
ST_043,85211,217,2026-01-28T16:47:44.999240
ST_043,84659A,498,2026-02-03T03:36:52.636834
ST_043,22655,396,2026-01-26T17:09:33.756358
ST_043,35599D,440,2026-01-27T12:44:47.984192
ST_043,84905,216,2026-02-04T09:53:32.555635
ST_043,21086,214,2026-01-20T23:18:04.870553
ST_043,23252,174,2026-02-09T14:55:32.638206
ST_043,22623,154,2026-01-21T08:41:57.877202
ST_043,M,46,2026-02-05T03:00:38.505547
ST_043,23356,86,2026-02-10T05:23:59.754499
ST_043,35004P,330,2026-01-14T22:45:12.373228
ST_043,21377,224,2026-02-04T23:26:13.033679
ST_043,21696,74,2026-01-16T05:52:53.004692
ST_043,20974,156,2026-01-19T14:23:37.520069
ST_043,85200,183,2026-01-30T22:33:42.450665
ST_043,22702,421,2026-01-20T19:16:18.713051
ST_043,21499,-20,2026-02-03T00:14:25.128282
ST_043,22057,362,2026-01-18T18:04:53.786723
ST_043,47590A,76,2026-02-07T23:47:59.690359
ST_043,22558,260,2026-01-27T22:01:40.340325
ST_043,21986,172,2026-01-28T13:56:08.583267
ST_043,22112,400,2026-02-12T00:04:26.199906
ST_043,23004,-10,2026-02-11T04:57:03.976881
ST_043,22444,437,2026-01-18T14:46:09.274631
ST_043,22346,174,2026-01-20T13:01:01.608315
ST_043,72598,-35,2026-02-04T08:04:57.871904
ST_043,23345,-19,2026-01-14T23:36:34.114092
ST_043,23191,453,2026-01-21T00:31:51.085496
ST_043,23495,265,2026-01-16T22:26:05.891887
ST_043,22260,53,2026-01-22T02:03:36.842515
ST_043,23181,434,2026-01-27T18:23:41.986918
ST_043,23553,182,2026-02-11T09:30:08.596030
ST_043,21418,53,2026-01-26T05:01:39.733160
ST_043,21816,-38,2026-01-18T05:57:15.143334
ST_043,90042A,-40,2026-01-20T06:01:00.360270
ST_043,85178,136,2026-02-05T20:17:14.973357
ST_043,47578A,398,2026-02-04T09:59:59.422742
ST_043,23254,105,2026-01-18T13:55:17.050114
ST_043,71496A,-47,2026-01-30T21:27:20.812961
ST_043,22897,11,2026-02-11T07:11:02.661875
ST_043,21426,396,2026-02-08T05:17:14.790208
ST_043,20668,112,2026-01-16T23:52:56.107435
ST_043,84707B,125,2026-02-01T21:22:00.789577
ST_043,21462,197,2026-02-09T16:46:07.659974
ST_043,22886,390,2026-01-19T04:25:20.447228
ST_043,35964,432,2026-02-06T06:09:53.507917
ST_043,23419,448,2026-01-27T19:08:03.432333
ST_043,84922,343,2026-02-12T13:50:07.142834
ST_043,22716,332,2026-02-08T22:13:11.521075
ST_043,21867,66,2026-02-01T11:23:34.644717
ST_043,21015,438,2026-01-17T03:20:09.324773
ST_043,85131B,-36,2026-02-11T09:25:07.692020
ST_043,23456,117,2026-02-04T22:12:50.634152
ST_043,35972,443,2026-02-07T05:44:55.673320
ST_043,37488A,283,2026-01-23T06:21:35.014153
ST_043,20854,346,2026-02-11T03:08:25.336050
ST_043,85071B,202,2026-01-21T13:05:49.365550
ST_043,23325,358,2026-01-19T10:00:16.883973
ST_043,90093,169,2026-02-12T14:49:26.582224
ST_043,84870B,154,2026-01-19T20:01:10.806318
ST_043,23457,441,2026-02-06T19:41:30.729584
ST_043,22900,488,2026-02-09T03:25:49.967823
ST_043,90055,484,2026-01-25T13:07:27.124872
ST_043,21507,81,2026-02-09T11:58:09.214919
ST_043,40001,220,2026-01-23T08:56:22.288420
ST_043,23497,204,2026-01-15T21:37:18.504853
ST_043,22183,432,2026-02-06T16:30:15.520854
ST_043,22645,447,2026-01-19T13:18:21.889573
ST_043,90019C,131,2026-02-13T04:42:39.686977
ST_043,21054,470,2026-01-25T21:28:15.170372
ST_043,90214O,286,2026-02-04T20:41:11.365472
ST_043,22195,-43,2026-01-14T15:37:06.406878
ST_043,85225,72,2026-01-28T19:27:40.920180
ST_043,22870,136,2026-01-25T01:23:39.826157
ST_043,22244,390,2026-01-31T20:18:32.364509
ST_043,90065B,238,2026-01-19T03:47:04.038138
ST_043,22936,172,2026-01-17T22:17:07.905709
ST_043,35001W,227,2026-01-25T00:18:09.101610
ST_043,85034A,56,2026-02-05T13:37:07.843866
ST_043,23145,266,2026-02-02T09:07:37.248927
ST_043,90129A,359,2026-01-28T06:39:59.538481
ST_043,90202D,479,2026-01-27T07:52:42.681867
ST_043,37444A,196,2026-02-10T07:35:12.115756
ST_043,22069,36,2026-02-10T12:05:59.389258
ST_043,23102,165,2026-01-28T23:14:43.759912
ST_043,21622,460,2026-02-08T09:15:42.698957
ST_043,20748,68,2026-01-22T10:41:22.568290
ST_043,18097C,151,2026-02-01T09:26:49.379178
ST_043,22322,265,2026-01-16T19:47:26.124599
ST_043,21143,277,2026-01-31T02:34:35.913031
ST_043,16235,5,2026-01-17T15:41:06.541374
ST_043,22060,493,2026-01-25T20:54:40.551389
ST_043,23390,238,2026-01-18T06:14:23.277406
ST_043,21609,197,2026-01-17T17:08:46.118780
ST_043,23190,26,2026-02-09T17:53:47.306240
ST_043,22594,239,2026-01-22T07:28:03.700960
ST_043,90198B,-29,2026-02-09T20:51:37.735836
ST_043,23209,356,2026-02-07T16:15:19.552686
ST_043,21955,411,2026-02-06T19:29:54.466265
ST_043,90190B,119,2026-02-04T19:07:55.643011
ST_043,11001,29,2026-01-18T10:32:38.655641
ST_043,21634,461,2026-01-18T09:04:11.755960
ST_043,22518,32,2026-02-12T23:54:10.983759
ST_043,22745,-4,2026-02-01T00:56:33.183926
ST_043,90099,32,2026-02-12T01:01:59.473483
ST_043,35650,145,2026-01-19T10:26:53.618875
ST_043,85026B,425,2026-01-30T06:13:18.031259
ST_043,84750B,141,2026-02-01T05:34:34.131820
ST_043,90016A,423,2026-01-18T15:42:41.185584
ST_043,72741,56,2026-01-14T16:36:05.581852
ST_043,16161M,50,2026-01-18T13:55:20.641658
ST_043,21681,342,2026-01-20T05:38:41.028916
ST_043,90086,468,2026-02-08T02:03:59.599278
ST_043,21706,397,2026-02-08T17:51:55.943427
ST_043,23121,382,2026-01-15T17:08:24.320287
ST_043,22136,357,2026-01-26T22:53:27.129183
ST_043,22086,239,2026-01-20T19:57:08.612044
ST_043,84596F,132,2026-01-21T12:49:34.467603
ST_043,22545,390,2026-01-18T20:01:46.307155
ST_043,22964,433,2026-01-28T10:57:06.708688
ST_043,90155,488,2026-02-03T14:58:23.557157
ST_043,84927F,265,2026-01-16T07:17:30.449461
ST_043,22077,410,2026-01-16T18:58:43.701690
ST_043,84596B,337,2026-01-28T00:14:27.421587
ST_043,84879,195,2026-01-19T20:19:11.930566
ST_043,84828,283,2026-02-06T17:33:34.958351
ST_043,85049G,361,2026-02-06T18:48:31.616932
ST_043,22461,488,2026-01-29T23:52:42.376045
ST_043,21275,100,2026-01-14T15:46:54.802343
ST_043,22971,333,2026-01-26T04:27:35.040930
ST_043,44235,-11,2026-02-06T01:16:14.173182
ST_043,21705,383,2026-01-31T01:35:01.023134
ST_043,23264,436,2026-01-25T13:09:58.436125
ST_043,21210,220,2026-02-10T15:42:47.580200
ST_043,84766,220,2026-02-10T15:26:19.020100
ST_043,21313,429,2026-02-03T03:17:21.365929
ST_043,21067,493,2026-02-10T00:27:16.557617
ST_043,21671,395,2026-01-28T04:26:31.602440
ST_043,84805B,46,2026-01-26T11:12:42.768009
ST_043,72709,119,2026-02-05T11:50:03.974306
ST_043,90158,203,2026-01-30T04:11:34.241508
ST_043,90120B,199,2026-02-03T21:16:57.749357
ST_043,84678,441,2026-01-27T01:21:45.800239
ST_043,23503,72,2026-02-05T14:23:01.412163
ST_043,21935,15,2026-01-16T21:43:12.976318
ST_043,90161A,487,2026-02-06T22:01:43.054240
ST_043,22908,65,2026-01-24T18:25:27.346955
ST_043,84854,261,2026-01-31T07:35:17.592845
ST_043,17191A,393,2026-01-16T03:35:50.441634
ST_043,20868,278,2026-01-19T09:42:09.240703
ST_043,20826,203,2026-01-17T14:10:17.279074
ST_043,20971,473,2026-01-17T10:14:54.285945
ST_043,23270,405,2026-01-15T06:41:38.249645
ST_043,21946,290,2026-01-31T20:12:54.929069
ST_043,47310M,110,2026-02-12T09:16:43.844650
ST_043,37446,414,2026-01-17T02:26:56.051376
ST_043,35638A,271,2026-01-21T16:32:58.732544
ST_043,85124B,237,2026-02-07T16:14:11.885735
ST_043,90094,419,2026-02-05T13:03:55.541101
ST_043,23185,349,2026-01-27T12:27:19.809633
ST_043,17021,135,2026-01-24T00:55:25.815909
ST_043,21032,129,2026-01-14T13:47:59.484875
ST_043,23224,-12,2026-01-24T00:51:44.204331
ST_043,23473,383,2026-01-24T16:11:39.994620
ST_043,22563,-16,2026-02-06T22:40:08.980824
ST_043,21156,24,2026-01-27T01:15:16.030347
ST_043,22786,-12,2026-01-17T04:11:46.842930
ST_043,17136A,130,2026-01-23T08:52:31.538147
ST_043,37471,443,2026-02-08T12:11:08.470744
ST_043,16258A,80,2026-02-04T09:40:18.227060
ST_043,84915,306,2026-01-25T02:23:49.736897
ST_043,90202B,198,2026-02-10T01:30:08.518136
ST_043,90159,393,2026-01-30T22:03:20.890928
ST_043,22649,478,2026-01-19T06:46:33.385484
ST_043,84637,448,2026-01-25T12:39:30.356019
ST_043,22650,367,2026-01-22T03:21:46.975820
ST_043,22755,-38,2026-02-07T04:39:25.304790
ST_043,21403,11,2026-01-26T21:57:55.557595
ST_043,23017,472,2026-01-28T11:22:01.885799
ST_043,22230,-50,2026-02-01T06:34:14.170667
ST_043,90040B,-30,2026-01-16T17:43:00.893458
ST_043,84465,55,2026-01-21T15:14:50.221144
ST_043,35909A,-37,2026-01-22T15:35:55.588519
ST_043,16161G,-10,2026-01-26T15:17:17.321768
ST_043,22324,371,2026-02-08T06:32:24.450138
ST_043,23193,153,2026-01-28T17:29:08.378656
ST_043,23155,459,2026-02-03T19:10:44.147780
ST_043,22602,240,2026-01-25T19:30:44.264161
ST_043,22993,343,2026-01-16T16:02:42.585637
ST_043,82582,491,2026-01-28T17:52:16.831317
ST_043,85202,308,2026-02-02T11:57:24.930027
ST_043,90021,220,2026-01-22T02:37:47.317720
ST_043,22948,20,2026-02-05T23:06:42.756711
ST_043,84192,364,2026-01-22T01:42:43.218467
ST_043,22053,463,2026-01-22T22:24:11.667082
ST_043,84600,1,2026-01-28T22:12:49.124761
ST_043,20796,269,2026-01-16T00:50:53.942899
ST_043,20697,-49,2026-01-29T17:07:52.957532
ST_043,22699,236,2026-02-02T10:49:52.429760
ST_043,44091A,270,2026-01-20T02:09:16.287451
ST_043,21519,103,2026-02-07T17:24:49.059705
ST_043,22441,478,2026-01-23T01:28:18.136904
ST_043,23297,142,2026-01-30T21:35:15.609999
ST_043,21915,204,2026-01-31T06:19:25.892137
ST_043,37449,459,2026-01-28T11:08:20.189452
ST_043,21667,397,2026-02-09T20:41:40.950484
ST_043,22476,276,2026-02-08T02:08:38.765720
ST_043,46000P,99,2026-01-31T22:32:57.575199
ST_043,90003B,376,2026-02-11T05:47:26.548088
ST_043,21990,368,2026-01-31T06:14:25.012944
ST_043,82599,202,2026-02-05T05:39:41.514031
ST_043,16161P,50,2026-02-07T10:44:50.790092
ST_043,85132A,396,2026-01-17T10:51:03.154213
ST_043,84593,169,2026-01-16T21:45:43.879481
ST_043,22575,216,2026-01-24T10:45:36.165026
ST_043,23070,310,2026-01-17T04:09:14.896591
ST_043,90196B,82,2026-02-02T17:13:11.804736
ST_043,22737,149,2026-02-03T15:47:31.643384
ST_044,22876,469,2026-01-29T23:32:41.863233
ST_044,20934,92,2026-02-05T17:08:44.940459
ST_044,21682,329,2026-02-04T02:16:06.737234
ST_044,21910,283,2026-01-15T21:25:45.566694
ST_044,22158,244,2026-02-06T13:59:53.767802
ST_044,35819B,80,2026-01-26T17:11:12.454423
ST_044,20711,166,2026-02-13T03:27:32.492190
ST_044,22406,406,2026-01-19T20:01:57.541536
ST_044,90177E,483,2026-02-12T18:27:25.002906
ST_044,90123B,391,2026-01-18T04:33:26.830800
ST_044,21402,58,2026-01-14T18:53:34.043991
ST_044,21291,480,2026-01-28T08:36:09.544111
ST_044,35819P,12,2026-02-11T07:31:25.629038
ST_044,22399,109,2026-01-26T19:06:42.206515
ST_044,21261,494,2026-01-25T03:41:40.358074
ST_044,22430,226,2026-02-02T03:40:16.344168
ST_044,21918,379,2026-01-22T04:57:14.170901
ST_044,21232,347,2026-02-05T21:03:25.257784
ST_044,35610B,147,2026-01-16T16:45:51.775698
ST_044,23165,294,2026-02-12T02:16:14.096106
ST_044,23311,221,2026-02-12T08:01:19.354494
ST_044,22896,49,2026-02-08T11:44:39.667811
ST_044,85024C,322,2026-01-19T07:10:51.451607
ST_044,23570,368,2026-01-20T02:42:27.101059
ST_044,84666,313,2026-01-25T15:55:30.764085
ST_044,21865,-37,2026-02-12T00:09:50.278163
ST_044,21678,237,2026-02-12T17:59:18.833527
ST_044,20752,340,2026-01-30T07:12:13.537549
ST_044,23434,366,2026-02-11T14:45:59.881894
ST_044,22038,60,2026-01-20T08:39:30.206833
ST_044,21289,128,2026-01-16T14:49:50.251574
ST_044,22034,28,2026-01-15T13:04:27.296538
ST_044,84660B,178,2026-02-04T17:02:57.611526
ST_044,16248B,171,2026-02-04T17:37:33.678526
ST_044,16259,45,2026-01-23T15:55:37.933311
ST_044,90125E,89,2026-01-14T17:14:47.395570
ST_044,21718,364,2026-02-08T18:04:23.570032
ST_044,35958,329,2026-02-11T08:43:53.180666
ST_044,22775,118,2026-02-02T17:58:08.984288
ST_044,84927E,81,2026-01-26T13:46:20.735668
ST_044,23412,95,2026-01-17T14:49:09.186400
ST_044,21802,411,2026-01-26T05:30:26.822311
ST_044,22700,444,2026-02-12T11:10:47.699831
ST_044,21792,202,2026-01-23T10:23:41.232574
ST_044,21126,337,2026-01-20T19:20:48.975605
ST_044,47481,254,2026-01-28T18:17:32.619528
ST_044,23000,336,2026-02-05T14:20:34.725367
ST_044,84461,462,2026-02-05T23:27:35.640638
ST_044,84963A,371,2026-01-14T23:44:33.477349
ST_044,90214Z,125,2026-02-01T16:17:58.403147
ST_044,90199C,241,2026-01-21T20:55:27.587670
ST_044,90125B,160,2026-02-13T09:40:58.056515
ST_044,22315,270,2026-01-26T18:53:53.925972
ST_044,22636,10,2026-02-06T14:54:25.062512
ST_044,22408,-10,2026-01-18T13:03:56.929881
ST_044,22517,440,2026-01-31T06:12:56.649135
ST_044,85159A,107,2026-01-26T17:14:42.086616
ST_044,23169,173,2026-01-22T04:35:44.115091
ST_044,23243,65,2026-02-07T03:50:04.926121
ST_044,84568,413,2026-01-21T22:21:22.543559
ST_044,22458,63,2026-01-27T04:52:51.995044
ST_044,21272,370,2026-02-05T11:22:00.047928
ST_044,84558A,323,2026-02-05T06:38:02.176157
ST_044,90214I,485,2026-01-14T19:48:43.099745
ST_044,47369B,-10,2026-01-25T05:50:24.398664
ST_044,23031,9,2026-01-16T11:08:30.444038
ST_044,21106,126,2026-01-19T05:57:59.916836
ST_044,84380,84,2026-01-20T03:22:43.464754
ST_044,90152A,441,2026-01-29T12:14:22.234978
ST_044,48184,297,2026-01-25T07:38:59.754160
ST_044,90039C,-45,2026-02-05T08:49:05.603690
ST_044,20677,27,2026-01-24T15:30:16.745708
ST_044,85135C,4,2026-01-20T10:47:35.380247
ST_044,85045,369,2026-01-30T23:35:34.527296
ST_044,23161,288,2026-02-05T10:06:48.675685
ST_044,23255,252,2026-01-17T13:27:00.198545
ST_044,23694,176,2026-02-11T01:06:02.033340
ST_044,90100,40,2026-01-21T23:06:00.928355
ST_044,84798A,76,2026-02-11T22:08:18.554494
ST_044,22880,497,2026-02-12T13:02:59.412848
ST_044,21369,296,2026-02-08T20:50:11.394809
ST_044,23100,449,2026-01-29T05:19:41.070084
ST_044,85211,237,2026-01-17T03:56:03.025518
ST_044,84659A,-6,2026-01-18T18:30:29.388705
ST_044,22655,158,2026-01-24T03:33:52.429189
ST_044,35599D,-35,2026-01-25T17:32:29.045209
ST_044,84905,438,2026-02-05T07:49:49.750199
ST_044,21086,240,2026-02-06T22:00:13.620944
ST_044,23252,182,2026-02-04T23:03:21.766326
ST_044,22623,488,2026-02-12T20:27:23.988856
ST_044,M,252,2026-01-27T17:06:15.689253
ST_044,23356,228,2026-01-16T10:00:23.791811
ST_044,35004P,3,2026-02-03T21:05:24.245051
ST_044,21377,17,2026-01-24T22:48:18.258553
ST_044,21696,92,2026-01-25T22:50:19.779941
ST_044,20974,420,2026-01-19T01:27:12.875168
ST_044,85200,263,2026-01-27T05:32:32.365628
ST_044,22702,14,2026-01-17T08:26:55.813492
ST_044,21499,356,2026-02-03T03:17:50.753304
ST_044,22057,47,2026-01-29T04:47:48.240411
ST_044,47590A,490,2026-01-15T20:51:46.898982
ST_044,22558,203,2026-02-02T04:14:54.340524
ST_044,21986,312,2026-01-16T19:24:51.839860
ST_044,22112,31,2026-01-26T03:25:07.071097
ST_044,23004,434,2026-02-09T10:14:24.260244
ST_044,22444,-28,2026-01-20T23:14:31.546397
ST_044,22346,4,2026-02-07T22:54:03.071440
ST_044,72598,75,2026-01-23T17:56:21.245446
ST_044,23345,181,2026-02-01T06:56:09.931466
ST_044,23191,275,2026-01-26T04:58:36.904218
ST_044,23495,314,2026-02-06T02:48:18.452279
ST_044,22260,310,2026-02-09T09:26:19.253749
ST_044,23181,208,2026-02-04T02:25:23.800138
ST_044,23553,239,2026-01-23T20:26:10.968623
ST_044,21418,412,2026-02-08T07:57:16.983560
ST_044,21816,236,2026-01-22T15:49:33.149278
ST_044,90042A,123,2026-01-22T19:54:54.713273
ST_044,85178,-32,2026-02-04T07:16:32.938855
ST_044,47578A,380,2026-02-07T00:13:07.048537
ST_044,23254,440,2026-02-09T09:21:18.582352
ST_044,71496A,233,2026-02-03T20:31:28.567600
ST_044,22897,475,2026-01-19T17:18:55.682215
ST_044,21426,101,2026-01-17T10:13:25.097535
ST_044,20668,-21,2026-02-12T13:35:38.018070
ST_044,84707B,173,2026-01-28T04:36:13.175259
ST_044,21462,186,2026-01-20T16:16:33.712876
ST_044,22886,316,2026-01-30T22:19:56.115618
ST_044,35964,227,2026-01-18T02:41:43.770122
ST_044,23419,496,2026-02-11T23:16:24.316423
ST_044,84922,-44,2026-02-09T19:55:09.574228
ST_044,22716,283,2026-02-09T14:55:13.556928
ST_044,21867,409,2026-02-13T09:35:09.998293
ST_044,21015,453,2026-02-01T19:30:22.984879
ST_044,85131B,199,2026-02-02T04:19:47.990062
ST_044,23456,250,2026-02-10T05:59:31.684804
ST_044,35972,328,2026-01-16T03:37:33.226948
ST_044,37488A,318,2026-02-10T07:00:24.402632
ST_044,20854,-20,2026-01-30T14:02:19.148126
ST_044,85071B,62,2026-02-09T11:36:31.044160
ST_044,23325,208,2026-01-30T03:49:50.662723
ST_044,90093,138,2026-01-14T19:58:45.271864
ST_044,84870B,297,2026-02-04T17:06:51.070553
ST_044,23457,56,2026-02-08T22:56:02.558521
ST_044,22900,466,2026-02-01T06:40:54.785364
ST_044,90055,357,2026-01-24T01:14:27.409341
ST_044,21507,115,2026-02-11T19:24:20.426017
ST_044,40001,5,2026-01-17T01:22:45.694943
ST_044,23497,415,2026-01-31T13:59:38.039956
ST_044,22183,24,2026-01-30T08:30:26.456768
ST_044,22645,-25,2026-02-07T08:31:24.849397
ST_044,90019C,21,2026-01-24T23:29:06.412502
ST_044,21054,244,2026-02-12T14:37:56.546833
ST_044,90214O,451,2026-01-24T12:01:44.210829
ST_044,22195,480,2026-01-17T20:33:50.810046
ST_044,85225,-30,2026-02-05T01:38:42.844313
ST_044,22870,372,2026-02-09T17:38:58.360583
ST_044,22244,123,2026-02-07T16:57:45.773326
ST_044,90065B,286,2026-01-31T10:09:47.857368
ST_044,22936,327,2026-01-26T02:15:12.308401
ST_044,35001W,252,2026-01-20T06:17:49.566995
ST_044,85034A,382,2026-02-07T18:49:16.781132
ST_044,23145,172,2026-01-15T23:55:39.317662
ST_044,90129A,221,2026-01-27T14:45:38.386016
ST_044,90202D,398,2026-02-01T13:39:16.482747
ST_044,37444A,2,2026-01-27T22:37:42.694129
ST_044,22069,140,2026-01-30T05:18:33.936412
ST_044,23102,467,2026-02-12T03:30:38.712059
ST_044,21622,445,2026-01-19T06:10:31.078285
ST_044,20748,-40,2026-02-01T02:53:59.699710
ST_044,18097C,81,2026-01-25T10:00:25.900759
ST_044,22322,69,2026-01-14T16:02:04.572386
ST_044,21143,185,2026-01-25T14:53:06.867986
ST_044,16235,350,2026-01-26T22:12:47.075562
ST_044,22060,63,2026-01-29T23:55:30.712174
ST_044,23390,268,2026-01-21T10:46:54.983366
ST_044,21609,91,2026-01-22T08:32:21.191298
ST_044,23190,-17,2026-01-25T02:20:10.848001
ST_044,22594,424,2026-01-23T00:55:08.416080
ST_044,90198B,59,2026-01-24T03:58:05.862202
ST_044,23209,109,2026-02-09T15:25:49.577884
ST_044,21955,350,2026-02-10T13:58:14.614599
ST_044,90190B,482,2026-01-30T08:46:07.631135
ST_044,11001,-38,2026-01-17T08:24:27.521491
ST_044,21634,318,2026-01-16T11:46:54.303185
ST_044,22518,226,2026-02-11T18:50:03.916520
ST_044,22745,74,2026-02-05T07:15:45.619727
ST_044,90099,106,2026-02-02T19:50:24.823109
ST_044,35650,196,2026-02-07T08:05:43.684949
ST_044,85026B,251,2026-01-30T16:35:05.951354
ST_044,84750B,149,2026-01-21T03:53:44.674495
ST_044,90016A,122,2026-01-17T00:47:08.865659
ST_044,72741,316,2026-02-05T23:56:39.952680
ST_044,16161M,-22,2026-02-09T08:46:31.793069
ST_044,21681,1,2026-02-08T12:56:49.000582
ST_044,90086,305,2026-01-25T13:52:26.161538
ST_044,21706,73,2026-01-21T02:08:51.217468
ST_044,23121,97,2026-01-25T05:48:05.037452
ST_044,22136,32,2026-02-03T16:00:37.884271
ST_044,22086,275,2026-02-03T04:55:18.872824
ST_044,84596F,419,2026-01-30T15:20:17.076772
ST_044,22545,-47,2026-01-22T07:24:29.464017
ST_044,22964,227,2026-01-21T09:10:05.459969
ST_044,90155,253,2026-01-29T22:44:43.725296
ST_044,84927F,200,2026-01-17T05:10:16.834332
ST_044,22077,242,2026-01-27T00:52:11.039024
ST_044,84596B,276,2026-02-08T17:25:28.151507
ST_044,84879,287,2026-02-08T13:18:14.289377
ST_044,84828,72,2026-01-28T14:45:30.396995
ST_044,85049G,436,2026-01-27T14:25:28.073272
ST_044,22461,289,2026-01-28T01:34:20.145494
ST_044,21275,286,2026-02-06T02:07:43.674534
ST_044,22971,166,2026-01-18T07:28:15.510367
ST_044,44235,395,2026-01-21T23:44:59.566017
ST_044,21705,187,2026-02-02T21:16:33.353790
ST_044,23264,405,2026-01-19T23:34:14.526077
ST_044,21210,410,2026-01-17T09:39:51.259634
ST_044,84766,259,2026-01-17T16:05:10.066999
ST_044,21313,128,2026-01-15T15:32:19.016541
ST_044,21067,372,2026-02-07T18:02:53.352964
ST_044,21671,163,2026-02-11T02:21:31.623115
ST_044,84805B,-5,2026-01-17T04:46:17.682370
ST_044,72709,457,2026-02-02T23:50:45.242786
ST_044,90158,118,2026-01-29T12:33:59.958855
ST_044,90120B,118,2026-02-09T19:42:39.417024
ST_044,84678,376,2026-01-27T17:19:59.885353
ST_044,23503,169,2026-02-13T12:07:10.421640
ST_044,21935,55,2026-01-31T13:08:20.820809
ST_044,90161A,16,2026-01-31T22:04:43.438916
ST_044,22908,367,2026-01-16T06:47:52.445627
ST_044,84854,498,2026-01-23T22:13:23.275315
ST_044,17191A,17,2026-01-19T18:35:41.661463
ST_044,20868,110,2026-02-09T19:35:06.327082
ST_044,20826,75,2026-02-02T06:35:13.070913
ST_044,20971,141,2026-01-14T17:25:13.897546
ST_044,23270,347,2026-02-04T20:48:59.487276
ST_044,21946,409,2026-02-03T20:54:47.985197
ST_044,47310M,379,2026-01-29T17:12:04.867509
ST_044,37446,123,2026-01-27T20:20:39.247667
ST_044,35638A,181,2026-01-24T17:06:31.248143
ST_044,85124B,479,2026-01-16T02:11:09.098468
ST_044,90094,372,2026-01-30T22:21:32.402139
ST_044,23185,300,2026-01-21T06:51:31.675678
ST_044,17021,285,2026-01-31T03:24:04.190444
ST_044,21032,222,2026-02-13T11:41:12.140326
ST_044,23224,146,2026-01-20T03:52:43.185008
ST_044,23473,54,2026-02-05T20:52:12.830693
ST_044,22563,2,2026-01-14T23:12:10.253227
ST_044,21156,341,2026-01-17T11:44:32.230199
ST_044,22786,254,2026-01-26T04:26:29.918374
ST_044,17136A,10,2026-01-26T13:41:13.557090
ST_044,37471,245,2026-01-20T21:42:35.632580
ST_044,16258A,344,2026-01-17T20:07:58.577262
ST_044,84915,318,2026-01-18T13:55:45.959499
ST_044,90202B,293,2026-02-10T12:10:57.372788
ST_044,90159,-44,2026-01-27T15:39:15.172059
ST_044,22649,277,2026-02-05T03:17:24.960997
ST_044,84637,133,2026-02-12T14:22:55.768628
ST_044,22650,345,2026-01-20T11:44:46.959915
ST_044,22755,-5,2026-01-20T06:49:53.838452
ST_044,21403,464,2026-02-03T17:51:35.500135
ST_044,23017,306,2026-01-30T16:32:04.228865
ST_044,22230,125,2026-01-15T12:43:02.613461
ST_044,90040B,142,2026-02-09T19:24:47.681561
ST_044,84465,164,2026-01-27T22:51:11.779436
ST_044,35909A,200,2026-01-20T11:01:53.012643
ST_044,16161G,333,2026-01-30T03:34:35.320659
ST_044,22324,306,2026-02-04T03:30:46.243403
ST_044,23193,362,2026-01-27T23:25:53.751815
ST_044,23155,424,2026-02-12T00:13:24.706127
ST_044,22602,33,2026-02-02T14:19:25.889700
ST_044,22993,141,2026-01-28T11:44:05.485808
ST_044,82582,-30,2026-01-18T18:41:15.059585
ST_044,85202,123,2026-02-01T05:37:17.617318
ST_044,90021,-16,2026-02-02T10:32:29.833537
ST_044,22948,24,2026-01-28T06:14:21.534406
ST_044,84192,339,2026-01-23T20:18:30.194796
ST_044,22053,332,2026-02-08T23:50:36.928140
ST_044,84600,454,2026-01-23T21:16:26.689979
ST_044,20796,46,2026-01-27T21:44:25.967359
ST_044,20697,499,2026-01-19T06:03:15.596788
ST_044,22699,404,2026-01-24T18:34:36.445611
ST_044,44091A,349,2026-02-02T18:24:06.453657
ST_044,21519,125,2026-02-10T12:12:16.333291
ST_044,22441,149,2026-01-16T05:17:37.741462
ST_044,23297,430,2026-01-19T18:20:28.776874
ST_044,21915,69,2026-02-09T23:24:37.558666
ST_044,37449,68,2026-02-04T00:04:09.611097
ST_044,21667,462,2026-02-06T22:01:54.984583
ST_044,22476,145,2026-01-18T19:22:34.183950
ST_044,46000P,497,2026-01-30T07:17:55.097760
ST_044,90003B,150,2026-02-09T12:36:43.820473
ST_044,21990,176,2026-02-10T06:27:48.467767
ST_044,82599,418,2026-02-05T13:02:23.994875
ST_044,16161P,31,2026-02-10T21:06:22.701210
ST_044,85132A,207,2026-01-24T18:25:33.924513
ST_044,84593,495,2026-02-08T00:25:07.311484
ST_044,22575,358,2026-02-04T22:51:55.331513
ST_044,23070,221,2026-01-19T03:24:00.537631
ST_044,90196B,1,2026-02-11T16:20:29.325750
ST_044,22737,351,2026-02-07T03:51:55.978899
ST_045,22876,203,2026-02-10T01:28:26.354918
ST_045,20934,51,2026-02-07T23:52:43.057945
ST_045,21682,202,2026-01-27T11:32:19.497086
ST_045,21910,475,2026-02-03T06:57:06.805544
ST_045,22158,457,2026-02-04T05:44:22.313008
ST_045,35819B,3,2026-01-15T17:57:47.929565
ST_045,20711,304,2026-01-27T14:14:34.492166
ST_045,22406,93,2026-02-09T18:20:55.990854
ST_045,90177E,371,2026-01-19T15:15:26.397609
ST_045,90123B,306,2026-01-20T17:02:46.986886
ST_045,21402,302,2026-02-03T01:42:41.533331
ST_045,21291,106,2026-01-25T03:38:08.351769
ST_045,35819P,268,2026-02-13T10:59:42.109619
ST_045,22399,137,2026-01-17T14:24:24.199025
ST_045,21261,185,2026-01-24T12:40:31.730370
ST_045,22430,119,2026-02-06T17:05:24.922630
ST_045,21918,-39,2026-01-24T04:37:19.156447
ST_045,21232,272,2026-02-11T04:48:33.068040
ST_045,35610B,387,2026-02-04T10:33:53.981373
ST_045,23165,311,2026-01-22T04:20:47.400301
ST_045,23311,496,2026-02-13T01:08:44.789543
ST_045,22896,125,2026-01-16T10:41:53.680412
ST_045,85024C,326,2026-01-29T20:45:10.520885
ST_045,23570,79,2026-02-12T11:59:11.787934
ST_045,84666,-46,2026-02-01T09:29:00.240544
ST_045,21865,388,2026-01-24T16:09:38.585932
ST_045,21678,222,2026-01-28T14:59:10.255651
ST_045,20752,442,2026-01-29T23:33:39.658031
ST_045,23434,4,2026-02-08T19:10:08.070850
ST_045,22038,220,2026-02-13T07:10:58.295566
ST_045,21289,67,2026-01-17T04:53:56.392630
ST_045,22034,166,2026-02-04T06:22:37.840395
ST_045,84660B,120,2026-01-17T19:05:46.301359
ST_045,16248B,363,2026-02-09T19:40:28.781775
ST_045,16259,483,2026-02-12T02:17:16.604719
ST_045,90125E,-31,2026-01-29T15:05:15.392639
ST_045,21718,117,2026-02-07T23:46:32.313548
ST_045,35958,88,2026-02-11T12:20:28.112813
ST_045,22775,-21,2026-01-20T04:22:00.658772
ST_045,84927E,-29,2026-01-17T20:16:07.220112
ST_045,23412,-45,2026-02-09T20:03:20.806504
ST_045,21802,275,2026-02-04T19:41:46.148432
ST_045,22700,246,2026-01-17T22:38:50.060962
ST_045,21792,87,2026-01-30T06:58:04.535604
ST_045,21126,321,2026-01-15T10:08:26.342189
ST_045,47481,423,2026-02-13T09:28:25.551614
ST_045,23000,412,2026-01-29T00:17:39.459883
ST_045,84461,44,2026-01-16T04:47:38.501807
ST_045,84963A,153,2026-01-24T14:42:13.772033
ST_045,90214Z,348,2026-02-12T06:19:04.288454
ST_045,90199C,449,2026-01-16T07:12:22.622225
ST_045,90125B,-10,2026-02-12T10:58:35.704156
ST_045,22315,350,2026-02-10T15:21:55.468434
ST_045,22636,180,2026-01-26T12:35:49.719108
ST_045,22408,251,2026-02-05T19:01:45.045475
ST_045,22517,279,2026-02-01T06:51:05.648099
ST_045,85159A,231,2026-01-21T09:33:43.548354
ST_045,23169,-30,2026-01-23T15:10:49.200985
ST_045,23243,206,2026-01-15T23:13:19.543561
ST_045,84568,216,2026-01-22T23:25:06.370650
ST_045,22458,440,2026-02-08T02:52:32.736988
ST_045,21272,219,2026-01-16T05:29:52.752568
ST_045,84558A,478,2026-02-07T22:27:56.892565
ST_045,90214I,399,2026-01-28T08:23:05.918694
ST_045,47369B,142,2026-01-31T14:27:38.002250
ST_045,23031,64,2026-01-28T20:55:45.222744
ST_045,21106,409,2026-02-10T01:19:11.877429
ST_045,84380,285,2026-01-20T21:05:39.310213
ST_045,90152A,-7,2026-01-27T16:35:02.695302
ST_045,48184,72,2026-02-09T14:17:53.949933
ST_045,90039C,-7,2026-02-04T17:55:35.001538
ST_045,20677,14,2026-01-19T23:26:25.757517
ST_045,85135C,405,2026-01-17T06:43:04.388401
ST_045,85045,149,2026-01-16T10:54:01.452665
ST_045,23161,423,2026-02-05T05:49:14.747972
ST_045,23255,146,2026-01-17T18:14:13.778180
ST_045,23694,484,2026-02-13T02:06:47.559846
ST_045,90100,465,2026-01-14T20:13:57.486193
ST_045,84798A,303,2026-01-15T14:09:26.033193
ST_045,22880,3,2026-02-09T08:42:31.590756
ST_045,21369,431,2026-01-30T19:41:54.196691
ST_045,23100,41,2026-02-06T06:25:22.374852
ST_045,85211,409,2026-01-25T00:54:28.873923
ST_045,84659A,103,2026-01-27T13:29:02.308403
ST_045,22655,226,2026-01-21T11:32:02.698545
ST_045,35599D,70,2026-02-08T05:52:16.248759
ST_045,84905,340,2026-02-03T12:44:26.633902
ST_045,21086,67,2026-01-25T13:42:17.459195
ST_045,23252,406,2026-01-25T06:04:23.613986
ST_045,22623,164,2026-01-27T17:53:53.772212
ST_045,M,246,2026-01-31T18:58:50.895447
ST_045,23356,63,2026-01-19T10:00:14.192159
ST_045,35004P,237,2026-01-27T12:14:28.449812
ST_045,21377,313,2026-01-15T01:57:03.759210
ST_045,21696,288,2026-02-07T15:51:12.388653
ST_045,20974,101,2026-01-18T13:12:58.100205
ST_045,85200,393,2026-01-21T09:48:02.469676
ST_045,22702,388,2026-01-18T23:42:08.753001
ST_045,21499,417,2026-01-22T00:49:36.413884
ST_045,22057,29,2026-01-28T17:25:03.643280
ST_045,47590A,1,2026-02-02T00:57:11.275700
ST_045,22558,423,2026-01-16T00:15:40.203053
ST_045,21986,54,2026-01-18T22:22:26.102609
ST_045,22112,453,2026-02-06T09:18:19.789263
ST_045,23004,225,2026-01-30T22:31:27.499887
ST_045,22444,329,2026-01-28T09:37:39.066870
ST_045,22346,367,2026-01-25T11:03:25.447740
ST_045,72598,2,2026-02-03T03:32:59.843663
ST_045,23345,377,2026-02-04T05:23:29.946271
ST_045,23191,268,2026-02-10T01:35:22.584439
ST_045,23495,350,2026-02-12T15:14:39.905628
ST_045,22260,76,2026-02-02T14:27:20.932340
ST_045,23181,38,2026-01-19T03:55:05.258900
ST_045,23553,196,2026-01-18T19:53:25.781389
ST_045,21418,42,2026-01-19T19:31:30.065796
ST_045,21816,-3,2026-01-17T22:14:34.745459
ST_045,90042A,-23,2026-02-08T11:17:47.300704
ST_045,85178,-19,2026-01-25T15:44:42.080835
ST_045,47578A,316,2026-01-27T17:57:06.521080
ST_045,23254,330,2026-02-07T17:04:24.158801
ST_045,71496A,118,2026-01-22T18:53:27.397486
ST_045,22897,183,2026-01-16T13:17:47.368464
ST_045,21426,131,2026-02-09T04:00:35.326250
ST_045,20668,464,2026-01-31T11:59:19.731581
ST_045,84707B,298,2026-01-15T06:04:42.154964
ST_045,21462,-47,2026-02-07T10:09:31.777655
ST_045,22886,344,2026-01-15T03:58:12.257355
ST_045,35964,387,2026-01-29T07:04:18.489251
ST_045,23419,161,2026-02-03T06:37:48.458167
ST_045,84922,56,2026-02-09T04:31:24.622748
ST_045,22716,385,2026-01-31T20:53:32.187146
ST_045,21867,340,2026-01-18T17:39:17.175726
ST_045,21015,329,2026-01-30T07:11:39.848048
ST_045,85131B,60,2026-01-14T19:07:57.393254
ST_045,23456,296,2026-01-17T15:45:37.635007
ST_045,35972,163,2026-01-25T20:14:51.804428
ST_045,37488A,411,2026-01-23T12:14:57.533914
ST_045,20854,42,2026-01-21T10:19:17.652952
ST_045,85071B,283,2026-01-20T05:07:19.014456
ST_045,23325,-48,2026-02-07T16:58:30.108709
ST_045,90093,239,2026-02-05T02:49:03.597864
ST_045,84870B,299,2026-01-27T05:27:15.386762
ST_045,23457,336,2026-01-27T01:29:59.515223
ST_045,22900,81,2026-01-20T17:46:33.093759
ST_045,90055,-13,2026-01-26T12:15:40.689192
ST_045,21507,134,2026-01-27T14:11:43.390395
ST_045,40001,68,2026-01-17T21:19:39.149705
ST_045,23497,406,2026-02-03T15:17:15.464406
ST_045,22183,39,2026-02-01T04:36:28.714895
ST_045,22645,289,2026-01-20T11:32:49.416646
ST_045,90019C,90,2026-01-19T03:36:34.094233
ST_045,21054,384,2026-01-20T13:38:27.781172
ST_045,90214O,122,2026-02-02T18:00:58.911910
ST_045,22195,123,2026-02-09T17:46:58.083790
ST_045,85225,430,2026-01-29T14:25:52.823258
ST_045,22870,369,2026-01-15T02:23:32.060539
ST_045,22244,496,2026-02-06T02:54:39.108002
ST_045,90065B,302,2026-01-15T18:31:40.345721
ST_045,22936,58,2026-02-06T01:11:45.550230
ST_045,35001W,213,2026-01-27T19:09:08.510553
ST_045,85034A,284,2026-01-23T17:41:36.538423
ST_045,23145,79,2026-01-25T06:40:21.602852
ST_045,90129A,490,2026-02-05T23:40:22.954929
ST_045,90202D,32,2026-01-14T19:24:42.502244
ST_045,37444A,281,2026-02-09T04:16:44.275246
ST_045,22069,377,2026-02-08T17:52:40.882275
ST_045,23102,478,2026-02-04T04:43:38.416005
ST_045,21622,245,2026-02-06T13:20:35.414891
ST_045,20748,221,2026-02-11T14:41:08.310001
ST_045,18097C,46,2026-02-08T15:08:22.030806
ST_045,22322,490,2026-01-27T19:26:26.816424
ST_045,21143,374,2026-02-04T12:45:20.836172
ST_045,16235,-39,2026-02-03T06:26:59.026821
ST_045,22060,462,2026-01-22T13:06:28.585492
ST_045,23390,481,2026-02-04T16:04:55.446204
ST_045,21609,223,2026-01-17T20:25:37.993785
ST_045,23190,29,2026-02-12T01:40:51.189077
ST_045,22594,-29,2026-02-10T06:54:22.649333
ST_045,90198B,313,2026-01-16T17:36:32.756235
ST_045,23209,177,2026-02-01T14:08:39.286691
ST_045,21955,500,2026-01-15T04:09:36.802454
ST_045,90190B,-23,2026-01-29T01:46:19.385027
ST_045,11001,377,2026-02-09T08:15:22.781265
ST_045,21634,194,2026-02-10T20:48:07.285922
ST_045,22518,95,2026-02-12T23:31:27.033741
ST_045,22745,63,2026-01-17T10:26:32.089163
ST_045,90099,-2,2026-01-21T10:07:52.157937
ST_045,35650,104,2026-01-19T03:12:39.416791
ST_045,85026B,368,2026-01-28T05:11:16.188379
ST_045,84750B,170,2026-02-12T21:12:03.928532
ST_045,90016A,116,2026-02-11T11:41:21.048851
ST_045,72741,-47,2026-01-31T05:36:35.546331
ST_045,16161M,149,2026-01-26T22:00:26.795409
ST_045,21681,160,2026-01-17T01:46:59.430678
ST_045,90086,445,2026-01-24T08:01:12.913011
ST_045,21706,395,2026-02-11T05:01:08.673171
ST_045,23121,31,2026-02-11T10:41:53.553814
ST_045,22136,472,2026-02-12T23:57:01.095639
ST_045,22086,97,2026-02-03T07:07:31.185996
ST_045,84596F,251,2026-02-12T19:49:36.670088
ST_045,22545,312,2026-02-11T18:50:18.125873
ST_045,22964,364,2026-02-01T15:13:25.007590
ST_045,90155,73,2026-01-25T18:27:39.436574
ST_045,84927F,20,2026-01-18T11:12:17.152219
ST_045,22077,417,2026-02-06T08:17:58.747619
ST_045,84596B,485,2026-02-02T02:58:27.907099
ST_045,84879,454,2026-01-26T20:26:38.843138
ST_045,84828,484,2026-02-11T20:50:25.407666
ST_045,85049G,191,2026-02-07T09:41:38.260705
ST_045,22461,303,2026-01-16T18:11:35.987650
ST_045,21275,361,2026-02-12T23:21:43.265488
ST_045,22971,402,2026-01-23T04:57:12.215976
ST_045,44235,309,2026-01-15T19:52:40.824662
ST_045,21705,70,2026-01-20T14:48:27.622741
ST_045,23264,491,2026-01-16T07:33:31.405718
ST_045,21210,146,2026-01-26T10:23:02.788777
ST_045,84766,84,2026-01-19T08:09:59.237785
ST_045,21313,359,2026-02-02T01:43:44.392075
ST_045,21067,30,2026-02-09T05:40:57.180751
ST_045,21671,10,2026-01-19T08:33:21.711843
ST_045,84805B,271,2026-02-06T05:37:53.291185
ST_045,72709,256,2026-01-21T21:15:58.292146
ST_045,90158,139,2026-02-11T09:17:30.382885
ST_045,90120B,241,2026-01-28T23:11:54.081636
ST_045,84678,74,2026-02-12T17:30:47.050321
ST_045,23503,459,2026-01-24T20:00:30.107126
ST_045,21935,162,2026-02-13T04:59:10.145513
ST_045,90161A,229,2026-01-29T03:47:00.042103
ST_045,22908,239,2026-02-01T11:30:02.682292
ST_045,84854,240,2026-02-05T14:44:53.151301
ST_045,17191A,64,2026-02-10T07:10:53.831127
ST_045,20868,39,2026-02-11T22:32:34.162876
ST_045,20826,385,2026-02-02T10:50:55.758790
ST_045,20971,10,2026-01-29T00:21:24.317369
ST_045,23270,437,2026-02-07T23:34:28.277522
ST_045,21946,116,2026-02-06T16:56:48.024774
ST_045,47310M,22,2026-01-20T03:49:39.736817
ST_045,37446,135,2026-01-15T07:39:39.885256
ST_045,35638A,53,2026-02-09T15:22:08.104943
ST_045,85124B,187,2026-02-08T20:28:17.891514
ST_045,90094,328,2026-02-02T09:27:50.132066
ST_045,23185,99,2026-01-26T09:56:08.338154
ST_045,17021,38,2026-01-16T16:08:12.882661
ST_045,21032,157,2026-01-30T10:51:10.904526
ST_045,23224,429,2026-02-01T11:54:16.714563
ST_045,23473,234,2026-01-31T09:57:21.751158
ST_045,22563,237,2026-02-03T02:35:05.747196
ST_045,21156,-9,2026-01-30T13:51:05.288603
ST_045,22786,-9,2026-02-02T13:22:35.024513
ST_045,17136A,97,2026-02-12T22:56:50.435856
ST_045,37471,44,2026-02-11T08:45:31.448583
ST_045,16258A,143,2026-02-11T16:02:12.052677
ST_045,84915,166,2026-01-25T13:33:08.540412
ST_045,90202B,218,2026-02-07T05:13:07.684847
ST_045,90159,319,2026-01-30T14:37:39.516492
ST_045,22649,22,2026-01-17T00:50:25.139748
ST_045,84637,251,2026-02-11T03:01:28.626338
ST_045,22650,165,2026-01-28T03:52:13.935265
ST_045,22755,398,2026-01-29T06:06:12.168268
ST_045,21403,14,2026-02-10T17:51:53.136688
ST_045,23017,125,2026-02-09T04:43:14.596592
ST_045,22230,348,2026-01-20T06:03:07.536234
ST_045,90040B,163,2026-01-16T09:51:19.789541
ST_045,84465,380,2026-01-24T09:29:01.358730
ST_045,35909A,203,2026-01-16T02:48:31.608462
ST_045,16161G,438,2026-01-31T10:37:41.146908
ST_045,22324,11,2026-02-10T02:57:05.666816
ST_045,23193,303,2026-01-23T01:45:31.636309
ST_045,23155,252,2026-02-02T09:19:20.123555
ST_045,22602,435,2026-02-08T03:32:41.430167
ST_045,22993,398,2026-01-30T03:21:46.594069
ST_045,82582,500,2026-01-26T20:18:41.128149
ST_045,85202,52,2026-01-19T20:15:37.697312
ST_045,90021,105,2026-01-30T17:07:04.391168
ST_045,22948,389,2026-02-10T03:09:12.002721
ST_045,84192,497,2026-02-08T08:19:49.459004
ST_045,22053,19,2026-01-24T16:19:58.147851
ST_045,84600,355,2026-02-12T10:08:09.955490
ST_045,20796,200,2026-02-07T06:27:31.772656
ST_045,20697,340,2026-01-17T21:53:44.108722
ST_045,22699,313,2026-02-03T18:03:41.399860
ST_045,44091A,199,2026-01-30T10:56:28.976898
ST_045,21519,474,2026-01-26T11:47:11.555159
ST_045,22441,-23,2026-01-25T21:31:07.855311
ST_045,23297,200,2026-01-15T01:00:03.597197
ST_045,21915,486,2026-01-21T08:57:57.946298
ST_045,37449,418,2026-01-14T18:51:36.656358
ST_045,21667,29,2026-02-04T05:21:15.999608
ST_045,22476,390,2026-01-20T11:03:38.409561
ST_045,46000P,163,2026-01-23T13:13:13.240898
ST_045,90003B,314,2026-01-20T16:42:48.497416
ST_045,21990,349,2026-01-30T23:19:55.640587
ST_045,82599,71,2026-01-18T04:23:43.432632
ST_045,16161P,29,2026-01-23T10:50:59.740476
ST_045,85132A,248,2026-02-07T22:28:42.795681
ST_045,84593,435,2026-02-07T04:23:28.199204
ST_045,22575,185,2026-01-16T04:19:53.280732
ST_045,23070,253,2026-02-07T22:25:56.135560
ST_045,90196B,46,2026-01-15T12:30:59.502622
ST_045,22737,340,2026-02-06T09:39:15.579444
ST_046,22876,174,2026-01-27T11:02:12.552555
ST_046,20934,363,2026-02-03T15:06:00.255424
ST_046,21682,275,2026-02-12T22:56:03.786428
ST_046,21910,232,2026-01-17T22:18:33.649867
ST_046,22158,143,2026-01-17T05:52:28.183612
ST_046,35819B,-30,2026-02-04T21:20:58.916493
ST_046,20711,411,2026-01-31T17:05:55.487427
ST_046,22406,19,2026-02-01T08:33:14.665290
ST_046,90177E,373,2026-02-09T09:04:31.992098
ST_046,90123B,68,2026-01-15T11:48:02.654318
ST_046,21402,90,2026-02-04T11:18:22.214381
ST_046,21291,122,2026-01-20T23:04:44.050787
ST_046,35819P,175,2026-02-06T04:56:19.749573
ST_046,22399,89,2026-01-20T10:53:55.533442
ST_046,21261,28,2026-01-28T17:18:37.430323
ST_046,22430,463,2026-02-01T20:43:03.247401
ST_046,21918,294,2026-02-08T08:58:58.595378
ST_046,21232,76,2026-01-25T07:17:30.550962
ST_046,35610B,2,2026-02-03T18:24:53.533577
ST_046,23165,28,2026-01-26T20:45:37.337730
ST_046,23311,309,2026-02-05T00:35:19.706335
ST_046,22896,3,2026-02-11T07:06:29.493099
ST_046,85024C,389,2026-01-20T00:29:24.989824
ST_046,23570,223,2026-02-02T16:41:00.887803
ST_046,84666,31,2026-01-24T19:18:11.284407
ST_046,21865,445,2026-01-14T13:15:26.736973
ST_046,21678,360,2026-01-19T22:07:00.968607
ST_046,20752,496,2026-02-05T06:43:44.975367
ST_046,23434,-3,2026-02-11T10:16:33.476115
ST_046,22038,470,2026-01-27T10:22:03.727275
ST_046,21289,188,2026-01-29T16:12:10.801784
ST_046,22034,314,2026-02-13T03:05:16.449181
ST_046,84660B,282,2026-01-18T18:20:55.465389
ST_046,16248B,32,2026-01-29T20:44:26.617695
ST_046,16259,463,2026-02-12T19:50:36.532801
ST_046,90125E,373,2026-02-06T13:26:44.437914
ST_046,21718,452,2026-01-27T00:29:29.066553
ST_046,35958,238,2026-01-24T11:19:33.283417
ST_046,22775,77,2026-02-07T07:07:52.605715
ST_046,84927E,492,2026-01-26T17:45:02.428751
ST_046,23412,406,2026-01-25T15:30:03.443532
ST_046,21802,397,2026-02-09T05:16:26.524752
ST_046,22700,426,2026-02-01T08:49:30.705448
ST_046,21792,151,2026-01-19T12:04:50.767632
ST_046,21126,42,2026-02-13T01:24:04.588048
ST_046,47481,222,2026-01-19T23:20:38.388340
ST_046,23000,109,2026-01-30T11:10:41.564019
ST_046,84461,171,2026-02-02T13:39:12.118874
ST_046,84963A,339,2026-02-02T08:43:27.680288
ST_046,90214Z,454,2026-01-31T06:08:45.497329
ST_046,90199C,162,2026-01-22T02:36:53.019627
ST_046,90125B,321,2026-01-24T12:50:54.421599
ST_046,22315,478,2026-02-05T10:07:03.534276
ST_046,22636,457,2026-01-31T02:41:19.306008
ST_046,22408,479,2026-01-26T09:45:27.260020
ST_046,22517,374,2026-02-10T03:32:46.138108
ST_046,85159A,288,2026-01-14T13:38:56.044114
ST_046,23169,404,2026-01-14T21:04:38.459105
ST_046,23243,28,2026-01-26T14:08:52.840940
ST_046,84568,406,2026-01-22T04:28:21.033461
ST_046,22458,368,2026-01-27T22:33:51.285144
ST_046,21272,95,2026-02-09T02:31:22.033167
ST_046,84558A,135,2026-01-26T20:24:40.392116
ST_046,90214I,231,2026-01-19T00:48:05.544899
ST_046,47369B,219,2026-02-07T17:39:22.598610
ST_046,23031,272,2026-02-03T20:20:55.939983
ST_046,21106,367,2026-01-24T18:09:17.825505
ST_046,84380,404,2026-01-29T02:08:16.664891
ST_046,90152A,161,2026-02-05T10:21:16.528685
ST_046,48184,-9,2026-02-11T18:28:40.181924
ST_046,90039C,29,2026-02-08T15:08:11.218118
ST_046,20677,-40,2026-01-25T02:20:09.280961
ST_046,85135C,338,2026-01-18T09:33:54.322726
ST_046,85045,105,2026-01-20T23:30:02.210976
ST_046,23161,489,2026-02-13T08:28:53.180572
ST_046,23255,-47,2026-02-01T02:33:50.985418
ST_046,23694,-6,2026-01-28T15:11:17.227735
ST_046,90100,0,2026-01-20T22:04:34.004474
ST_046,84798A,112,2026-01-29T08:17:29.925256
ST_046,22880,468,2026-02-03T01:59:07.564824
ST_046,21369,155,2026-02-01T11:24:05.043818
ST_046,23100,342,2026-02-02T22:12:04.598611
ST_046,85211,397,2026-01-22T18:53:16.381160
ST_046,84659A,190,2026-01-16T00:38:52.885505
ST_046,22655,154,2026-01-14T18:07:15.162074
ST_046,35599D,-26,2026-02-02T21:30:34.006955
ST_046,84905,134,2026-01-19T07:46:04.977338
ST_046,21086,367,2026-01-19T18:50:02.568869
ST_046,23252,158,2026-02-05T06:58:20.195337
ST_046,22623,1,2026-02-05T05:33:34.849598
ST_046,M,202,2026-02-11T23:21:14.957777
ST_046,23356,420,2026-01-16T19:09:30.834448
ST_046,35004P,168,2026-01-28T11:03:17.481264
ST_046,21377,358,2026-01-23T10:49:11.023925
ST_046,21696,406,2026-01-30T03:31:21.520953
ST_046,20974,461,2026-01-20T01:29:49.378783
ST_046,85200,-15,2026-01-29T18:35:53.707598
ST_046,22702,249,2026-02-10T08:01:39.679536
ST_046,21499,81,2026-01-29T00:44:36.688236
ST_046,22057,53,2026-01-19T19:02:29.441602
ST_046,47590A,210,2026-02-03T00:31:28.189258
ST_046,22558,355,2026-02-08T23:24:43.161160
ST_046,21986,3,2026-02-08T05:40:39.412346
ST_046,22112,487,2026-02-04T10:25:55.134919
ST_046,23004,424,2026-01-19T07:07:00.685518
ST_046,22444,107,2026-02-10T18:13:24.143754
ST_046,22346,224,2026-01-19T13:12:25.307102
ST_046,72598,403,2026-01-17T19:43:41.318331
ST_046,23345,452,2026-01-17T00:57:37.030657
ST_046,23191,404,2026-01-22T13:03:48.797866
ST_046,23495,488,2026-02-12T20:15:24.472291
ST_046,22260,-43,2026-01-30T22:13:12.381864
ST_046,23181,333,2026-02-07T19:23:37.579290
ST_046,23553,266,2026-02-07T02:21:31.573595
ST_046,21418,273,2026-01-14T18:27:07.286969
ST_046,21816,97,2026-01-17T12:50:37.441816
ST_046,90042A,469,2026-02-12T17:44:23.366188
ST_046,85178,30,2026-01-26T09:22:20.594939
ST_046,47578A,332,2026-02-06T15:50:57.047706
ST_046,23254,413,2026-02-05T09:17:43.017964
ST_046,71496A,151,2026-01-23T03:04:25.734858
ST_046,22897,14,2026-01-29T01:46:52.943416
ST_046,21426,451,2026-01-16T22:56:43.889749
ST_046,20668,480,2026-02-09T09:44:10.068434
ST_046,84707B,54,2026-02-13T04:50:54.772996
ST_046,21462,421,2026-02-12T15:54:09.233306
ST_046,22886,123,2026-01-17T19:37:39.710143
ST_046,35964,194,2026-02-04T16:06:04.287175
ST_046,23419,11,2026-01-27T08:56:37.754214
ST_046,84922,319,2026-01-24T18:38:40.449245
ST_046,22716,274,2026-02-10T07:14:53.864910
ST_046,21867,87,2026-02-01T06:36:54.615220
ST_046,21015,383,2026-01-27T23:27:37.237454
ST_046,85131B,278,2026-02-12T06:22:03.263817
ST_046,23456,207,2026-01-25T01:36:17.561600
ST_046,35972,434,2026-01-23T18:32:29.180305
ST_046,37488A,469,2026-01-20T23:43:14.683592
ST_046,20854,-22,2026-01-21T10:46:35.550676
ST_046,85071B,391,2026-02-05T23:44:28.549504
ST_046,23325,129,2026-02-04T18:51:20.484125
ST_046,90093,322,2026-02-08T06:58:34.509742
ST_046,84870B,473,2026-01-24T07:24:50.964599
ST_046,23457,198,2026-01-24T12:04:10.054191
ST_046,22900,66,2026-01-15T19:19:20.030335
ST_046,90055,32,2026-02-13T01:07:25.955062
ST_046,21507,90,2026-02-08T09:27:31.293433
ST_046,40001,306,2026-02-06T12:56:38.663866
ST_046,23497,144,2026-02-03T23:52:52.837014
ST_046,22183,85,2026-02-09T18:43:39.147889
ST_046,22645,110,2026-01-27T16:48:10.171523
ST_046,90019C,-18,2026-01-27T17:09:31.297491
ST_046,21054,196,2026-01-31T23:55:12.472999
ST_046,90214O,250,2026-01-21T19:51:39.648036
ST_046,22195,-6,2026-02-06T23:34:38.597430
ST_046,85225,359,2026-01-23T19:17:49.264452
ST_046,22870,389,2026-01-18T11:29:27.559270
ST_046,22244,322,2026-01-15T09:10:29.770368
ST_046,90065B,485,2026-01-31T16:49:45.335410
ST_046,22936,156,2026-01-29T05:24:05.847440
ST_046,35001W,61,2026-01-22T03:30:14.313110
ST_046,85034A,321,2026-02-01T13:46:27.501603
ST_046,23145,158,2026-01-31T11:08:08.236792
ST_046,90129A,147,2026-02-07T03:20:35.410137
ST_046,90202D,455,2026-02-06T15:26:13.126093
ST_046,37444A,234,2026-01-18T03:37:41.994654
ST_046,22069,70,2026-02-11T14:52:21.513778
ST_046,23102,-37,2026-02-09T03:07:00.508338
ST_046,21622,-9,2026-02-11T09:49:24.424504
ST_046,20748,88,2026-01-22T12:32:42.512470
ST_046,18097C,360,2026-02-01T06:48:45.101265
ST_046,22322,-30,2026-01-21T07:46:51.132618
ST_046,21143,126,2026-01-24T12:05:57.871568
ST_046,16235,500,2026-02-04T05:42:15.022574
ST_046,22060,55,2026-02-07T19:38:14.224144
ST_046,23390,296,2026-02-06T23:35:57.471519
ST_046,21609,190,2026-01-25T20:10:35.622506
ST_046,23190,319,2026-02-02T11:45:11.816863
ST_046,22594,-9,2026-01-27T09:35:27.794734
ST_046,90198B,127,2026-01-22T07:50:06.642885
ST_046,23209,388,2026-02-08T16:14:00.483448
ST_046,21955,448,2026-01-19T09:08:08.862208
ST_046,90190B,136,2026-02-07T07:37:48.212549
ST_046,11001,25,2026-01-29T15:24:59.938277
ST_046,21634,365,2026-01-20T21:53:50.449585
ST_046,22518,345,2026-01-20T06:03:33.602466
ST_046,22745,11,2026-01-30T20:10:36.705878
ST_046,90099,220,2026-02-07T18:44:56.993837
ST_046,35650,486,2026-01-21T20:18:01.468281
ST_046,85026B,-12,2026-01-22T20:37:41.677246
ST_046,84750B,313,2026-01-14T13:53:37.480709
ST_046,90016A,489,2026-01-31T17:49:32.872428
ST_046,72741,-46,2026-01-26T08:35:57.250946
ST_046,16161M,212,2026-02-06T16:05:04.737116
ST_046,21681,330,2026-01-19T17:29:31.498351
ST_046,90086,184,2026-01-28T01:21:45.020117
ST_046,21706,424,2026-02-10T07:43:46.449584
ST_046,23121,114,2026-01-24T21:22:13.195345
ST_046,22136,331,2026-01-30T20:35:48.752186
ST_046,22086,157,2026-01-17T11:14:58.204644
ST_046,84596F,436,2026-01-28T02:56:36.912271
ST_046,22545,479,2026-01-19T14:56:47.656284
ST_046,22964,242,2026-02-04T19:32:35.186009
ST_046,90155,201,2026-01-28T00:32:19.685531
ST_046,84927F,139,2026-01-26T10:01:52.169711
ST_046,22077,472,2026-01-15T23:29:11.674597
ST_046,84596B,368,2026-02-04T14:37:48.746593
ST_046,84879,-40,2026-02-05T14:50:27.248573
ST_046,84828,185,2026-01-20T10:19:23.903407
ST_046,85049G,279,2026-02-13T01:12:35.020405
ST_046,22461,18,2026-01-20T10:48:09.937541
ST_046,21275,319,2026-01-31T02:37:03.049389
ST_046,22971,167,2026-01-30T08:46:33.274183
ST_046,44235,268,2026-01-17T05:45:34.791793
ST_046,21705,228,2026-01-16T03:43:24.738497
ST_046,23264,440,2026-01-24T03:44:41.035841
ST_046,21210,54,2026-01-29T16:21:17.665063
ST_046,84766,434,2026-02-11T07:27:05.293439
ST_046,21313,255,2026-01-20T18:34:05.492247
ST_046,21067,102,2026-01-23T06:12:24.775655
ST_046,21671,230,2026-01-24T16:20:48.361788
ST_046,84805B,209,2026-02-05T01:53:01.547961
ST_046,72709,58,2026-01-15T06:26:00.358091
ST_046,90158,444,2026-02-02T10:15:58.388439
ST_046,90120B,-23,2026-01-17T16:57:10.199100
ST_046,84678,27,2026-01-24T06:22:53.290752
ST_046,23503,254,2026-01-28T13:50:18.774284
ST_046,21935,36,2026-01-22T01:40:11.123606
ST_046,90161A,246,2026-01-27T07:14:30.303795
ST_046,22908,330,2026-01-31T00:59:29.970102
ST_046,84854,249,2026-01-16T08:06:40.670381
ST_046,17191A,17,2026-02-01T23:56:14.704943
ST_046,20868,401,2026-02-09T18:54:07.528826
ST_046,20826,481,2026-02-04T04:33:39.799658
ST_046,20971,1,2026-02-11T02:16:10.551096
ST_046,23270,343,2026-02-01T08:05:13.255833
ST_046,21946,-43,2026-01-17T09:43:28.163983
ST_046,47310M,76,2026-01-30T00:12:26.373181
ST_046,37446,178,2026-02-05T02:23:54.977567
ST_046,35638A,418,2026-02-05T04:15:47.358791
ST_046,85124B,175,2026-01-30T13:11:08.968065
ST_046,90094,62,2026-01-31T23:17:42.606691
ST_046,23185,333,2026-01-24T16:41:21.019202
ST_046,17021,384,2026-01-24T09:08:08.448397
ST_046,21032,131,2026-01-21T20:24:20.622695
ST_046,23224,45,2026-01-27T04:53:52.426772
ST_046,23473,61,2026-02-09T19:49:41.745028
ST_046,22563,81,2026-02-09T13:57:01.141412
ST_046,21156,-21,2026-01-24T05:54:46.141015
ST_046,22786,117,2026-01-23T11:31:02.397669
ST_046,17136A,330,2026-02-10T01:07:44.186153
ST_046,37471,32,2026-01-31T02:14:30.783336
ST_046,16258A,261,2026-02-03T10:06:33.771938
ST_046,84915,285,2026-02-05T08:59:22.691380
ST_046,90202B,95,2026-02-03T01:19:06.193910
ST_046,90159,323,2026-01-15T16:57:52.570729
ST_046,22649,478,2026-02-06T15:18:43.620583
ST_046,84637,366,2026-01-31T02:51:51.571616
ST_046,22650,100,2026-01-22T19:35:08.410609
ST_046,22755,417,2026-01-24T10:09:00.754805
ST_046,21403,394,2026-02-02T17:34:29.180349
ST_046,23017,141,2026-01-19T07:12:09.631283
ST_046,22230,89,2026-01-25T17:00:56.619392
ST_046,90040B,-6,2026-01-24T18:51:24.799273
ST_046,84465,342,2026-01-31T20:00:17.002528
ST_046,35909A,303,2026-01-25T17:14:40.666199
ST_046,16161G,42,2026-02-06T17:54:22.199024
ST_046,22324,28,2026-01-30T05:52:00.010668
ST_046,23193,60,2026-02-04T22:37:23.972281
ST_046,23155,312,2026-02-12T13:39:39.028455
ST_046,22602,-32,2026-02-02T01:40:39.115171
ST_046,22993,136,2026-02-12T08:55:59.727210
ST_046,82582,497,2026-02-04T02:38:22.446483
ST_046,85202,212,2026-02-04T16:31:49.149613
ST_046,90021,27,2026-01-23T23:46:36.634859
ST_046,22948,26,2026-01-14T23:47:00.593497
ST_046,84192,155,2026-01-19T00:23:48.770221
ST_046,22053,261,2026-01-31T19:24:40.785405
ST_046,84600,316,2026-02-07T01:05:58.961874
ST_046,20796,22,2026-02-06T23:12:09.647210
ST_046,20697,47,2026-02-02T10:46:09.587370
ST_046,22699,140,2026-01-14T17:36:45.560165
ST_046,44091A,304,2026-01-21T15:52:32.745650
ST_046,21519,234,2026-01-29T11:59:01.483723
ST_046,22441,194,2026-01-20T16:57:54.339637
ST_046,23297,37,2026-02-01T17:21:20.622560
ST_046,21915,-27,2026-02-12T16:25:24.685154
ST_046,37449,251,2026-01-14T19:51:29.041699
ST_046,21667,123,2026-01-16T13:35:05.819605
ST_046,22476,464,2026-01-22T22:18:20.886943
ST_046,46000P,-15,2026-02-10T01:48:59.866535
ST_046,90003B,281,2026-01-17T08:25:28.245926
ST_046,21990,360,2026-01-31T09:52:58.769358
ST_046,82599,234,2026-02-10T19:52:52.255858
ST_046,16161P,432,2026-01-24T18:44:58.861023
ST_046,85132A,249,2026-02-10T23:22:05.423673
ST_046,84593,487,2026-02-07T06:18:39.720621
ST_046,22575,434,2026-01-16T16:30:25.430155
ST_046,23070,400,2026-01-30T11:00:23.709662
ST_046,90196B,381,2026-01-28T23:14:30.676373
ST_046,22737,-17,2026-02-05T22:28:54.779279
ST_047,22876,10,2026-02-10T07:21:00.144768
ST_047,20934,96,2026-02-06T15:13:29.229840
ST_047,21682,490,2026-02-05T23:19:30.658887
ST_047,21910,-29,2026-01-19T13:54:04.857011
ST_047,22158,369,2026-01-15T22:26:43.299458
ST_047,35819B,205,2026-01-30T14:23:12.703945
ST_047,20711,71,2026-02-12T19:28:38.155762
ST_047,22406,337,2026-01-23T12:49:10.328115
ST_047,90177E,62,2026-01-22T09:25:41.966848
ST_047,90123B,217,2026-02-01T10:37:01.258273
ST_047,21402,214,2026-01-20T01:38:13.424716
ST_047,21291,136,2026-02-11T16:06:44.285922
ST_047,35819P,344,2026-01-15T18:32:30.391254
ST_047,22399,252,2026-01-30T05:22:58.007171
ST_047,21261,155,2026-01-19T18:11:33.670657
ST_047,22430,375,2026-01-25T12:07:32.505458
ST_047,21918,20,2026-02-05T18:42:06.054554
ST_047,21232,74,2026-01-15T09:01:09.943787
ST_047,35610B,215,2026-02-06T20:31:20.288645
ST_047,23165,34,2026-01-16T14:31:26.120731
ST_047,23311,410,2026-01-26T06:43:40.511752
ST_047,22896,422,2026-02-07T09:23:12.528779
ST_047,85024C,267,2026-02-09T22:17:50.841757
ST_047,23570,347,2026-02-10T18:05:32.652552
ST_047,84666,216,2026-01-26T16:15:09.495115
ST_047,21865,160,2026-02-12T16:36:36.463550
ST_047,21678,53,2026-01-27T06:51:41.744939
ST_047,20752,50,2026-02-08T19:51:29.362763
ST_047,23434,3,2026-01-23T22:12:15.586047
ST_047,22038,332,2026-01-25T23:59:22.090948
ST_047,21289,-15,2026-02-07T11:22:02.051830
ST_047,22034,401,2026-02-11T04:53:30.728424
ST_047,84660B,415,2026-01-17T14:02:33.011572
ST_047,16248B,291,2026-02-04T12:23:58.776517
ST_047,16259,426,2026-01-28T21:26:04.665602
ST_047,90125E,178,2026-01-30T16:04:39.342470
ST_047,21718,297,2026-01-18T05:51:56.425748
ST_047,35958,85,2026-01-22T03:04:01.795770
ST_047,22775,451,2026-02-09T19:39:29.456978
ST_047,84927E,124,2026-01-30T18:53:40.022009
ST_047,23412,413,2026-01-30T06:16:26.749890
ST_047,21802,27,2026-01-17T00:59:41.543760
ST_047,22700,324,2026-01-26T16:21:45.353740
ST_047,21792,134,2026-01-15T13:49:47.757974
ST_047,21126,-36,2026-01-21T11:41:37.868010
ST_047,47481,216,2026-01-23T16:16:54.979134
ST_047,23000,367,2026-02-06T23:01:06.571207
ST_047,84461,297,2026-01-20T07:23:26.865839
ST_047,84963A,236,2026-01-20T09:15:53.075355
ST_047,90214Z,264,2026-02-12T06:11:42.068470
ST_047,90199C,284,2026-01-20T02:47:23.072569
ST_047,90125B,263,2026-01-20T00:50:43.601725
ST_047,22315,-30,2026-02-11T08:43:41.199642
ST_047,22636,170,2026-02-11T18:15:22.817216
ST_047,22408,425,2026-01-28T04:59:06.462083
ST_047,22517,328,2026-01-18T22:31:42.268516
ST_047,85159A,282,2026-01-28T12:05:00.458864
ST_047,23169,358,2026-02-05T17:30:29.483718
ST_047,23243,12,2026-01-19T14:19:11.151378
ST_047,84568,87,2026-01-27T11:42:16.757134
ST_047,22458,205,2026-01-31T00:43:58.368861
ST_047,21272,360,2026-02-08T00:51:02.580960
ST_047,84558A,498,2026-01-23T12:15:32.316259
ST_047,90214I,423,2026-01-24T16:30:53.186266
ST_047,47369B,244,2026-01-25T04:54:17.014110
ST_047,23031,286,2026-01-20T09:51:02.159021
ST_047,21106,-44,2026-01-24T00:07:51.503628
ST_047,84380,127,2026-02-08T16:25:02.518681
ST_047,90152A,352,2026-01-28T08:56:41.686281
ST_047,48184,101,2026-02-03T14:36:13.125687
ST_047,90039C,278,2026-01-29T13:19:57.312782
ST_047,20677,-10,2026-02-11T08:18:30.005455
ST_047,85135C,251,2026-02-06T09:37:34.294832
ST_047,85045,-41,2026-02-07T04:35:49.363133
ST_047,23161,18,2026-02-06T05:58:47.343563
ST_047,23255,445,2026-01-27T17:15:00.450917
ST_047,23694,175,2026-02-04T20:53:28.116158
ST_047,90100,219,2026-02-06T08:22:13.169327
ST_047,84798A,211,2026-01-18T11:06:18.098791
ST_047,22880,-37,2026-01-27T09:52:13.832258
ST_047,21369,410,2026-01-21T23:17:22.943541
ST_047,23100,98,2026-01-23T01:46:55.630617
ST_047,85211,37,2026-01-30T18:13:09.335824
ST_047,84659A,434,2026-01-29T20:04:10.206851
ST_047,22655,428,2026-01-28T17:54:07.882781
ST_047,35599D,450,2026-02-02T15:38:52.765153
ST_047,84905,122,2026-02-13T10:21:16.871452
ST_047,21086,439,2026-01-21T10:47:49.100767
ST_047,23252,246,2026-02-08T16:33:31.311282
ST_047,22623,48,2026-01-19T11:58:54.903924
ST_047,M,209,2026-01-26T14:12:39.966804
ST_047,23356,-35,2026-01-31T13:39:12.215925
ST_047,35004P,-29,2026-01-31T07:47:26.743122
ST_047,21377,37,2026-01-25T14:55:25.489476
ST_047,21696,335,2026-01-29T01:00:46.395560
ST_047,20974,402,2026-01-25T08:59:26.856302
ST_047,85200,372,2026-02-03T04:36:22.892099
ST_047,22702,61,2026-02-03T01:34:37.857004
ST_047,21499,370,2026-01-22T08:03:12.516688
ST_047,22057,341,2026-02-02T18:59:47.707482
ST_047,47590A,80,2026-01-15T20:02:26.305205
ST_047,22558,166,2026-01-14T13:54:01.103635
ST_047,21986,348,2026-02-05T18:34:15.965014
ST_047,22112,87,2026-01-22T13:40:39.284270
ST_047,23004,-16,2026-02-02T19:29:14.349468
ST_047,22444,447,2026-01-27T12:03:05.007177
ST_047,22346,13,2026-01-21T21:25:15.792366
ST_047,72598,13,2026-02-05T10:27:00.147612
ST_047,23345,6,2026-02-07T11:09:00.451310
ST_047,23191,88,2026-01-28T09:58:57.241351
ST_047,23495,32,2026-01-30T03:02:53.799795
ST_047,22260,267,2026-01-27T18:18:47.378408
ST_047,23181,192,2026-02-03T18:16:59.190509
ST_047,23553,464,2026-02-08T18:30:56.957007
ST_047,21418,262,2026-01-22T04:10:51.886614
ST_047,21816,335,2026-01-22T08:46:48.258259
ST_047,90042A,160,2026-01-21T10:53:58.628498
ST_047,85178,403,2026-01-26T08:49:46.349974
ST_047,47578A,244,2026-02-07T08:51:54.108624
ST_047,23254,473,2026-01-15T11:27:32.494538
ST_047,71496A,200,2026-02-04T16:43:02.736945
ST_047,22897,214,2026-02-09T06:43:50.271245
ST_047,21426,-24,2026-01-28T09:26:21.163029
ST_047,20668,-20,2026-01-26T14:00:07.165226
ST_047,84707B,482,2026-01-22T15:13:29.030405
ST_047,21462,359,2026-02-06T10:29:11.876040
ST_047,22886,482,2026-01-25T09:30:33.281078
ST_047,35964,431,2026-01-26T22:41:04.887257
ST_047,23419,437,2026-01-19T12:56:27.795045
ST_047,84922,122,2026-01-17T08:30:07.377575
ST_047,22716,224,2026-01-24T11:27:23.004086
ST_047,21867,186,2026-01-17T17:55:25.865728
ST_047,21015,390,2026-01-26T21:49:47.666333
ST_047,85131B,424,2026-02-04T18:29:29.065272
ST_047,23456,455,2026-01-26T18:03:57.603744
ST_047,35972,206,2026-01-24T05:55:01.524184
ST_047,37488A,499,2026-01-21T10:15:24.410330
ST_047,20854,160,2026-01-26T13:59:04.760284
ST_047,85071B,395,2026-02-03T17:42:10.637691
ST_047,23325,99,2026-02-05T02:04:18.995982
ST_047,90093,152,2026-01-27T04:05:44.661717
ST_047,84870B,154,2026-01-27T11:30:51.444812
ST_047,23457,276,2026-01-29T00:15:07.973937
ST_047,22900,41,2026-02-03T17:20:46.126273
ST_047,90055,214,2026-01-17T01:12:01.010965
ST_047,21507,180,2026-02-07T00:13:34.855859
ST_047,40001,39,2026-01-15T20:34:37.139696
ST_047,23497,106,2026-02-04T10:03:14.921338
ST_047,22183,196,2026-02-03T05:11:53.720679
ST_047,22645,15,2026-01-28T04:27:45.457689
ST_047,90019C,89,2026-02-07T06:35:17.432748
ST_047,21054,367,2026-02-13T08:45:32.569875
ST_047,90214O,75,2026-02-12T08:00:35.799761
ST_047,22195,90,2026-01-25T07:25:32.862658
ST_047,85225,179,2026-01-23T08:38:57.226092
ST_047,22870,483,2026-02-06T08:14:47.258618
ST_047,22244,341,2026-01-18T02:26:44.122271
ST_047,90065B,228,2026-02-11T10:14:00.657863
ST_047,22936,386,2026-01-31T07:47:34.420121
ST_047,35001W,-48,2026-01-31T01:38:38.913468
ST_047,85034A,-41,2026-01-22T18:26:29.826010
ST_047,23145,365,2026-01-17T17:22:34.813543
ST_047,90129A,490,2026-02-11T10:44:46.522104
ST_047,90202D,94,2026-02-09T03:26:02.785031
ST_047,37444A,129,2026-01-17T00:42:39.320655
ST_047,22069,40,2026-02-05T05:23:18.943011
ST_047,23102,208,2026-02-08T03:35:38.328276
ST_047,21622,223,2026-01-29T20:05:11.615356
ST_047,20748,-37,2026-01-31T03:05:32.659399
ST_047,18097C,412,2026-01-21T01:40:01.816571
ST_047,22322,401,2026-01-23T09:10:47.740536
ST_047,21143,22,2026-01-26T06:31:13.512514
ST_047,16235,180,2026-01-19T17:53:52.664718
ST_047,22060,52,2026-02-11T04:52:51.084146
ST_047,23390,32,2026-02-11T17:22:06.540989
ST_047,21609,174,2026-02-01T13:18:58.216488
ST_047,23190,274,2026-01-29T20:46:54.307215
ST_047,22594,345,2026-01-20T15:47:28.209335
ST_047,90198B,251,2026-01-27T06:12:48.028422
ST_047,23209,497,2026-01-16T19:51:20.732924
ST_047,21955,90,2026-01-31T08:05:56.675473
ST_047,90190B,-22,2026-02-03T08:20:05.679649
ST_047,11001,267,2026-01-29T22:15:37.104337
ST_047,21634,134,2026-02-05T00:28:35.384628
ST_047,22518,153,2026-01-28T17:27:08.165046
ST_047,22745,1,2026-01-31T05:40:01.522670
ST_047,90099,201,2026-01-16T04:21:56.333218
ST_047,35650,-35,2026-02-03T06:32:13.151388
ST_047,85026B,378,2026-02-07T14:26:15.503172
ST_047,84750B,-18,2026-02-06T21:43:09.919455
ST_047,90016A,116,2026-02-03T22:43:25.466396
ST_047,72741,336,2026-01-20T21:11:20.438946
ST_047,16161M,348,2026-02-06T16:51:51.474208
ST_047,21681,440,2026-01-24T17:07:10.528243
ST_047,90086,71,2026-01-18T05:33:22.830999
ST_047,21706,375,2026-02-02T23:16:44.840820
ST_047,23121,325,2026-01-26T15:27:52.340489
ST_047,22136,464,2026-01-17T22:18:02.811376
ST_047,22086,-11,2026-01-23T14:42:30.081054
ST_047,84596F,8,2026-02-12T17:33:03.416038
ST_047,22545,227,2026-01-16T04:50:25.001536
ST_047,22964,156,2026-01-14T13:33:24.137824
ST_047,90155,-1,2026-01-27T06:46:56.084404
ST_047,84927F,473,2026-02-11T16:57:25.924605
ST_047,22077,336,2026-02-10T23:30:08.817939
ST_047,84596B,182,2026-02-06T20:19:36.685220
ST_047,84879,112,2026-01-21T23:28:51.996137
ST_047,84828,313,2026-01-26T20:41:11.847979
ST_047,85049G,325,2026-01-24T12:10:21.191124
ST_047,22461,285,2026-02-01T14:01:40.862410
ST_047,21275,31,2026-01-30T07:26:17.509760
ST_047,22971,418,2026-01-15T06:42:06.813359
ST_047,44235,262,2026-01-29T03:00:23.277120
ST_047,21705,-22,2026-02-08T11:15:22.335040
ST_047,23264,331,2026-01-24T19:12:18.484955
ST_047,21210,414,2026-02-10T23:06:00.660375
ST_047,84766,45,2026-02-11T18:58:54.358235
ST_047,21313,175,2026-01-23T00:49:21.221438
ST_047,21067,324,2026-02-11T08:31:43.874063
ST_047,21671,407,2026-01-30T03:43:44.047485
ST_047,84805B,495,2026-01-16T05:40:56.662771
ST_047,72709,-34,2026-02-06T09:17:55.561723
ST_047,90158,82,2026-01-30T01:26:29.462649
ST_047,90120B,491,2026-02-09T12:04:52.252263
ST_047,84678,276,2026-02-01T23:32:17.107878
ST_047,23503,-46,2026-01-28T17:51:31.569001
ST_047,21935,20,2026-01-21T12:50:23.441431
ST_047,90161A,347,2026-01-30T22:23:24.632901
ST_047,22908,493,2026-01-16T08:31:09.812991
ST_047,84854,470,2026-01-19T01:18:08.370041
ST_047,17191A,124,2026-02-07T10:31:34.125334
ST_047,20868,51,2026-02-12T13:26:09.512887
ST_047,20826,134,2026-02-09T14:11:47.875017
ST_047,20971,61,2026-01-28T04:06:33.494546
ST_047,23270,436,2026-01-31T17:54:33.698358
ST_047,21946,-39,2026-02-04T13:00:55.748050
ST_047,47310M,177,2026-02-10T09:39:19.157126
ST_047,37446,66,2026-02-13T02:49:49.244410
ST_047,35638A,284,2026-01-28T09:32:01.296672
ST_047,85124B,120,2026-01-22T12:53:11.538534
ST_047,90094,278,2026-02-02T01:09:20.786058
ST_047,23185,29,2026-01-25T08:10:54.568856
ST_047,17021,243,2026-02-03T11:44:07.644486
ST_047,21032,209,2026-02-10T16:18:28.688523
ST_047,23224,69,2026-02-07T06:27:50.841905
ST_047,23473,320,2026-02-02T21:41:12.903931
ST_047,22563,-19,2026-01-27T04:41:13.301850
ST_047,21156,56,2026-01-23T19:56:01.561520
ST_047,22786,188,2026-02-06T19:51:09.711107
ST_047,17136A,412,2026-01-26T06:11:07.373796
ST_047,37471,351,2026-02-06T11:32:33.577166
ST_047,16258A,321,2026-01-31T21:04:31.541081
ST_047,84915,229,2026-01-18T05:46:17.304231
ST_047,90202B,383,2026-02-07T12:59:00.491198
ST_047,90159,260,2026-01-30T09:02:35.798517
ST_047,22649,359,2026-01-30T22:20:57.703542
ST_047,84637,467,2026-02-11T23:37:53.528604
ST_047,22650,-27,2026-01-15T04:58:12.473329
ST_047,22755,277,2026-02-09T18:35:39.279568
ST_047,21403,265,2026-01-16T16:58:23.216891
ST_047,23017,340,2026-01-21T12:53:04.599565
ST_047,22230,109,2026-01-31T15:26:05.899282
ST_047,90040B,177,2026-01-28T06:47:23.942020
ST_047,84465,459,2026-02-12T12:17:53.923998
ST_047,35909A,34,2026-01-26T01:42:58.132732
ST_047,16161G,208,2026-02-04T06:20:26.478250
ST_047,22324,370,2026-01-18T19:41:52.144852
ST_047,23193,323,2026-02-01T12:58:11.303625
ST_047,23155,331,2026-02-09T21:07:34.153637
ST_047,22602,174,2026-01-21T02:42:37.724636
ST_047,22993,142,2026-01-29T03:26:00.603626
ST_047,82582,116,2026-01-25T16:03:06.165560
ST_047,85202,152,2026-01-31T14:29:11.343626
ST_047,90021,494,2026-02-11T22:54:14.125133
ST_047,22948,336,2026-02-10T10:29:13.577455
ST_047,84192,49,2026-01-20T04:34:37.192254
ST_047,22053,-49,2026-01-31T00:22:52.192873
ST_047,84600,103,2026-02-12T11:44:39.736748
ST_047,20796,109,2026-01-16T03:14:35.079479
ST_047,20697,369,2026-01-30T10:34:19.723714
ST_047,22699,129,2026-01-23T03:03:50.323492
ST_047,44091A,402,2026-02-10T16:16:57.047889
ST_047,21519,87,2026-01-27T19:27:57.835929
ST_047,22441,187,2026-01-18T19:21:50.244802
ST_047,23297,477,2026-02-09T16:57:53.161922
ST_047,21915,87,2026-01-28T06:22:22.168185
ST_047,37449,213,2026-01-24T23:54:54.883699
ST_047,21667,436,2026-02-13T10:32:35.266210
ST_047,22476,53,2026-01-19T03:51:41.718297
ST_047,46000P,-13,2026-01-22T21:34:40.119117
ST_047,90003B,366,2026-02-02T16:26:53.261257
ST_047,21990,218,2026-01-29T12:06:31.105659
ST_047,82599,179,2026-02-07T03:24:56.240000
ST_047,16161P,-31,2026-02-05T13:40:57.438467
ST_047,85132A,375,2026-01-19T20:41:41.871119
ST_047,84593,444,2026-01-25T07:04:11.373151
ST_047,22575,397,2026-02-01T04:00:13.036392
ST_047,23070,210,2026-02-09T23:20:48.127475
ST_047,90196B,238,2026-01-16T13:06:31.183253
ST_047,22737,237,2026-01-31T17:04:57.508467
ST_048,22876,166,2026-02-12T01:32:37.009247
ST_048,20934,80,2026-02-10T13:47:30.575223
ST_048,21682,327,2026-01-21T07:12:13.292646
ST_048,21910,498,2026-01-26T23:25:26.727264
ST_048,22158,411,2026-01-25T12:01:21.932334
ST_048,35819B,305,2026-02-12T20:22:42.788437
ST_048,20711,47,2026-01-24T08:33:44.346904
ST_048,22406,24,2026-02-05T16:24:03.675664
ST_048,90177E,58,2026-01-23T22:45:19.211736
ST_048,90123B,42,2026-02-09T10:16:23.424285
ST_048,21402,60,2026-01-16T05:37:12.459102
ST_048,21291,206,2026-01-15T05:51:26.328230
ST_048,35819P,169,2026-02-07T13:23:26.724042
ST_048,22399,130,2026-01-23T15:15:03.770845
ST_048,21261,368,2026-01-19T04:33:36.661394
ST_048,22430,67,2026-02-01T12:02:54.101655
ST_048,21918,409,2026-02-03T05:13:56.415540
ST_048,21232,285,2026-01-26T11:06:34.375219
ST_048,35610B,458,2026-01-15T15:57:50.107835
ST_048,23165,182,2026-01-28T15:32:18.100754
ST_048,23311,-43,2026-01-19T19:16:39.822176
ST_048,22896,272,2026-01-18T15:56:07.193327
ST_048,85024C,446,2026-02-01T00:02:05.593263
ST_048,23570,305,2026-01-24T13:48:18.852907
ST_048,84666,384,2026-01-22T09:30:04.176537
ST_048,21865,79,2026-01-17T23:17:57.501330
ST_048,21678,495,2026-01-21T02:24:44.068387
ST_048,20752,314,2026-02-12T14:19:20.069367
ST_048,23434,287,2026-01-26T03:52:48.109680
ST_048,22038,260,2026-01-24T07:12:54.997836
ST_048,21289,361,2026-02-03T11:05:51.118113
ST_048,22034,232,2026-02-01T12:55:35.761992
ST_048,84660B,479,2026-02-09T17:52:38.779067
ST_048,16248B,420,2026-01-17T14:58:24.617739
ST_048,16259,62,2026-02-04T14:53:13.771216
ST_048,90125E,375,2026-01-26T20:45:21.120381
ST_048,21718,402,2026-01-17T10:18:48.160807
ST_048,35958,124,2026-02-06T16:17:31.373669
ST_048,22775,83,2026-01-29T22:48:07.478207
ST_048,84927E,357,2026-02-05T04:22:24.256795
ST_048,23412,465,2026-01-27T20:16:20.953430
ST_048,21802,19,2026-01-30T20:56:15.990574
ST_048,22700,197,2026-01-16T10:56:00.330975
ST_048,21792,310,2026-01-27T14:46:01.578116
ST_048,21126,177,2026-02-06T11:49:45.238171
ST_048,47481,58,2026-01-25T01:29:03.674781
ST_048,23000,475,2026-02-06T02:44:11.072735
ST_048,84461,282,2026-01-22T11:58:28.036262
ST_048,84963A,456,2026-02-09T03:54:27.967257
ST_048,90214Z,267,2026-02-03T16:59:57.926604
ST_048,90199C,382,2026-02-10T10:32:52.580513
ST_048,90125B,445,2026-02-09T16:16:26.150139
ST_048,22315,50,2026-01-30T04:50:56.221775
ST_048,22636,71,2026-02-03T23:02:29.302846
ST_048,22408,433,2026-01-26T14:15:07.389559
ST_048,22517,313,2026-01-27T10:13:29.018312
ST_048,85159A,262,2026-01-16T18:16:23.252950
ST_048,23169,396,2026-01-19T06:00:57.401556
ST_048,23243,356,2026-02-01T13:40:03.335724
ST_048,84568,476,2026-01-28T09:45:44.139269
ST_048,22458,499,2026-02-10T22:58:06.637785
ST_048,21272,-15,2026-01-26T07:02:58.007268
ST_048,84558A,366,2026-02-01T04:08:10.314181
ST_048,90214I,134,2026-01-17T15:55:53.693037
ST_048,47369B,57,2026-01-18T21:46:58.048439
ST_048,23031,346,2026-01-24T21:10:12.563988
ST_048,21106,137,2026-02-04T15:11:25.783712
ST_048,84380,362,2026-01-17T17:29:54.549110
ST_048,90152A,482,2026-01-20T05:11:02.080251
ST_048,48184,70,2026-02-08T11:49:37.726239
ST_048,90039C,260,2026-01-22T19:53:35.016450
ST_048,20677,330,2026-02-01T12:49:19.150500
ST_048,85135C,276,2026-01-25T18:20:33.597684
ST_048,85045,268,2026-01-19T20:33:11.982446
ST_048,23161,139,2026-02-10T16:12:18.901400
ST_048,23255,301,2026-02-12T10:22:53.088056
ST_048,23694,258,2026-02-01T22:11:17.906377
ST_048,90100,413,2026-02-01T12:01:36.139506
ST_048,84798A,214,2026-02-10T01:20:03.738178
ST_048,22880,364,2026-01-21T09:31:18.466121
ST_048,21369,325,2026-01-19T14:40:12.772449
ST_048,23100,389,2026-01-24T10:36:54.461138
ST_048,85211,456,2026-02-08T08:24:47.394353
ST_048,84659A,486,2026-02-06T15:39:26.200736
ST_048,22655,76,2026-01-27T01:13:50.347491
ST_048,35599D,250,2026-02-12T07:27:55.097139
ST_048,84905,157,2026-01-19T21:40:54.476366
ST_048,21086,19,2026-01-16T01:56:33.460888
ST_048,23252,69,2026-01-20T01:24:08.719551
ST_048,22623,195,2026-01-21T07:52:41.008739
ST_048,M,-5,2026-02-01T05:19:42.153981
ST_048,23356,-20,2026-02-12T20:20:05.876292
ST_048,35004P,418,2026-01-21T06:22:56.542444
ST_048,21377,240,2026-02-08T00:04:10.364218
ST_048,21696,417,2026-02-10T16:33:16.809472
ST_048,20974,430,2026-01-28T13:52:48.819389
ST_048,85200,223,2026-01-16T18:52:52.619784
ST_048,22702,346,2026-01-19T11:28:07.206135
ST_048,21499,412,2026-01-25T20:17:35.380549
ST_048,22057,-10,2026-02-03T00:15:29.613928
ST_048,47590A,164,2026-02-07T20:13:04.933980
ST_048,22558,489,2026-01-18T08:33:39.892035
ST_048,21986,-6,2026-01-19T22:11:29.743841
ST_048,22112,416,2026-01-23T08:53:11.985849
ST_048,23004,328,2026-01-15T12:35:08.306566
ST_048,22444,-32,2026-02-11T10:09:52.874721
ST_048,22346,214,2026-02-05T01:01:35.212608
ST_048,72598,83,2026-01-21T20:41:31.652360
ST_048,23345,299,2026-02-05T14:24:43.616782
ST_048,23191,459,2026-01-27T20:11:34.744600
ST_048,23495,163,2026-01-18T03:10:13.000220
ST_048,22260,490,2026-01-29T20:28:55.677208
ST_048,23181,379,2026-01-19T18:16:12.437106
ST_048,23553,390,2026-01-27T01:57:56.371871
ST_048,21418,97,2026-02-09T14:42:13.035492
ST_048,21816,365,2026-01-17T15:23:35.600622
ST_048,90042A,300,2026-02-08T03:08:59.249959
ST_048,85178,228,2026-01-31T18:29:15.971106
ST_048,47578A,182,2026-02-01T08:43:02.345723
ST_048,23254,104,2026-01-17T23:56:28.539261
ST_048,71496A,399,2026-02-08T06:05:27.472224
ST_048,22897,158,2026-01-23T21:52:12.658420
ST_048,21426,197,2026-01-29T08:10:08.971739
ST_048,20668,281,2026-01-30T23:34:30.955331
ST_048,84707B,161,2026-01-30T18:54:19.026114
ST_048,21462,73,2026-01-21T11:40:44.223189
ST_048,22886,409,2026-02-07T13:44:17.792509
ST_048,35964,230,2026-02-02T19:08:44.253860
ST_048,23419,338,2026-02-01T14:44:08.481300
ST_048,84922,388,2026-02-08T21:15:48.246283
ST_048,22716,-41,2026-01-24T21:39:16.271775
ST_048,21867,3,2026-01-15T00:35:38.011270
ST_048,21015,423,2026-02-02T18:13:18.116103
ST_048,85131B,354,2026-02-01T12:48:40.192243
ST_048,23456,-15,2026-01-25T18:26:54.518057
ST_048,35972,72,2026-01-31T11:56:56.175118
ST_048,37488A,12,2026-01-25T09:02:12.600326
ST_048,20854,349,2026-01-16T06:25:18.025939
ST_048,85071B,355,2026-01-25T21:16:03.395532
ST_048,23325,-39,2026-01-26T07:53:20.894193
ST_048,90093,250,2026-01-26T09:06:20.688671
ST_048,84870B,188,2026-02-10T12:58:08.911024
ST_048,23457,64,2026-01-25T08:49:56.755577
ST_048,22900,290,2026-01-31T01:25:14.084354
ST_048,90055,182,2026-01-25T19:32:45.821420
ST_048,21507,149,2026-02-03T20:06:52.712429
ST_048,40001,321,2026-02-01T20:52:38.354545
ST_048,23497,355,2026-02-02T08:38:11.579345
ST_048,22183,50,2026-02-07T07:25:41.151145
ST_048,22645,204,2026-01-27T21:02:13.477040
ST_048,90019C,430,2026-01-22T19:18:21.060922
ST_048,21054,78,2026-01-17T19:54:00.539719
ST_048,90214O,212,2026-01-17T19:58:30.569241
ST_048,22195,319,2026-01-21T01:37:22.918877
ST_048,85225,153,2026-01-27T22:27:27.649380
ST_048,22870,108,2026-01-21T17:39:52.684870
ST_048,22244,220,2026-02-06T10:41:45.976475
ST_048,90065B,351,2026-02-12T19:27:13.721202
ST_048,22936,54,2026-01-21T18:06:19.646241
ST_048,35001W,27,2026-02-03T08:14:48.456419
ST_048,85034A,324,2026-02-05T01:42:09.254042
ST_048,23145,-9,2026-02-03T15:04:47.905177
ST_048,90129A,240,2026-01-31T14:21:35.636466
ST_048,90202D,153,2026-02-05T15:12:16.833204
ST_048,37444A,397,2026-01-21T09:39:22.862559
ST_048,22069,-49,2026-02-11T17:00:58.920481
ST_048,23102,354,2026-02-10T03:47:32.604086
ST_048,21622,391,2026-01-24T00:37:30.890955
ST_048,20748,490,2026-02-04T20:10:23.695759
ST_048,18097C,149,2026-01-23T11:42:31.492882
ST_048,22322,223,2026-01-23T23:50:47.283697
ST_048,21143,500,2026-02-08T05:19:32.660014
ST_048,16235,153,2026-02-01T18:16:12.968412
ST_048,22060,69,2026-01-22T05:06:27.172641
ST_048,23390,23,2026-01-22T18:29:03.544015
ST_048,21609,25,2026-01-30T17:29:02.506773
ST_048,23190,225,2026-01-17T22:56:45.890363
ST_048,22594,379,2026-01-17T16:18:11.311676
ST_048,90198B,478,2026-01-16T05:57:38.550651
ST_048,23209,425,2026-01-26T19:19:05.912973
ST_048,21955,82,2026-02-06T15:19:25.459775
ST_048,90190B,19,2026-01-21T01:34:23.182478
ST_048,11001,-43,2026-01-22T16:32:18.992516
ST_048,21634,284,2026-02-09T16:43:47.575498
ST_048,22518,427,2026-02-05T00:31:09.525977
ST_048,22745,176,2026-01-14T16:47:13.128233
ST_048,90099,241,2026-01-16T20:23:43.526317
ST_048,35650,373,2026-02-01T10:23:57.093828
ST_048,85026B,195,2026-02-01T21:59:28.176621
ST_048,84750B,465,2026-01-31T12:56:46.158909
ST_048,90016A,87,2026-02-05T00:34:31.457136
ST_048,72741,406,2026-01-18T14:27:36.621581
ST_048,16161M,57,2026-02-08T11:15:56.417571
ST_048,21681,202,2026-01-27T01:20:09.013032
ST_048,90086,123,2026-01-21T20:25:00.689939
ST_048,21706,221,2026-01-28T04:43:23.189707
ST_048,23121,158,2026-02-03T01:24:40.818157
ST_048,22136,168,2026-01-21T02:45:59.293565
ST_048,22086,258,2026-01-17T14:39:06.221406
ST_048,84596F,372,2026-02-04T02:29:49.887789
ST_048,22545,39,2026-02-10T08:43:45.113788
ST_048,22964,121,2026-01-23T01:10:37.171027
ST_048,90155,180,2026-01-27T18:48:46.225479
ST_048,84927F,290,2026-02-01T01:24:56.958350
ST_048,22077,-30,2026-02-01T15:49:09.422217
ST_048,84596B,5,2026-01-26T01:08:26.762601
ST_048,84879,163,2026-01-18T08:21:20.315080
ST_048,84828,-4,2026-01-22T07:50:21.910075
ST_048,85049G,386,2026-02-11T05:04:22.482022
ST_048,22461,3,2026-02-04T02:16:49.138883
ST_048,21275,102,2026-02-10T06:33:42.646365
ST_048,22971,117,2026-01-21T09:36:27.307680
ST_048,44235,452,2026-01-14T15:27:53.832689
ST_048,21705,190,2026-01-21T04:36:44.148816
ST_048,23264,115,2026-02-02T18:14:16.896883
ST_048,21210,4,2026-01-29T19:42:29.449287
ST_048,84766,440,2026-01-19T21:25:17.574666
ST_048,21313,110,2026-01-27T19:42:31.482023
ST_048,21067,345,2026-02-06T08:30:34.926457
ST_048,21671,338,2026-02-09T01:08:01.444080
ST_048,84805B,397,2026-02-13T02:46:15.837835
ST_048,72709,222,2026-01-27T20:31:40.402127
ST_048,90158,232,2026-02-07T18:08:49.786358
ST_048,90120B,269,2026-01-29T13:33:37.589068
ST_048,84678,375,2026-01-16T14:28:36.342108
ST_048,23503,128,2026-02-01T00:11:17.719398
ST_048,21935,-48,2026-01-24T07:23:53.790355
ST_048,90161A,368,2026-02-01T12:42:36.125866
ST_048,22908,435,2026-02-02T15:45:34.373301
ST_048,84854,464,2026-02-04T19:59:12.959434
ST_048,17191A,-36,2026-02-05T18:23:34.820132
ST_048,20868,407,2026-02-04T02:55:08.090188
ST_048,20826,344,2026-02-03T21:01:40.979915
ST_048,20971,-50,2026-02-02T00:01:46.535008
ST_048,23270,328,2026-01-19T05:32:05.144551
ST_048,21946,38,2026-02-12T09:39:38.523229
ST_048,47310M,375,2026-01-29T16:01:15.026287
ST_048,37446,141,2026-01-21T20:08:59.467348
ST_048,35638A,281,2026-02-08T20:39:52.149022
ST_048,85124B,140,2026-02-03T03:30:56.498412
ST_048,90094,6,2026-02-07T04:15:24.894222
ST_048,23185,313,2026-01-24T10:44:52.170281
ST_048,17021,442,2026-01-25T01:34:00.131164
ST_048,21032,267,2026-02-10T03:35:36.927227
ST_048,23224,20,2026-01-31T19:48:04.032854
ST_048,23473,-1,2026-01-21T06:49:30.108809
ST_048,22563,355,2026-01-30T20:38:46.002360
ST_048,21156,-48,2026-01-20T11:14:37.947649
ST_048,22786,-9,2026-01-29T20:00:31.796233
ST_048,17136A,487,2026-01-31T08:25:37.393628
ST_048,37471,13,2026-01-24T17:08:15.502649
ST_048,16258A,258,2026-02-11T05:24:57.784887
ST_048,84915,444,2026-01-21T15:31:39.620599
ST_048,90202B,437,2026-02-12T22:33:31.260692
ST_048,90159,168,2026-01-14T23:18:05.161721
ST_048,22649,286,2026-02-04T05:45:12.758472
ST_048,84637,383,2026-02-09T02:53:01.473082
ST_048,22650,100,2026-01-17T09:31:28.996164
ST_048,22755,208,2026-01-15T06:42:42.271466
ST_048,21403,91,2026-01-20T15:38:25.845133
ST_048,23017,-49,2026-01-21T17:10:51.974407
ST_048,22230,367,2026-01-17T01:57:04.800992
ST_048,90040B,-11,2026-01-14T23:53:25.301063
ST_048,84465,70,2026-02-03T15:43:26.024381
ST_048,35909A,84,2026-02-11T18:50:25.587210
ST_048,16161G,496,2026-02-07T16:09:30.823464
ST_048,22324,443,2026-01-24T09:46:35.196300
ST_048,23193,312,2026-01-23T18:19:09.966841
ST_048,23155,293,2026-02-09T09:36:42.224477
ST_048,22602,242,2026-02-08T14:22:37.837789
ST_048,22993,420,2026-02-11T07:36:52.265924
ST_048,82582,487,2026-02-03T11:58:40.429909
ST_048,85202,88,2026-01-26T16:31:18.687602
ST_048,90021,-12,2026-01-25T20:24:38.233835
ST_048,22948,223,2026-02-05T17:40:24.099930
ST_048,84192,179,2026-02-12T23:37:57.793687
ST_048,22053,-14,2026-02-08T18:17:24.102826
ST_048,84600,54,2026-02-09T13:20:33.059519
ST_048,20796,429,2026-01-23T08:22:28.670909
ST_048,20697,161,2026-02-08T18:12:23.987159
ST_048,22699,66,2026-01-24T17:27:35.195771
ST_048,44091A,181,2026-02-07T09:05:37.395069
ST_048,21519,446,2026-01-23T09:06:11.610629
ST_048,22441,430,2026-01-24T06:04:02.106780
ST_048,23297,456,2026-02-02T15:59:36.786088
ST_048,21915,164,2026-01-31T07:30:21.725804
ST_048,37449,293,2026-02-11T05:40:50.678798
ST_048,21667,352,2026-02-13T11:56:59.048330
ST_048,22476,-35,2026-01-23T10:59:12.940302
ST_048,46000P,181,2026-02-01T01:22:20.250195
ST_048,90003B,146,2026-02-05T14:40:40.537464
ST_048,21990,410,2026-02-13T09:04:18.578044
ST_048,82599,137,2026-02-01T04:23:48.011215
ST_048,16161P,380,2026-02-04T17:04:03.362441
ST_048,85132A,492,2026-02-09T06:23:07.462123
ST_048,84593,354,2026-02-10T10:41:39.483357
ST_048,22575,103,2026-02-01T03:24:12.405806
ST_048,23070,174,2026-02-07T01:48:00.458053
ST_048,90196B,254,2026-02-04T14:40:36.452296
ST_048,22737,94,2026-01-19T17:12:47.984311
ST_049,22876,450,2026-01-21T01:30:29.575880
ST_049,20934,-2,2026-02-08T21:47:33.154815
ST_049,21682,-3,2026-01-25T16:36:02.169906
ST_049,21910,223,2026-02-02T14:04:06.826165
ST_049,22158,321,2026-01-17T14:33:02.621238
ST_049,35819B,372,2026-01-29T23:42:37.717716
ST_049,20711,466,2026-01-20T14:03:39.086155
ST_049,22406,172,2026-01-15T06:46:30.245569
ST_049,90177E,59,2026-01-28T18:44:10.834250
ST_049,90123B,220,2026-01-18T22:19:04.916931
ST_049,21402,59,2026-02-03T08:07:24.712907
ST_049,21291,161,2026-02-10T02:47:30.346333
ST_049,35819P,313,2026-01-28T18:34:47.880519
ST_049,22399,495,2026-01-21T20:47:14.489948
ST_049,21261,341,2026-01-31T11:45:47.692269
ST_049,22430,143,2026-01-19T00:51:53.635274
ST_049,21918,353,2026-01-25T11:46:29.448799
ST_049,21232,320,2026-02-09T15:47:16.270043
ST_049,35610B,288,2026-01-31T21:03:55.127594
ST_049,23165,382,2026-01-15T10:55:46.680425
ST_049,23311,84,2026-01-23T01:42:32.809908
ST_049,22896,296,2026-01-16T19:01:52.537045
ST_049,85024C,493,2026-02-13T05:26:24.109362
ST_049,23570,255,2026-02-10T15:40:51.009309
ST_049,84666,476,2026-01-14T17:16:08.618558
ST_049,21865,22,2026-01-17T14:19:45.205180
ST_049,21678,34,2026-02-03T23:29:11.989660
ST_049,20752,279,2026-02-02T15:58:11.319283
ST_049,23434,388,2026-01-25T03:06:42.213262
ST_049,22038,107,2026-02-01T00:09:05.690785
ST_049,21289,364,2026-01-15T21:57:55.241577
ST_049,22034,106,2026-01-26T04:20:06.957442
ST_049,84660B,481,2026-01-18T18:52:08.572019
ST_049,16248B,63,2026-02-06T07:02:30.754052
ST_049,16259,26,2026-01-27T03:31:29.740767
ST_049,90125E,348,2026-02-12T06:15:10.587103
ST_049,21718,17,2026-02-13T11:41:39.657331
ST_049,35958,20,2026-01-18T17:22:38.523288
ST_049,22775,-32,2026-01-25T10:30:10.751761
ST_049,84927E,0,2026-01-24T00:15:54.488436
ST_049,23412,487,2026-02-12T12:40:26.306259
ST_049,21802,342,2026-02-08T13:13:54.764217
ST_049,22700,226,2026-01-22T06:22:15.828919
ST_049,21792,305,2026-02-01T08:29:56.033949
ST_049,21126,240,2026-01-23T12:00:16.638263
ST_049,47481,249,2026-01-25T08:13:54.098233
ST_049,23000,403,2026-02-10T08:34:42.310265
ST_049,84461,333,2026-02-04T12:33:00.375625
ST_049,84963A,324,2026-01-18T04:50:44.503965
ST_049,90214Z,-4,2026-01-16T17:53:06.077068
ST_049,90199C,471,2026-02-02T23:01:16.310721
ST_049,90125B,237,2026-02-03T15:44:45.486141
ST_049,22315,447,2026-01-20T09:18:49.888436
ST_049,22636,122,2026-01-16T00:11:03.056413
ST_049,22408,305,2026-01-28T15:56:58.962205
ST_049,22517,57,2026-01-15T19:08:38.404380
ST_049,85159A,253,2026-01-31T04:57:32.635123
ST_049,23169,367,2026-01-27T23:47:28.379751
ST_049,23243,364,2026-02-10T23:38:17.495323
ST_049,84568,203,2026-01-26T08:37:03.215120
ST_049,22458,102,2026-01-17T09:44:46.036625
ST_049,21272,447,2026-01-24T01:41:12.568044
ST_049,84558A,313,2026-01-27T17:30:39.218763
ST_049,90214I,359,2026-01-19T11:05:15.588083
ST_049,47369B,373,2026-01-21T09:28:16.431730
ST_049,23031,29,2026-01-19T20:39:52.673223
ST_049,21106,100,2026-02-07T18:14:34.687329
ST_049,84380,343,2026-02-12T06:25:30.148079
ST_049,90152A,276,2026-01-20T16:42:11.773812
ST_049,48184,53,2026-02-04T05:44:21.424452
ST_049,90039C,3,2026-01-29T17:55:08.132249
ST_049,20677,302,2026-01-19T02:47:50.182512
ST_049,85135C,189,2026-01-27T08:44:52.508397
ST_049,85045,64,2026-01-24T15:22:13.357456
ST_049,23161,280,2026-02-05T10:30:29.112520
ST_049,23255,482,2026-02-01T07:24:29.124754
ST_049,23694,64,2026-01-29T11:42:47.683654
ST_049,90100,287,2026-01-29T00:22:10.542329
ST_049,84798A,281,2026-01-30T00:46:15.203325
ST_049,22880,245,2026-01-16T23:41:50.394354
ST_049,21369,110,2026-02-05T07:47:44.015714
ST_049,23100,97,2026-02-12T02:07:24.726415
ST_049,85211,199,2026-01-24T23:54:00.799168
ST_049,84659A,224,2026-02-02T02:34:45.948073
ST_049,22655,201,2026-02-05T16:22:53.240813
ST_049,35599D,76,2026-02-08T15:50:26.316254
ST_049,84905,163,2026-01-29T09:48:30.349943
ST_049,21086,121,2026-01-24T09:53:14.802834
ST_049,23252,128,2026-01-23T00:10:43.464851
ST_049,22623,349,2026-01-27T08:12:37.642576
ST_049,M,426,2026-02-06T07:34:22.652094
ST_049,23356,84,2026-02-12T11:05:53.584340
ST_049,35004P,346,2026-01-26T02:12:24.401670
ST_049,21377,73,2026-02-03T12:20:38.159492
ST_049,21696,109,2026-01-19T02:20:36.497247
ST_049,20974,113,2026-02-05T10:37:29.189516
ST_049,85200,103,2026-02-12T05:47:05.168807
ST_049,22702,447,2026-01-21T01:10:00.266099
ST_049,21499,167,2026-01-31T12:59:07.372957
ST_049,22057,391,2026-02-13T01:54:02.577758
ST_049,47590A,204,2026-02-09T22:06:53.581708
ST_049,22558,338,2026-01-23T20:12:47.822198
ST_049,21986,21,2026-01-15T16:55:41.687758
ST_049,22112,106,2026-01-17T18:55:24.914200
ST_049,23004,183,2026-02-05T22:13:11.487972
ST_049,22444,290,2026-01-24T04:55:21.680636
ST_049,22346,485,2026-02-11T14:15:53.504940
ST_049,72598,456,2026-01-24T17:05:06.536002
ST_049,23345,116,2026-02-03T13:41:41.647619
ST_049,23191,-17,2026-02-09T05:07:31.718498
ST_049,23495,453,2026-02-09T16:24:46.542574
ST_049,22260,31,2026-01-19T07:29:35.557829
ST_049,23181,48,2026-01-29T20:32:03.268687
ST_049,23553,347,2026-01-29T17:21:42.644854
ST_049,21418,152,2026-02-12T19:56:09.620106
ST_049,21816,335,2026-01-19T13:59:59.508933
ST_049,90042A,449,2026-01-16T11:56:40.392571
ST_049,85178,385,2026-01-20T12:03:58.044252
ST_049,47578A,204,2026-02-12T07:16:00.079783
ST_049,23254,105,2026-01-22T02:31:41.595120
ST_049,71496A,65,2026-01-23T13:54:53.950582
ST_049,22897,275,2026-01-29T06:53:38.966441
ST_049,21426,83,2026-01-17T10:39:04.202028
ST_049,20668,28,2026-01-23T04:19:45.948894
ST_049,84707B,4,2026-01-19T16:43:03.868189
ST_049,21462,222,2026-01-26T18:51:31.849594
ST_049,22886,184,2026-02-12T16:49:49.783042
ST_049,35964,2,2026-01-21T20:35:32.223060
ST_049,23419,483,2026-02-10T01:58:39.407281
ST_049,84922,174,2026-01-30T22:18:58.897348
ST_049,22716,136,2026-02-02T21:50:57.962480
ST_049,21867,298,2026-02-03T12:22:39.792660
ST_049,21015,-11,2026-01-16T00:52:41.820117
ST_049,85131B,387,2026-02-08T05:39:19.728325
ST_049,23456,-3,2026-01-15T23:33:34.024892
ST_049,35972,226,2026-01-18T04:20:35.010354
ST_049,37488A,-12,2026-02-04T15:36:25.328611
ST_049,20854,99,2026-02-07T09:04:38.062388
ST_049,85071B,406,2026-01-30T11:37:40.621336
ST_049,23325,127,2026-01-21T21:46:14.219482
ST_049,90093,402,2026-02-06T06:32:18.771054
ST_049,84870B,-44,2026-01-30T04:03:34.687110
ST_049,23457,406,2026-02-03T00:59:00.426650
ST_049,22900,350,2026-01-21T13:00:31.534975
ST_049,90055,-22,2026-02-02T11:40:52.452395
ST_049,21507,488,2026-01-22T12:34:48.586215
ST_049,40001,484,2026-01-23T00:24:15.890833
ST_049,23497,96,2026-02-09T10:28:14.002001
ST_049,22183,67,2026-01-19T12:55:55.930832
ST_049,22645,499,2026-01-20T10:42:29.701133
ST_049,90019C,336,2026-01-26T00:43:04.458740
ST_049,21054,480,2026-02-04T07:59:07.216559
ST_049,90214O,124,2026-02-08T14:59:18.341658
ST_049,22195,313,2026-01-27T21:28:12.976816
ST_049,85225,462,2026-02-11T21:26:54.127096
ST_049,22870,55,2026-01-28T18:01:16.550991
ST_049,22244,40,2026-01-25T07:09:24.471642
ST_049,90065B,445,2026-01-21T11:37:06.278860
ST_049,22936,327,2026-01-29T17:40:20.676390
ST_049,35001W,326,2026-02-09T19:02:12.998805
ST_049,85034A,322,2026-02-13T01:18:58.749918
ST_049,23145,364,2026-01-20T05:32:12.210160
ST_049,90129A,115,2026-01-27T04:11:19.668490
ST_049,90202D,198,2026-02-10T14:29:46.002501
ST_049,37444A,-18,2026-01-21T05:09:54.085837
ST_049,22069,229,2026-02-02T00:54:55.005663
ST_049,23102,0,2026-02-01T05:58:26.980952
ST_049,21622,492,2026-01-22T18:30:14.482005
ST_049,20748,489,2026-02-04T16:43:31.181589
ST_049,18097C,-31,2026-01-16T08:22:10.741970
ST_049,22322,400,2026-01-22T11:33:10.265219
ST_049,21143,392,2026-02-10T23:50:11.374917
ST_049,16235,188,2026-01-24T01:58:58.119242
ST_049,22060,91,2026-01-19T12:31:56.429286
ST_049,23390,81,2026-01-25T17:08:16.242517
ST_049,21609,79,2026-02-09T21:09:45.286137
ST_049,23190,467,2026-02-03T07:44:56.237799
ST_049,22594,320,2026-02-10T04:59:32.681009
ST_049,90198B,258,2026-02-12T15:28:21.021552
ST_049,23209,468,2026-01-21T11:21:42.090489
ST_049,21955,332,2026-02-01T18:03:15.345038
ST_049,90190B,259,2026-02-09T03:05:45.374386
ST_049,11001,168,2026-02-07T11:29:58.779503
ST_049,21634,314,2026-01-30T08:42:12.464443
ST_049,22518,460,2026-02-12T13:07:53.238553
ST_049,22745,29,2026-02-11T11:56:47.066944
ST_049,90099,33,2026-01-31T17:03:44.095697
ST_049,35650,73,2026-01-28T01:37:19.009483
ST_049,85026B,90,2026-01-17T00:57:45.570561
ST_049,84750B,104,2026-01-28T19:50:18.947186
ST_049,90016A,314,2026-01-27T19:50:41.219601
ST_049,72741,405,2026-02-12T12:51:52.250771
ST_049,16161M,264,2026-02-06T07:23:45.843221
ST_049,21681,67,2026-01-21T05:39:28.105077
ST_049,90086,265,2026-02-06T21:12:38.953162
ST_049,21706,467,2026-01-24T05:32:48.925147
ST_049,23121,89,2026-01-16T01:11:02.647182
ST_049,22136,499,2026-01-28T21:27:24.901495
ST_049,22086,379,2026-02-06T01:35:09.598214
ST_049,84596F,342,2026-02-04T19:16:31.741818
ST_049,22545,473,2026-02-02T19:24:47.676080
ST_049,22964,339,2026-02-01T05:47:01.060417
ST_049,90155,399,2026-01-28T13:54:49.644181
ST_049,84927F,67,2026-01-19T11:38:24.379706
ST_049,22077,447,2026-02-12T06:23:05.605049
ST_049,84596B,60,2026-01-28T10:12:36.595037
ST_049,84879,434,2026-02-03T19:19:34.482559
ST_049,84828,492,2026-02-04T08:13:12.846035
ST_049,85049G,-29,2026-01-28T06:03:59.990209
ST_049,22461,85,2026-01-23T21:32:32.532429
ST_049,21275,277,2026-02-04T02:47:42.621234
ST_049,22971,140,2026-01-24T16:34:11.176372
ST_049,44235,464,2026-02-09T22:32:56.247965
ST_049,21705,425,2026-01-24T02:45:58.729166
ST_049,23264,298,2026-01-19T16:49:13.961414
ST_049,21210,366,2026-01-30T23:07:00.028036
ST_049,84766,22,2026-01-28T10:37:55.724187
ST_049,21313,175,2026-02-02T11:01:26.933957
ST_049,21067,25,2026-01-26T01:15:16.159856
ST_049,21671,322,2026-02-06T16:01:37.630213
ST_049,84805B,2,2026-01-19T03:04:37.546770
ST_049,72709,456,2026-01-22T08:01:23.103995
ST_049,90158,38,2026-01-16T07:46:49.793899
ST_049,90120B,7,2026-01-26T12:39:50.467120
ST_049,84678,335,2026-01-30T06:29:19.177917
ST_049,23503,161,2026-02-12T20:32:02.629092
ST_049,21935,-12,2026-01-19T18:51:17.915577
ST_049,90161A,461,2026-01-27T09:20:41.665490
ST_049,22908,499,2026-01-25T11:08:29.771333
ST_049,84854,163,2026-02-11T19:34:38.626758
ST_049,17191A,-9,2026-01-19T02:58:05.630795
ST_049,20868,26,2026-01-21T21:17:41.409012
ST_049,20826,382,2026-01-30T00:24:23.954026
ST_049,20971,196,2026-01-18T07:41:59.077701
ST_049,23270,65,2026-02-04T02:01:45.719632
ST_049,21946,387,2026-01-22T21:36:52.186675
ST_049,47310M,222,2026-01-31T16:17:20.893487
ST_049,37446,13,2026-02-04T05:15:07.737694
ST_049,35638A,174,2026-02-06T00:28:06.073792
ST_049,85124B,360,2026-01-23T08:48:31.414179
ST_049,90094,152,2026-01-29T20:25:16.397933
ST_049,23185,220,2026-02-09T14:02:04.176912
ST_049,17021,164,2026-01-14T21:59:16.156666
ST_049,21032,90,2026-01-30T13:23:31.728718
ST_049,23224,145,2026-01-28T23:33:46.398689
ST_049,23473,224,2026-01-30T03:52:55.012918
ST_049,22563,240,2026-02-08T08:36:57.845665
ST_049,21156,361,2026-01-20T18:25:32.742953
ST_049,22786,-42,2026-01-15T04:18:05.426449
ST_049,17136A,424,2026-01-18T08:53:39.326274
ST_049,37471,415,2026-01-27T22:17:08.376899
ST_049,16258A,113,2026-01-24T17:29:57.921050
ST_049,84915,46,2026-01-22T22:25:54.309177
ST_049,90202B,66,2026-02-05T21:19:09.437477
ST_049,90159,463,2026-02-08T07:05:50.047717
ST_049,22649,484,2026-01-28T12:48:32.325725
ST_049,84637,286,2026-01-16T09:31:36.703649
ST_049,22650,-49,2026-01-23T04:38:09.478617
ST_049,22755,42,2026-01-21T23:51:11.297412
ST_049,21403,447,2026-01-28T04:45:00.583977
ST_049,23017,478,2026-01-26T11:09:44.995668
ST_049,22230,226,2026-01-26T04:16:21.762455
ST_049,90040B,132,2026-01-17T18:11:19.119212
ST_049,84465,459,2026-01-17T05:19:52.779691
ST_049,35909A,348,2026-01-22T09:36:42.899232
ST_049,16161G,-48,2026-01-15T07:52:12.662068
ST_049,22324,-43,2026-02-10T17:41:27.882320
ST_049,23193,206,2026-01-31T19:08:55.962183
ST_049,23155,123,2026-01-15T17:31:04.679519
ST_049,22602,304,2026-02-12T18:06:57.977101
ST_049,22993,116,2026-01-30T18:51:54.440290
ST_049,82582,230,2026-02-10T17:43:40.620471
ST_049,85202,263,2026-02-05T17:27:57.595188
ST_049,90021,318,2026-01-17T02:05:35.576318
ST_049,22948,171,2026-01-27T04:16:48.720806
ST_049,84192,286,2026-02-03T10:59:20.875718
ST_049,22053,440,2026-02-04T19:33:09.262047
ST_049,84600,46,2026-01-29T22:29:18.827534
ST_049,20796,157,2026-02-11T00:21:21.269535
ST_049,20697,398,2026-01-20T03:32:35.684936
ST_049,22699,10,2026-02-10T16:00:06.796496
ST_049,44091A,330,2026-01-24T03:24:26.549807
ST_049,21519,304,2026-01-14T14:11:10.994812
ST_049,22441,123,2026-01-17T13:31:32.280087
ST_049,23297,11,2026-01-15T13:53:01.026864
ST_049,21915,321,2026-01-27T11:23:15.943691
ST_049,37449,55,2026-01-22T19:03:57.004080
ST_049,21667,373,2026-01-17T19:38:26.908166
ST_049,22476,484,2026-02-03T19:00:04.782034
ST_049,46000P,500,2026-02-01T12:52:48.359537
ST_049,90003B,349,2026-01-17T14:07:52.757249
ST_049,21990,254,2026-02-03T10:51:50.927858
ST_049,82599,134,2026-01-22T17:40:05.106950
ST_049,16161P,40,2026-01-28T03:44:31.242887
ST_049,85132A,83,2026-01-16T04:29:30.102031
ST_049,84593,481,2026-01-21T03:32:25.089274
ST_049,22575,377,2026-01-25T02:06:21.160930
ST_049,23070,396,2026-01-30T19:10:57.774019
ST_049,90196B,486,2026-01-19T10:08:37.692751
ST_049,22737,131,2026-01-27T21:13:38.249849
ST_050,22876,429,2026-01-30T15:53:43.398798
ST_050,20934,54,2026-01-28T12:28:12.831267
ST_050,21682,204,2026-01-20T14:10:11.136270
ST_050,21910,290,2026-01-15T15:03:08.080756
ST_050,22158,291,2026-01-17T18:39:39.264398
ST_050,35819B,379,2026-01-17T07:04:42.772122
ST_050,20711,-40,2026-01-23T23:14:04.531514
ST_050,22406,116,2026-01-31T07:40:08.509615
ST_050,90177E,381,2026-02-10T04:56:06.133184
ST_050,90123B,463,2026-01-21T18:34:42.483547
ST_050,21402,279,2026-01-14T12:40:18.219054
ST_050,21291,182,2026-02-01T21:42:23.767279
ST_050,35819P,66,2026-02-10T10:01:10.187015
ST_050,22399,492,2026-01-21T16:40:02.841926
ST_050,21261,290,2026-01-21T07:03:07.922456
ST_050,22430,254,2026-02-02T01:55:59.309927
ST_050,21918,230,2026-01-25T11:05:38.581715
ST_050,21232,-46,2026-01-15T13:08:10.710178
ST_050,35610B,-40,2026-01-19T06:28:03.709013
ST_050,23165,358,2026-02-03T21:40:31.076752
ST_050,23311,318,2026-01-24T17:29:13.280008
ST_050,22896,331,2026-01-19T13:04:08.848282
ST_050,85024C,-43,2026-02-03T17:28:24.082478
ST_050,23570,340,2026-02-11T03:06:22.671273
ST_050,84666,238,2026-02-11T19:00:54.878246
ST_050,21865,38,2026-02-09T16:14:57.873530
ST_050,21678,238,2026-02-06T13:45:02.766525
ST_050,20752,42,2026-01-16T00:33:31.330167
ST_050,23434,454,2026-01-16T00:14:07.193376
ST_050,22038,101,2026-02-04T15:35:46.546242
ST_050,21289,436,2026-01-22T00:33:44.784554
ST_050,22034,415,2026-02-02T02:28:39.833161
ST_050,84660B,98,2026-01-24T11:36:57.561631
ST_050,16248B,460,2026-02-06T03:44:52.775554
ST_050,16259,148,2026-01-16T22:43:29.542239
ST_050,90125E,461,2026-02-11T11:34:04.759426
ST_050,21718,53,2026-02-04T02:03:06.658354
ST_050,35958,361,2026-01-28T20:32:02.843799
ST_050,22775,-25,2026-02-13T09:22:01.949465
ST_050,84927E,431,2026-02-11T11:58:15.098379
ST_050,23412,341,2026-01-20T07:48:55.337365
ST_050,21802,131,2026-01-31T13:21:27.580386
ST_050,22700,464,2026-01-17T09:27:59.790460
ST_050,21792,28,2026-01-23T09:09:08.676780
ST_050,21126,473,2026-02-11T03:38:23.704795
ST_050,47481,168,2026-01-20T23:04:37.335679
ST_050,23000,78,2026-01-26T12:19:41.504844
ST_050,84461,257,2026-01-22T15:47:09.021717
ST_050,84963A,217,2026-01-22T10:35:20.046612
ST_050,90214Z,7,2026-01-31T16:07:46.149948
ST_050,90199C,270,2026-01-22T02:00:02.211984
ST_050,90125B,313,2026-01-15T13:20:59.403982
ST_050,22315,433,2026-02-03T06:30:41.659578
ST_050,22636,431,2026-01-26T11:08:28.619451
ST_050,22408,275,2026-02-12T09:46:58.561925
ST_050,22517,80,2026-02-11T23:00:48.807252
ST_050,85159A,191,2026-01-20T00:42:44.096573
ST_050,23169,362,2026-01-19T12:35:40.970845
ST_050,23243,479,2026-01-21T03:22:15.506156
ST_050,84568,362,2026-02-04T03:04:57.612420
ST_050,22458,460,2026-01-24T21:18:53.472268
ST_050,21272,347,2026-02-02T20:19:41.634558
ST_050,84558A,413,2026-01-23T14:57:18.340641
ST_050,90214I,211,2026-02-02T12:43:08.469567
ST_050,47369B,466,2026-01-18T03:35:17.092727
ST_050,23031,265,2026-01-25T23:06:25.837581
ST_050,21106,18,2026-01-22T09:17:24.446371
ST_050,84380,23,2026-01-24T10:37:53.863515
ST_050,90152A,477,2026-01-21T03:13:58.729171
ST_050,48184,335,2026-02-10T16:53:20.524455
ST_050,90039C,-17,2026-01-23T19:52:09.883795
ST_050,20677,327,2026-01-26T14:43:17.293415
ST_050,85135C,369,2026-01-18T12:48:52.272166
ST_050,85045,-24,2026-01-20T19:23:37.864935
ST_050,23161,287,2026-02-06T01:01:27.805937
ST_050,23255,148,2026-02-07T03:32:50.730550
ST_050,23694,73,2026-01-26T00:16:25.473303
ST_050,90100,308,2026-02-13T07:29:41.910111
ST_050,84798A,350,2026-02-09T23:07:19.339199
ST_050,22880,-9,2026-02-12T12:25:18.753659
ST_050,21369,117,2026-02-03T11:44:06.337654
ST_050,23100,279,2026-01-26T16:37:40.157167
ST_050,85211,78,2026-02-07T00:21:13.726337
ST_050,84659A,375,2026-01-18T21:34:34.335948
ST_050,22655,363,2026-01-22T00:26:01.729410
ST_050,35599D,47,2026-02-10T04:18:19.032827
ST_050,84905,-40,2026-01-14T18:39:56.725102
ST_050,21086,-25,2026-02-07T12:12:28.881339
ST_050,23252,363,2026-01-14T13:08:48.193681
ST_050,22623,452,2026-02-07T23:26:16.452233
ST_050,M,33,2026-02-07T17:02:42.014333
ST_050,23356,195,2026-02-12T06:59:44.673903
ST_050,35004P,186,2026-01-24T20:25:10.633613
ST_050,21377,73,2026-01-30T00:32:20.537944
ST_050,21696,236,2026-02-03T13:40:09.654745
ST_050,20974,-1,2026-02-04T19:30:02.799396
ST_050,85200,167,2026-01-25T06:38:49.606520
ST_050,22702,412,2026-01-30T07:46:45.079093
ST_050,21499,266,2026-01-15T06:08:40.987045
ST_050,22057,281,2026-01-28T16:29:09.479476
ST_050,47590A,146,2026-02-06T17:41:45.400226
ST_050,22558,160,2026-01-25T14:34:38.560331
ST_050,21986,396,2026-01-23T02:05:23.397407
ST_050,22112,291,2026-02-05T00:28:30.497244
ST_050,23004,50,2026-02-06T23:07:24.290630
ST_050,22444,318,2026-01-22T05:16:53.731297
ST_050,22346,277,2026-02-07T09:23:02.623691
ST_050,72598,98,2026-02-03T04:58:18.980486
ST_050,23345,133,2026-02-07T04:05:17.593328
ST_050,23191,481,2026-01-19T03:11:59.909647
ST_050,23495,200,2026-02-05T22:16:22.283340
ST_050,22260,67,2026-02-01T07:39:17.919084
ST_050,23181,-29,2026-02-03T11:02:08.691811
ST_050,23553,470,2026-02-04T07:53:56.936728
ST_050,21418,162,2026-01-22T03:25:28.521801
ST_050,21816,492,2026-02-08T10:00:33.397425
ST_050,90042A,299,2026-01-24T16:52:02.096610
ST_050,85178,113,2026-01-21T01:14:18.537842
ST_050,47578A,358,2026-02-09T21:27:42.536944
ST_050,23254,219,2026-01-28T07:12:34.927020
ST_050,71496A,245,2026-02-12T02:05:22.973411
ST_050,22897,488,2026-01-31T12:01:22.314990
ST_050,21426,96,2026-01-28T14:31:24.187562
ST_050,20668,173,2026-02-06T02:53:10.194312
ST_050,84707B,188,2026-02-07T09:49:56.643682
ST_050,21462,139,2026-01-22T09:27:47.837269
ST_050,22886,337,2026-01-28T07:30:24.875180
ST_050,35964,385,2026-01-26T15:52:47.505502
ST_050,23419,23,2026-02-09T16:21:09.086860
ST_050,84922,100,2026-01-17T20:33:41.736952
ST_050,22716,2,2026-01-22T16:11:03.614432
ST_050,21867,345,2026-01-23T20:14:33.783929
ST_050,21015,42,2026-01-27T18:11:43.978413
ST_050,85131B,149,2026-01-26T13:17:33.793550
ST_050,23456,266,2026-01-18T18:54:46.855748
ST_050,35972,222,2026-02-12T23:12:51.599027
ST_050,37488A,307,2026-02-12T12:27:16.648891
ST_050,20854,485,2026-02-08T22:10:21.868980
ST_050,85071B,476,2026-01-31T00:40:43.264548
ST_050,23325,145,2026-01-29T20:46:25.890272
ST_050,90093,71,2026-01-29T21:19:03.915448
ST_050,84870B,367,2026-01-26T21:10:55.662720
ST_050,23457,75,2026-01-19T06:05:00.624288
ST_050,22900,138,2026-01-19T17:32:20.227724
ST_050,90055,36,2026-01-29T09:08:19.430495
ST_050,21507,176,2026-01-24T15:56:53.219058
ST_050,40001,150,2026-02-10T15:21:22.669929
ST_050,23497,448,2026-01-21T18:19:51.480431
ST_050,22183,90,2026-01-21T09:03:16.616602
ST_050,22645,114,2026-02-13T00:12:45.288179
ST_050,90019C,212,2026-01-17T05:11:23.245933
ST_050,21054,156,2026-01-21T23:22:24.119018
ST_050,90214O,491,2026-01-19T12:55:55.511255
ST_050,22195,329,2026-02-04T17:07:57.732176
ST_050,85225,483,2026-01-16T02:25:25.881068
ST_050,22870,214,2026-01-19T05:39:23.046108
ST_050,22244,253,2026-02-06T21:08:56.417354
ST_050,90065B,320,2026-02-12T04:52:47.852288
ST_050,22936,128,2026-01-18T00:26:25.731857
ST_050,35001W,24,2026-01-19T23:01:55.215916
ST_050,85034A,242,2026-01-16T00:37:27.344880
ST_050,23145,68,2026-02-12T02:56:52.709497
ST_050,90129A,444,2026-02-08T23:52:39.402033
ST_050,90202D,447,2026-01-27T07:31:58.499059
ST_050,37444A,369,2026-01-28T23:29:17.409052
ST_050,22069,96,2026-01-25T10:13:45.580328
ST_050,23102,120,2026-01-30T05:44:20.204576
ST_050,21622,229,2026-01-15T17:56:31.875338
ST_050,20748,164,2026-01-20T10:31:56.129267
ST_050,18097C,162,2026-01-21T20:57:38.572263
ST_050,22322,-49,2026-01-22T04:33:16.635902
ST_050,21143,160,2026-01-15T20:51:05.035902
ST_050,16235,500,2026-02-11T20:06:18.306078
ST_050,22060,364,2026-02-07T08:56:21.617284
ST_050,23390,57,2026-01-21T23:19:12.826697
ST_050,21609,30,2026-01-15T16:21:49.331944
ST_050,23190,500,2026-01-21T00:41:36.121046
ST_050,22594,312,2026-01-30T13:51:04.421140
ST_050,90198B,75,2026-01-22T06:11:29.069228
ST_050,23209,61,2026-01-15T18:17:08.029910
ST_050,21955,-20,2026-01-22T09:14:13.574935
ST_050,90190B,-18,2026-01-14T18:48:34.180234
ST_050,11001,402,2026-02-02T14:23:03.904201
ST_050,21634,303,2026-01-31T10:51:52.260460
ST_050,22518,-32,2026-01-23T02:46:20.107519
ST_050,22745,341,2026-02-06T23:47:21.364786
ST_050,90099,73,2026-02-04T06:19:28.062872
ST_050,35650,232,2026-01-25T21:08:05.802310
ST_050,85026B,478,2026-01-26T09:36:49.462601
ST_050,84750B,324,2026-02-01T14:52:14.888144
ST_050,90016A,228,2026-02-09T03:37:25.139050
ST_050,72741,121,2026-01-17T12:53:03.579182
ST_050,16161M,10,2026-02-10T14:55:13.818690
ST_050,21681,209,2026-01-15T15:06:36.417068
ST_050,90086,-40,2026-01-21T06:54:14.619749
ST_050,21706,-31,2026-01-23T21:22:21.353443
ST_050,23121,492,2026-01-21T14:51:55.629277
ST_050,22136,125,2026-02-05T05:37:15.730034
ST_050,22086,375,2026-02-05T09:48:54.697824
ST_050,84596F,209,2026-01-24T00:28:55.406411
ST_050,22545,-2,2026-02-04T13:30:13.229295
ST_050,22964,438,2026-01-25T01:39:45.477022
ST_050,90155,214,2026-01-23T22:56:58.434788
ST_050,84927F,266,2026-01-20T18:50:26.589698
ST_050,22077,58,2026-01-19T02:04:41.335773
ST_050,84596B,382,2026-01-25T01:06:03.324475
ST_050,84879,22,2026-02-01T19:55:18.235961
ST_050,84828,138,2026-01-14T21:58:04.314022
ST_050,85049G,184,2026-01-18T12:46:31.396901
ST_050,22461,-10,2026-01-18T04:51:35.033749
ST_050,21275,145,2026-01-29T19:17:03.166997
ST_050,22971,361,2026-01-21T08:50:06.697131
ST_050,44235,447,2026-02-10T08:26:19.054306
ST_050,21705,128,2026-01-24T03:55:42.682519
ST_050,23264,348,2026-01-26T14:41:47.362635
ST_050,21210,145,2026-02-08T22:46:19.405126
ST_050,84766,63,2026-02-12T18:39:03.665600
ST_050,21313,233,2026-01-28T19:36:23.605419
ST_050,21067,24,2026-02-13T11:32:53.314826
ST_050,21671,334,2026-02-03T18:53:33.400195
ST_050,84805B,421,2026-02-11T15:56:32.857847
ST_050,72709,500,2026-01-28T23:49:56.224974
ST_050,90158,419,2026-01-25T23:25:51.908198
ST_050,90120B,201,2026-02-02T12:57:01.211517
ST_050,84678,276,2026-02-01T18:58:11.916071
ST_050,23503,69,2026-02-09T20:53:41.688303
ST_050,21935,18,2026-01-26T14:16:26.495610
ST_050,90161A,187,2026-01-18T02:08:20.482612
ST_050,22908,231,2026-01-27T02:01:41.367764
ST_050,84854,59,2026-01-25T13:40:11.024987
ST_050,17191A,473,2026-01-24T21:13:15.670639
ST_050,20868,268,2026-01-24T11:41:32.790291
ST_050,20826,142,2026-01-18T08:50:58.527127
ST_050,20971,237,2026-02-08T21:17:22.205605
ST_050,23270,203,2026-02-12T23:51:19.354940
ST_050,21946,29,2026-01-30T01:02:23.529318
ST_050,47310M,193,2026-01-27T23:16:41.041709
ST_050,37446,19,2026-02-12T18:44:49.779787
ST_050,35638A,261,2026-01-25T09:09:24.096912
ST_050,85124B,142,2026-01-27T01:50:35.527269
ST_050,90094,176,2026-02-08T01:19:07.965676
ST_050,23185,319,2026-01-31T22:49:36.280954
ST_050,17021,-46,2026-02-10T03:49:30.926319
ST_050,21032,103,2026-01-22T03:56:17.351921
ST_050,23224,294,2026-01-26T22:49:12.736933
ST_050,23473,193,2026-01-27T07:25:25.856392
ST_050,22563,499,2026-01-17T03:23:57.491848
ST_050,21156,42,2026-02-04T04:49:38.314902
ST_050,22786,145,2026-01-23T17:30:45.267766
ST_050,17136A,422,2026-02-05T21:09:16.286028
ST_050,37471,353,2026-01-31T17:02:14.948655
ST_050,16258A,151,2026-01-15T22:02:15.448019
ST_050,84915,376,2026-02-12T05:03:10.034531
ST_050,90202B,121,2026-02-04T01:01:41.097529
ST_050,90159,167,2026-01-30T13:27:04.997455
ST_050,22649,366,2026-01-14T13:29:23.190388
ST_050,84637,321,2026-01-23T16:02:35.701894
ST_050,22650,35,2026-01-28T11:07:49.738064
ST_050,22755,232,2026-01-22T17:59:42.016251
ST_050,21403,-10,2026-01-29T06:09:17.293481
ST_050,23017,376,2026-01-21T23:28:18.913989
ST_050,22230,122,2026-02-05T12:38:00.417859
ST_050,90040B,425,2026-02-02T14:12:39.892745
ST_050,84465,365,2026-02-02T01:31:30.721085
ST_050,35909A,135,2026-02-08T19:01:52.828883
ST_050,16161G,254,2026-02-12T17:11:55.858972
ST_050,22324,325,2026-02-02T07:03:46.047270
ST_050,23193,80,2026-01-17T08:54:30.631088
ST_050,23155,63,2026-02-10T23:06:56.409353
ST_050,22602,274,2026-02-01T14:50:22.701137
ST_050,22993,358,2026-01-25T03:07:34.574208
ST_050,82582,-35,2026-02-09T08:25:17.637106
ST_050,85202,374,2026-02-10T23:05:01.936947
ST_050,90021,326,2026-01-29T22:56:47.790597
ST_050,22948,491,2026-02-10T05:51:52.405954
ST_050,84192,85,2026-02-13T02:09:18.611106
ST_050,22053,-47,2026-01-23T04:55:17.373944
ST_050,84600,117,2026-01-31T15:35:08.015083
ST_050,20796,355,2026-02-05T08:50:12.361027
ST_050,20697,240,2026-01-19T07:16:23.119341
ST_050,22699,210,2026-01-31T01:35:57.850510
ST_050,44091A,199,2026-02-02T00:47:55.497694
ST_050,21519,296,2026-02-05T02:48:21.336730
ST_050,22441,166,2026-01-16T21:36:39.853775
ST_050,23297,265,2026-01-25T05:23:27.060912
ST_050,21915,91,2026-01-24T03:55:03.821975
ST_050,37449,-24,2026-02-07T00:29:48.090545
ST_050,21667,383,2026-02-07T10:41:39.353287
ST_050,22476,-15,2026-01-14T22:48:05.068587
ST_050,46000P,233,2026-01-25T12:15:15.616605
ST_050,90003B,166,2026-01-19T20:37:30.700428
ST_050,21990,476,2026-01-29T07:27:47.477938
ST_050,82599,93,2026-02-12T17:23:47.040541
ST_050,16161P,455,2026-01-21T00:07:06.996324
ST_050,85132A,465,2026-01-28T12:28:43.617486
ST_050,84593,11,2026-02-03T06:33:36.989966
ST_050,22575,261,2026-02-11T10:50:20.904919
ST_050,23070,345,2026-02-08T18:43:15.855275
ST_050,90196B,323,2026-01-24T22:43:06.862861
ST_050,22737,363,2026-02-07T10:21:31.926616
ST_051,22876,22,2026-02-12T23:45:33.751469
ST_051,20934,411,2026-01-29T07:42:46.615016
ST_051,21682,406,2026-02-07T02:27:29.204911
ST_051,21910,149,2026-01-17T03:34:46.844611
ST_051,22158,500,2026-02-01T05:18:21.644207
ST_051,35819B,119,2026-02-08T10:38:03.318768
ST_051,20711,498,2026-01-29T05:58:20.869946
ST_051,22406,265,2026-01-21T02:59:57.314339
ST_051,90177E,-35,2026-02-08T08:41:53.029338
ST_051,90123B,275,2026-01-24T21:33:50.572775
ST_051,21402,237,2026-02-12T03:52:34.134296
ST_051,21291,260,2026-01-30T02:35:21.205898
ST_051,35819P,278,2026-01-28T06:49:08.179195
ST_051,22399,308,2026-01-25T16:16:54.802658
ST_051,21261,387,2026-02-12T16:07:23.058552
ST_051,22430,487,2026-02-10T18:47:06.083402
ST_051,21918,93,2026-01-16T12:05:10.057474
ST_051,21232,398,2026-02-13T04:45:40.338612
ST_051,35610B,466,2026-01-18T12:02:21.493957
ST_051,23165,35,2026-01-15T04:56:26.122114
ST_051,23311,304,2026-01-17T11:43:19.449270
ST_051,22896,462,2026-02-05T03:28:30.388049
ST_051,85024C,61,2026-02-12T10:54:57.845120
ST_051,23570,-10,2026-01-29T12:30:11.011316
ST_051,84666,246,2026-01-19T04:35:12.951228
ST_051,21865,452,2026-01-28T15:58:43.951583
ST_051,21678,184,2026-02-01T05:42:14.833851
ST_051,20752,454,2026-01-25T23:42:38.780223
ST_051,23434,279,2026-02-03T14:04:59.400306
ST_051,22038,266,2026-01-15T16:37:43.144952
ST_051,21289,121,2026-02-09T23:38:28.179040
ST_051,22034,-31,2026-01-26T11:49:28.347185
ST_051,84660B,20,2026-01-19T06:14:12.483871
ST_051,16248B,396,2026-01-19T01:44:35.247012
ST_051,16259,32,2026-01-15T17:59:08.983601
ST_051,90125E,109,2026-01-23T05:20:56.867340
ST_051,21718,195,2026-01-28T02:27:05.348378
ST_051,35958,237,2026-01-24T14:51:44.048926
ST_051,22775,13,2026-01-20T01:09:23.318178
ST_051,84927E,22,2026-02-05T19:00:15.651737
ST_051,23412,384,2026-01-21T00:54:08.495132
ST_051,21802,47,2026-02-05T23:37:31.428887
ST_051,22700,195,2026-02-02T04:04:06.039257
ST_051,21792,283,2026-02-08T02:29:23.305810
ST_051,21126,155,2026-02-13T02:45:09.576416
ST_051,47481,230,2026-01-27T20:57:05.703232
ST_051,23000,499,2026-01-20T23:55:37.418315
ST_051,84461,463,2026-01-19T06:59:17.626184
ST_051,84963A,125,2026-02-05T02:58:24.275989
ST_051,90214Z,109,2026-02-08T22:13:27.714325
ST_051,90199C,374,2026-01-16T22:52:20.612378
ST_051,90125B,161,2026-01-25T12:01:16.127520
ST_051,22315,421,2026-01-16T05:05:07.649106
ST_051,22636,187,2026-02-04T15:43:19.795807
ST_051,22408,348,2026-01-19T12:56:25.843446
ST_051,22517,199,2026-01-29T23:56:37.595545
ST_051,85159A,323,2026-02-12T21:39:21.156796
ST_051,23169,186,2026-02-13T07:29:14.114411
ST_051,23243,170,2026-01-28T19:08:39.254490
ST_051,84568,118,2026-02-04T22:17:05.132108
ST_051,22458,344,2026-01-31T14:23:52.100354
ST_051,21272,333,2026-02-05T19:27:29.648811
ST_051,84558A,-30,2026-02-12T09:14:57.210108
ST_051,90214I,-42,2026-01-18T02:53:17.224426
ST_051,47369B,42,2026-01-18T13:01:46.898918
ST_051,23031,436,2026-01-17T06:21:41.631575
ST_051,21106,141,2026-02-01T08:47:17.641240
ST_051,84380,300,2026-02-09T14:54:26.471770
ST_051,90152A,-11,2026-02-01T23:18:47.318719
ST_051,48184,45,2026-01-20T14:48:43.005066
ST_051,90039C,315,2026-02-04T05:06:54.230234
ST_051,20677,91,2026-02-04T23:43:12.068611
ST_051,85135C,344,2026-02-06T21:11:34.611598
ST_051,85045,318,2026-02-03T05:04:30.709283
ST_051,23161,244,2026-01-21T06:52:48.721740
ST_051,23255,15,2026-02-11T05:28:51.962130
ST_051,23694,93,2026-01-28T04:22:24.226598
ST_051,90100,81,2026-01-18T03:22:33.514303
ST_051,84798A,227,2026-02-11T11:51:39.420398
ST_051,22880,264,2026-01-22T21:35:26.795289
ST_051,21369,173,2026-01-24T04:34:45.373498
ST_051,23100,440,2026-02-11T09:10:58.818127
ST_051,85211,401,2026-01-26T19:30:45.005359
ST_051,84659A,494,2026-01-24T22:10:21.172341
ST_051,22655,-32,2026-01-19T18:31:51.669739
ST_051,35599D,347,2026-02-02T03:20:55.104619
ST_051,84905,101,2026-01-26T17:13:40.195692
ST_051,21086,6,2026-02-10T02:54:20.337145
ST_051,23252,494,2026-01-18T22:45:29.470866
ST_051,22623,473,2026-02-05T00:27:59.564084
ST_051,M,428,2026-01-26T13:14:35.157078
ST_051,23356,276,2026-02-07T06:57:22.682522
ST_051,35004P,295,2026-02-09T02:06:19.015894
ST_051,21377,379,2026-01-27T23:34:40.368851
ST_051,21696,319,2026-01-24T07:33:54.056986
ST_051,20974,253,2026-02-11T06:23:40.358375
ST_051,85200,439,2026-01-31T22:18:33.528415
ST_051,22702,391,2026-01-26T17:39:46.140117
ST_051,21499,32,2026-02-04T14:57:26.024723
ST_051,22057,-50,2026-01-17T20:48:29.930447
ST_051,47590A,368,2026-02-06T22:02:49.564287
ST_051,22558,74,2026-02-09T07:14:02.002110
ST_051,21986,22,2026-02-08T22:34:45.207154
ST_051,22112,19,2026-01-18T02:58:45.289485
ST_051,23004,394,2026-02-12T18:28:03.942114
ST_051,22444,212,2026-01-20T22:59:41.406230
ST_051,22346,359,2026-01-27T17:58:35.858661
ST_051,72598,31,2026-01-28T15:42:26.854154
ST_051,23345,101,2026-02-11T07:30:01.867137
ST_051,23191,369,2026-02-04T06:37:54.175096
ST_051,23495,333,2026-02-08T00:54:15.449502
ST_051,22260,383,2026-02-10T04:51:25.191040
ST_051,23181,-21,2026-01-26T19:02:44.634140
ST_051,23553,121,2026-02-12T12:59:39.947728
ST_051,21418,-43,2026-02-07T23:40:11.575347
ST_051,21816,315,2026-02-11T04:58:02.644837
ST_051,90042A,77,2026-01-15T09:26:08.410996
ST_051,85178,-45,2026-02-02T16:55:02.129648
ST_051,47578A,175,2026-01-15T23:25:10.695798
ST_051,23254,88,2026-01-24T10:45:42.225821
ST_051,71496A,202,2026-01-31T07:10:00.880889
ST_051,22897,404,2026-02-01T08:31:58.553697
ST_051,21426,443,2026-02-12T13:56:53.788910
ST_051,20668,326,2026-01-16T18:27:42.666224
ST_051,84707B,55,2026-01-20T02:47:39.921428
ST_051,21462,14,2026-01-29T08:47:47.858691
ST_051,22886,119,2026-01-24T12:10:18.208729
ST_051,35964,-28,2026-01-20T10:01:11.542043
ST_051,23419,471,2026-02-01T16:28:22.214253
ST_051,84922,103,2026-01-28T17:53:46.856914
ST_051,22716,38,2026-01-27T15:40:48.455208
ST_051,21867,23,2026-02-05T17:17:59.082640
ST_051,21015,-1,2026-01-28T13:24:43.290654
ST_051,85131B,410,2026-02-12T08:11:18.439575
ST_051,23456,294,2026-01-15T14:45:55.540344
ST_051,35972,102,2026-01-17T04:44:31.294076
ST_051,37488A,468,2026-01-31T12:16:30.857829
ST_051,20854,251,2026-01-22T19:06:35.727956
ST_051,85071B,60,2026-01-28T09:55:02.599855
ST_051,23325,317,2026-01-30T22:22:12.585194
ST_051,90093,232,2026-02-06T04:16:51.455009
ST_051,84870B,159,2026-01-26T21:35:22.039880
ST_051,23457,74,2026-01-26T15:18:47.774548
ST_051,22900,31,2026-01-18T20:44:32.432969
ST_051,90055,210,2026-01-14T19:52:14.003197
ST_051,21507,78,2026-01-30T23:02:37.404752
ST_051,40001,324,2026-01-18T15:03:42.249112
ST_051,23497,110,2026-01-19T21:39:25.520555
ST_051,22183,-7,2026-01-29T19:49:44.611477
ST_051,22645,444,2026-01-26T17:27:56.024308
ST_051,90019C,175,2026-02-02T14:54:33.111655
ST_051,21054,324,2026-01-22T23:57:51.694341
ST_051,90214O,15,2026-01-31T06:22:43.854663
ST_051,22195,258,2026-02-04T17:10:31.242605
ST_051,85225,285,2026-01-30T19:35:15.331051
ST_051,22870,200,2026-01-29T17:48:50.821079
ST_051,22244,-6,2026-02-04T01:50:03.754540
ST_051,90065B,-37,2026-01-30T15:51:52.971412
ST_051,22936,470,2026-02-13T04:45:01.026530
ST_051,35001W,243,2026-02-12T00:59:43.226095
ST_051,85034A,170,2026-02-13T00:06:51.223684
ST_051,23145,203,2026-02-08T04:24:09.234981
ST_051,90129A,67,2026-02-12T14:11:47.201404
ST_051,90202D,-33,2026-01-24T19:45:20.009078
ST_051,37444A,305,2026-01-25T09:16:23.379607
ST_051,22069,378,2026-02-02T07:34:12.063192
ST_051,23102,334,2026-01-20T01:59:53.003951
ST_051,21622,207,2026-02-01T13:08:52.843020
ST_051,20748,37,2026-02-04T00:04:11.428741
ST_051,18097C,268,2026-01-19T05:47:58.363685
ST_051,22322,313,2026-01-20T01:29:46.611870
ST_051,21143,19,2026-02-01T21:31:28.558323
ST_051,16235,313,2026-01-14T18:36:34.030836
ST_051,22060,425,2026-02-07T08:39:53.143576
ST_051,23390,226,2026-02-04T19:23:30.981858
ST_051,21609,335,2026-02-11T02:01:22.933215
ST_051,23190,322,2026-02-10T17:24:29.540351
ST_051,22594,344,2026-02-12T15:08:05.499160
ST_051,90198B,352,2026-01-29T17:04:00.823568
ST_051,23209,-37,2026-01-17T22:55:04.763118
ST_051,21955,-2,2026-01-29T19:30:44.560917
ST_051,90190B,475,2026-02-06T08:47:43.338576
ST_051,11001,412,2026-01-23T19:13:01.477921
ST_051,21634,-18,2026-02-12T11:00:13.170599
ST_051,22518,436,2026-02-08T13:06:58.662675
ST_051,22745,283,2026-01-16T23:43:17.069999
ST_051,90099,291,2026-01-20T10:03:43.619756
ST_051,35650,4,2026-01-23T12:16:58.631101
ST_051,85026B,242,2026-02-02T07:49:09.139965
ST_051,84750B,97,2026-01-30T08:05:58.169469
ST_051,90016A,344,2026-01-30T07:57:17.942499
ST_051,72741,-9,2026-01-26T16:51:18.671106
ST_051,16161M,302,2026-02-11T18:56:51.617911
ST_051,21681,430,2026-02-10T16:08:48.669597
ST_051,90086,46,2026-01-14T20:53:34.897659
ST_051,21706,385,2026-02-02T20:06:37.987572
ST_051,23121,2,2026-01-28T20:55:45.063374
ST_051,22136,98,2026-01-19T23:00:34.200905
ST_051,22086,224,2026-01-20T19:04:34.323555
ST_051,84596F,213,2026-02-06T18:47:31.939549
ST_051,22545,330,2026-01-21T09:55:22.886086
ST_051,22964,171,2026-02-12T22:32:31.412322
ST_051,90155,-8,2026-02-03T16:42:07.612408
ST_051,84927F,-5,2026-02-04T06:18:49.192226
ST_051,22077,4,2026-01-27T14:46:38.475361
ST_051,84596B,334,2026-01-22T05:02:37.571407
ST_051,84879,199,2026-01-20T14:58:42.068829
ST_051,84828,194,2026-01-20T23:08:34.552705
ST_051,85049G,416,2026-01-31T14:22:50.710369
ST_051,22461,480,2026-01-25T14:19:19.592798
ST_051,21275,130,2026-01-21T15:02:53.441468
ST_051,22971,386,2026-01-24T15:50:44.332060
ST_051,44235,290,2026-02-05T19:01:37.580283
ST_051,21705,75,2026-01-28T07:49:12.514073
ST_051,23264,202,2026-02-10T21:49:42.367097
ST_051,21210,176,2026-02-03T19:37:08.130662
ST_051,84766,25,2026-02-12T13:17:52.336057
ST_051,21313,240,2026-02-04T10:07:41.970865
ST_051,21067,219,2026-02-04T23:11:13.550562
ST_051,21671,365,2026-01-20T18:01:02.405773
ST_051,84805B,173,2026-01-23T19:16:46.383605
ST_051,72709,421,2026-02-02T20:45:57.589812
ST_051,90158,283,2026-02-03T22:27:35.252809
ST_051,90120B,333,2026-02-03T17:21:27.444950
ST_051,84678,44,2026-02-10T00:56:59.879963
ST_051,23503,57,2026-02-01T16:52:07.000402
ST_051,21935,-8,2026-02-01T16:42:58.308739
ST_051,90161A,-15,2026-02-12T10:02:10.151751
ST_051,22908,292,2026-01-19T16:56:00.366110
ST_051,84854,443,2026-01-18T23:13:48.719945
ST_051,17191A,27,2026-01-21T16:08:32.312614
ST_051,20868,61,2026-02-12T05:24:09.780734
ST_051,20826,-32,2026-02-11T07:23:46.558476
ST_051,20971,166,2026-02-07T19:41:54.655515
ST_051,23270,9,2026-02-10T16:46:24.484240
ST_051,21946,453,2026-01-25T23:07:46.656054
ST_051,47310M,56,2026-01-29T20:09:35.054293
ST_051,37446,-29,2026-02-12T09:19:39.727845
ST_051,35638A,482,2026-01-27T07:14:07.131192
ST_051,85124B,-38,2026-01-28T04:37:45.889305
ST_051,90094,204,2026-02-01T19:38:56.768316
ST_051,23185,171,2026-02-08T16:32:19.433958
ST_051,17021,356,2026-01-15T19:52:59.184911
ST_051,21032,121,2026-01-18T14:12:54.968454
ST_051,23224,270,2026-01-23T18:48:43.002416
ST_051,23473,124,2026-02-02T15:09:49.389347
ST_051,22563,106,2026-02-13T03:33:25.444118
ST_051,21156,-28,2026-01-21T07:57:48.452566
ST_051,22786,90,2026-02-10T11:03:19.754540
ST_051,17136A,160,2026-01-19T20:14:31.199286
ST_051,37471,162,2026-02-10T05:55:31.883737
ST_051,16258A,125,2026-01-21T03:26:28.840693
ST_051,84915,216,2026-01-21T15:51:09.896895
ST_051,90202B,344,2026-02-08T05:13:00.184758
ST_051,90159,427,2026-02-06T13:10:29.635331
ST_051,22649,77,2026-02-07T19:13:38.990603
ST_051,84637,153,2026-02-05T17:23:08.380472
ST_051,22650,500,2026-01-24T22:41:50.178564
ST_051,22755,19,2026-02-11T07:56:06.283962
ST_051,21403,-23,2026-02-04T02:22:26.809455
ST_051,23017,436,2026-01-23T11:56:11.315486
ST_051,22230,-4,2026-01-15T22:59:09.116077
ST_051,90040B,173,2026-01-23T05:20:34.469192
ST_051,84465,325,2026-02-07T06:59:33.928500
ST_051,35909A,212,2026-02-02T23:27:02.505966
ST_051,16161G,242,2026-01-17T09:11:29.487220
ST_051,22324,76,2026-01-16T05:00:06.343483
ST_051,23193,327,2026-01-20T18:00:59.025453
ST_051,23155,61,2026-01-16T18:05:46.530259
ST_051,22602,460,2026-02-04T00:47:12.603740
ST_051,22993,80,2026-01-22T15:52:53.217380
ST_051,82582,251,2026-01-21T19:59:31.699914
ST_051,85202,402,2026-01-22T01:19:19.195286
ST_051,90021,34,2026-01-21T03:07:09.115923
ST_051,22948,249,2026-02-08T02:27:01.819618
ST_051,84192,151,2026-02-06T22:21:59.412359
ST_051,22053,179,2026-01-21T05:25:34.203520
ST_051,84600,81,2026-01-14T14:23:41.765523
ST_051,20796,230,2026-01-28T02:01:59.233196
ST_051,20697,165,2026-01-27T18:52:00.081423
ST_051,22699,72,2026-01-14T14:47:31.360693
ST_051,44091A,374,2026-01-25T00:39:23.528524
ST_051,21519,183,2026-02-07T02:06:52.282633
ST_051,22441,492,2026-02-10T22:04:08.754934
ST_051,23297,52,2026-02-11T09:55:35.114339
ST_051,21915,-16,2026-02-07T01:45:48.698478
ST_051,37449,351,2026-02-06T22:04:54.122706
ST_051,21667,28,2026-02-12T01:55:53.793602
ST_051,22476,193,2026-01-19T20:59:12.209098
ST_051,46000P,313,2026-01-29T04:19:48.228971
ST_051,90003B,362,2026-01-19T00:54:33.313479
ST_051,21990,270,2026-01-29T19:50:08.600534
ST_051,82599,268,2026-02-06T15:52:38.974130
ST_051,16161P,279,2026-01-30T18:23:53.059357
ST_051,85132A,18,2026-01-21T18:17:47.487908
ST_051,84593,-48,2026-02-09T08:38:48.610044
ST_051,22575,494,2026-01-21T03:57:36.271754
ST_051,23070,409,2026-02-03T23:49:38.276409
ST_051,90196B,268,2026-01-29T12:38:03.889661
ST_051,22737,78,2026-02-10T09:58:27.881770
ST_052,22876,63,2026-02-06T09:50:37.937929
ST_052,20934,106,2026-02-09T05:11:57.068717
ST_052,21682,-45,2026-02-04T07:57:43.913780
ST_052,21910,167,2026-01-26T18:00:01.049299
ST_052,22158,486,2026-02-11T18:50:03.099666
ST_052,35819B,6,2026-01-18T17:09:52.774031
ST_052,20711,461,2026-02-13T07:23:43.984964
ST_052,22406,17,2026-02-10T22:31:04.435551
ST_052,90177E,284,2026-01-16T08:16:24.370336
ST_052,90123B,261,2026-02-05T23:55:02.018670
ST_052,21402,302,2026-01-29T16:55:37.955950
ST_052,21291,396,2026-01-17T08:51:22.483322
ST_052,35819P,131,2026-01-25T13:42:39.090544
ST_052,22399,472,2026-02-05T22:12:50.536123
ST_052,21261,470,2026-02-01T12:26:06.793133
ST_052,22430,354,2026-01-24T20:58:16.280917
ST_052,21918,413,2026-01-16T12:28:30.587170
ST_052,21232,385,2026-01-24T17:11:08.430984
ST_052,35610B,384,2026-01-20T06:13:41.275007
ST_052,23165,454,2026-02-01T02:54:59.050063
ST_052,23311,336,2026-02-01T03:12:37.839638
ST_052,22896,476,2026-01-18T09:48:30.624418
ST_052,85024C,361,2026-01-21T03:23:25.454865
ST_052,23570,125,2026-01-23T18:57:44.370607
ST_052,84666,-9,2026-01-27T04:15:47.582397
ST_052,21865,266,2026-01-30T20:25:14.481802
ST_052,21678,475,2026-02-04T23:22:59.664262
ST_052,20752,106,2026-01-23T13:35:10.133081
ST_052,23434,221,2026-01-14T18:33:31.376069
ST_052,22038,232,2026-01-26T11:15:26.230956
ST_052,21289,240,2026-01-15T13:27:10.325492
ST_052,22034,313,2026-01-21T03:24:09.905698
ST_052,84660B,35,2026-02-08T05:06:46.660841
ST_052,16248B,219,2026-02-01T11:27:17.726580
ST_052,16259,179,2026-02-04T17:20:48.256885
ST_052,90125E,123,2026-01-16T06:18:59.040851
ST_052,21718,-12,2026-02-07T15:47:11.310118
ST_052,35958,492,2026-02-02T12:11:48.412066
ST_052,22775,21,2026-01-18T11:10:41.662842
ST_052,84927E,316,2026-02-06T01:58:17.318860
ST_052,23412,353,2026-01-23T12:13:58.969788
ST_052,21802,335,2026-02-10T22:46:35.604420
ST_052,22700,141,2026-01-27T04:09:04.928889
ST_052,21792,227,2026-02-04T09:06:39.663622
ST_052,21126,401,2026-02-10T17:58:59.254664
ST_052,47481,-32,2026-01-28T05:57:57.392839
ST_052,23000,292,2026-01-17T15:40:05.535578
ST_052,84461,211,2026-01-24T06:42:10.158727
ST_052,84963A,324,2026-01-28T09:10:36.480109
ST_052,90214Z,340,2026-01-23T03:18:26.525300
ST_052,90199C,78,2026-01-30T19:27:33.738612
ST_052,90125B,235,2026-01-17T18:15:15.412125
ST_052,22315,97,2026-02-10T15:18:34.374057
ST_052,22636,264,2026-01-17T05:03:01.564858
ST_052,22408,251,2026-01-26T15:31:50.269427
ST_052,22517,256,2026-01-21T15:27:56.511147
ST_052,85159A,243,2026-02-06T21:45:45.918466
ST_052,23169,463,2026-01-15T08:24:08.680616
ST_052,23243,309,2026-02-09T07:17:10.803953
ST_052,84568,187,2026-01-27T20:22:29.796882
ST_052,22458,147,2026-02-04T17:53:00.310524
ST_052,21272,202,2026-02-08T08:16:25.760048
ST_052,84558A,36,2026-01-19T23:07:09.445973
ST_052,90214I,484,2026-02-12T20:50:54.598510
ST_052,47369B,75,2026-01-18T17:42:07.740092
ST_052,23031,354,2026-01-20T12:04:43.932449
ST_052,21106,319,2026-01-17T13:01:02.881336
ST_052,84380,489,2026-01-17T23:18:25.431760
ST_052,90152A,457,2026-02-02T20:15:59.331510
ST_052,48184,333,2026-01-17T16:33:54.029318
ST_052,90039C,294,2026-02-07T21:11:55.019876
ST_052,20677,6,2026-01-17T18:00:20.087180
ST_052,85135C,272,2026-01-28T16:34:01.546846
ST_052,85045,-49,2026-02-11T21:07:35.261931
ST_052,23161,139,2026-01-25T07:22:09.045651
ST_052,23255,-15,2026-01-16T09:36:23.537227
ST_052,23694,149,2026-01-15T04:46:38.096550
ST_052,90100,56,2026-01-16T13:24:43.803963
ST_052,84798A,449,2026-02-10T19:30:57.568843
ST_052,22880,194,2026-01-23T12:18:46.823989
ST_052,21369,453,2026-01-17T17:44:48.738329
ST_052,23100,197,2026-02-10T20:48:47.178475
ST_052,85211,404,2026-02-10T13:21:59.676969
ST_052,84659A,487,2026-01-23T07:27:59.639387
ST_052,22655,300,2026-01-26T09:48:28.530985
ST_052,35599D,-17,2026-01-18T08:23:30.085628
ST_052,84905,-47,2026-01-21T21:25:59.700433
ST_052,21086,156,2026-01-15T11:12:40.525782
ST_052,23252,493,2026-01-26T16:04:44.271533
ST_052,22623,437,2026-02-10T08:19:48.137541
ST_052,M,263,2026-02-09T04:44:09.585767
ST_052,23356,20,2026-01-30T16:19:45.773642
ST_052,35004P,11,2026-02-02T17:36:29.664638
ST_052,21377,280,2026-01-21T17:01:37.020074
ST_052,21696,197,2026-02-08T03:22:13.995096
ST_052,20974,414,2026-01-29T23:51:12.228711
ST_052,85200,365,2026-02-08T14:01:06.884012
ST_052,22702,30,2026-02-07T19:27:32.812004
ST_052,21499,227,2026-01-21T03:34:19.460479
ST_052,22057,295,2026-01-27T22:47:02.375237
ST_052,47590A,471,2026-01-21T19:57:07.120183
ST_052,22558,241,2026-01-23T17:01:07.228590
ST_052,21986,293,2026-01-17T10:31:03.467541
ST_052,22112,297,2026-01-20T08:47:52.298868
ST_052,23004,154,2026-01-25T08:13:18.333781
ST_052,22444,103,2026-02-10T22:56:13.883241
ST_052,22346,175,2026-01-27T09:07:45.107239
ST_052,72598,469,2026-01-21T22:12:25.917694
ST_052,23345,97,2026-01-14T21:42:58.093202
ST_052,23191,-35,2026-02-07T07:22:02.242061
ST_052,23495,-26,2026-01-18T09:52:28.514700
ST_052,22260,323,2026-01-17T20:14:28.516302
ST_052,23181,425,2026-01-14T14:36:12.312616
ST_052,23553,325,2026-01-31T00:00:16.596279
ST_052,21418,437,2026-01-21T00:46:10.567368
ST_052,21816,161,2026-01-24T08:42:19.068638
ST_052,90042A,419,2026-02-03T15:15:21.528428
ST_052,85178,499,2026-02-02T16:10:59.624219
ST_052,47578A,35,2026-01-31T11:19:52.453232
ST_052,23254,269,2026-01-15T23:39:21.960080
ST_052,71496A,406,2026-01-19T23:03:21.838241
ST_052,22897,152,2026-01-22T11:38:14.544254
ST_052,21426,-5,2026-01-21T20:12:53.129906
ST_052,20668,-12,2026-02-01T15:54:56.833076
ST_052,84707B,256,2026-01-20T07:37:00.845106
ST_052,21462,39,2026-02-04T09:51:17.325039
ST_052,22886,406,2026-02-04T04:27:12.103049
ST_052,35964,92,2026-02-11T07:16:19.104717
ST_052,23419,45,2026-01-29T06:53:26.858410
ST_052,84922,115,2026-01-16T19:17:09.505306
ST_052,22716,397,2026-01-31T03:10:02.847585
ST_052,21867,468,2026-02-04T00:35:03.370020
ST_052,21015,424,2026-01-19T05:13:33.923738
ST_052,85131B,201,2026-01-22T04:48:05.961944
ST_052,23456,415,2026-02-05T09:25:30.075181
ST_052,35972,245,2026-01-16T22:18:32.363589
ST_052,37488A,50,2026-01-22T05:12:56.497555
ST_052,20854,37,2026-02-12T01:10:27.137278
ST_052,85071B,372,2026-02-04T18:21:24.947911
ST_052,23325,-45,2026-01-18T12:00:05.154589
ST_052,90093,11,2026-01-21T20:23:06.223771
ST_052,84870B,496,2026-02-03T21:35:45.027063
ST_052,23457,70,2026-02-08T15:22:29.630304
ST_052,22900,67,2026-01-21T14:24:12.496486
ST_052,90055,128,2026-02-05T13:17:54.193486
ST_052,21507,310,2026-02-12T21:51:30.680585
ST_052,40001,93,2026-02-02T04:57:35.484299
ST_052,23497,355,2026-02-01T08:19:42.170586
ST_052,22183,401,2026-01-23T07:54:25.507491
ST_052,22645,143,2026-02-03T16:16:21.097173
ST_052,90019C,56,2026-01-26T07:33:28.902483
ST_052,21054,226,2026-01-19T04:18:08.074882
ST_052,90214O,54,2026-02-04T02:09:58.969613
ST_052,22195,433,2026-02-09T11:20:34.467005
ST_052,85225,319,2026-01-27T10:23:03.598460
ST_052,22870,39,2026-01-14T15:11:05.098582
ST_052,22244,358,2026-02-06T21:01:35.443609
ST_052,90065B,58,2026-01-27T03:48:55.033223
ST_052,22936,122,2026-01-25T05:27:31.439652
ST_052,35001W,345,2026-02-08T09:18:15.939449
ST_052,85034A,229,2026-01-29T14:21:29.508275
ST_052,23145,264,2026-01-23T11:29:56.332834
ST_052,90129A,51,2026-02-06T23:11:07.619483
ST_052,90202D,401,2026-01-18T07:50:58.848712
ST_052,37444A,226,2026-02-10T01:10:17.319252
ST_052,22069,468,2026-01-29T17:20:58.974689
ST_052,23102,317,2026-02-11T12:02:09.143151
ST_052,21622,399,2026-01-22T22:40:13.907295
ST_052,20748,211,2026-02-12T23:24:31.729336
ST_052,18097C,16,2026-02-07T02:45:52.120371
ST_052,22322,337,2026-01-26T12:50:22.124814
ST_052,21143,46,2026-02-08T07:23:44.902222
ST_052,16235,283,2026-01-27T07:41:08.179049
ST_052,22060,171,2026-01-25T08:15:17.024585
ST_052,23390,94,2026-02-02T19:01:44.546038
ST_052,21609,492,2026-01-16T12:31:33.914288
ST_052,23190,21,2026-02-05T14:12:12.599476
ST_052,22594,493,2026-02-03T19:11:10.287082
ST_052,90198B,241,2026-01-21T15:19:59.374891
ST_052,23209,10,2026-01-24T00:55:56.818230
ST_052,21955,164,2026-01-15T22:31:23.741468
ST_052,90190B,-11,2026-01-19T13:43:54.921125
ST_052,11001,305,2026-02-08T21:32:31.984422
ST_052,21634,290,2026-01-15T23:51:52.579511
ST_052,22518,232,2026-01-14T16:14:03.449278
ST_052,22745,48,2026-02-11T08:39:09.976817
ST_052,90099,323,2026-01-23T22:01:29.966519
ST_052,35650,483,2026-01-27T02:11:10.414907
ST_052,85026B,8,2026-01-16T07:27:49.192637
ST_052,84750B,-26,2026-01-18T16:11:45.799700
ST_052,90016A,270,2026-01-17T01:41:00.286553
ST_052,72741,165,2026-02-01T12:57:21.266354
ST_052,16161M,275,2026-01-19T03:39:05.017423
ST_052,21681,91,2026-01-26T05:59:47.058207
ST_052,90086,390,2026-01-15T13:04:42.078770
ST_052,21706,117,2026-02-07T14:09:33.834759
ST_052,23121,357,2026-01-19T10:05:06.152162
ST_052,22136,444,2026-02-13T03:18:01.107840
ST_052,22086,-7,2026-02-01T20:48:30.667002
ST_052,84596F,336,2026-02-04T20:59:38.082279
ST_052,22545,-3,2026-01-24T04:02:19.772408
ST_052,22964,-28,2026-01-17T14:55:57.150837
ST_052,90155,167,2026-02-02T05:16:52.778067
ST_052,84927F,409,2026-01-17T13:48:55.566490
ST_052,22077,66,2026-02-03T23:49:59.995250
ST_052,84596B,236,2026-01-16T00:55:09.819463
ST_052,84879,335,2026-01-17T16:11:03.784140
ST_052,84828,291,2026-01-17T10:32:24.453884
ST_052,85049G,335,2026-01-20T04:44:55.658688
ST_052,22461,434,2026-01-29T17:39:54.385603
ST_052,21275,409,2026-02-03T16:13:12.115680
ST_052,22971,380,2026-01-18T22:01:11.884889
ST_052,44235,24,2026-01-27T01:01:47.652350
ST_052,21705,435,2026-02-06T14:42:19.750930
ST_052,23264,251,2026-01-22T02:51:38.452655
ST_052,21210,56,2026-01-25T00:38:44.462446
ST_052,84766,483,2026-01-20T00:33:05.450518
ST_052,21313,94,2026-01-20T06:13:05.275460
ST_052,21067,66,2026-02-04T14:57:58.909358
ST_052,21671,304,2026-01-19T10:08:56.160277
ST_052,84805B,263,2026-02-10T10:19:09.483802
ST_052,72709,153,2026-01-17T19:11:14.466461
ST_052,90158,155,2026-01-24T14:38:50.356756
ST_052,90120B,54,2026-01-30T10:57:25.982002
ST_052,84678,8,2026-01-14T15:39:52.741135
ST_052,23503,66,2026-02-10T17:35:07.635695
ST_052,21935,386,2026-01-26T03:08:43.705663
ST_052,90161A,254,2026-01-29T20:42:59.670150
ST_052,22908,54,2026-01-25T19:10:11.022216
ST_052,84854,222,2026-01-28T04:22:16.136946
ST_052,17191A,10,2026-02-03T00:30:36.820118
ST_052,20868,111,2026-01-31T14:48:29.454580
ST_052,20826,194,2026-01-25T00:52:40.483346
ST_052,20971,280,2026-02-06T13:31:34.331306
ST_052,23270,90,2026-02-13T02:18:08.021330
ST_052,21946,387,2026-02-04T13:56:05.079698
ST_052,47310M,443,2026-01-19T08:32:28.978101
ST_052,37446,334,2026-01-21T00:14:44.736531
ST_052,35638A,406,2026-01-28T06:06:59.873378
ST_052,85124B,278,2026-02-09T15:11:30.398218
ST_052,90094,500,2026-01-23T02:37:05.003658
ST_052,23185,96,2026-02-08T23:58:13.713947
ST_052,17021,210,2026-02-02T23:18:17.380712
ST_052,21032,445,2026-01-28T19:41:46.770249
ST_052,23224,151,2026-01-17T00:54:18.199898
ST_052,23473,75,2026-02-07T19:36:20.257717
ST_052,22563,49,2026-02-02T03:14:56.795307
ST_052,21156,359,2026-01-18T12:33:28.154199
ST_052,22786,446,2026-01-19T21:19:13.562217
ST_052,17136A,-20,2026-02-10T10:09:31.949328
ST_052,37471,330,2026-01-23T18:52:55.485224
ST_052,16258A,401,2026-02-07T08:22:06.257137
ST_052,84915,71,2026-01-25T08:09:48.210559
ST_052,90202B,18,2026-02-11T17:50:16.671381
ST_052,90159,82,2026-01-28T17:27:21.176841
ST_052,22649,451,2026-02-12T18:12:35.745531
ST_052,84637,0,2026-01-30T08:43:51.654046
ST_052,22650,378,2026-01-16T10:13:35.993585
ST_052,22755,151,2026-01-16T20:56:58.688170
ST_052,21403,439,2026-01-14T18:15:21.959487
ST_052,23017,80,2026-02-11T16:28:11.936181
ST_052,22230,96,2026-01-22T12:10:49.883301
ST_052,90040B,58,2026-01-30T11:49:13.806742
ST_052,84465,-22,2026-02-02T20:43:16.766068
ST_052,35909A,3,2026-02-08T14:06:26.196813
ST_052,16161G,362,2026-02-06T10:58:34.864017
ST_052,22324,-29,2026-01-28T02:09:11.194182
ST_052,23193,309,2026-01-24T22:52:08.997365
ST_052,23155,464,2026-02-13T04:19:43.193705
ST_052,22602,270,2026-01-23T07:59:43.232197
ST_052,22993,2,2026-01-31T19:26:44.520786
ST_052,82582,151,2026-01-27T07:02:41.100398
ST_052,85202,-1,2026-02-10T22:25:51.860977
ST_052,90021,339,2026-02-05T09:00:51.830812
ST_052,22948,361,2026-01-27T21:30:17.665520
ST_052,84192,57,2026-01-31T09:47:20.248231
ST_052,22053,119,2026-02-01T18:04:28.107142
ST_052,84600,-17,2026-01-31T14:59:56.962473
ST_052,20796,395,2026-01-26T15:10:07.702733
ST_052,20697,-27,2026-01-26T07:33:19.623849
ST_052,22699,460,2026-01-22T14:40:56.978567
ST_052,44091A,146,2026-02-11T02:52:12.069401
ST_052,21519,407,2026-01-26T19:37:40.577910
ST_052,22441,400,2026-01-20T22:34:59.956780
ST_052,23297,496,2026-01-24T13:01:14.610245
ST_052,21915,497,2026-02-10T03:26:53.539356
ST_052,37449,423,2026-02-13T03:26:31.683609
ST_052,21667,177,2026-02-08T17:01:54.209234
ST_052,22476,466,2026-02-05T16:36:02.082252
ST_052,46000P,33,2026-02-11T09:34:50.772216
ST_052,90003B,205,2026-01-17T22:44:14.948539
ST_052,21990,378,2026-02-06T11:25:58.596008
ST_052,82599,416,2026-01-19T07:22:00.585210
ST_052,16161P,405,2026-01-23T22:27:43.640239
ST_052,85132A,158,2026-01-21T03:40:26.692563
ST_052,84593,-38,2026-01-31T15:38:34.031299
ST_052,22575,483,2026-02-11T11:24:58.781852
ST_052,23070,82,2026-01-22T14:37:11.583766
ST_052,90196B,69,2026-01-30T11:35:46.983510
ST_052,22737,313,2026-01-29T12:48:35.793274
ST_053,22876,156,2026-01-15T19:22:06.466535
ST_053,20934,305,2026-02-02T07:22:00.435813
ST_053,21682,-9,2026-01-14T22:36:20.741330
ST_053,21910,432,2026-01-16T21:55:17.331758
ST_053,22158,-6,2026-01-17T00:02:41.764276
ST_053,35819B,77,2026-01-19T14:28:09.200317
ST_053,20711,412,2026-02-01T12:09:56.700723
ST_053,22406,9,2026-02-04T07:44:25.262937
ST_053,90177E,312,2026-02-09T11:02:15.360290
ST_053,90123B,441,2026-02-08T19:59:31.946398
ST_053,21402,202,2026-01-21T21:19:56.375974
ST_053,21291,113,2026-01-22T15:12:55.006537
ST_053,35819P,-35,2026-01-25T15:33:37.812066
ST_053,22399,421,2026-02-04T12:45:39.203619
ST_053,21261,39,2026-01-27T07:07:17.255012
ST_053,22430,43,2026-01-29T10:47:15.627033
ST_053,21918,24,2026-02-02T16:31:09.163848
ST_053,21232,398,2026-01-31T02:14:35.848511
ST_053,35610B,465,2026-02-09T13:51:45.232631
ST_053,23165,369,2026-01-24T19:46:13.257988
ST_053,23311,150,2026-02-04T15:51:13.802316
ST_053,22896,261,2026-02-10T05:17:09.172692
ST_053,85024C,339,2026-02-02T16:26:47.444543
ST_053,23570,150,2026-01-28T10:47:07.958594
ST_053,84666,236,2026-01-14T15:05:17.786938
ST_053,21865,257,2026-02-06T08:13:27.165297
ST_053,21678,72,2026-01-27T01:05:57.830443
ST_053,20752,445,2026-01-24T18:51:52.301766
ST_053,23434,493,2026-01-16T03:30:56.467126
ST_053,22038,-34,2026-01-17T00:43:09.402232
ST_053,21289,425,2026-02-08T04:04:45.893784
ST_053,22034,163,2026-01-18T02:34:09.120404
ST_053,84660B,30,2026-01-19T14:40:24.292233
ST_053,16248B,439,2026-01-31T13:15:17.899673
ST_053,16259,2,2026-02-01T19:07:24.713326
ST_053,90125E,38,2026-01-22T20:27:11.880100
ST_053,21718,346,2026-02-01T14:51:16.142735
ST_053,35958,190,2026-01-22T02:16:42.636616
ST_053,22775,483,2026-01-26T08:27:07.748728
ST_053,84927E,315,2026-01-29T12:52:19.351237
ST_053,23412,75,2026-02-10T20:30:03.173124
ST_053,21802,-38,2026-01-25T08:59:18.901266
ST_053,22700,60,2026-02-06T21:31:41.811415
ST_053,21792,307,2026-01-30T09:53:12.645881
ST_053,21126,327,2026-02-04T21:33:38.405761
ST_053,47481,170,2026-01-16T23:51:25.707450
ST_053,23000,120,2026-02-11T13:49:49.591846
ST_053,84461,38,2026-01-31T05:27:23.210394
ST_053,84963A,451,2026-02-04T13:02:44.480099
ST_053,90214Z,367,2026-01-28T22:15:15.445028
ST_053,90199C,406,2026-02-12T14:06:08.184564
ST_053,90125B,240,2026-02-09T10:39:45.711429
ST_053,22315,36,2026-02-09T14:56:41.771275
ST_053,22636,2,2026-02-06T21:18:06.320177
ST_053,22408,410,2026-02-02T06:41:48.619405
ST_053,22517,83,2026-01-25T19:55:27.405905
ST_053,85159A,303,2026-02-05T12:08:20.888938
ST_053,23169,-4,2026-02-12T16:09:59.370324
ST_053,23243,98,2026-02-07T05:51:09.400542
ST_053,84568,368,2026-01-24T23:16:24.941590
ST_053,22458,251,2026-01-23T16:46:04.918312
ST_053,21272,200,2026-02-04T02:46:16.347480
ST_053,84558A,276,2026-01-17T18:16:50.907244
ST_053,90214I,-9,2026-01-19T10:47:26.859488
ST_053,47369B,441,2026-02-10T10:49:06.468526
ST_053,23031,-49,2026-01-19T07:39:04.022287
ST_053,21106,482,2026-02-13T02:48:25.787475
ST_053,84380,439,2026-01-30T03:40:15.256354
ST_053,90152A,212,2026-01-24T03:54:52.974260
ST_053,48184,477,2026-01-16T00:53:49.412626
ST_053,90039C,303,2026-02-03T18:36:35.787678
ST_053,20677,423,2026-02-12T04:36:40.625146
ST_053,85135C,136,2026-02-12T07:13:20.134232
ST_053,85045,195,2026-02-03T12:55:20.014807
ST_053,23161,-24,2026-02-04T11:43:51.294365
ST_053,23255,214,2026-01-30T08:26:03.536262
ST_053,23694,216,2026-01-18T00:09:05.881894
ST_053,90100,424,2026-02-11T15:09:16.726057
ST_053,84798A,129,2026-02-05T04:17:13.809283
ST_053,22880,208,2026-01-26T23:40:10.109990
ST_053,21369,198,2026-01-22T21:26:27.009514
ST_053,23100,44,2026-02-07T00:13:48.480364
ST_053,85211,458,2026-02-10T10:24:25.204338
ST_053,84659A,138,2026-02-06T22:21:58.156200
ST_053,22655,276,2026-01-26T15:07:36.828867
ST_053,35599D,170,2026-01-22T17:17:02.296923
ST_053,84905,277,2026-01-18T18:20:49.140939
ST_053,21086,222,2026-02-05T08:44:30.178061
ST_053,23252,-30,2026-01-28T09:32:55.564227
ST_053,22623,53,2026-01-20T08:06:27.934227
ST_053,M,15,2026-01-20T01:02:57.457484
ST_053,23356,344,2026-02-01T09:40:08.405333
ST_053,35004P,76,2026-01-23T18:31:29.476940
ST_053,21377,422,2026-02-01T17:05:11.078201
ST_053,21696,-46,2026-02-12T23:14:56.683072
ST_053,20974,208,2026-02-12T09:10:03.501801
ST_053,85200,199,2026-02-09T02:44:35.740274
ST_053,22702,251,2026-01-20T18:36:24.936276
ST_053,21499,256,2026-02-08T18:29:24.913263
ST_053,22057,401,2026-01-26T16:12:35.462023
ST_053,47590A,186,2026-02-12T13:06:25.597234
ST_053,22558,30,2026-01-31T01:02:49.104784
ST_053,21986,281,2026-01-30T11:45:35.850628
ST_053,22112,392,2026-01-28T13:18:43.449555
ST_053,23004,331,2026-02-07T10:46:53.888615
ST_053,22444,-43,2026-02-03T21:52:39.540792
ST_053,22346,142,2026-01-26T04:36:38.823671
ST_053,72598,31,2026-02-10T00:22:46.441006
ST_053,23345,31,2026-01-26T07:35:36.482861
ST_053,23191,437,2026-01-14T16:09:28.619367
ST_053,23495,32,2026-01-17T04:07:10.640735
ST_053,22260,131,2026-02-08T06:19:24.775761
ST_053,23181,66,2026-01-19T16:17:27.654463
ST_053,23553,-34,2026-02-07T06:59:47.605049
ST_053,21418,8,2026-02-08T06:13:56.002091
ST_053,21816,405,2026-02-05T18:41:14.637277
ST_053,90042A,-38,2026-01-18T17:08:59.098289
ST_053,85178,9,2026-01-21T22:42:42.925993
ST_053,47578A,-25,2026-01-31T21:57:15.230180
ST_053,23254,356,2026-01-14T23:11:19.798908
ST_053,71496A,399,2026-01-20T09:53:47.200907
ST_053,22897,237,2026-01-26T21:22:12.031238
ST_053,21426,130,2026-02-05T05:51:27.974469
ST_053,20668,-26,2026-02-12T03:02:34.834155
ST_053,84707B,266,2026-02-08T19:00:37.740045
ST_053,21462,14,2026-01-31T04:40:16.905842
ST_053,22886,334,2026-02-06T02:07:07.874551
ST_053,35964,430,2026-01-26T15:01:53.200811
ST_053,23419,366,2026-01-25T11:27:59.574717
ST_053,84922,-28,2026-01-17T14:08:14.281252
ST_053,22716,-20,2026-01-29T06:16:34.473315
ST_053,21867,499,2026-01-18T05:10:28.419482
ST_053,21015,210,2026-01-21T10:47:24.544393
ST_053,85131B,234,2026-02-01T23:15:12.067237
ST_053,23456,224,2026-01-19T17:49:26.889392
ST_053,35972,319,2026-01-28T23:02:27.992023
ST_053,37488A,-17,2026-02-05T12:01:45.457658
ST_053,20854,17,2026-01-21T17:21:29.935484
ST_053,85071B,210,2026-01-16T19:18:57.969269
ST_053,23325,243,2026-01-31T03:23:41.667539
ST_053,90093,484,2026-02-07T13:05:08.441496
ST_053,84870B,-18,2026-01-23T05:46:30.906623
ST_053,23457,58,2026-01-16T14:58:50.528351
ST_053,22900,102,2026-02-01T21:33:05.196608
ST_053,90055,-39,2026-01-24T22:14:03.409360
ST_053,21507,-34,2026-01-14T17:46:45.169973
ST_053,40001,314,2026-01-21T20:57:07.840520
ST_053,23497,257,2026-01-27T12:47:25.855161
ST_053,22183,180,2026-01-18T04:53:42.230379
ST_053,22645,138,2026-01-26T11:37:34.225166
ST_053,90019C,23,2026-01-15T02:58:54.264175
ST_053,21054,288,2026-01-28T12:01:50.644512
ST_053,90214O,148,2026-02-11T00:26:03.402207
ST_053,22195,142,2026-02-02T09:26:42.746366
ST_053,85225,245,2026-01-14T21:07:55.076415
ST_053,22870,325,2026-01-17T16:22:22.340249
ST_053,22244,458,2026-02-07T02:49:34.848206
ST_053,90065B,200,2026-01-27T03:04:11.871878
ST_053,22936,19,2026-02-04T12:01:27.875804
ST_053,35001W,451,2026-01-14T19:58:14.200238
ST_053,85034A,22,2026-01-26T07:18:41.910467
ST_053,23145,29,2026-02-06T15:01:37.062621
ST_053,90129A,345,2026-01-18T14:45:32.198424
ST_053,90202D,50,2026-01-24T20:25:03.639672
ST_053,37444A,0,2026-01-29T14:14:21.846490
ST_053,22069,186,2026-02-08T11:17:27.307967
ST_053,23102,201,2026-01-19T13:49:03.015905
ST_053,21622,349,2026-02-07T18:41:15.344161
ST_053,20748,270,2026-01-30T05:19:09.421272
ST_053,18097C,23,2026-02-08T01:27:21.274006
ST_053,22322,444,2026-02-11T14:45:27.667590
ST_053,21143,166,2026-01-18T00:13:00.162410
ST_053,16235,255,2026-01-21T05:32:20.839672
ST_053,22060,356,2026-01-31T14:39:48.859511
ST_053,23390,431,2026-02-08T19:47:55.108124
ST_053,21609,8,2026-01-21T21:48:57.591444
ST_053,23190,235,2026-02-02T16:01:29.151505
ST_053,22594,397,2026-02-07T15:08:27.485819
ST_053,90198B,478,2026-01-17T21:55:08.152131
ST_053,23209,282,2026-01-20T07:33:20.422344
ST_053,21955,187,2026-01-18T16:10:45.128243
ST_053,90190B,382,2026-02-10T09:27:14.386326
ST_053,11001,239,2026-02-06T04:47:40.254333
ST_053,21634,36,2026-02-05T03:39:14.008799
ST_053,22518,-13,2026-01-14T12:58:36.407372
ST_053,22745,353,2026-02-02T16:01:47.837948
ST_053,90099,284,2026-01-23T16:52:30.675234
ST_053,35650,59,2026-01-29T03:42:56.677169
ST_053,85026B,420,2026-02-02T14:30:42.837604
ST_053,84750B,125,2026-01-30T08:37:04.340009
ST_053,90016A,63,2026-01-29T13:21:02.560212
ST_053,72741,452,2026-02-11T20:02:14.669359
ST_053,16161M,470,2026-02-09T22:22:29.663516
ST_053,21681,276,2026-02-11T12:05:34.687060
ST_053,90086,74,2026-01-24T01:12:21.452601
ST_053,21706,141,2026-01-19T15:52:43.900492
ST_053,23121,335,2026-01-23T01:03:12.997059
ST_053,22136,450,2026-02-05T16:54:20.818668
ST_053,22086,351,2026-02-12T07:13:01.549513
ST_053,84596F,37,2026-01-20T14:11:31.314047
ST_053,22545,348,2026-02-10T10:33:29.424870
ST_053,22964,281,2026-02-09T16:40:46.977134
ST_053,90155,351,2026-01-23T14:52:05.207055
ST_053,84927F,36,2026-02-03T11:13:29.218370
ST_053,22077,437,2026-02-04T07:37:06.657326
ST_053,84596B,131,2026-02-12T16:06:09.618348
ST_053,84879,365,2026-01-28T12:07:56.499927
ST_053,84828,493,2026-02-02T14:40:35.684860
ST_053,85049G,31,2026-02-07T16:34:06.276186
ST_053,22461,126,2026-01-28T03:16:45.183178
ST_053,21275,392,2026-01-23T06:11:51.324538
ST_053,22971,-14,2026-02-06T18:03:49.579370
ST_053,44235,113,2026-02-07T04:12:28.208149
ST_053,21705,-18,2026-01-14T15:13:11.003639
ST_053,23264,54,2026-02-10T13:59:22.290305
ST_053,21210,61,2026-01-21T05:30:22.805386
ST_053,84766,82,2026-01-31T02:19:39.902618
ST_053,21313,0,2026-02-06T03:43:37.175479
ST_053,21067,352,2026-02-10T09:13:09.244400
ST_053,21671,43,2026-02-09T14:42:43.357478
ST_053,84805B,198,2026-02-07T08:06:55.796366
ST_053,72709,109,2026-01-14T16:40:03.575842
ST_053,90158,353,2026-02-08T23:58:59.280825
ST_053,90120B,20,2026-01-28T10:31:39.234603
ST_053,84678,456,2026-02-05T23:53:27.497979
ST_053,23503,221,2026-01-15T19:06:23.202907
ST_053,21935,351,2026-02-02T04:55:48.383539
ST_053,90161A,351,2026-02-10T11:40:21.362475
ST_053,22908,444,2026-02-10T16:22:34.046199
ST_053,84854,226,2026-02-12T05:37:45.183366
ST_053,17191A,88,2026-01-20T04:30:11.993141
ST_053,20868,248,2026-01-25T09:34:12.386324
ST_053,20826,339,2026-02-03T08:23:18.911026
ST_053,20971,148,2026-01-31T15:47:35.500615
ST_053,23270,23,2026-02-10T19:41:00.515286
ST_053,21946,235,2026-02-07T04:15:52.186638
ST_053,47310M,494,2026-02-01T23:25:09.550030
ST_053,37446,127,2026-02-05T03:01:50.843104
ST_053,35638A,96,2026-01-23T13:43:18.532658
ST_053,85124B,217,2026-01-20T04:53:16.348162
ST_053,90094,291,2026-01-25T19:26:35.520680
ST_053,23185,375,2026-02-06T07:31:27.821842
ST_053,17021,288,2026-02-11T18:40:33.978593
ST_053,21032,287,2026-02-05T23:07:48.660111
ST_053,23224,444,2026-01-23T02:07:14.837494
ST_053,23473,132,2026-01-21T07:58:16.729463
ST_053,22563,-2,2026-01-15T20:31:39.545783
ST_053,21156,-11,2026-02-06T03:16:29.723012
ST_053,22786,85,2026-02-11T04:41:15.825301
ST_053,17136A,313,2026-01-29T19:18:24.895212
ST_053,37471,15,2026-01-28T22:42:11.487746
ST_053,16258A,18,2026-02-09T22:57:23.441401
ST_053,84915,379,2026-01-26T23:09:42.396688
ST_053,90202B,216,2026-02-12T05:21:04.802043
ST_053,90159,474,2026-01-30T16:50:51.947325
ST_053,22649,452,2026-02-05T14:34:31.570268
ST_053,84637,36,2026-01-19T06:17:03.996125
ST_053,22650,122,2026-01-15T11:16:38.960120
ST_053,22755,183,2026-01-22T03:09:18.467575
ST_053,21403,32,2026-02-06T02:36:40.404974
ST_053,23017,235,2026-02-11T00:35:05.319414
ST_053,22230,148,2026-01-31T00:42:51.275418
ST_053,90040B,212,2026-02-07T16:05:19.273603
ST_053,84465,244,2026-02-12T02:28:45.821525
ST_053,35909A,199,2026-01-27T18:23:22.910516
ST_053,16161G,472,2026-01-24T19:32:37.871909
ST_053,22324,486,2026-02-10T00:22:31.415339
ST_053,23193,-22,2026-02-08T20:17:36.764042
ST_053,23155,263,2026-01-26T15:33:48.813036
ST_053,22602,-47,2026-01-28T11:14:05.875939
ST_053,22993,276,2026-01-29T06:45:41.406940
ST_053,82582,414,2026-01-22T18:03:18.930675
ST_053,85202,241,2026-01-20T08:52:01.275195
ST_053,90021,60,2026-02-10T05:26:51.956715
ST_053,22948,151,2026-01-31T10:04:44.200460
ST_053,84192,82,2026-01-20T12:15:47.240166
ST_053,22053,155,2026-01-29T16:48:11.835895
ST_053,84600,206,2026-01-26T21:55:58.539448
ST_053,20796,3,2026-01-25T14:56:19.921573
ST_053,20697,334,2026-01-16T13:12:00.144900
ST_053,22699,-45,2026-01-24T15:34:03.992215
ST_053,44091A,-9,2026-02-07T16:10:56.697455
ST_053,21519,174,2026-02-11T00:49:03.939806
ST_053,22441,191,2026-02-04T18:58:14.145422
ST_053,23297,32,2026-02-02T12:20:42.875300
ST_053,21915,-23,2026-01-19T19:17:47.449598
ST_053,37449,112,2026-02-10T21:18:17.689319
ST_053,21667,361,2026-01-20T15:40:50.540448
ST_053,22476,7,2026-01-16T10:54:53.638780
ST_053,46000P,118,2026-02-08T06:08:13.224944
ST_053,90003B,120,2026-01-18T17:04:50.272933
ST_053,21990,364,2026-01-28T04:52:48.951742
ST_053,82599,-38,2026-01-30T03:26:03.442028
ST_053,16161P,391,2026-01-14T18:22:04.986984
ST_053,85132A,465,2026-02-12T12:27:47.161699
ST_053,84593,188,2026-01-24T04:54:28.600393
ST_053,22575,387,2026-02-10T16:30:18.645173
ST_053,23070,470,2026-02-08T22:41:54.026152
ST_053,90196B,491,2026-01-31T11:40:37.512625
ST_053,22737,211,2026-01-31T17:23:25.430631
ST_054,22876,18,2026-02-10T00:33:36.742880
ST_054,20934,-22,2026-01-21T09:09:05.607144
ST_054,21682,453,2026-01-25T09:53:36.210361
ST_054,21910,116,2026-01-29T02:28:33.992245
ST_054,22158,147,2026-02-05T19:57:24.651010
ST_054,35819B,211,2026-01-22T23:57:14.465765
ST_054,20711,320,2026-01-24T20:44:20.155029
ST_054,22406,149,2026-01-29T04:21:09.281068
ST_054,90177E,108,2026-02-08T00:03:21.701909
ST_054,90123B,472,2026-01-27T12:52:58.658313
ST_054,21402,339,2026-02-01T05:31:45.511804
ST_054,21291,418,2026-02-07T22:38:08.877961
ST_054,35819P,254,2026-02-03T01:54:07.018743
ST_054,22399,376,2026-02-01T15:54:06.603910
ST_054,21261,144,2026-02-12T22:08:48.662365
ST_054,22430,234,2026-01-28T09:26:25.983914
ST_054,21918,184,2026-02-11T18:47:37.381227
ST_054,21232,196,2026-01-29T06:02:41.622964
ST_054,35610B,13,2026-02-01T18:07:34.304632
ST_054,23165,15,2026-01-20T06:50:41.045830
ST_054,23311,489,2026-01-19T14:39:07.940735
ST_054,22896,276,2026-02-11T09:31:33.700360
ST_054,85024C,400,2026-01-31T10:10:49.332022
ST_054,23570,-5,2026-01-25T20:25:46.972749
ST_054,84666,62,2026-02-04T13:58:39.111275
ST_054,21865,45,2026-01-22T08:38:05.226534
ST_054,21678,287,2026-02-04T12:46:41.200102
ST_054,20752,143,2026-02-05T08:40:11.890879
ST_054,23434,417,2026-01-16T07:02:52.888236
ST_054,22038,27,2026-02-01T03:52:17.171391
ST_054,21289,115,2026-01-15T02:04:20.890022
ST_054,22034,407,2026-01-26T02:21:59.992034
ST_054,84660B,176,2026-01-22T11:27:53.948771
ST_054,16248B,191,2026-01-30T00:26:23.419488
ST_054,16259,237,2026-01-20T16:07:22.068789
ST_054,90125E,9,2026-01-22T20:40:44.303557
ST_054,21718,116,2026-02-01T12:17:40.682259
ST_054,35958,425,2026-01-29T08:42:53.315974
ST_054,22775,175,2026-01-17T11:02:38.801618
ST_054,84927E,449,2026-02-03T11:00:20.058211
ST_054,23412,124,2026-02-04T21:50:47.156214
ST_054,21802,361,2026-01-17T03:48:20.824235
ST_054,22700,323,2026-02-02T13:23:45.587297
ST_054,21792,-11,2026-02-08T03:49:23.749176
ST_054,21126,446,2026-01-15T12:03:26.837712
ST_054,47481,61,2026-02-09T14:22:33.058338
ST_054,23000,407,2026-02-10T11:02:38.790622
ST_054,84461,356,2026-02-08T00:54:10.648675
ST_054,84963A,96,2026-02-02T09:36:48.190348
ST_054,90214Z,423,2026-02-13T03:37:46.727368
ST_054,90199C,198,2026-02-02T11:45:35.219571
ST_054,90125B,281,2026-01-23T14:41:00.208668
ST_054,22315,54,2026-01-17T15:41:55.116058
ST_054,22636,101,2026-01-16T16:46:01.360455
ST_054,22408,142,2026-02-10T15:53:25.194572
ST_054,22517,342,2026-02-12T09:01:27.979187
ST_054,85159A,142,2026-01-22T12:58:24.682971
ST_054,23169,125,2026-01-17T02:07:04.887608
ST_054,23243,-15,2026-01-16T08:34:57.928860
ST_054,84568,491,2026-01-27T20:43:51.676107
ST_054,22458,365,2026-01-31T19:25:32.736096
ST_054,21272,410,2026-01-16T14:42:42.848995
ST_054,84558A,-24,2026-02-04T18:21:09.312656
ST_054,90214I,113,2026-01-17T20:52:08.098540
ST_054,47369B,455,2026-01-22T15:10:33.799273
ST_054,23031,462,2026-01-23T21:52:25.183092
ST_054,21106,492,2026-02-01T22:05:41.215515
ST_054,84380,357,2026-02-07T03:24:24.131546
ST_054,90152A,194,2026-02-12T17:43:53.948905
ST_054,48184,396,2026-01-24T01:33:48.360842
ST_054,90039C,349,2026-01-25T14:29:19.523595
ST_054,20677,483,2026-01-30T09:59:28.925085
ST_054,85135C,279,2026-02-02T14:43:37.538327
ST_054,85045,408,2026-02-09T05:25:56.765319
ST_054,23161,341,2026-01-21T18:18:22.560917
ST_054,23255,480,2026-01-16T03:21:56.790148
ST_054,23694,181,2026-01-31T01:52:11.560581
ST_054,90100,9,2026-02-05T00:46:01.842299
ST_054,84798A,214,2026-01-17T13:37:16.556236
ST_054,22880,103,2026-01-24T21:50:24.833744
ST_054,21369,35,2026-01-14T14:02:53.793488
ST_054,23100,260,2026-01-20T08:44:34.568202
ST_054,85211,93,2026-02-06T23:05:24.234654
ST_054,84659A,334,2026-02-09T02:03:32.390078
ST_054,22655,288,2026-02-08T11:42:12.824074
ST_054,35599D,328,2026-01-22T22:30:01.064646
ST_054,84905,263,2026-02-09T17:33:05.218953
ST_054,21086,-1,2026-01-21T01:07:17.199155
ST_054,23252,386,2026-01-14T22:31:34.573333
ST_054,22623,238,2026-01-23T01:57:04.844521
ST_054,M,284,2026-02-03T09:41:34.087893
ST_054,23356,20,2026-02-10T02:42:01.336841
ST_054,35004P,-1,2026-02-10T03:59:31.934064
ST_054,21377,293,2026-02-05T20:46:40.597289
ST_054,21696,480,2026-01-23T17:16:54.233951
ST_054,20974,484,2026-01-15T12:01:22.905025
ST_054,85200,327,2026-02-08T04:22:12.069502
ST_054,22702,429,2026-02-05T12:31:29.394670
ST_054,21499,442,2026-02-10T00:26:36.961494
ST_054,22057,27,2026-02-12T00:10:45.502966
ST_054,47590A,315,2026-02-06T04:18:20.378359
ST_054,22558,422,2026-01-27T16:10:58.302766
ST_054,21986,398,2026-01-21T09:03:45.021242
ST_054,22112,447,2026-01-30T16:14:10.907399
ST_054,23004,312,2026-02-10T19:48:46.062949
ST_054,22444,314,2026-01-20T11:04:55.273342
ST_054,22346,186,2026-02-10T13:03:36.014002
ST_054,72598,42,2026-01-30T18:01:12.544451
ST_054,23345,252,2026-01-29T20:44:50.845231
ST_054,23191,-49,2026-01-21T20:16:49.096043
ST_054,23495,-40,2026-01-24T18:37:25.675692
ST_054,22260,193,2026-02-10T14:02:34.763057
ST_054,23181,129,2026-01-29T15:12:41.092480
ST_054,23553,489,2026-02-03T09:33:00.585421
ST_054,21418,423,2026-01-28T10:25:16.884942
ST_054,21816,-42,2026-01-26T15:40:16.184919
ST_054,90042A,63,2026-01-25T03:48:16.798231
ST_054,85178,348,2026-01-22T15:58:58.597185
ST_054,47578A,396,2026-02-09T11:56:58.943685
ST_054,23254,8,2026-02-07T02:41:45.870739
ST_054,71496A,478,2026-01-20T20:40:29.807297
ST_054,22897,282,2026-01-29T11:46:18.730137
ST_054,21426,348,2026-02-09T23:19:50.526197
ST_054,20668,250,2026-01-29T10:50:02.018270
ST_054,84707B,257,2026-01-26T22:39:11.366822
ST_054,21462,336,2026-02-03T20:58:56.978474
ST_054,22886,49,2026-01-17T17:14:19.337252
ST_054,35964,348,2026-01-26T18:49:29.080038
ST_054,23419,217,2026-02-10T06:02:21.293116
ST_054,84922,324,2026-01-31T08:17:38.343897
ST_054,22716,184,2026-02-01T17:36:26.935667
ST_054,21867,371,2026-02-10T06:25:16.802061
ST_054,21015,252,2026-02-04T04:07:30.199964
ST_054,85131B,-5,2026-01-18T15:03:00.495111
ST_054,23456,468,2026-01-30T02:13:52.464223
ST_054,35972,104,2026-02-07T21:44:05.937264
ST_054,37488A,187,2026-02-13T11:49:02.631003
ST_054,20854,120,2026-01-18T16:37:18.839997
ST_054,85071B,270,2026-02-03T04:28:03.094767
ST_054,23325,-26,2026-01-25T13:42:51.424730
ST_054,90093,370,2026-01-31T10:33:35.526111
ST_054,84870B,53,2026-02-03T10:06:04.415334
ST_054,23457,361,2026-01-15T04:08:24.563986
ST_054,22900,257,2026-01-22T06:47:43.100518
ST_054,90055,419,2026-02-04T22:14:46.596509
ST_054,21507,396,2026-01-17T22:22:16.331897
ST_054,40001,247,2026-01-20T11:33:13.144755
ST_054,23497,98,2026-01-28T01:35:07.187267
ST_054,22183,487,2026-01-30T12:01:23.124423
ST_054,22645,71,2026-02-01T17:18:27.847409
ST_054,90019C,-43,2026-01-21T01:50:58.647657
ST_054,21054,230,2026-02-08T02:11:31.617498
ST_054,90214O,92,2026-01-18T13:46:35.527913
ST_054,22195,115,2026-01-23T11:09:52.152694
ST_054,85225,79,2026-01-25T13:06:05.579024
ST_054,22870,172,2026-01-25T10:33:09.245018
ST_054,22244,-6,2026-02-08T12:01:45.911968
ST_054,90065B,320,2026-01-31T01:00:28.654541
ST_054,22936,166,2026-01-31T22:56:16.712707
ST_054,35001W,442,2026-01-19T21:03:44.098673
ST_054,85034A,121,2026-01-28T05:59:06.936596
ST_054,23145,238,2026-01-30T09:10:57.153790
ST_054,90129A,101,2026-01-14T17:13:12.756331
ST_054,90202D,-7,2026-02-10T13:41:16.742020
ST_054,37444A,-29,2026-02-03T01:45:42.895385
ST_054,22069,420,2026-01-21T02:57:19.539589
ST_054,23102,244,2026-01-28T00:17:19.820800
ST_054,21622,-5,2026-01-17T16:38:20.599833
ST_054,20748,474,2026-01-18T15:07:18.404248
ST_054,18097C,344,2026-02-02T12:57:45.328395
ST_054,22322,24,2026-02-03T15:42:29.035240
ST_054,21143,269,2026-01-27T10:45:50.399789
ST_054,16235,241,2026-02-09T17:16:41.565393
ST_054,22060,92,2026-01-21T20:13:42.241229
ST_054,23390,488,2026-01-20T02:24:02.679464
ST_054,21609,295,2026-01-22T07:32:07.957059
ST_054,23190,213,2026-02-11T11:07:42.171900
ST_054,22594,-44,2026-01-16T10:11:10.724061
ST_054,90198B,206,2026-02-05T05:30:42.893770
ST_054,23209,456,2026-01-17T12:05:24.181911
ST_054,21955,273,2026-02-04T03:13:24.828242
ST_054,90190B,344,2026-02-13T01:09:13.314921
ST_054,11001,8,2026-01-18T14:01:02.406374
ST_054,21634,145,2026-01-21T09:17:38.441211
ST_054,22518,293,2026-01-28T01:05:45.895123
ST_054,22745,234,2026-02-06T07:46:12.153054
ST_054,90099,61,2026-01-24T15:22:48.158436
ST_054,35650,449,2026-02-10T12:16:27.905591
ST_054,85026B,454,2026-01-27T11:42:11.625172
ST_054,84750B,487,2026-01-31T19:15:35.160895
ST_054,90016A,398,2026-01-14T18:36:08.895082
ST_054,72741,383,2026-01-16T23:29:11.228868
ST_054,16161M,-23,2026-01-23T17:03:33.673341
ST_054,21681,-14,2026-02-10T14:14:36.255969
ST_054,90086,-11,2026-01-17T22:57:47.121693
ST_054,21706,282,2026-02-01T20:15:10.024048
ST_054,23121,246,2026-02-09T20:04:02.637921
ST_054,22136,272,2026-01-23T20:08:20.787085
ST_054,22086,243,2026-02-07T18:48:21.698695
ST_054,84596F,156,2026-02-05T06:34:13.941598
ST_054,22545,51,2026-01-30T17:24:25.617723
ST_054,22964,316,2026-02-05T19:53:06.608847
ST_054,90155,333,2026-01-18T18:37:30.239646
ST_054,84927F,157,2026-01-22T18:52:56.822383
ST_054,22077,95,2026-01-30T14:09:14.002079
ST_054,84596B,471,2026-01-20T05:20:08.397935
ST_054,84879,356,2026-02-03T02:42:47.947560
ST_054,84828,429,2026-02-08T01:05:23.710149
ST_054,85049G,-20,2026-01-31T05:46:52.987998
ST_054,22461,478,2026-01-20T18:56:18.732912
ST_054,21275,60,2026-01-28T20:25:50.497074
ST_054,22971,415,2026-01-26T10:57:21.382704
ST_054,44235,376,2026-02-10T18:27:08.664240
ST_054,21705,359,2026-01-26T07:41:14.493482
ST_054,23264,177,2026-02-09T01:22:05.569689
ST_054,21210,-42,2026-02-12T02:35:13.089663
ST_054,84766,356,2026-01-29T05:03:46.290979
ST_054,21313,78,2026-02-04T04:32:46.204636
ST_054,21067,164,2026-01-27T19:10:40.297170
ST_054,21671,326,2026-01-19T15:04:51.729827
ST_054,84805B,71,2026-01-27T11:27:46.639060
ST_054,72709,21,2026-02-08T07:14:57.075106
ST_054,90158,180,2026-02-09T14:19:26.130960
ST_054,90120B,53,2026-02-04T18:52:38.983615
ST_054,84678,342,2026-02-04T09:30:01.966273
ST_054,23503,-22,2026-01-21T07:34:38.158258
ST_054,21935,369,2026-02-06T02:17:01.903112
ST_054,90161A,460,2026-02-11T13:52:27.088271
ST_054,22908,-3,2026-02-13T09:47:08.640112
ST_054,84854,377,2026-01-31T15:16:43.917415
ST_054,17191A,318,2026-02-05T20:09:53.134347
ST_054,20868,296,2026-02-04T07:27:38.142274
ST_054,20826,403,2026-01-24T07:08:27.341422
ST_054,20971,116,2026-01-18T09:04:58.118333
ST_054,23270,372,2026-01-25T20:05:28.168249
ST_054,21946,482,2026-01-28T20:19:59.684016
ST_054,47310M,394,2026-01-14T16:26:05.707815
ST_054,37446,297,2026-02-08T06:15:38.689251
ST_054,35638A,315,2026-01-19T12:59:09.444614
ST_054,85124B,59,2026-02-10T02:50:15.853211
ST_054,90094,278,2026-02-04T00:24:09.042190
ST_054,23185,77,2026-02-07T23:57:07.278431
ST_054,17021,211,2026-02-02T12:44:12.486209
ST_054,21032,84,2026-01-16T11:56:52.610576
ST_054,23224,15,2026-01-29T16:01:50.139115
ST_054,23473,54,2026-01-26T08:57:55.938588
ST_054,22563,2,2026-01-30T00:22:39.309118
ST_054,21156,306,2026-01-15T00:05:22.508074
ST_054,22786,304,2026-01-17T19:52:34.622539
ST_054,17136A,436,2026-01-29T13:15:41.469706
ST_054,37471,-11,2026-02-07T10:20:54.749519
ST_054,16258A,417,2026-01-29T19:37:22.221800
ST_054,84915,68,2026-01-19T00:18:59.936093
ST_054,90202B,80,2026-02-01T14:43:47.433053
ST_054,90159,307,2026-02-05T06:16:24.499177
ST_054,22649,116,2026-01-18T08:10:38.976610
ST_054,84637,193,2026-01-22T11:23:49.483549
ST_054,22650,257,2026-01-14T22:07:49.040536
ST_054,22755,324,2026-01-29T21:28:07.062371
ST_054,21403,164,2026-02-05T00:30:47.371888
ST_054,23017,357,2026-02-06T13:34:06.661778
ST_054,22230,17,2026-01-24T17:17:46.094969
ST_054,90040B,256,2026-02-12T02:28:08.077418
ST_054,84465,34,2026-02-11T04:43:56.300830
ST_054,35909A,397,2026-02-11T18:35:43.978625
ST_054,16161G,182,2026-01-19T12:49:13.421632
ST_054,22324,80,2026-01-15T16:56:47.143749
ST_054,23193,-48,2026-02-06T23:39:40.213329
ST_054,23155,374,2026-02-01T03:05:33.414568
ST_054,22602,161,2026-02-05T18:15:57.979437
ST_054,22993,-18,2026-01-31T09:13:04.853119
ST_054,82582,136,2026-02-04T04:13:09.314407
ST_054,85202,206,2026-02-10T21:45:56.103696
ST_054,90021,25,2026-01-30T21:02:00.917665
ST_054,22948,206,2026-02-11T02:54:32.064390
ST_054,84192,414,2026-01-16T18:58:22.702008
ST_054,22053,288,2026-01-21T19:59:16.392335
ST_054,84600,-41,2026-01-26T14:11:19.934630
ST_054,20796,87,2026-01-26T17:22:04.721072
ST_054,20697,272,2026-01-20T06:27:30.576808
ST_054,22699,344,2026-02-08T00:31:20.962389
ST_054,44091A,235,2026-02-04T02:34:12.325296
ST_054,21519,332,2026-01-22T14:44:29.824310
ST_054,22441,62,2026-02-09T04:16:05.884650
ST_054,23297,59,2026-01-16T12:28:02.705742
ST_054,21915,378,2026-02-01T03:41:09.832236
ST_054,37449,160,2026-02-06T18:50:13.843575
ST_054,21667,402,2026-01-29T00:02:16.345556
ST_054,22476,395,2026-01-20T05:12:35.692476
ST_054,46000P,386,2026-02-11T18:14:17.981586
ST_054,90003B,192,2026-02-06T19:54:54.253043
ST_054,21990,20,2026-02-09T01:57:15.187415
ST_054,82599,180,2026-01-17T07:01:06.647168
ST_054,16161P,494,2026-02-01T17:38:51.006000
ST_054,85132A,201,2026-02-08T13:52:23.433105
ST_054,84593,15,2026-01-25T09:51:45.603031
ST_054,22575,253,2026-01-26T06:08:15.758391
ST_054,23070,116,2026-01-26T08:47:51.177801
ST_054,90196B,410,2026-02-01T22:02:14.002391
ST_054,22737,291,2026-02-05T05:50:28.139304
ST_055,22876,190,2026-01-25T19:39:10.854646
ST_055,20934,-1,2026-02-06T01:36:58.722590
ST_055,21682,371,2026-02-01T13:02:28.193878
ST_055,21910,220,2026-01-24T10:05:50.712629
ST_055,22158,471,2026-01-15T08:35:36.309990
ST_055,35819B,126,2026-02-10T15:57:54.104951
ST_055,20711,301,2026-02-06T16:44:20.463829
ST_055,22406,320,2026-01-21T06:47:37.703556
ST_055,90177E,356,2026-02-12T13:47:48.936087
ST_055,90123B,126,2026-02-10T22:33:08.301804
ST_055,21402,8,2026-01-27T20:41:00.192847
ST_055,21291,408,2026-01-24T09:59:33.295837
ST_055,35819P,440,2026-01-23T18:14:26.757707
ST_055,22399,254,2026-01-30T07:49:25.828647
ST_055,21261,-38,2026-01-25T06:19:08.427450
ST_055,22430,152,2026-01-31T12:28:36.745414
ST_055,21918,22,2026-01-24T11:11:18.096048
ST_055,21232,485,2026-02-05T22:12:50.961388
ST_055,35610B,179,2026-02-07T18:53:15.477559
ST_055,23165,49,2026-02-11T12:42:26.908870
ST_055,23311,28,2026-01-29T18:43:43.476821
ST_055,22896,54,2026-02-09T06:57:29.217880
ST_055,85024C,465,2026-01-18T12:28:21.095462
ST_055,23570,271,2026-02-04T03:41:27.930544
ST_055,84666,173,2026-01-30T17:19:09.900133
ST_055,21865,33,2026-01-20T08:38:23.569045
ST_055,21678,398,2026-02-12T20:19:07.353112
ST_055,20752,366,2026-02-05T09:24:09.589643
ST_055,23434,108,2026-01-29T22:42:28.689897
ST_055,22038,-1,2026-01-19T16:01:02.679744
ST_055,21289,366,2026-02-01T08:07:58.008331
ST_055,22034,448,2026-01-28T06:30:27.295536
ST_055,84660B,-33,2026-01-17T04:05:15.554260
ST_055,16248B,78,2026-02-01T23:48:18.094914
ST_055,16259,315,2026-01-22T17:43:47.217783
ST_055,90125E,0,2026-01-19T00:27:07.471530
ST_055,21718,72,2026-01-28T04:17:08.776985
ST_055,35958,411,2026-01-26T01:43:00.850021
ST_055,22775,500,2026-01-24T04:35:29.478220
ST_055,84927E,437,2026-02-03T06:17:04.226536
ST_055,23412,254,2026-01-22T00:02:30.309762
ST_055,21802,343,2026-01-17T10:55:48.197175
ST_055,22700,204,2026-01-31T01:36:42.264728
ST_055,21792,150,2026-01-31T15:34:22.072011
ST_055,21126,386,2026-01-17T20:48:42.388006
ST_055,47481,34,2026-02-10T16:18:10.436339
ST_055,23000,196,2026-01-16T00:05:15.685204
ST_055,84461,434,2026-01-16T17:06:28.588567
ST_055,84963A,181,2026-01-21T02:17:41.520053
ST_055,90214Z,128,2026-01-16T08:21:58.031691
ST_055,90199C,32,2026-01-20T04:49:43.876225
ST_055,90125B,392,2026-01-26T16:50:08.668668
ST_055,22315,453,2026-01-29T11:35:53.577527
ST_055,22636,437,2026-01-17T10:11:51.217855
ST_055,22408,471,2026-01-21T22:30:35.415947
ST_055,22517,485,2026-01-14T20:01:50.501718
ST_055,85159A,319,2026-02-07T01:00:39.307243
ST_055,23169,317,2026-01-19T21:31:43.678761
ST_055,23243,312,2026-02-11T13:28:43.284289
ST_055,84568,19,2026-02-02T16:59:53.980867
ST_055,22458,190,2026-02-02T03:17:31.322857
ST_055,21272,196,2026-01-28T13:12:04.331811
ST_055,84558A,198,2026-01-19T00:01:09.530078
ST_055,90214I,91,2026-02-02T02:53:10.893260
ST_055,47369B,13,2026-02-10T20:55:28.391213
ST_055,23031,239,2026-02-05T12:58:49.003387
ST_055,21106,-31,2026-01-22T01:07:56.176965
ST_055,84380,-6,2026-01-28T05:25:25.479784
ST_055,90152A,399,2026-02-04T07:52:56.928499
ST_055,48184,396,2026-01-20T00:38:45.462243
ST_055,90039C,221,2026-02-12T11:52:00.002847
ST_055,20677,352,2026-02-02T04:27:32.518143
ST_055,85135C,174,2026-01-15T04:33:05.599109
ST_055,85045,52,2026-01-31T05:10:23.346541
ST_055,23161,240,2026-01-29T05:59:10.791839
ST_055,23255,469,2026-01-19T10:26:29.103633
ST_055,23694,81,2026-02-04T09:54:06.153589
ST_055,90100,183,2026-01-25T08:34:52.037827
ST_055,84798A,257,2026-01-25T06:15:22.797663
ST_055,22880,123,2026-02-09T15:16:23.299865
ST_055,21369,-43,2026-01-22T17:17:41.861694
ST_055,23100,37,2026-02-03T03:35:34.551105
ST_055,85211,297,2026-02-04T09:39:11.602714
ST_055,84659A,126,2026-01-16T02:59:14.753143
ST_055,22655,-16,2026-01-26T14:22:50.004793
ST_055,35599D,500,2026-02-04T22:11:26.716393
ST_055,84905,497,2026-02-08T20:49:26.869409
ST_055,21086,31,2026-01-18T07:31:25.553340
ST_055,23252,143,2026-01-16T20:04:23.419575
ST_055,22623,322,2026-01-18T05:50:38.135875
ST_055,M,494,2026-01-20T08:36:53.368916
ST_055,23356,456,2026-01-26T15:28:45.864851
ST_055,35004P,97,2026-02-07T21:28:10.344146
ST_055,21377,129,2026-02-04T21:03:08.557598
ST_055,21696,384,2026-01-28T23:18:19.883210
ST_055,20974,-50,2026-02-04T03:03:20.084835
ST_055,85200,208,2026-01-19T16:21:01.224508
ST_055,22702,447,2026-01-18T11:55:11.631903
ST_055,21499,349,2026-02-03T10:10:12.517845
ST_055,22057,87,2026-01-27T09:06:49.089494
ST_055,47590A,163,2026-01-23T07:48:25.900735
ST_055,22558,158,2026-01-31T05:25:17.664004
ST_055,21986,126,2026-01-26T11:55:40.147373
ST_055,22112,392,2026-01-17T05:18:12.843909
ST_055,23004,494,2026-01-31T07:10:02.683779
ST_055,22444,211,2026-01-17T23:46:33.580150
ST_055,22346,466,2026-02-06T13:39:17.555758
ST_055,72598,225,2026-02-05T12:29:52.516358
ST_055,23345,428,2026-02-06T04:45:57.673003
ST_055,23191,172,2026-02-08T19:35:41.825570
ST_055,23495,306,2026-01-29T01:42:34.356036
ST_055,22260,300,2026-01-29T12:50:04.648292
ST_055,23181,280,2026-01-23T17:14:07.245297
ST_055,23553,292,2026-01-24T21:23:05.844244
ST_055,21418,415,2026-01-31T18:57:23.743140
ST_055,21816,116,2026-01-23T12:01:35.321543
ST_055,90042A,165,2026-01-28T22:33:51.001906
ST_055,85178,40,2026-01-27T01:50:50.884375
ST_055,47578A,107,2026-02-01T09:58:18.344145
ST_055,23254,270,2026-01-27T12:44:31.080796
ST_055,71496A,484,2026-02-04T09:02:00.844386
ST_055,22897,273,2026-01-30T13:00:08.325065
ST_055,21426,258,2026-01-30T12:31:22.582501
ST_055,20668,357,2026-01-24T17:23:02.455844
ST_055,84707B,494,2026-01-20T04:06:44.425145
ST_055,21462,187,2026-01-22T23:08:29.538931
ST_055,22886,90,2026-01-19T20:21:59.825904
ST_055,35964,340,2026-01-14T22:40:55.303308
ST_055,23419,296,2026-01-26T19:08:32.081628
ST_055,84922,369,2026-01-31T14:11:08.288395
ST_055,22716,331,2026-01-17T01:10:14.307203
ST_055,21867,230,2026-01-22T03:56:21.687409
ST_055,21015,404,2026-02-02T20:43:09.974132
ST_055,85131B,496,2026-01-23T12:22:36.163065
ST_055,23456,240,2026-02-12T09:32:53.885162
ST_055,35972,166,2026-01-25T15:12:36.560740
ST_055,37488A,178,2026-01-25T11:59:05.361326
ST_055,20854,325,2026-02-12T07:14:45.800020
ST_055,85071B,-11,2026-02-01T12:26:39.874662
ST_055,23325,9,2026-01-30T22:28:45.659027
ST_055,90093,59,2026-01-28T13:22:58.819801
ST_055,84870B,455,2026-01-27T12:04:32.773597
ST_055,23457,35,2026-01-30T11:47:08.923260
ST_055,22900,216,2026-02-01T11:15:23.498434
ST_055,90055,275,2026-01-29T10:48:14.368541
ST_055,21507,35,2026-02-05T07:22:06.931087
ST_055,40001,246,2026-01-31T07:47:32.065993
ST_055,23497,133,2026-02-03T20:40:20.304241
ST_055,22183,24,2026-01-28T06:52:32.675562
ST_055,22645,89,2026-01-23T16:19:05.026728
ST_055,90019C,-24,2026-02-08T00:02:30.376068
ST_055,21054,367,2026-02-09T01:55:30.316175
ST_055,90214O,378,2026-01-19T00:05:22.747960
ST_055,22195,498,2026-01-26T22:00:28.740788
ST_055,85225,486,2026-01-17T20:06:03.108358
ST_055,22870,198,2026-02-03T16:08:36.418897
ST_055,22244,467,2026-01-17T21:18:34.665228
ST_055,90065B,166,2026-02-09T04:28:47.984021
ST_055,22936,486,2026-01-19T19:25:53.027911
ST_055,35001W,440,2026-02-04T14:21:49.108617
ST_055,85034A,81,2026-02-04T00:46:11.781769
ST_055,23145,48,2026-02-10T00:41:55.016761
ST_055,90129A,110,2026-02-12T04:00:31.693267
ST_055,90202D,24,2026-01-18T21:36:35.714857
ST_055,37444A,87,2026-01-21T23:06:41.400508
ST_055,22069,-46,2026-01-15T01:40:12.917921
ST_055,23102,442,2026-01-27T03:34:08.728045
ST_055,21622,403,2026-01-16T04:17:21.620219
ST_055,20748,-9,2026-02-13T06:09:07.919893
ST_055,18097C,59,2026-01-24T08:24:39.997778
ST_055,22322,397,2026-01-30T02:18:33.694143
ST_055,21143,347,2026-01-28T04:55:15.427291
ST_055,16235,251,2026-01-30T06:02:31.625692
ST_055,22060,130,2026-01-24T08:35:10.294905
ST_055,23390,353,2026-02-07T13:44:05.811164
ST_055,21609,61,2026-02-07T03:01:08.585510
ST_055,23190,365,2026-01-31T11:30:06.567416
ST_055,22594,139,2026-01-31T22:42:53.867776
ST_055,90198B,250,2026-01-29T16:24:53.043715
ST_055,23209,294,2026-02-04T14:43:54.244309
ST_055,21955,-14,2026-01-26T04:29:29.747075
ST_055,90190B,292,2026-02-04T01:17:23.348950
ST_055,11001,36,2026-01-16T20:14:41.615508
ST_055,21634,140,2026-01-24T00:17:04.156442
ST_055,22518,-39,2026-01-23T04:32:25.333055
ST_055,22745,274,2026-01-31T08:38:30.861145
ST_055,90099,177,2026-01-30T05:12:27.157626
ST_055,35650,169,2026-01-16T05:08:53.510696
ST_055,85026B,389,2026-02-04T00:57:38.153991
ST_055,84750B,20,2026-02-02T06:12:21.338428
ST_055,90016A,-46,2026-01-18T01:19:00.689861
ST_055,72741,372,2026-02-03T21:51:58.162836
ST_055,16161M,484,2026-02-05T22:06:47.353086
ST_055,21681,463,2026-01-16T23:29:40.964401
ST_055,90086,-40,2026-02-03T03:16:52.206509
ST_055,21706,351,2026-01-31T04:35:05.213806
ST_055,23121,445,2026-01-26T19:06:08.206745
ST_055,22136,365,2026-01-25T10:46:15.965559
ST_055,22086,167,2026-02-12T21:30:24.553288
ST_055,84596F,274,2026-02-08T03:45:30.639630
ST_055,22545,365,2026-02-05T09:38:11.075493
ST_055,22964,301,2026-02-03T01:47:14.428788
ST_055,90155,110,2026-02-12T18:53:34.694228
ST_055,84927F,154,2026-02-06T04:09:21.727572
ST_055,22077,414,2026-01-30T06:19:11.271036
ST_055,84596B,168,2026-02-09T15:29:17.424060
ST_055,84879,31,2026-01-18T23:36:23.709121
ST_055,84828,435,2026-01-16T22:42:05.770997
ST_055,85049G,245,2026-01-31T23:57:12.741305
ST_055,22461,440,2026-01-15T05:37:26.003311
ST_055,21275,198,2026-02-02T22:36:13.426966
ST_055,22971,-48,2026-02-10T08:49:12.736631
ST_055,44235,421,2026-02-13T04:07:36.493105
ST_055,21705,330,2026-02-08T15:10:11.062332
ST_055,23264,468,2026-01-29T03:43:52.182867
ST_055,21210,95,2026-01-15T17:09:01.571495
ST_055,84766,291,2026-01-28T09:33:55.661632
ST_055,21313,193,2026-01-22T03:01:37.256702
ST_055,21067,337,2026-02-08T21:02:54.517161
ST_055,21671,407,2026-02-06T23:20:05.269503
ST_055,84805B,105,2026-02-08T23:20:36.321001
ST_055,72709,49,2026-01-29T17:31:25.203462
ST_055,90158,23,2026-01-17T07:05:38.441322
ST_055,90120B,188,2026-01-25T02:26:33.257434
ST_055,84678,308,2026-01-19T18:50:01.034740
ST_055,23503,121,2026-02-03T12:12:12.860515
ST_055,21935,17,2026-01-26T14:05:02.332728
ST_055,90161A,489,2026-01-17T14:24:00.508036
ST_055,22908,302,2026-01-21T18:14:02.105687
ST_055,84854,484,2026-02-01T06:17:18.612977
ST_055,17191A,65,2026-02-12T21:34:43.891839
ST_055,20868,271,2026-02-09T06:49:11.054523
ST_055,20826,-48,2026-02-06T23:09:56.889215
ST_055,20971,111,2026-01-29T09:37:22.802689
ST_055,23270,125,2026-02-02T15:40:56.405708
ST_055,21946,325,2026-01-20T09:30:54.000052
ST_055,47310M,220,2026-02-12T21:17:31.170514
ST_055,37446,482,2026-01-17T04:13:10.058304
ST_055,35638A,436,2026-02-05T00:42:02.702189
ST_055,85124B,42,2026-01-22T07:53:48.971198
ST_055,90094,47,2026-02-04T17:27:49.036871
ST_055,23185,130,2026-01-15T10:18:16.836022
ST_055,17021,132,2026-02-06T09:59:40.922722
ST_055,21032,437,2026-01-16T19:15:24.584911
ST_055,23224,144,2026-01-31T05:54:22.594004
ST_055,23473,207,2026-01-30T18:14:32.184374
ST_055,22563,140,2026-01-24T09:30:22.925910
ST_055,21156,-31,2026-02-10T01:12:22.655879
ST_055,22786,268,2026-01-21T06:22:49.247908
ST_055,17136A,62,2026-01-19T17:07:24.859558
ST_055,37471,70,2026-02-12T01:01:21.253103
ST_055,16258A,153,2026-02-02T17:30:27.925639
ST_055,84915,476,2026-01-17T09:20:43.793492
ST_055,90202B,423,2026-01-14T12:53:47.139506
ST_055,90159,336,2026-01-26T22:45:14.023976
ST_055,22649,56,2026-01-17T00:28:18.616795
ST_055,84637,331,2026-01-17T12:43:42.283597
ST_055,22650,478,2026-02-05T03:59:10.879757
ST_055,22755,364,2026-02-13T12:10:18.507409
ST_055,21403,404,2026-01-19T01:25:14.892217
ST_055,23017,83,2026-01-31T23:27:37.644241
ST_055,22230,112,2026-01-28T07:27:23.669166
ST_055,90040B,438,2026-01-18T08:30:12.032715
ST_055,84465,120,2026-02-02T10:15:27.138639
ST_055,35909A,155,2026-02-08T22:28:50.631044
ST_055,16161G,395,2026-02-04T02:35:53.306543
ST_055,22324,97,2026-01-23T11:26:05.696488
ST_055,23193,454,2026-01-28T20:54:27.030372
ST_055,23155,153,2026-01-26T08:37:08.233435
ST_055,22602,150,2026-02-01T08:17:49.427224
ST_055,22993,500,2026-01-24T10:16:36.582497
ST_055,82582,227,2026-01-28T14:11:46.178309
ST_055,85202,480,2026-02-01T05:41:35.058954
ST_055,90021,-27,2026-01-22T17:00:57.637210
ST_055,22948,417,2026-02-02T06:06:49.588339
ST_055,84192,479,2026-01-25T09:25:48.056408
ST_055,22053,261,2026-02-07T23:52:25.450512
ST_055,84600,459,2026-02-07T12:45:58.404820
ST_055,20796,9,2026-01-27T05:09:20.480719
ST_055,20697,159,2026-02-11T02:47:34.363607
ST_055,22699,236,2026-01-16T04:37:31.438372
ST_055,44091A,433,2026-01-19T03:32:26.806111
ST_055,21519,-18,2026-01-28T01:44:38.353250
ST_055,22441,53,2026-01-21T16:52:08.631331
ST_055,23297,453,2026-02-06T04:42:30.044012
ST_055,21915,70,2026-01-21T10:35:05.002240
ST_055,37449,278,2026-02-01T19:28:33.173885
ST_055,21667,295,2026-01-26T15:32:43.219326
ST_055,22476,351,2026-01-24T22:16:08.725068
ST_055,46000P,136,2026-01-23T08:07:26.749935
ST_055,90003B,72,2026-02-12T10:53:46.274148
ST_055,21990,437,2026-02-08T19:01:28.301364
ST_055,82599,62,2026-02-03T20:01:23.733655
ST_055,16161P,56,2026-01-28T17:30:15.802406
ST_055,85132A,95,2026-02-08T06:31:50.288083
ST_055,84593,-24,2026-02-04T00:45:40.381929
ST_055,22575,153,2026-01-29T15:37:16.811941
ST_055,23070,316,2026-01-21T00:33:29.465737
ST_055,90196B,424,2026-02-10T19:21:43.306553
ST_055,22737,335,2026-01-14T14:48:59.990750
